<?xml version="1.0" encoding="utf-8"?>
<COLLADA xmlns="http://www.collada.org/2005/11/COLLADASchema" version="1.4.1" xmlns:xsi="http://www.w3.org/2001/XMLSchema-instance">
  <asset>
    <contributor>
      <author>Blender User</author>
      <authoring_tool>Blender 3.0.1</authoring_tool>
    </contributor>
    <created>2026-07-16T12:09:39</created>
    <modified>2026-07-16T12:09:39</modified>
    <unit name="meter" meter="1"/>
    <up_axis>Z_UP</up_axis>
  </asset>
  <library_effects>
    <effect id="mat_1-effect">
      <profile_COMMON>
        <technique sid="common">
          <lambert>
            <emission>
              <color sid="emission">0 0 0 1</color>
            </emission>
            <diffuse>
              <color sid="diffuse">0.9087387 0.3539227 0.01464016 1</color>
            </diffuse>
            <index_of_refraction>
              <float sid="ior">1.45</float>
            </index_of_refraction>
          </lambert>
        </technique>
      </profile_COMMON>
    </effect>
    <effect id="mat_2-effect">
      <profile_COMMON>
        <technique sid="common">
          <lambert>
            <emission>
              <color sid="emission">0 0 0 1</color>
            </emission>
            <diffuse>
              <color sid="diffuse">0.9403973 0.9403973 0.9403973 1</color>
            </diffuse>
            <index_of_refraction>
              <float sid="ior">1.45</float>
            </index_of_refraction>
          </lambert>
        </technique>
      </profile_COMMON>
    </effect>
  </library_effects>
  <library_images/>
  <library_materials>
    <material id="mat_1-material" name="mat_1">
      <instance_effect url="#mat_1-effect"/>
    </material>
    <material id="mat_2-material" name="mat_2">
      <instance_effect url="#mat_2-effect"/>
    </material>
  </library_materials>
  <library_geometries>
    <geometry id="geometry_f44b781c_b8b1_42f6_a000_4d6869c42b37-mesh" name="geometry_f44b781c_b8b1_42f6_a000_4d6869c42b37">
      <mesh>
        <source id="geometry_f44b781c_b8b1_42f6_a000_4d6869c42b37-mesh-positions">
          <float_array id="geometry_f44b781c_b8b1_42f6_a000_4d6869c42b37-mesh-positions-array" count="23487">7.535898 48 40 9.26795 51 40 7.535898 48 41 9.26795 51 41 9.26795 45 40 9.26795 45 41 12.73205 45 40 12.73205 45 41 14.4641 48 40 14.4641 48 41 12.73205 51 40 12.73205 51 41 9.26795 92.2 40 7.535898 95.2 40 9.26795 92.2 41 7.535898 95.2 41 12.73205 92.2 40 12.73205 92.2 41 14.4641 95.2 40 14.4641 95.2 41 12.73205 98.19999 40 12.73205 98.19999 41 9.26795 98.19999 40 9.26795 98.19999 41 25.76795 74.80001 40 29.23205 74.80001 40 25.76795 74.80001 41 29.23205 74.80001 41 24.0359 71.80001 40 24.0359 71.80001 41 25.76795 68.80001 40 25.76795 68.80001 41 29.23205 68.80001 40 29.23205 68.80001 41 30.9641 71.80001 40 30.9641 71.80001 41 25.76795 27.6 40 29.23205 27.6 40 25.76795 27.6 41 29.23205 27.6 41 24.0359 24.6 40 24.0359 24.6 41 25.76795 21.6 40 25.76795 21.6 41 29.23205 21.6 40 29.23205 21.6 41 30.9641 24.6 40 30.9641 24.6 41 42.26795 39.4 40 45.73205 39.4 40 42.26795 39.4 41 45.73205 39.4 41 40.5359 36.4 40 40.5359 36.4 41 42.26795 33.4 40 42.26795 33.4 41 45.73205 33.4 40 45.73205 33.4 41 47.4641 36.4 40 47.4641 36.4 41 42.26795 86.6 40 45.73205 86.6 40 42.26795 86.6 41 45.73205 86.6 41 40.5359 83.6 40 40.5359 83.6 41 42.26795 80.6 40 42.26795 80.6 41 45.73205 80.6 40 45.73205 80.6 41 47.4641 83.6 40 47.4641 83.6 41 58.76795 98.19999 40 62.23205 98.19999 40 58.76795 98.19999 41 62.23205 98.19999 41 57.0359 95.2 40 57.0359 95.2 41 58.76795 92.2 40 58.76795 92.2 41 62.23205 92.2 40 62.23205 92.2 41 63.9641 95.2 40 63.9641 95.2 41 58.76795 51 40 62.23205 51 40 58.76795 51 41 62.23205 51 41 57.0359 48 40 57.0359 48 41 58.76795 45 40 58.76795 45 41 62.23205 45 40 62.23205 45 41 63.9641 48 40 63.9641 48 41 75.26795 15.8 40 78.73205 15.8 40 75.26795 15.8 41 78.73205 15.8 41 73.5359 12.8 40 73.5359 12.8 41 75.26795 9.800001 40 75.26795 9.800001 41 78.73205 9.800001 40 78.73205 9.800001 41 80.46411 12.8 40 80.46411 12.8 41 75.26795 63 40 78.73205 63 40 75.26795 63 41 78.73205 63 41 73.5359 60 40 73.5359 60 41 75.26795 57 40 75.26795 57 41 78.73205 57 40 78.73205 57 41 80.46411 60 40 80.46411 60 41 75.26795 110.2 40 78.73205 110.2 40 75.26795 110.2 41 78.73205 110.2 41 73.5359 107.2 40 73.5359 107.2 41 75.26795 104.2 40 75.26795 104.2 41 78.73205 104.2 40 78.73205 104.2 41 80.46411 107.2 40 80.46411 107.2 41 91.76795 74.80001 40 95.23205 74.80001 40 91.76795 74.80001 41 95.23205 74.80001 41 90.0359 71.80001 40 90.0359 71.80001 41 91.76795 68.80001 40 91.76795 68.80001 41 95.23205 68.80001 40 95.23205 68.80001 41 96.96411 71.80001 40 96.96411 71.80001 41 91.76795 27.6 40 95.23205 27.6 40 91.76795 27.6 41 95.23205 27.6 41 90.0359 24.6 40 90.0359 24.6 41 91.76795 21.6 40 91.76795 21.6 41 95.23205 21.6 40 95.23205 21.6 41 96.96411 24.6 40 96.96411 24.6 41 108.268 39.4 40 111.7321 39.4 40 108.268 39.4 41 111.7321 39.4 41 106.5359 36.4 40 106.5359 36.4 41 108.268 33.4 40 108.268 33.4 41 111.7321 33.4 40 111.7321 33.4 41 113.4641 36.4 40 113.4641 36.4 41 108.268 86.6 40 111.7321 86.6 40 108.268 86.6 41 111.7321 86.6 41 106.5359 83.6 40 106.5359 83.6 41 108.268 80.6 40 108.268 80.6 41 111.7321 80.6 40 111.7321 80.6 41 113.4641 83.6 40 113.4641 83.6 41 124.268 98.19999 40 127.7321 98.19999 40 124.268 98.19999 41 127.7321 98.19999 41 122.5359 95.2 40 122.5359 95.2 41 124.268 92.2 40 124.268 92.2 41 127.7321 92.2 40 127.7321 92.2 41 129.4641 95.2 40 129.4641 95.2 41 124.268 51 40 127.7321 51 40 124.268 51 41 127.7321 51 41 122.5359 48 40 122.5359 48 41 124.268 45 40 124.268 45 41 127.7321 45 40 127.7321 45 41 129.4641 48 40 129.4641 48 41 141.2679 15.8 40 144.7321 15.8 40 141.2679 15.8 41 144.7321 15.8 41 139.5359 12.8 40 139.5359 12.8 41 141.2679 9.800001 40 141.2679 9.800001 41 144.7321 9.800001 40 144.7321 9.800001 41 146.4641 12.8 40 146.4641 12.8 41 141.2679 63 40 144.7321 63 40 141.2679 63 41 144.7321 63 41 139.5359 60 40 139.5359 60 41 141.2679 57 40 141.2679 57 41 144.7321 57 40 144.7321 57 41 146.4641 60 40 146.4641 60 41 141.2679 110.2 40 144.7321 110.2 40 141.2679 110.2 41 144.7321 110.2 41 139.5359 107.2 40 139.5359 107.2 41 141.2679 104.2 40 141.2679 104.2 41 144.7321 104.2 40 144.7321 104.2 41 146.4641 107.2 40 146.4641 107.2 41 157.7679 74.80001 40 161.2321 74.80001 40 157.7679 74.80001 41 161.2321 74.80001 41 156.0359 71.80001 40 156.0359 71.80001 41 157.7679 68.80001 40 157.7679 68.80001 41 161.2321 68.80001 40 161.2321 68.80001 41 162.9641 71.80001 40 162.9641 71.80001 41 157.7679 27.6 40 161.2321 27.6 40 157.7679 27.6 41 161.2321 27.6 41 156.0359 24.6 40 156.0359 24.6 41 157.7679 21.6 40 157.7679 21.6 41 161.2321 21.6 40 161.2321 21.6 41 162.9641 24.6 40 162.9641 24.6 41 174.2679 39.4 40 177.7321 39.4 40 174.2679 39.4 41 177.7321 39.4 41 172.5359 36.4 40 172.5359 36.4 41 174.2679 33.4 40 174.2679 33.4 41 177.7321 33.4 40 177.7321 33.4 41 179.4641 36.4 40 179.4641 36.4 41 174.2679 86.6 40 177.7321 86.6 40 174.2679 86.6 41 177.7321 86.6 41 172.5359 83.6 40 172.5359 83.6 41 174.2679 80.6 40 174.2679 80.6 41 177.7321 80.6 40 177.7321 80.6 41 179.4641 83.6 40 179.4641 83.6 41 190.7679 98.19999 40 194.2321 98.19999 40 190.7679 98.19999 41 194.2321 98.19999 41 189.0359 95.2 40 189.0359 95.2 41 190.7679 92.2 40 190.7679 92.2 41 194.2321 92.2 40 194.2321 92.2 41 195.9641 95.2 40 195.9641 95.2 41 190.7679 51 40 194.2321 51 40 190.7679 51 41 194.2321 51 41 189.0359 48 40 189.0359 48 41 190.7679 45 40 190.7679 45 41 194.2321 45 40 194.2321 45 41 195.9641 48 40 195.9641 48 41 207.2679 27.6 40 210.7321 27.6 40 207.2679 27.6 41 210.7321 27.6 41 205.5359 24.6 40 205.5359 24.6 41 207.2679 21.6 40 207.2679 21.6 41 210.7321 21.6 40 210.7321 21.6 41 212.4641 24.6 40 212.4641 24.6 41 207.2679 74.80001 40 210.7321 74.80001 40 207.2679 74.80001 41 210.7321 74.80001 41 205.5359 71.80001 40 205.5359 71.80001 41 207.2679 68.80001 40 207.2679 68.80001 41 210.7321 68.80001 40 210.7321 68.80001 41 212.4641 71.80001 40 212.4641 71.80001 41 207.2679 86.6 40 210.7321 86.6 40 207.2679 86.6 41 210.7321 86.6 41 205.5359 83.6 40 205.5359 83.6 41 207.2679 80.6 40 207.2679 80.6 41 210.7321 80.6 40 210.7321 80.6 41 212.4641 83.6 40 212.4641 83.6 41 207.2679 39.4 40 210.7321 39.4 40 207.2679 39.4 41 210.7321 39.4 41 205.5359 36.4 40 205.5359 36.4 41 207.2679 33.4 40 207.2679 33.4 41 210.7321 33.4 40 210.7321 33.4 41 212.4641 36.4 40 212.4641 36.4 41 190.7679 39.4 40 194.2321 39.4 40 190.7679 39.4 41 194.2321 39.4 41 189.0359 36.4 40 189.0359 36.4 41 190.7679 33.4 40 190.7679 33.4 41 194.2321 33.4 40 194.2321 33.4 41 195.9641 36.4 40 195.9641 36.4 41 190.7679 86.6 40 194.2321 86.6 40 190.7679 86.6 41 194.2321 86.6 41 189.0359 83.6 40 189.0359 83.6 41 190.7679 80.6 40 190.7679 80.6 41 194.2321 80.6 40 194.2321 80.6 41 195.9641 83.6 40 195.9641 83.6 41 174.2679 98.19999 40 177.7321 98.19999 40 174.2679 98.19999 41 177.7321 98.19999 41 172.5359 95.2 40 172.5359 95.2 41 174.2679 92.2 40 174.2679 92.2 41 177.7321 92.2 40 177.7321 92.2 41 179.4641 95.2 40 179.4641 95.2 41 174.2679 51 40 177.7321 51 40 174.2679 51 41 177.7321 51 41 172.5359 48 40 172.5359 48 41 174.2679 45 40 174.2679 45 41 177.7321 45 40 177.7321 45 41 179.4641 48 40 179.4641 48 41 157.7679 15.8 40 161.2321 15.8 40 157.7679 15.8 41 161.2321 15.8 41 156.0359 12.8 40 156.0359 12.8 41 157.7679 9.800001 40 157.7679 9.800001 41 161.2321 9.800001 40 161.2321 9.800001 41 162.9641 12.8 40 162.9641 12.8 41 157.7679 63 40 161.2321 63 40 157.7679 63 41 161.2321 63 41 156.0359 60 40 156.0359 60 41 157.7679 57 40 157.7679 57 41 161.2321 57 40 161.2321 57 41 162.9641 60 40 162.9641 60 41 157.7679 110.2 40 161.2321 110.2 40 157.7679 110.2 41 161.2321 110.2 41 156.0359 107.2 40 156.0359 107.2 41 157.7679 104.2 40 157.7679 104.2 41 161.2321 104.2 40 161.2321 104.2 41 162.9641 107.2 40 162.9641 107.2 41 141.2679 74.80001 40 144.7321 74.80001 40 141.2679 74.80001 41 144.7321 74.80001 41 139.5359 71.80001 40 139.5359 71.80001 41 141.2679 68.80001 40 141.2679 68.80001 41 144.7321 68.80001 40 144.7321 68.80001 41 146.4641 71.80001 40 146.4641 71.80001 41 141.2679 27.6 40 144.7321 27.6 40 141.2679 27.6 41 144.7321 27.6 41 139.5359 24.6 40 139.5359 24.6 41 141.2679 21.6 40 141.2679 21.6 41 144.7321 21.6 40 144.7321 21.6 41 146.4641 24.6 40 146.4641 24.6 41 124.268 39.4 40 127.7321 39.4 40 124.268 39.4 41 127.7321 39.4 41 122.5359 36.4 40 122.5359 36.4 41 124.268 33.4 40 124.268 33.4 41 127.7321 33.4 40 127.7321 33.4 41 129.4641 36.4 40 129.4641 36.4 41 124.268 86.6 40 127.7321 86.6 40 124.268 86.6 41 127.7321 86.6 41 122.5359 83.6 40 122.5359 83.6 41 124.268 80.6 40 124.268 80.6 41 127.7321 80.6 40 127.7321 80.6 41 129.4641 83.6 40 129.4641 83.6 41 108.268 98.19999 40 111.7321 98.19999 40 108.268 98.19999 41 111.7321 98.19999 41 106.5359 95.2 40 106.5359 95.2 41 108.268 92.2 40 108.268 92.2 41 111.7321 92.2 40 111.7321 92.2 41 113.4641 95.2 40 113.4641 95.2 41 108.268 51 40 111.7321 51 40 108.268 51 41 111.7321 51 41 106.5359 48 40 106.5359 48 41 108.268 45 40 108.268 45 41 111.7321 45 40 111.7321 45 41 113.4641 48 40 113.4641 48 41 91.76795 15.8 40 95.23205 15.8 40 91.76795 15.8 41 95.23205 15.8 41 90.0359 12.8 40 90.0359 12.8 41 91.76795 9.800001 40 91.76795 9.800001 41 95.23205 9.800001 40 95.23205 9.800001 41 96.96411 12.8 40 96.96411 12.8 41 91.76795 63 40 95.23205 63 40 91.76795 63 41 95.23205 63 41 90.0359 60 40 90.0359 60 41 91.76795 57 40 91.76795 57 41 95.23205 57 40 95.23205 57 41 96.96411 60 40 96.96411 60 41 91.76795 110.2 40 95.23205 110.2 40 91.76795 110.2 41 95.23205 110.2 41 90.0359 107.2 40 90.0359 107.2 41 91.76795 104.2 40 91.76795 104.2 41 95.23205 104.2 40 95.23205 104.2 41 96.96411 107.2 40 96.96411 107.2 41 75.26795 74.80001 40 78.73205 74.80001 40 75.26795 74.80001 41 78.73205 74.80001 41 73.5359 71.80001 40 73.5359 71.80001 41 75.26795 68.80001 40 75.26795 68.80001 41 78.73205 68.80001 40 78.73205 68.80001 41 80.46411 71.80001 40 80.46411 71.80001 41 75.26795 27.6 40 78.73205 27.6 40 75.26795 27.6 41 78.73205 27.6 41 73.5359 24.6 40 73.5359 24.6 41 75.26795 21.6 40 75.26795 21.6 41 78.73205 21.6 40 78.73205 21.6 41 80.46411 24.6 40 80.46411 24.6 41 58.76795 39.4 40 62.23205 39.4 40 58.76795 39.4 41 62.23205 39.4 41 57.0359 36.4 40 57.0359 36.4 41 58.76795 33.4 40 58.76795 33.4 41 62.23205 33.4 40 62.23205 33.4 41 63.9641 36.4 40 63.9641 36.4 41 58.76795 86.6 40 62.23205 86.6 40 58.76795 86.6 41 62.23205 86.6 41 57.0359 83.6 40 57.0359 83.6 41 58.76795 80.6 40 58.76795 80.6 41 62.23205 80.6 40 62.23205 80.6 41 63.9641 83.6 40 63.9641 83.6 41 42.26795 98.19999 40 45.73205 98.19999 40 42.26795 98.19999 41 45.73205 98.19999 41 40.5359 95.2 40 40.5359 95.2 41 42.26795 92.2 40 42.26795 92.2 41 45.73205 92.2 40 45.73205 92.2 41 47.4641 95.2 40 47.4641 95.2 41 42.26795 51 40 45.73205 51 40 42.26795 51 41 45.73205 51 41 40.5359 48 40 40.5359 48 41 42.26795 45 40 42.26795 45 41 45.73205 45 40 45.73205 45 41 47.4641 48 40 47.4641 48 41 25.76795 15.8 40 29.23205 15.8 40 25.76795 15.8 41 29.23205 15.8 41 24.0359 12.8 40 24.0359 12.8 41 25.76795 9.800001 40 25.76795 9.800001 41 29.23205 9.800001 40 29.23205 9.800001 41 30.9641 12.8 40 30.9641 12.8 41 25.76795 63 40 29.23205 63 40 25.76795 63 41 29.23205 63 41 24.0359 60 40 24.0359 60 41 25.76795 57 40 25.76795 57 41 29.23205 57 40 29.23205 57 41 30.9641 60 40 30.9641 60 41 25.76795 110.2 40 29.23205 110.2 40 25.76795 110.2 41 29.23205 110.2 41 24.0359 107.2 40 24.0359 107.2 41 25.76795 104.2 40 25.76795 104.2 41 29.23205 104.2 40 29.23205 104.2 41 30.9641 107.2 40 30.9641 107.2 41 12.73205 57 40 9.26795 57 40 12.73205 57 41 9.26795 57 41 14.4641 60 40 14.4641 60 41 12.73205 63 40 12.73205 63 41 9.26795 63 40 9.26795 63 41 7.535898 60 40 7.535898 60 41 7.535898 36.4 40 9.26795 39.4 40 7.535898 36.4 41 9.26795 39.4 41 9.26795 33.4 40 9.26795 33.4 41 12.73205 33.4 40 12.73205 33.4 41 14.4641 36.4 40 14.4641 36.4 41 12.73205 39.4 40 12.73205 39.4 41 9.26795 86.6 40 12.73205 86.6 40 9.26795 86.6 41 12.73205 86.6 41 7.535898 83.6 40 7.535898 83.6 41 9.26795 80.6 40 9.26795 80.6 41 12.73205 80.6 40 12.73205 80.6 41 14.4641 83.6 40 14.4641 83.6 41 25.76795 86.6 40 29.23205 86.6 40 25.76795 86.6 41 29.23205 86.6 41 24.0359 83.6 40 24.0359 83.6 41 25.76795 80.6 40 25.76795 80.6 41 29.23205 80.6 40 29.23205 80.6 41 30.9641 83.6 40 30.9641 83.6 41 25.76795 39.4 40 29.23205 39.4 40 25.76795 39.4 41 29.23205 39.4 41 24.0359 36.4 40 24.0359 36.4 41 25.76795 33.4 40 25.76795 33.4 41 29.23205 33.4 40 29.23205 33.4 41 30.9641 36.4 40 30.9641 36.4 41 42.26795 27.6 40 45.73205 27.6 40 42.26795 27.6 41 45.73205 27.6 41 40.5359 24.6 40 40.5359 24.6 41 42.26795 21.6 40 42.26795 21.6 41 45.73205 21.6 40 45.73205 21.6 41 47.4641 24.6 40 47.4641 24.6 41 42.26795 74.80001 40 45.73205 74.80001 40 42.26795 74.80001 41 45.73205 74.80001 41 40.5359 71.80001 40 40.5359 71.80001 41 42.26795 68.80001 40 42.26795 68.80001 41 45.73205 68.80001 40 45.73205 68.80001 41 47.4641 71.80001 40 47.4641 71.80001 41 58.76795 110.2 40 62.23205 110.2 40 58.76795 110.2 41 62.23205 110.2 41 57.0359 107.2 40 57.0359 107.2 41 58.76795 104.2 40 58.76795 104.2 41 62.23205 104.2 40 62.23205 104.2 41 63.9641 107.2 40 63.9641 107.2 41 58.76795 63 40 62.23205 63 40 58.76795 63 41 62.23205 63 41 57.0359 60 40 57.0359 60 41 58.76795 57 40 58.76795 57 41 62.23205 57 40 62.23205 57 41 63.9641 60 40 63.9641 60 41 58.76795 15.8 40 62.23205 15.8 40 58.76795 15.8 41 62.23205 15.8 41 57.0359 12.8 40 57.0359 12.8 41 58.76795 9.800001 40 58.76795 9.800001 41 62.23205 9.800001 40 62.23205 9.800001 41 63.9641 12.8 40 63.9641 12.8 41 75.26795 51 40 78.73205 51 40 75.26795 51 41 78.73205 51 41 73.5359 48 40 73.5359 48 41 75.26795 45 40 75.26795 45 41 78.73205 45 40 78.73205 45 41 80.46411 48 40 80.46411 48 41 75.26795 98.19999 40 78.73205 98.19999 40 75.26795 98.19999 41 78.73205 98.19999 41 73.5359 95.2 40 73.5359 95.2 41 75.26795 92.2 40 75.26795 92.2 41 78.73205 92.2 40 78.73205 92.2 41 80.46411 95.2 40 80.46411 95.2 41 91.76795 86.6 40 95.23205 86.6 40 91.76795 86.6 41 95.23205 86.6 41 90.0359 83.6 40 90.0359 83.6 41 91.76795 80.6 40 91.76795 80.6 41 95.23205 80.6 40 95.23205 80.6 41 96.96411 83.6 40 96.96411 83.6 41 91.76795 39.4 40 95.23205 39.4 40 91.76795 39.4 41 95.23205 39.4 41 90.0359 36.4 40 90.0359 36.4 41 91.76795 33.4 40 91.76795 33.4 41 95.23205 33.4 40 95.23205 33.4 41 96.96411 36.4 40 96.96411 36.4 41 108.268 27.6 40 111.7321 27.6 40 108.268 27.6 41 111.7321 27.6 41 106.5359 24.6 40 106.5359 24.6 41 108.268 21.6 40 108.268 21.6 41 111.7321 21.6 40 111.7321 21.6 41 113.4641 24.6 40 113.4641 24.6 41 108.268 74.80001 40 111.7321 74.80001 40 108.268 74.80001 41 111.7321 74.80001 41 106.5359 71.80001 40 106.5359 71.80001 41 108.268 68.80001 40 108.268 68.80001 41 111.7321 68.80001 40 111.7321 68.80001 41 113.4641 71.80001 40 113.4641 71.80001 41 124.268 110.2 40 127.7321 110.2 40 124.268 110.2 41 127.7321 110.2 41 122.5359 107.2 40 122.5359 107.2 41 124.268 104.2 40 124.268 104.2 41 127.7321 104.2 40 127.7321 104.2 41 129.4641 107.2 40 129.4641 107.2 41 124.268 63 40 127.7321 63 40 124.268 63 41 127.7321 63 41 122.5359 60 40 122.5359 60 41 124.268 57 40 124.268 57 41 127.7321 57 40 127.7321 57 41 129.4641 60 40 129.4641 60 41 124.268 15.8 40 127.7321 15.8 40 124.268 15.8 41 127.7321 15.8 41 122.5359 12.8 40 122.5359 12.8 41 124.268 9.800001 40 124.268 9.800001 41 127.7321 9.800001 40 127.7321 9.800001 41 129.4641 12.8 40 129.4641 12.8 41 141.2679 51 40 144.7321 51 40 141.2679 51 41 144.7321 51 41 139.5359 48 40 139.5359 48 41 141.2679 45 40 141.2679 45 41 144.7321 45 40 144.7321 45 41 146.4641 48 40 146.4641 48 41 141.2679 98.19999 40 144.7321 98.19999 40 141.2679 98.19999 41 144.7321 98.19999 41 139.5359 95.2 40 139.5359 95.2 41 141.2679 92.2 40 141.2679 92.2 41 144.7321 92.2 40 144.7321 92.2 41 146.4641 95.2 40 146.4641 95.2 41 157.7679 86.6 40 161.2321 86.6 40 157.7679 86.6 41 161.2321 86.6 41 156.0359 83.6 40 156.0359 83.6 41 157.7679 80.6 40 157.7679 80.6 41 161.2321 80.6 40 161.2321 80.6 41 162.9641 83.6 40 162.9641 83.6 41 157.7679 39.4 40 161.2321 39.4 40 157.7679 39.4 41 161.2321 39.4 41 156.0359 36.4 40 156.0359 36.4 41 157.7679 33.4 40 157.7679 33.4 41 161.2321 33.4 40 161.2321 33.4 41 162.9641 36.4 40 162.9641 36.4 41 174.2679 27.6 40 177.7321 27.6 40 174.2679 27.6 41 177.7321 27.6 41 172.5359 24.6 40 172.5359 24.6 41 174.2679 21.6 40 174.2679 21.6 41 177.7321 21.6 40 177.7321 21.6 41 179.4641 24.6 40 179.4641 24.6 41 174.2679 74.80001 40 177.7321 74.80001 40 174.2679 74.80001 41 177.7321 74.80001 41 172.5359 71.80001 40 172.5359 71.80001 41 174.2679 68.80001 40 174.2679 68.80001 41 177.7321 68.80001 40 177.7321 68.80001 41 179.4641 71.80001 40 179.4641 71.80001 41 190.7679 110.2 40 194.2321 110.2 40 190.7679 110.2 41 194.2321 110.2 41 189.0359 107.2 40 189.0359 107.2 41 190.7679 104.2 40 190.7679 104.2 41 194.2321 104.2 40 194.2321 104.2 41 195.9641 107.2 40 195.9641 107.2 41 190.7679 63 40 194.2321 63 40 190.7679 63 41 194.2321 63 41 189.0359 60 40 189.0359 60 41 190.7679 57 40 190.7679 57 41 194.2321 57 40 194.2321 57 41 195.9641 60 40 195.9641 60 41 190.7679 15.8 40 194.2321 15.8 40 190.7679 15.8 41 194.2321 15.8 41 189.0359 12.8 40 189.0359 12.8 41 190.7679 9.800001 40 190.7679 9.800001 41 194.2321 9.800001 40 194.2321 9.800001 41 195.9641 12.8 40 195.9641 12.8 41 207.2679 63 40 210.7321 63 40 207.2679 63 41 210.7321 63 41 205.5359 60 40 205.5359 60 41 207.2679 57 40 207.2679 57 41 210.7321 57 40 210.7321 57 41 212.4641 60 40 212.4641 60 41 207.2679 98.19999 40 210.7321 98.19999 40 207.2679 98.19999 41 210.7321 98.19999 41 205.5359 95.2 40 205.5359 95.2 41 207.2679 92.2 40 207.2679 92.2 41 210.7321 92.2 40 210.7321 92.2 41 212.4641 95.2 40 212.4641 95.2 41 207.2679 51 40 210.7321 51 40 207.2679 51 41 210.7321 51 41 205.5359 48 40 205.5359 48 41 207.2679 45 40 207.2679 45 41 210.7321 45 40 210.7321 45 41 212.4641 48 40 212.4641 48 41 190.7679 27.6 40 194.2321 27.6 40 190.7679 27.6 41 194.2321 27.6 41 189.0359 24.6 40 189.0359 24.6 41 190.7679 21.6 40 190.7679 21.6 41 194.2321 21.6 40 194.2321 21.6 41 195.9641 24.6 40 195.9641 24.6 41 190.7679 74.80001 40 194.2321 74.80001 40 190.7679 74.80001 41 194.2321 74.80001 41 189.0359 71.80001 40 189.0359 71.80001 41 190.7679 68.80001 40 190.7679 68.80001 41 194.2321 68.80001 40 194.2321 68.80001 41 195.9641 71.80001 40 195.9641 71.80001 41 174.2679 110.2 40 177.7321 110.2 40 174.2679 110.2 41 177.7321 110.2 41 172.5359 107.2 40 172.5359 107.2 41 174.2679 104.2 40 174.2679 104.2 41 177.7321 104.2 40 177.7321 104.2 41 179.4641 107.2 40 179.4641 107.2 41 174.2679 63 40 177.7321 63 40 174.2679 63 41 177.7321 63 41 172.5359 60 40 172.5359 60 41 174.2679 57 40 174.2679 57 41 177.7321 57 40 177.7321 57 41 179.4641 60 40 179.4641 60 41 174.2679 15.8 40 177.7321 15.8 40 174.2679 15.8 41 177.7321 15.8 41 172.5359 12.8 40 172.5359 12.8 41 174.2679 9.800001 40 174.2679 9.800001 41 177.7321 9.800001 40 177.7321 9.800001 41 179.4641 12.8 40 179.4641 12.8 41 157.7679 51 40 161.2321 51 40 157.7679 51 41 161.2321 51 41 156.0359 48 40 156.0359 48 41 157.7679 45 40 157.7679 45 41 161.2321 45 40 161.2321 45 41 162.9641 48 40 162.9641 48 41 157.7679 98.19999 40 161.2321 98.19999 40 157.7679 98.19999 41 161.2321 98.19999 41 156.0359 95.2 40 156.0359 95.2 41 157.7679 92.2 40 157.7679 92.2 41 161.2321 92.2 40 161.2321 92.2 41 162.9641 95.2 40 162.9641 95.2 41 141.2679 86.6 40 144.7321 86.6 40 141.2679 86.6 41 144.7321 86.6 41 139.5359 83.6 40 139.5359 83.6 41 141.2679 80.6 40 141.2679 80.6 41 144.7321 80.6 40 144.7321 80.6 41 146.4641 83.6 40 146.4641 83.6 41 141.2679 39.4 40 144.7321 39.4 40 141.2679 39.4 41 144.7321 39.4 41 139.5359 36.4 40 139.5359 36.4 41 141.2679 33.4 40 141.2679 33.4 41 144.7321 33.4 40 144.7321 33.4 41 146.4641 36.4 40 146.4641 36.4 41 124.268 27.6 40 127.7321 27.6 40 124.268 27.6 41 127.7321 27.6 41 122.5359 24.6 40 122.5359 24.6 41 124.268 21.6 40 124.268 21.6 41 127.7321 21.6 40 127.7321 21.6 41 129.4641 24.6 40 129.4641 24.6 41 124.268 74.80001 40 127.7321 74.80001 40 124.268 74.80001 41 127.7321 74.80001 41 122.5359 71.80001 40 122.5359 71.80001 41 124.268 68.80001 40 124.268 68.80001 41 127.7321 68.80001 40 127.7321 68.80001 41 129.4641 71.80001 40 129.4641 71.80001 41 108.268 110.2 40 111.7321 110.2 40 108.268 110.2 41 111.7321 110.2 41 106.5359 107.2 40 106.5359 107.2 41 108.268 104.2 40 108.268 104.2 41 111.7321 104.2 40 111.7321 104.2 41 113.4641 107.2 40 113.4641 107.2 41 108.268 63 40 111.7321 63 40 108.268 63 41 111.7321 63 41 106.5359 60 40 106.5359 60 41 108.268 57 40 108.268 57 41 111.7321 57 40 111.7321 57 41 113.4641 60 40 113.4641 60 41 108.268 15.8 40 111.7321 15.8 40 108.268 15.8 41 111.7321 15.8 41 106.5359 12.8 40 106.5359 12.8 41 108.268 9.800001 40 108.268 9.800001 41 111.7321 9.800001 40 111.7321 9.800001 41 113.4641 12.8 40 113.4641 12.8 41 91.76795 51 40 95.23205 51 40 91.76795 51 41 95.23205 51 41 90.0359 48 40 90.0359 48 41 91.76795 45 40 91.76795 45 41 95.23205 45 40 95.23205 45 41 96.96411 48 40 96.96411 48 41 91.76795 98.19999 40 95.23205 98.19999 40 91.76795 98.19999 41 95.23205 98.19999 41 90.0359 95.2 40 90.0359 95.2 41 91.76795 92.2 40 91.76795 92.2 41 95.23205 92.2 40 95.23205 92.2 41 96.96411 95.2 40 96.96411 95.2 41 75.26795 86.6 40 78.73205 86.6 40 75.26795 86.6 41 78.73205 86.6 41 73.5359 83.6 40 73.5359 83.6 41 75.26795 80.6 40 75.26795 80.6 41 78.73205 80.6 40 78.73205 80.6 41 80.46411 83.6 40 80.46411 83.6 41 75.26795 39.4 40 78.73205 39.4 40 75.26795 39.4 41 78.73205 39.4 41 73.5359 36.4 40 73.5359 36.4 41 75.26795 33.4 40 75.26795 33.4 41 78.73205 33.4 40 78.73205 33.4 41 80.46411 36.4 40 80.46411 36.4 41 58.76795 27.6 40 62.23205 27.6 40 58.76795 27.6 41 62.23205 27.6 41 57.0359 24.6 40 57.0359 24.6 41 58.76795 21.6 40 58.76795 21.6 41 62.23205 21.6 40 62.23205 21.6 41 63.9641 24.6 40 63.9641 24.6 41 58.76795 74.80001 40 62.23205 74.80001 40 58.76795 74.80001 41 62.23205 74.80001 41 57.0359 71.80001 40 57.0359 71.80001 41 58.76795 68.80001 40 58.76795 68.80001 41 62.23205 68.80001 40 62.23205 68.80001 41 63.9641 71.80001 40 63.9641 71.80001 41 42.26795 110.2 40 45.73205 110.2 40 42.26795 110.2 41 45.73205 110.2 41 40.5359 107.2 40 40.5359 107.2 41 42.26795 104.2 40 42.26795 104.2 41 45.73205 104.2 40 45.73205 104.2 41 47.4641 107.2 40 47.4641 107.2 41 42.26795 63 40 45.73205 63 40 42.26795 63 41 45.73205 63 41 40.5359 60 40 40.5359 60 41 42.26795 57 40 42.26795 57 41 45.73205 57 40 45.73205 57 41 47.4641 60 40 47.4641 60 41 42.26795 15.8 40 45.73205 15.8 40 42.26795 15.8 41 45.73205 15.8 41 40.5359 12.8 40 40.5359 12.8 41 42.26795 9.800001 40 42.26795 9.800001 41 45.73205 9.800001 40 45.73205 9.800001 41 47.4641 12.8 40 47.4641 12.8 41 25.76795 51 40 29.23205 51 40 25.76795 51 41 29.23205 51 41 24.0359 48 40 24.0359 48 41 25.76795 45 40 25.76795 45 41 29.23205 45 40 29.23205 45 41 30.9641 48 40 30.9641 48 41 25.76795 98.19999 40 29.23205 98.19999 40 25.76795 98.19999 41 29.23205 98.19999 41 24.0359 95.2 40 24.0359 95.2 41 25.76795 92.2 40 25.76795 92.2 41 29.23205 92.2 40 29.23205 92.2 41 30.9641 95.2 40 30.9641 95.2 41 9.26795 74.80001 40 12.73205 74.80001 40 9.26795 74.80001 41 12.73205 74.80001 41 7.535898 71.80001 40 7.535898 71.80001 41 9.26795 68.80001 40 9.26795 68.80001 41 12.73205 68.80001 40 12.73205 68.80001 41 14.4641 71.80001 40 14.4641 71.80001 41 7.535898 24.6 40 9.26795 27.6 40 7.535898 24.6 41 9.26795 27.6 41 9.26795 21.6 40 9.26795 21.6 41 12.73205 21.6 40 12.73205 21.6 41 14.4641 24.6 40 14.4641 24.6 41 12.73205 27.6 40 12.73205 27.6 41 219 23.8 42.76795 219 23.8 46.23205 220 23.8 42.76795 220 23.8 46.23205 0 23.8 42.76795 0 23.8 46.23205 1 23.8 42.76795 1 23.8 46.23205 219 26.8 41.0359 220 26.8 41.0359 0 26.8 41.0359 1 26.8 41.0359 219 26.8 47.9641 220 26.8 47.9641 219 29.8 42.76795 220 29.8 42.76795 0 29.8 42.76795 1 29.8 42.76795 219 29.8 46.23205 220 29.8 46.23205 0 29.8 46.23205 1 29.8 46.23205 0 26.8 47.9641 1 26.8 47.9641 219 57 42.76795 219 57 46.23205 220 57 42.76795 220 57 46.23205 0 57 42.76795 0 57 46.23205 1 57 42.76795 1 57 46.23205 219 60 41.0359 220 60 41.0359 0 60 41.0359 1 60 41.0359 219 60 47.9641 220 60 47.9641 219 63 42.76795 220 63 42.76795 0 63 42.76795 1 63 42.76795 219 63 46.23205 220 63 46.23205 0 63 46.23205 1 63 46.23205 0 60 47.9641 1 60 47.9641 219 93.2 50.0359 219 90.19999 51.76794 220 93.2 50.0359 220 90.19999 51.76794 0 93.2 50.0359 0 90.19999 51.76794 1 93.2 50.0359 1 90.19999 51.76794 219 96.2 51.76794 220 96.2 51.76794 0 96.2 51.76794 1 96.2 51.76794 219 90.19999 55.23205 220 90.19999 55.23205 219 96.2 55.23205 220 96.2 55.23205 0 96.2 55.23205 1 96.2 55.23205 219 93.2 56.9641 220 93.2 56.9641 0 93.2 56.9641 1 93.2 56.9641 0 90.19999 55.23205 1 90.19999 55.23205 219 109.8 59.0359 219 106.8 60.76795 220 109.8 59.0359 220 106.8 60.76795 0 109.8 59.0359 0 106.8 60.76795 1 109.8 59.0359 1 106.8 60.76795 219 112.8 60.76795 220 112.8 60.76795 0 112.8 60.76795 1 112.8 60.76795 219 106.8 64.23205 220 106.8 64.23205 219 112.8 64.23205 220 112.8 64.23205 0 112.8 64.23205 1 112.8 64.23205 219 109.8 65.96411 220 109.8 65.96411 0 109.8 65.96411 1 109.8 65.96411 0 106.8 64.23205 1 106.8 64.23205 219 43.4 59.0359 219 40.4 60.76795 220 43.4 59.0359 220 40.4 60.76795 0 43.4 59.0359 0 40.4 60.76795 1 43.4 59.0359 1 40.4 60.76795 219 46.4 60.76795 220 46.4 60.76795 0 46.4 60.76795 1 46.4 60.76795 219 40.4 64.23205 220 40.4 64.23205 219 46.4 64.23205 220 46.4 64.23205 0 46.4 64.23205 1 46.4 64.23205 219 43.4 65.96411 220 43.4 65.96411 0 43.4 65.96411 1 43.4 65.96411 0 40.4 64.23205 1 40.4 64.23205 219 26.8 59.0359 219 23.8 60.76795 220 26.8 59.0359 220 23.8 60.76795 0 26.8 59.0359 0 23.8 60.76795 1 26.8 59.0359 1 23.8 60.76795 219 29.8 60.76795 220 29.8 60.76795 0 29.8 60.76795 1 29.8 60.76795 219 23.8 64.23205 220 23.8 64.23205 219 29.8 64.23205 220 29.8 64.23205 0 29.8 64.23205 1 29.8 64.23205 219 26.8 65.96411 220 26.8 65.96411 0 26.8 65.96411 1 26.8 65.96411 0 23.8 64.23205 1 23.8 64.23205 219 93.2 59.0359 219 90.19999 60.76795 220 93.2 59.0359 220 90.19999 60.76795 0 93.2 59.0359 0 90.19999 60.76795 1 93.2 59.0359 1 90.19999 60.76795 219 96.2 60.76795 220 96.2 60.76795 0 96.2 60.76795 1 96.2 60.76795 219 90.19999 64.23205 220 90.19999 64.23205 219 96.2 64.23205 220 96.2 64.23205 0 96.2 64.23205 1 96.2 64.23205 219 93.2 65.96411 220 93.2 65.96411 0 93.2 65.96411 1 93.2 65.96411 0 90.19999 64.23205 1 90.19999 64.23205 219 90.19999 42.76795 219 90.19999 46.23205 220 90.19999 42.76795 220 90.19999 46.23205 0 90.19999 42.76795 0 90.19999 46.23205 1 90.19999 42.76795 1 90.19999 46.23205 219 93.2 41.0359 220 93.2 41.0359 0 93.2 41.0359 1 93.2 41.0359 219 93.2 47.9641 220 93.2 47.9641 219 96.2 42.76795 220 96.2 42.76795 0 96.2 42.76795 1 96.2 42.76795 219 96.2 46.23205 220 96.2 46.23205 0 96.2 46.23205 1 96.2 46.23205 0 93.2 47.9641 1 93.2 47.9641 219 60 50.0359 219 57 51.76794 220 60 50.0359 220 57 51.76794 0 60 50.0359 0 57 51.76794 1 60 50.0359 1 57 51.76794 219 63 51.76794 220 63 51.76794 0 63 51.76794 1 63 51.76794 219 57 55.23205 220 57 55.23205 219 63 55.23205 220 63 55.23205 0 63 55.23205 1 63 55.23205 219 60 56.9641 220 60 56.9641 0 60 56.9641 1 60 56.9641 0 57 55.23205 1 57 55.23205 219 26.8 50.0359 219 23.8 51.76794 220 26.8 50.0359 220 23.8 51.76794 0 26.8 50.0359 0 23.8 51.76794 1 26.8 50.0359 1 23.8 51.76794 219 29.8 51.76794 220 29.8 51.76794 0 29.8 51.76794 1 29.8 51.76794 219 23.8 55.23205 220 23.8 55.23205 219 29.8 55.23205 220 29.8 55.23205 0 29.8 55.23205 1 29.8 55.23205 219 26.8 56.9641 220 26.8 56.9641 0 26.8 56.9641 1 26.8 56.9641 0 23.8 55.23205 1 23.8 55.23205 219 10.2 50.0359 219 7.2 51.76794 220 10.2 50.0359 220 7.2 51.76794 0 10.2 50.0359 0 7.2 51.76794 1 10.2 50.0359 1 7.2 51.76794 219 13.2 51.76794 220 13.2 51.76794 0 13.2 51.76794 1 13.2 51.76794 219 7.2 55.23205 220 7.2 55.23205 219 13.2 55.23205 220 13.2 55.23205 0 13.2 55.23205 1 13.2 55.23205 219 10.2 56.9641 220 10.2 56.9641 0 10.2 56.9641 1 10.2 56.9641 0 7.2 55.23205 1 7.2 55.23205 219 43.4 50.0359 219 40.4 51.76794 220 43.4 50.0359 220 40.4 51.76794 0 43.4 50.0359 0 40.4 51.76794 1 43.4 50.0359 1 40.4 51.76794 219 46.4 51.76794 220 46.4 51.76794 0 46.4 51.76794 1 46.4 51.76794 219 40.4 55.23205 220 40.4 55.23205 219 46.4 55.23205 220 46.4 55.23205 0 46.4 55.23205 1 46.4 55.23205 219 43.4 56.9641 220 43.4 56.9641 0 43.4 56.9641 1 43.4 56.9641 0 40.4 55.23205 1 40.4 55.23205 219 76.6 50.0359 219 73.6 51.76794 220 76.6 50.0359 220 73.6 51.76794 0 76.6 50.0359 0 73.6 51.76794 1 76.6 50.0359 1 73.6 51.76794 219 79.6 51.76794 220 79.6 51.76794 0 79.6 51.76794 1 79.6 51.76794 219 73.6 55.23205 220 73.6 55.23205 219 79.6 55.23205 220 79.6 55.23205 0 79.6 55.23205 1 79.6 55.23205 219 76.6 56.9641 220 76.6 56.9641 0 76.6 56.9641 1 76.6 56.9641 0 73.6 55.23205 1 73.6 55.23205 219 109.8 50.0359 219 106.8 51.76794 220 109.8 50.0359 220 106.8 51.76794 0 109.8 50.0359 0 106.8 51.76794 1 109.8 50.0359 1 106.8 51.76794 219 112.8 51.76794 220 112.8 51.76794 0 112.8 51.76794 1 112.8 51.76794 219 106.8 55.23205 220 106.8 55.23205 219 112.8 55.23205 220 112.8 55.23205 0 112.8 55.23205 1 112.8 55.23205 219 109.8 56.9641 220 109.8 56.9641 0 109.8 56.9641 1 109.8 56.9641 0 106.8 55.23205 1 106.8 55.23205 219 60 59.0359 219 57 60.76795 220 60 59.0359 220 57 60.76795 0 60 59.0359 0 57 60.76795 1 60 59.0359 1 57 60.76795 219 63 60.76795 220 63 60.76795 0 63 60.76795 1 63 60.76795 219 57 64.23205 220 57 64.23205 219 63 64.23205 220 63 64.23205 0 63 64.23205 1 63 64.23205 219 60 65.96411 220 60 65.96411 0 60 65.96411 1 60 65.96411 0 57 64.23205 1 57 64.23205 219 10.2 59.0359 219 7.2 60.76795 220 10.2 59.0359 220 7.2 60.76795 0 10.2 59.0359 0 7.2 60.76795 1 10.2 59.0359 1 7.2 60.76795 219 13.2 60.76795 220 13.2 60.76795 0 13.2 60.76795 1 13.2 60.76795 219 7.2 64.23205 220 7.2 64.23205 219 13.2 64.23205 220 13.2 64.23205 0 13.2 64.23205 1 13.2 64.23205 219 10.2 65.96411 220 10.2 65.96411 0 10.2 65.96411 1 10.2 65.96411 0 7.2 64.23205 1 7.2 64.23205 219 76.6 59.0359 219 73.6 60.76795 220 76.6 59.0359 220 73.6 60.76795 0 76.6 59.0359 0 73.6 60.76795 1 76.6 59.0359 1 73.6 60.76795 219 79.6 60.76795 220 79.6 60.76795 0 79.6 60.76795 1 79.6 60.76795 219 73.6 64.23205 220 73.6 64.23205 219 79.6 64.23205 220 79.6 64.23205 0 79.6 64.23205 1 79.6 64.23205 219 76.6 65.96411 220 76.6 65.96411 0 76.6 65.96411 1 76.6 65.96411 0 73.6 64.23205 1 73.6 64.23205 219 106.8 42.76795 219 106.8 46.23205 220 106.8 42.76795 220 106.8 46.23205 0 106.8 42.76795 0 106.8 46.23205 1 106.8 42.76795 1 106.8 46.23205 219 109.8 41.0359 220 109.8 41.0359 0 109.8 41.0359 1 109.8 41.0359 219 109.8 47.9641 220 109.8 47.9641 219 112.8 42.76795 220 112.8 42.76795 0 112.8 42.76795 1 112.8 42.76795 219 112.8 46.23205 220 112.8 46.23205 0 112.8 46.23205 1 112.8 46.23205 0 109.8 47.9641 1 109.8 47.9641 219 73.6 42.76795 219 73.6 46.23205 220 73.6 42.76795 220 73.6 46.23205 0 73.6 42.76795 0 73.6 46.23205 1 73.6 42.76795 1 73.6 46.23205 219 76.6 41.0359 220 76.6 41.0359 0 76.6 41.0359 1 76.6 41.0359 219 76.6 47.9641 220 76.6 47.9641 219 79.6 42.76795 220 79.6 42.76795 0 79.6 42.76795 1 79.6 42.76795 219 79.6 46.23205 220 79.6 46.23205 0 79.6 46.23205 1 79.6 46.23205 0 76.6 47.9641 1 76.6 47.9641 219 40.4 42.76795 219 40.4 46.23205 220 40.4 42.76795 220 40.4 46.23205 0 40.4 42.76795 0 40.4 46.23205 1 40.4 42.76795 1 40.4 46.23205 219 43.4 41.0359 220 43.4 41.0359 0 43.4 41.0359 1 43.4 41.0359 219 43.4 47.9641 220 43.4 47.9641 219 46.4 42.76795 220 46.4 42.76795 0 46.4 42.76795 1 46.4 42.76795 219 46.4 46.23205 220 46.4 46.23205 0 46.4 46.23205 1 46.4 46.23205 0 43.4 47.9641 1 43.4 47.9641 219 10.2 41.0359 219 7.2 42.76795 220 10.2 41.0359 220 7.2 42.76795 0 10.2 41.0359 0 7.2 42.76795 1 10.2 41.0359 1 7.2 42.76795 219 13.2 42.76795 220 13.2 42.76795 0 13.2 42.76795 1 13.2 42.76795 219 7.2 46.23205 220 7.2 46.23205 219 13.2 46.23205 220 13.2 46.23205 0 13.2 46.23205 1 13.2 46.23205 219 10.2 47.9641 220 10.2 47.9641 0 10.2 47.9641 1 10.2 47.9641 0 7.2 46.23205 1 7.2 46.23205 203.5 119 42.76795 203.5 119 46.23205 203.5 120 42.76795 203.5 120 46.23205 203.5 0 42.76795 203.5 0 46.23205 203.5 1 42.76795 203.5 1 46.23205 200.5 119 41.0359 200.5 120 41.0359 200.5 0 41.0359 200.5 1 41.0359 200.5 119 47.9641 200.5 120 47.9641 197.5 119 42.76795 197.5 120 42.76795 197.5 0 42.76795 197.5 1 42.76795 197.5 119 46.23205 197.5 120 46.23205 197.5 0 46.23205 197.5 1 46.23205 200.5 0 47.9641 200.5 1 47.9641 164.3 119 59.0359 167.3 119 60.76795 164.3 120 59.0359 167.3 120 60.76795 164.3 0 59.0359 167.3 0 60.76795 164.3 1 59.0359 167.3 1 60.76795 161.3 119 60.76795 161.3 120 60.76795 161.3 0 60.76795 161.3 1 60.76795 167.3 119 64.23205 167.3 120 64.23205 161.3 119 64.23205 161.3 120 64.23205 161.3 0 64.23205 161.3 1 64.23205 164.3 119 65.96411 164.3 120 65.96411 164.3 0 65.96411 164.3 1 65.96411 167.3 0 64.23205 167.3 1 64.23205 146.2 119 56.9641 143.2 119 55.23205 146.2 120 56.9641 143.2 120 55.23205 146.2 0 56.9641 143.2 0 55.23205 146.2 1 56.9641 143.2 1 55.23205 149.2 119 55.23205 149.2 120 55.23205 149.2 0 55.23205 149.2 1 55.23205 143.2 119 51.76794 143.2 120 51.76794 149.2 119 51.76794 149.2 120 51.76794 149.2 0 51.76794 149.2 1 51.76794 146.2 119 50.0359 146.2 120 50.0359 146.2 0 50.0359 146.2 1 50.0359 143.2 0 51.76794 143.2 1 51.76794 128.1 119 47.9641 125.1 119 46.23205 128.1 120 47.9641 125.1 120 46.23205 128.1 0 47.9641 125.1 0 46.23205 128.1 1 47.9641 125.1 1 46.23205 131.1 119 46.23205 131.1 120 46.23205 131.1 0 46.23205 131.1 1 46.23205 125.1 119 42.76795 125.1 120 42.76795 131.1 119 42.76795 131.1 120 42.76795 131.1 0 42.76795 131.1 1 42.76795 128.1 119 41.0359 128.1 120 41.0359 128.1 0 41.0359 128.1 1 41.0359 125.1 0 42.76795 125.1 1 42.76795 94.9 119 60.76795 94.9 119 64.23205 94.9 120 60.76795 94.9 120 64.23205 94.9 0 60.76795 94.9 0 64.23205 94.9 1 60.76795 94.9 1 64.23205 91.90001 119 59.0359 91.90001 120 59.0359 91.90001 0 59.0359 91.90001 1 59.0359 91.90001 119 65.96411 91.90001 120 65.96411 88.9 119 60.76795 88.9 120 60.76795 88.9 0 60.76795 88.9 1 60.76795 88.9 119 64.23205 88.9 120 64.23205 88.9 0 64.23205 88.9 1 64.23205 91.90001 0 65.96411 91.90001 1 65.96411 76.9 119 55.23205 73.9 119 56.9641 76.9 120 55.23205 73.9 120 56.9641 76.9 0 55.23205 73.9 0 56.9641 76.9 1 55.23205 73.9 1 56.9641 76.9 119 51.76794 76.9 120 51.76794 76.9 0 51.76794 76.9 1 51.76794 70.9 119 55.23205 70.9 120 55.23205 73.9 119 50.0359 73.9 120 50.0359 73.9 0 50.0359 73.9 1 50.0359 70.9 119 51.76794 70.9 120 51.76794 70.9 0 51.76794 70.9 1 51.76794 70.9 0 55.23205 70.9 1 55.23205 55.7 119 47.9641 52.7 119 46.23205 55.7 120 47.9641 52.7 120 46.23205 55.7 0 47.9641 52.7 0 46.23205 55.7 1 47.9641 52.7 1 46.23205 58.7 119 46.23205 58.7 120 46.23205 58.7 0 46.23205 58.7 1 46.23205 52.7 119 42.76795 52.7 120 42.76795 58.7 119 42.76795 58.7 120 42.76795 58.7 0 42.76795 58.7 1 42.76795 55.7 119 41.0359 55.7 120 41.0359 55.7 0 41.0359 55.7 1 41.0359 52.7 0 42.76795 52.7 1 42.76795 40.6 119 51.76794 40.6 119 55.23205 40.6 120 51.76794 40.6 120 55.23205 40.6 0 51.76794 40.6 0 55.23205 40.6 1 51.76794 40.6 1 55.23205 37.6 119 50.0359 37.6 120 50.0359 37.6 0 50.0359 37.6 1 50.0359 37.6 119 56.9641 37.6 120 56.9641 34.6 119 51.76794 34.6 120 51.76794 34.6 0 51.76794 34.6 1 51.76794 34.6 119 55.23205 34.6 120 55.23205 34.6 0 55.23205 34.6 1 55.23205 37.6 0 56.9641 37.6 1 56.9641 37.6 119 65.96411 34.6 119 64.23205 37.6 120 65.96411 34.6 120 64.23205 37.6 0 65.96411 34.6 0 64.23205 37.6 1 65.96411 34.6 1 64.23205 40.6 119 64.23205 40.6 120 64.23205 40.6 0 64.23205 40.6 1 64.23205 34.6 119 60.76795 34.6 120 60.76795 40.6 119 60.76795 40.6 120 60.76795 40.6 0 60.76795 40.6 1 60.76795 37.6 119 59.0359 37.6 120 59.0359 37.6 0 59.0359 37.6 1 59.0359 34.6 0 60.76795 34.6 1 60.76795 37.6 119 47.9641 34.6 119 46.23205 37.6 120 47.9641 34.6 120 46.23205 37.6 0 47.9641 34.6 0 46.23205 37.6 1 47.9641 34.6 1 46.23205 40.6 119 46.23205 40.6 120 46.23205 40.6 0 46.23205 40.6 1 46.23205 34.6 119 42.76795 34.6 120 42.76795 40.6 119 42.76795 40.6 120 42.76795 40.6 0 42.76795 40.6 1 42.76795 37.6 119 41.0359 37.6 120 41.0359 37.6 0 41.0359 37.6 1 41.0359 34.6 0 42.76795 34.6 1 42.76795 76.9 119 64.23205 73.9 119 65.96411 76.9 120 64.23205 73.9 120 65.96411 76.9 0 64.23205 73.9 0 65.96411 76.9 1 64.23205 73.9 1 65.96411 76.9 119 60.76795 76.9 120 60.76795 76.9 0 60.76795 76.9 1 60.76795 70.9 119 64.23205 70.9 120 64.23205 73.9 119 59.0359 73.9 120 59.0359 73.9 0 59.0359 73.9 1 59.0359 70.9 119 60.76795 70.9 120 60.76795 70.9 0 60.76795 70.9 1 60.76795 70.9 0 64.23205 70.9 1 64.23205 94.9 119 51.76794 94.9 119 55.23205 94.9 120 51.76794 94.9 120 55.23205 94.9 0 51.76794 94.9 0 55.23205 94.9 1 51.76794 94.9 1 55.23205 91.90001 119 50.0359 91.90001 120 50.0359 91.90001 0 50.0359 91.90001 1 50.0359 91.90001 119 56.9641 91.90001 120 56.9641 88.9 119 51.76794 88.9 120 51.76794 88.9 0 51.76794 88.9 1 51.76794 88.9 119 55.23205 88.9 120 55.23205 88.9 0 55.23205 88.9 1 55.23205 91.90001 0 56.9641 91.90001 1 56.9641 110 119 47.9641 107 119 46.23205 110 120 47.9641 107 120 46.23205 110 0 47.9641 107 0 46.23205 110 1 47.9641 107 1 46.23205 113 119 46.23205 113 120 46.23205 113 0 46.23205 113 1 46.23205 107 119 42.76795 107 120 42.76795 113 119 42.76795 113 120 42.76795 113 0 42.76795 113 1 42.76795 110 119 41.0359 110 120 41.0359 110 0 41.0359 110 1 41.0359 107 0 42.76795 107 1 42.76795 146.2 119 59.0359 149.2 119 60.76795 146.2 120 59.0359 149.2 120 60.76795 146.2 0 59.0359 149.2 0 60.76795 146.2 1 59.0359 149.2 1 60.76795 143.2 119 60.76795 143.2 120 60.76795 143.2 0 60.76795 143.2 1 60.76795 149.2 119 64.23205 149.2 120 64.23205 143.2 119 64.23205 143.2 120 64.23205 143.2 0 64.23205 143.2 1 64.23205 146.2 119 65.96411 146.2 120 65.96411 146.2 0 65.96411 146.2 1 65.96411 149.2 0 64.23205 149.2 1 64.23205 164.3 119 56.9641 161.3 119 55.23205 164.3 120 56.9641 161.3 120 55.23205 164.3 0 56.9641 161.3 0 55.23205 164.3 1 56.9641 161.3 1 55.23205 167.3 119 55.23205 167.3 120 55.23205 167.3 0 55.23205 167.3 1 55.23205 161.3 119 51.76794 161.3 120 51.76794 167.3 119 51.76794 167.3 120 51.76794 167.3 0 51.76794 167.3 1 51.76794 164.3 119 50.0359 164.3 120 50.0359 164.3 0 50.0359 164.3 1 50.0359 161.3 0 51.76794 161.3 1 51.76794 185.5 119 46.23205 182.5 119 47.9641 185.5 120 46.23205 182.5 120 47.9641 185.5 0 46.23205 182.5 0 47.9641 185.5 1 46.23205 182.5 1 47.9641 185.5 119 42.76795 185.5 120 42.76795 185.5 0 42.76795 185.5 1 42.76795 179.5 119 46.23205 179.5 120 46.23205 182.5 119 41.0359 182.5 120 41.0359 182.5 0 41.0359 182.5 1 41.0359 179.5 119 42.76795 179.5 120 42.76795 179.5 0 42.76795 179.5 1 42.76795 179.5 0 46.23205 179.5 1 46.23205 203.5 119 51.76794 203.5 119 55.23205 203.5 120 51.76794 203.5 120 55.23205 203.5 0 51.76794 203.5 0 55.23205 203.5 1 51.76794 203.5 1 55.23205 200.5 119 50.0359 200.5 120 50.0359 200.5 0 50.0359 200.5 1 50.0359 200.5 119 56.9641 200.5 120 56.9641 197.5 119 51.76794 197.5 120 51.76794 197.5 0 51.76794 197.5 1 51.76794 197.5 119 55.23205 197.5 120 55.23205 197.5 0 55.23205 197.5 1 55.23205 200.5 0 56.9641 200.5 1 56.9641 182.5 119 59.0359 185.5 119 60.76795 182.5 120 59.0359 185.5 120 60.76795 182.5 0 59.0359 185.5 0 60.76795 182.5 1 59.0359 185.5 1 60.76795 179.5 119 60.76795 179.5 120 60.76795 179.5 0 60.76795 179.5 1 60.76795 185.5 119 64.23205 185.5 120 64.23205 179.5 119 64.23205 179.5 120 64.23205 179.5 0 64.23205 179.5 1 64.23205 182.5 119 65.96411 182.5 120 65.96411 182.5 0 65.96411 182.5 1 65.96411 185.5 0 64.23205 185.5 1 64.23205 146.2 119 47.9641 143.2 119 46.23205 146.2 120 47.9641 143.2 120 46.23205 146.2 0 47.9641 143.2 0 46.23205 146.2 1 47.9641 143.2 1 46.23205 149.2 119 46.23205 149.2 120 46.23205 149.2 0 46.23205 149.2 1 46.23205 143.2 119 42.76795 143.2 120 42.76795 149.2 119 42.76795 149.2 120 42.76795 149.2 0 42.76795 149.2 1 42.76795 146.2 119 41.0359 146.2 120 41.0359 146.2 0 41.0359 146.2 1 41.0359 143.2 0 42.76795 143.2 1 42.76795 128.1 119 56.9641 125.1 119 55.23205 128.1 120 56.9641 125.1 120 55.23205 128.1 0 56.9641 125.1 0 55.23205 128.1 1 56.9641 125.1 1 55.23205 131.1 119 55.23205 131.1 120 55.23205 131.1 0 55.23205 131.1 1 55.23205 125.1 119 51.76794 125.1 120 51.76794 131.1 119 51.76794 131.1 120 51.76794 131.1 0 51.76794 131.1 1 51.76794 128.1 119 50.0359 128.1 120 50.0359 128.1 0 50.0359 128.1 1 50.0359 125.1 0 51.76794 125.1 1 51.76794 113 119 60.76795 113 119 64.23205 113 120 60.76795 113 120 64.23205 113 0 60.76795 113 0 64.23205 113 1 60.76795 113 1 64.23205 110 119 59.0359 110 120 59.0359 110 0 59.0359 110 1 59.0359 110 119 65.96411 110 120 65.96411 107 119 60.76795 107 120 60.76795 107 0 60.76795 107 1 60.76795 107 119 64.23205 107 120 64.23205 107 0 64.23205 107 1 64.23205 110 0 65.96411 110 1 65.96411 76.9 119 42.76795 76.9 119 46.23205 76.9 120 42.76795 76.9 120 46.23205 76.9 0 42.76795 76.9 0 46.23205 76.9 1 42.76795 76.9 1 46.23205 73.9 119 41.0359 73.9 120 41.0359 73.9 0 41.0359 73.9 1 41.0359 73.9 119 47.9641 73.9 120 47.9641 70.9 119 42.76795 70.9 120 42.76795 70.9 0 42.76795 70.9 1 42.76795 70.9 119 46.23205 70.9 120 46.23205 70.9 0 46.23205 70.9 1 46.23205 73.9 0 47.9641 73.9 1 47.9641 58.7 119 55.23205 55.7 119 56.9641 58.7 120 55.23205 55.7 120 56.9641 58.7 0 55.23205 55.7 0 56.9641 58.7 1 55.23205 55.7 1 56.9641 58.7 119 51.76794 58.7 120 51.76794 58.7 0 51.76794 58.7 1 51.76794 52.7 119 55.23205 52.7 120 55.23205 55.7 119 50.0359 55.7 120 50.0359 55.7 0 50.0359 55.7 1 50.0359 52.7 119 51.76794 52.7 120 51.76794 52.7 0 51.76794 52.7 1 51.76794 52.7 0 55.23205 52.7 1 55.23205 22.5 119 51.76794 22.5 119 55.23205 22.5 120 51.76794 22.5 120 55.23205 22.5 0 51.76794 22.5 0 55.23205 22.5 1 51.76794 22.5 1 55.23205 19.5 119 50.0359 19.5 120 50.0359 19.5 0 50.0359 19.5 1 50.0359 19.5 119 56.9641 19.5 120 56.9641 16.5 119 51.76794 16.5 120 51.76794 16.5 0 51.76794 16.5 1 51.76794 16.5 119 55.23205 16.5 120 55.23205 16.5 0 55.23205 16.5 1 55.23205 19.5 0 56.9641 19.5 1 56.9641 19.5 119 65.96411 16.5 119 64.23205 19.5 120 65.96411 16.5 120 64.23205 19.5 0 65.96411 16.5 0 64.23205 19.5 1 65.96411 16.5 1 64.23205 22.5 119 64.23205 22.5 120 64.23205 22.5 0 64.23205 22.5 1 64.23205 16.5 119 60.76795 16.5 120 60.76795 22.5 119 60.76795 22.5 120 60.76795 22.5 0 60.76795 22.5 1 60.76795 19.5 119 59.0359 19.5 120 59.0359 19.5 0 59.0359 19.5 1 59.0359 16.5 0 60.76795 16.5 1 60.76795 19.5 119 47.9641 16.5 119 46.23205 19.5 120 47.9641 16.5 120 46.23205 19.5 0 47.9641 16.5 0 46.23205 19.5 1 47.9641 16.5 1 46.23205 22.5 119 46.23205 22.5 120 46.23205 22.5 0 46.23205 22.5 1 46.23205 16.5 119 42.76795 16.5 120 42.76795 22.5 119 42.76795 22.5 120 42.76795 22.5 0 42.76795 22.5 1 42.76795 19.5 119 41.0359 19.5 120 41.0359 19.5 0 41.0359 19.5 1 41.0359 16.5 0 42.76795 16.5 1 42.76795 55.7 119 65.96411 52.7 119 64.23205 55.7 120 65.96411 52.7 120 64.23205 55.7 0 65.96411 52.7 0 64.23205 55.7 1 65.96411 52.7 1 64.23205 58.7 119 64.23205 58.7 120 64.23205 58.7 0 64.23205 58.7 1 64.23205 52.7 119 60.76795 52.7 120 60.76795 58.7 119 60.76795 58.7 120 60.76795 58.7 0 60.76795 58.7 1 60.76795 55.7 119 59.0359 55.7 120 59.0359 55.7 0 59.0359 55.7 1 59.0359 52.7 0 60.76795 52.7 1 60.76795 91.90001 119 47.9641 88.9 119 46.23205 91.90001 120 47.9641 88.9 120 46.23205 91.90001 0 47.9641 88.9 0 46.23205 91.90001 1 47.9641 88.9 1 46.23205 94.9 119 46.23205 94.9 120 46.23205 94.9 0 46.23205 94.9 1 46.23205 88.9 119 42.76795 88.9 120 42.76795 94.9 119 42.76795 94.9 120 42.76795 94.9 0 42.76795 94.9 1 42.76795 91.90001 119 41.0359 91.90001 120 41.0359 91.90001 0 41.0359 91.90001 1 41.0359 88.9 0 42.76795 88.9 1 42.76795 113 119 51.76794 113 119 55.23205 113 120 51.76794 113 120 55.23205 113 0 51.76794 113 0 55.23205 113 1 51.76794 113 1 55.23205 110 119 50.0359 110 120 50.0359 110 0 50.0359 110 1 50.0359 110 119 56.9641 110 120 56.9641 107 119 51.76794 107 120 51.76794 107 0 51.76794 107 1 51.76794 107 119 55.23205 107 120 55.23205 107 0 55.23205 107 1 55.23205 110 0 56.9641 110 1 56.9641 128.1 119 59.0359 131.1 119 60.76795 128.1 120 59.0359 131.1 120 60.76795 128.1 0 59.0359 131.1 0 60.76795 128.1 1 59.0359 131.1 1 60.76795 125.1 119 60.76795 125.1 120 60.76795 125.1 0 60.76795 125.1 1 60.76795 131.1 119 64.23205 131.1 120 64.23205 125.1 119 64.23205 125.1 120 64.23205 125.1 0 64.23205 125.1 1 64.23205 128.1 119 65.96411 128.1 120 65.96411 128.1 0 65.96411 128.1 1 65.96411 131.1 0 64.23205 131.1 1 64.23205 164.3 119 47.9641 161.3 119 46.23205 164.3 120 47.9641 161.3 120 46.23205 164.3 0 47.9641 161.3 0 46.23205 164.3 1 47.9641 161.3 1 46.23205 167.3 119 46.23205 167.3 120 46.23205 167.3 0 46.23205 167.3 1 46.23205 161.3 119 42.76795 161.3 120 42.76795 167.3 119 42.76795 167.3 120 42.76795 167.3 0 42.76795 167.3 1 42.76795 164.3 119 41.0359 164.3 120 41.0359 164.3 0 41.0359 164.3 1 41.0359 161.3 0 42.76795 161.3 1 42.76795 185.5 119 55.23205 182.5 119 56.9641 185.5 120 55.23205 182.5 120 56.9641 185.5 0 55.23205 182.5 0 56.9641 185.5 1 55.23205 182.5 1 56.9641 185.5 119 51.76794 185.5 120 51.76794 185.5 0 51.76794 185.5 1 51.76794 179.5 119 55.23205 179.5 120 55.23205 182.5 119 50.0359 182.5 120 50.0359 182.5 0 50.0359 182.5 1 50.0359 179.5 119 51.76794 179.5 120 51.76794 179.5 0 51.76794 179.5 1 51.76794 179.5 0 55.23205 179.5 1 55.23205 200.5 119 59.0359 203.5 119 60.76795 200.5 120 59.0359 203.5 120 60.76795 200.5 0 59.0359 203.5 0 60.76795 200.5 1 59.0359 203.5 1 60.76795 197.5 119 60.76795 197.5 120 60.76795 197.5 0 60.76795 197.5 1 60.76795 203.5 119 64.23205 203.5 120 64.23205 197.5 119 64.23205 197.5 120 64.23205 197.5 0 64.23205 197.5 1 64.23205 200.5 119 65.96411 200.5 120 65.96411 200.5 0 65.96411 200.5 1 65.96411 203.5 0 64.23205 203.5 1 64.23205 -9 129 70 229 129 70 -9 129 67 229 129 67 -9 -9 70 -9 -9 67 229 -9 70 229 -9 67 0 120 67 220 120 67 220 0 67 0 0 67 210 0 40 10 0 40 0 0 0 10 0 0 210 0 0 220 0 0 0 10 40 0 110 40 0 120 0 0 110 0 0 10 0 10 110 40 10 110 0 10 120 40 10 120 0 10 10 40 10 10 0 210 10 40 210 120 40 210 110 40 220 110 40 220 10 40 210 110 0 210 120 0 220 110 0 220 120 0 210 10 0 220 10 0 219 119 41 1 119 41 1 119 70 219 119 70 219 1 41 219 1 70 1 1 41 1 1 70 144.428 65.3962 45.30301 144.3838 61.31437 44.49103 140.302 61.35856 45.30301 140.3428 65.12969 46.05318 148.5411 68.23831 48.18949 148.5065 65.0413 46.05318 144.4655 68.85662 47.61533 148.4657 61.27016 45.30301 144.3396 57.23253 45.30301 140.2612 57.58742 46.05318 136.8103 58.50972 48.18947 136.8416 61.39603 47.61532 140.3774 68.32669 48.18949 136.8728 64.28232 48.18949 152.0015 68.20084 52.27155 151.9838 66.56589 49.82453 148.5642 70.37448 51.38668 151.9573 64.119 48.18947 144.4905 71.1688 51.07595 148.4248 57.49904 46.05318 151.9261 61.23271 47.61532 144.3022 53.7721 47.61532 140.2265 54.39042 48.18947 136.7838 56.06284 49.82453 134.4981 58.53475 52.27155 134.5125 59.859 51.38668 134.5294 61.42105 51.07594 134.5463 62.9831 51.38668 140.4006 70.46286 51.38668 136.8993 66.7292 49.82454 152.0077 68.77497 55.15803 154.2825 65.28952 55.15803 154.2791 64.97881 53.59588 154.2695 64.09397 52.27155 148.5724 71.1246 55.15803 154.2552 62.76973 51.38668 144.4993 71.98072 55.15803 151.8948 58.3464 48.18947 148.3902 54.30203 48.18947 154.2382 61.20767 51.07593 144.2771 51.45993 51.07594 140.2034 52.25424 51.38668 136.7661 54.42788 52.27155 134.4886 57.64992 53.59588 133.9065 59.9562 53.68651 133.9016 59.50512 54.36164 133.9138 60.63129 53.23541 133.9224 61.42763 53.07699 134.5606 64.30735 52.27155 133.931 62.22395 53.23541 140.4087 71.21298 55.15803 136.917 68.36416 52.27155 154.2791 64.97881 56.72017 152.0015 68.20085 58.04449 154.8661 63.12361 55.9544 154.8678 63.282 55.15803 154.8661 63.12361 54.36164 154.8612 62.67253 53.68651 148.5642 70.37448 58.92937 154.8539 61.99743 53.2354 144.4905 71.1688 59.2401 151.8683 55.89952 49.82453 154.2213 59.64562 51.38666 148.3671 52.16585 51.38668 154.8452 61.2011 53.07699 144.2683 50.64799 55.15803 140.1953 51.50412 55.15803 136.7599 53.85377 55.15803 134.4852 57.33921 55.15803 133.8999 59.34672 55.15803 133.7175 61.42984 55.15803 134.5702 65.19219 53.59588 133.9384 62.89905 53.68651 140.4006 70.46287 58.92937 136.9232 68.93827 55.15803 154.8612 62.67253 56.62953 154.2695 64.09397 58.04449 151.9838 66.56589 60.49152 155.0502 61.19889 55.15803 148.5411 68.23831 62.12657 144.4655 68.85662 62.70072 154.207 58.32136 52.27155 151.8506 54.26456 52.27155 154.8366 60.40476 53.23539 148.359 51.41573 55.15803 144.2771 51.45993 59.2401 140.2034 52.25424 58.92937 136.7661 54.42788 58.04448 134.4886 57.64992 56.72017 133.9016 59.50512 55.95439 133.9065 59.9562 56.62953 133.9138 60.63129 57.08064 133.9224 61.42763 57.23904 133.931 62.22395 57.08064 133.9384 62.89905 56.62953 133.9432 63.35013 55.95439 133.9449 63.50852 55.15803 133.9432 63.35013 54.36164 134.5736 65.5029 55.15803 140.3774 68.32669 62.12657 136.917 68.36416 58.04449 154.8539 61.99743 57.08065 154.2552 62.76973 58.92938 151.9573 64.11901 62.12657 154.8293 59.72967 53.68651 154.8244 59.27859 54.36164 154.8227 59.12018 55.15803 154.8244 59.27859 55.9544 154.8293 59.72967 56.62953 154.8366 60.40476 57.08065 154.8452 61.2011 57.23905 148.5065 65.0413 64.26287 144.428 65.3962 65.01304 154.1974 57.43654 53.59588 151.8444 53.69044 55.15803 148.3671 52.16585 58.92937 144.3022 53.7721 62.70072 140.2265 54.39041 62.12657 136.7838 56.06284 60.49152 134.4981 58.53475 58.04449 134.5125 59.859 58.92937 134.5294 61.42105 59.2401 134.5463 62.9831 58.92937 134.5606 64.30735 58.04449 134.5702 65.19219 56.72017 140.3428 65.12969 64.26287 136.8993 66.7292 60.49152 154.2382 61.20767 59.24011 151.9261 61.23271 62.70072 154.1941 57.12582 55.15803 154.1974 57.43654 56.72017 154.207 58.32136 58.04449 154.2213 59.64562 58.92938 148.4657 61.27016 65.01304 144.3838 61.31436 65.82501 151.8506 54.26456 58.04449 148.3902 54.30203 62.12657 144.3396 57.23252 65.01304 140.2612 57.58742 64.26287 136.8103 58.50972 62.12657 136.8416 61.39603 62.70072 136.8728 64.28232 62.12657 140.302 61.35855 65.01304 151.8948 58.3464 62.12657 151.8683 55.89952 60.49152 148.4248 57.49904 64.26287 187.3111 60.58975 53.40212 187.3111 59.97316 53.81412 186.2346 58.83385 52.67481 186.2346 59.97316 51.91354 187.3111 61.31707 53.25745 187.5937 60.94629 54.26287 187.5937 61.31707 54.18912 187.3111 59.56118 54.4307 186.2346 58.0726 53.81412 187.5937 60.63195 54.4729 184.6233 58.0726 51.91354 184.6233 57.07796 53.40213 186.2346 61.31707 51.64623 184.6233 59.56118 50.91892 187.3111 62.04438 53.40212 187.5937 61.68785 54.26287 187.6892 61.31708 55.15802 187.5937 60.42192 54.78723 187.3111 59.41649 55.15802 186.2346 57.80527 55.15802 184.6233 56.72869 55.15802 182.7228 57.80527 51.64623 182.7228 56.72869 53.25745 182.7228 56.35064 55.15802 184.6233 61.31707 50.56964 186.2346 62.66097 51.91354 182.7228 59.4165 50.56964 187.3111 62.66097 53.81412 187.5937 62.00218 54.4729 187.5937 60.34817 55.15802 187.5937 60.42192 55.5288 187.5937 60.63195 55.84313 187.5937 60.94629 56.05317 187.5937 61.31707 56.12692 187.5937 61.68785 56.05317 187.5937 62.00218 55.84313 187.5937 62.21222 55.5288 187.5937 62.28597 55.15802 187.5937 62.21222 54.78723 187.3111 59.56118 55.88534 186.2346 58.0726 56.50192 184.6233 57.07796 56.91391 182.7228 56.72869 57.05859 180.8222 59.56118 50.91892 180.8222 58.0726 51.91354 180.8222 57.07796 53.40213 180.8222 56.72869 55.15802 180.8222 57.07796 56.91391 184.6233 63.07296 50.91892 182.7228 63.21764 50.56964 182.7228 61.31707 50.1916 186.2346 63.80028 52.67481 187.3111 63.07296 54.4307 187.3111 59.97316 56.50193 187.3111 60.58975 56.91392 187.3111 61.31707 57.05859 187.3111 62.04438 56.91392 187.3111 62.66097 56.50192 187.3111 63.07296 55.88534 187.3111 63.21764 55.15802 186.2346 58.83385 57.64123 184.6233 58.0726 58.4025 182.7228 57.80527 58.66981 180.8222 58.0726 58.4025 179.2109 58.83385 52.67481 179.2109 59.97316 51.91354 179.2109 61.31707 51.64623 180.8222 61.31707 50.56964 179.2109 58.0726 53.81412 179.2109 57.80527 55.15802 179.2109 58.0726 56.50192 179.2109 58.83385 57.64123 184.6233 64.56154 51.91355 180.8222 63.07296 50.91892 182.7228 64.82886 51.64623 186.2346 64.56154 53.81412 186.2346 59.97316 58.4025 186.2346 61.31707 58.66981 186.2346 62.66097 58.4025 186.2346 63.80028 57.64123 186.2346 64.56154 56.50192 186.2346 64.82887 55.15802 184.6233 59.56118 59.39712 182.7228 59.4165 59.74639 180.8222 59.56118 59.39712 179.2109 59.97316 58.4025 178.1344 59.97316 53.81412 178.1344 59.56118 54.4307 178.1344 60.58975 53.40213 179.2109 62.66097 51.91355 178.1344 61.31707 53.25745 178.1344 59.4165 55.15802 178.1344 59.56118 55.88533 178.1344 59.97316 56.50192 178.1344 60.58975 56.91391 184.6233 65.55617 53.40213 180.8222 64.56154 51.91355 182.7228 65.90544 53.25745 184.6233 61.31707 59.74639 184.6233 63.07296 59.39712 184.6233 64.56154 58.40249 184.6233 65.55618 56.91391 184.6233 65.90545 55.15802 182.7228 61.31707 60.12444 180.8222 61.31707 59.74639 179.2109 61.31707 58.66981 178.1344 61.31707 57.05859 177.8518 60.63195 54.4729 177.8518 60.42192 54.78723 177.8518 60.34817 55.15802 177.8518 60.94629 54.26287 179.2109 63.80028 52.67481 178.1344 62.04438 53.40213 177.8518 61.31707 54.18912 177.8518 60.42192 55.5288 177.8518 60.63195 55.84313 177.8518 60.94629 56.05316 177.8518 61.31707 56.12692 180.8222 65.55617 53.40213 182.7228 66.28349 55.15802 182.7228 63.21764 59.74639 182.7228 64.82887 58.66981 182.7228 65.90545 57.05859 180.8222 63.07296 59.39712 179.2109 62.66097 58.40249 178.1344 62.04438 56.91391 177.8518 61.68785 56.05316 177.7563 61.31707 55.15802 179.2109 64.56154 53.81412 178.1344 62.66097 53.81412 177.8518 61.68785 54.26287 179.2109 64.82886 55.15802 180.8222 65.90544 55.15802 180.8222 65.55617 56.91391 180.8222 64.56154 58.40249 179.2109 63.80028 57.64123 178.1344 62.66097 56.50192 177.8518 62.00218 55.84313 177.8518 62.21222 55.5288 177.8518 62.28597 55.15802 177.8518 62.21222 54.78723 177.8518 62.00218 54.4729 178.1344 63.07296 54.4307 179.2109 64.56154 56.50192 178.1344 63.21764 55.15802 178.1344 63.07296 55.88533 19.22647 55.45378 51.16225 34.41296 55.60818 50.78947 34.41296 53.79881 50.42957 19.22647 53.79881 50.83306 19.22647 56.8568 52.09971 34.41296 57.1421 51.8144 19.22647 53.79881 55.1577 49.74132 56.01774 49.80072 49.74132 53.79882 49.35935 34.41296 51.98944 50.78947 19.22647 52.14384 51.16225 19.22647 57.79426 53.50272 34.41296 58.16703 53.34832 49.74132 57.89888 51.05765 19.22647 58.12346 55.15769 19.22647 57.79427 56.81266 19.22647 56.85681 58.21568 19.22647 55.45379 59.15315 19.22647 53.79881 59.48234 19.22647 52.14384 59.15315 19.22647 50.74083 58.21568 19.22647 49.80336 56.81266 19.22647 49.47417 55.1577 19.22647 49.80337 53.50273 19.22647 50.74083 52.09971 53.53023 55.9676 49.92176 53.53024 53.79882 49.49036 53.53023 57.80623 51.15029 49.74132 51.57989 49.80073 34.41296 50.45552 51.8144 49.74132 49.69878 51.05765 34.41296 58.52694 55.15769 49.74132 59.1558 52.93875 53.53023 59.03475 52.98889 34.41296 58.16704 56.96707 34.41296 57.14211 58.50099 34.41296 55.6082 59.52592 34.41296 53.79881 59.88583 34.41296 51.98944 59.52592 34.41296 50.45552 58.50099 34.41296 49.4306 56.96707 34.41296 49.07069 55.1577 34.41296 49.4306 53.34832 61.11833 55.5139 51.01712 53.53024 51.63003 49.92176 61.11833 53.79882 50.67597 61.11833 52.08375 51.01712 61.11833 56.96788 51.98863 49.74132 48.44185 52.93877 53.53024 49.79141 51.15029 49.74132 59.59717 55.15769 53.53023 59.46615 55.15769 61.11833 57.9394 53.44261 49.74132 59.1558 57.37662 49.74132 57.89888 59.25775 49.74132 56.01776 60.51467 49.74132 53.79882 60.95605 49.74132 51.57989 60.51467 49.74132 49.69878 59.25775 49.74132 48.44185 57.37663 49.74132 48.00048 55.15769 61.11835 53.79882 55.15769 61.11833 50.62976 51.98864 53.53024 48.5629 52.9889 61.11833 49.65825 53.44261 53.53024 59.03475 57.32649 61.11833 58.28055 55.15769 53.53024 57.80624 59.1651 53.53024 55.96762 60.39362 53.53024 53.79882 60.82503 53.53024 51.63003 60.39363 53.53024 49.79141 59.16511 53.53024 48.5629 57.32649 53.53024 48.13149 55.15769 61.11833 57.9394 56.87278 61.11833 56.96788 58.32675 61.11833 55.51391 59.29826 61.11833 53.79882 59.63942 61.11835 52.08375 59.29827 61.11835 50.62976 58.32675 61.11835 49.65825 56.87278 61.11835 49.3171 55.15769 66.7572 53.79881 55.1577 66.75698 57.45271 51.5038 66.75698 55.77628 50.38365 66.75698 53.79881 49.99031 66.75698 51.82134 50.38365 66.75698 58.57286 53.18022 66.75698 58.96621 55.15769 66.75698 58.57286 57.13517 66.75698 57.45272 58.81159 66.75698 55.77629 59.93174 66.75698 53.79881 60.32509 66.75698 51.82134 59.93175 66.75698 50.14492 58.8116 66.75698 49.02476 57.13517 66.75698 48.63142 55.1577 66.75698 49.02476 53.18023 66.75698 50.14492 51.5038 81.94369 57.79362 51.16288 81.94369 59.01827 52.99572 81.94369 55.96078 49.93824 81.9437 53.79881 49.50819 81.9437 51.63684 49.93824 81.94369 59.44832 55.15769 81.9437 59.01828 57.31967 81.9437 57.79362 59.1525 81.9437 55.96079 60.37716 81.9437 53.79881 60.80721 81.9437 51.63684 60.37716 81.9437 49.804 59.1525 81.94369 48.57935 57.31967 81.94369 48.14931 55.1577 81.9437 48.57935 52.99573 81.9437 49.804 51.16289 97.27207 58.69785 50.25865 97.27207 60.19972 52.50636 97.27207 60.7271 55.15769 97.27207 56.45015 48.7568 97.27207 53.79882 48.22942 97.27207 51.14749 48.7568 97.27207 60.19972 57.80903 97.27207 58.69786 60.05673 97.27207 56.45016 61.55859 97.27207 53.79882 62.08598 97.27207 51.14749 61.55859 97.27207 48.89979 60.05673 97.27207 47.39793 57.80904 97.27207 46.87055 55.15769 97.27207 47.39793 52.50636 97.27207 48.89979 50.25866 101.061 58.58715 50.36936 101.061 60.05508 52.56626 101.061 60.57056 55.15769 101.061 60.05509 57.74911 101.061 56.39025 48.90143 101.061 53.79882 48.38597 101.061 51.20739 48.90143 101.061 58.58716 59.94603 101.061 56.39025 61.41395 101.061 53.79882 61.92943 101.061 51.20739 61.41396 101.061 49.01049 59.94603 101.061 47.54256 57.74913 101.061 47.02709 55.15769 101.061 47.54256 52.56627 101.061 49.01049 50.36936 108.6492 57.58544 51.37107 108.6492 55.84812 50.21023 108.6492 58.74628 53.10839 108.6492 59.15391 55.15769 108.6492 58.74628 57.207 108.6492 53.79882 49.80261 108.6492 51.74952 50.21025 108.6492 50.01221 51.37108 108.6492 57.58544 58.9443 108.6492 55.84813 60.10515 108.6492 53.79882 60.51278 108.6492 51.74952 60.10515 108.6492 50.01221 58.94431 108.6492 48.85138 57.207 108.6492 48.44375 55.15769 108.6492 48.85138 53.1084 108.6491 53.79882 55.15769 64.40764 49.45122 56.45537 64.92997 49.45122 56.23902 65.3262 49.75326 56.83202 64.54679 49.75326 57.15486 64.21268 49.23376 55.4752 63.84229 49.45122 56.45537 64.03726 49.23376 55.4752 64.37474 49.23376 55.40807 65.32974 49.45122 55.83926 65.92272 49.75326 56.23549 65.74153 50.25279 57.45363 66.54434 50.2528 56.65084 63.55731 50.25279 57.88809 63.70315 49.75326 57.15486 64.69264 50.25279 57.88809 64.12497 49.21168 55.03426 63.31997 49.45122 56.23902 63.8752 49.23376 55.40807 64.49879 49.23376 55.28404 65.54608 49.45122 55.31694 66.24556 49.75326 55.45608 66.9788 50.2528 55.60193 66.09476 50.88858 57.98227 67.07298 50.88858 57.00406 67.60238 50.88858 55.72597 62.92375 49.75326 56.83202 62.5084 50.25279 57.45363 63.43327 50.88858 58.51168 64.81668 50.88858 58.51168 64.56591 49.23376 55.12197 64.56591 49.23376 54.94656 64.49879 49.23376 54.7845 64.37474 49.23376 54.66046 64.21268 49.23376 54.59333 64.03726 49.23376 54.59333 63.8752 49.23376 54.66046 63.75116 49.23376 54.7845 63.68403 49.23376 54.94656 63.68403 49.23376 55.12197 63.75116 49.23376 55.28404 62.9202 49.45122 55.83926 65.54608 49.45122 54.75158 66.24556 49.75326 54.61246 66.9788 50.2528 54.46661 67.60238 50.88858 54.34257 66.37229 51.6362 58.39762 67.48833 51.6362 57.28158 68.09232 51.6362 55.82342 68.09232 51.6362 54.24511 62.32722 49.75326 56.23549 61.70561 50.2528 56.65084 62.15517 50.88858 57.98227 64.91413 51.6362 59.00161 63.33581 51.6362 59.00161 65.32974 49.45122 54.22927 64.92997 49.45122 53.82951 64.40764 49.45122 53.61315 63.84229 49.45122 53.61315 63.31997 49.45122 53.82951 62.9202 49.45122 54.22927 62.70386 49.45122 54.75158 62.70386 49.45122 55.31694 65.92272 49.75326 53.83305 66.54434 50.2528 53.4177 67.07298 50.88858 53.06448 67.48833 51.6362 52.78694 66.56346 52.46689 58.68371 67.77442 52.46689 57.47275 68.42979 52.46689 55.89055 68.42979 52.46689 54.17798 67.77442 52.46689 52.59578 62.00438 49.75326 55.45608 61.27113 50.2528 55.60193 61.17696 50.88858 57.00406 61.87765 51.6362 58.39762 64.98125 52.46689 59.33909 63.26869 52.46689 59.33909 65.3262 49.75326 53.23652 64.54679 49.75326 52.91367 63.70315 49.75326 52.91367 62.92375 49.75326 53.23652 62.32722 49.75326 53.83305 62.00438 49.75326 54.61246 65.74153 50.2528 52.6149 66.09476 50.88858 52.08626 66.37229 51.6362 51.67092 66.56346 52.46689 51.38481 66.66091 53.34876 58.82957 67.92028 53.34876 57.57021 68.60184 53.34877 55.92477 68.60184 53.34877 54.14376 67.92028 53.34877 52.49832 66.66091 53.34877 51.23897 61.27113 50.2528 54.46661 60.64757 50.88858 55.72597 60.76162 51.6362 57.28158 61.68648 52.46689 58.68371 65.01548 53.34876 59.51113 63.23447 53.34876 59.51113 64.69264 50.2528 52.18043 63.55731 50.2528 52.18043 62.5084 50.2528 52.6149 61.70561 50.2528 53.4177 64.81668 50.88858 51.55686 64.91413 51.6362 51.06692 64.98125 52.46689 50.72945 65.01548 53.34877 50.5574 66.66705 53.59676 58.83875 67.92945 53.59676 57.57634 68.61267 53.59676 55.92692 68.61267 53.59676 54.14161 67.92945 53.59676 52.49219 66.66705 53.59676 51.22979 60.64757 50.88858 54.34257 60.15763 51.6362 55.82342 60.47551 52.46689 57.47275 61.58903 53.34876 58.82957 65.01763 53.59676 59.52196 61.58289 53.59676 58.83875 63.23231 53.59676 59.52196 63.43327 50.88858 51.55686 62.15517 50.88858 52.08626 61.17696 50.88858 53.06448 63.33581 51.6362 51.06692 63.26869 52.46689 50.72945 63.23447 53.34877 50.5574 65.01763 53.59676 50.54657 66.66705 53.9999 58.83875 67.92945 53.9999 57.57634 68.61267 53.9999 54.14161 68.61267 53.9999 55.92692 67.92945 53.9999 52.49219 66.66705 53.9999 51.22979 60.15763 51.6362 54.24511 59.82015 52.46689 55.89055 60.32966 53.34876 57.57021 60.32048 53.59676 57.57634 65.01763 53.9999 59.52196 61.79643 53.59676 55.03426 65.01763 53.79834 55.03426 61.87764 51.6362 51.67092 60.76162 51.6362 52.78695 61.68648 52.46689 51.38481 61.58903 53.34877 51.23897 63.23231 53.59676 50.54657 65.01763 53.9999 50.54657 66.66091 54.2479 58.82957 67.92028 54.2479 57.57021 68.60184 54.2479 55.92477 67.92028 54.2479 52.49832 68.60184 54.2479 54.14376 66.66091 54.24791 51.23897 59.82015 52.46689 54.17798 59.6481 53.34877 55.92477 59.63729 53.59676 55.92692 65.01548 54.2479 59.51113 61.80337 53.9999 55.03426 63.23231 53.9999 59.52196 59.63729 53.59676 54.14161 60.32048 53.59676 52.49219 61.58289 53.59676 51.22979 60.47551 52.46689 52.59578 60.32966 53.34877 52.49832 63.23447 54.24791 50.5574 65.01548 54.24791 50.5574 63.23231 53.9999 50.54657 66.56346 55.12977 58.68371 67.77442 55.12977 57.47275 68.42979 55.12977 55.89055 68.42979 55.12977 54.17798 67.77442 55.12977 52.59578 66.56346 55.12977 51.38481 64.98125 55.12977 50.72945 59.6481 53.34877 54.14376 64.98125 55.12977 59.33909 63.23447 54.2479 59.51113 61.58289 53.9999 58.83875 60.32048 53.9999 57.57634 59.63729 53.9999 55.92692 59.63729 53.9999 54.14161 60.32048 53.9999 52.49219 61.58289 53.9999 51.22979 63.26869 55.12977 50.72945 61.58903 54.24791 51.23897 61.68648 55.12977 51.38481 66.37229 55.96047 58.39762 67.48833 55.96047 57.28158 68.09231 55.96047 55.82342 68.09231 55.96047 54.24511 67.48833 55.96047 52.78695 66.37229 55.96047 51.67092 64.91413 55.96047 51.06692 63.33581 55.96047 51.06692 63.26869 55.12977 59.33909 64.91413 55.96047 59.00161 61.58903 54.2479 58.82957 60.32966 54.2479 57.57021 59.6481 54.2479 55.92477 59.6481 54.2479 54.14376 60.32966 54.2479 52.49832 61.87764 55.96047 51.67092 60.47551 55.12977 52.59579 60.76162 55.96047 52.78695 66.09476 56.70808 57.98227 67.07298 56.70808 57.00406 67.60238 56.70808 55.72597 67.60238 56.70808 54.34257 67.07298 56.70808 53.06448 66.09476 56.70808 52.08626 64.81668 56.70808 51.55686 63.43327 56.70808 51.55686 62.15517 56.70808 52.08626 63.33581 55.96047 59.00161 61.68648 55.12977 58.68371 64.81668 56.70808 58.51168 60.47551 55.12977 57.47275 59.82015 55.12977 55.89055 59.82015 55.12977 54.17798 61.17696 56.70808 53.06448 60.15763 55.96047 54.24511 60.64757 56.70808 54.34257 65.54068 57.61199 57.15303 66.24373 57.61199 56.44998 66.62422 57.61199 55.53139 66.62422 57.61199 54.53713 66.24373 57.61199 53.61856 65.54068 57.61199 52.91551 64.6221 57.61199 52.53502 63.62784 57.61199 52.53502 62.70927 57.61199 52.91551 63.43327 56.70808 58.51168 61.87765 55.96047 58.39762 64.6221 57.61199 57.53351 63.62784 57.61199 57.53351 60.76162 55.96047 57.28158 60.15763 55.96047 55.82342 62.00621 57.61199 53.61856 60.64757 56.70808 55.72597 61.62573 57.61199 54.53714 65.10013 58.03585 56.49369 65.5844 58.03585 56.00942 65.84648 58.03585 55.3767 65.84648 58.03585 54.69184 65.5844 58.03585 54.05911 65.10013 58.03585 53.57484 64.4674 58.03585 53.31276 63.78255 58.03585 53.31276 63.14981 58.03585 53.57484 62.66555 58.03585 54.05911 62.70927 57.61199 57.15303 62.15517 56.70808 57.98227 63.78255 58.03585 56.75578 64.4674 58.03585 56.75578 61.17696 56.70808 57.00406 62.40345 58.03585 54.69184 61.62573 57.61199 55.53139 62.40345 58.03585 55.3767 64.92954 58.14572 56.23839 65.32909 58.14572 55.83883 65.54532 58.14572 55.31679 65.54532 58.14572 54.75174 65.32909 58.14572 54.2297 64.92954 58.14572 53.83015 64.40749 58.14572 53.61391 63.84244 58.14572 53.61391 63.3204 58.14572 53.83015 62.92085 58.14572 54.2297 62.00621 57.61199 56.44998 63.14981 58.03585 56.49369 63.3204 58.14572 56.23838 63.84244 58.14572 56.45462 64.40749 58.14572 56.45462 62.70461 58.14572 54.75174 62.66555 58.03585 56.00942 62.70461 58.14572 55.31679 64.12497 58.14571 55.03426 62.92086 58.14572 55.83883 106.9414 55.88955 55.15795 107.5645 56.83404 55.15795 107.9914 56.83404 53.41965 107.4156 55.88955 53.22646 107.0611 54.86472 53.10749 106.5576 54.86472 55.15795 107.4156 55.88955 57.08943 107.0611 54.86472 57.20839 108.4032 57.6619 55.15795 108.7662 57.6619 53.67964 107.9914 56.83404 56.89623 109.7999 57.6619 52.42641 109.2069 56.83404 51.946 108.7662 55.88955 51.58902 106.9564 53.94222 53.07235 108.4948 54.86472 51.36919 106.4443 53.94222 55.15795 108.7662 55.88955 58.72686 108.4948 54.86471 58.94668 108.4147 53.94222 59.01161 106.9564 53.94222 57.24353 109.4251 58.3413 55.15795 108.7662 57.6619 56.63624 109.7103 58.3413 53.99645 110.5225 58.3413 53.01179 109.2069 56.83404 58.36988 111.3469 57.6619 51.58902 111.738 58.3413 52.35386 111.026 56.83404 50.96134 110.7875 55.88955 50.49492 108.4147 53.94222 51.30427 110.3633 53.94222 55.15794 110.6406 54.86472 50.20771 110.7875 55.88955 59.82096 110.6406 54.86471 60.10817 110.5973 53.94222 60.193 109.7103 58.3413 56.31943 110.591 58.84614 55.15795 109.7999 57.6619 57.88947 110.7875 58.84614 54.35789 111.3469 58.84614 53.67964 112.1842 58.84614 53.22646 111.026 56.83404 59.35455 113.1718 58.3413 52.12282 113.1718 57.6619 51.29497 113.1718 58.84614 53.06732 113.1718 56.83404 50.61557 113.1718 55.88955 50.11073 110.5973 53.94222 50.12287 113.1718 53.94222 60.60785 113.1718 53.94222 49.70803 114.4842 53.94222 60.50314 114.4842 53.94222 49.81274 113.1718 54.86472 49.79985 113.1718 55.88955 60.20515 113.1718 54.86471 60.51603 110.5225 58.34129 57.3041 110.7875 58.84614 55.95799 112.106 59.15702 55.15795 111.3469 57.6619 58.72686 111.738 58.34129 57.96202 112.1871 59.15702 54.75009 112.4181 59.15702 54.40431 112.7639 59.15702 54.17327 113.1717 59.15702 54.09215 113.1718 56.83404 59.70032 113.8886 58.84614 53.24348 114.2125 58.3413 52.37858 114.4964 57.6619 51.62048 113.4678 59.15702 54.18196 114.7294 56.83404 50.99834 114.9024 55.88955 50.53602 114.4621 54.86471 60.41307 114.6956 54.86472 50.17433 116.9093 53.65563 59.68937 116.9093 53.94222 59.68937 114.4842 53.65563 60.50314 114.4842 53.65563 49.81274 116.9093 53.65563 50.62651 116.9093 53.94222 50.62651 114.3872 55.88955 60.10817 114.2657 56.83404 59.61303 111.3469 58.84614 56.63624 112.1871 59.15702 55.56581 113.1831 59.15702 55.16202 113.1718 57.6619 59.02091 113.1718 58.3413 58.19306 112.1842 58.84614 57.08943 114.102 57.6619 58.94668 113.7639 59.15702 54.27177 114.6055 58.84614 53.41965 115.2533 58.3413 52.63433 115.821 57.6619 51.946 116.2869 56.83404 51.38109 116.6332 55.88955 50.96134 116.8464 54.86471 59.61303 116.8464 54.86472 50.70285 118.7654 53.65563 58.18575 116.8464 52.73313 59.61303 118.7654 53.94222 58.18575 114.4621 52.73313 60.41307 113.1718 52.73313 60.51603 113.1718 53.65563 60.60785 110.3498 53.65563 55.15794 116.8464 52.73314 50.70285 114.6956 52.73314 50.17432 113.1718 53.65563 49.70803 118.7654 53.65563 52.13013 118.6712 52.73314 52.18115 118.6712 54.86472 52.18115 118.7654 53.94222 52.13013 116.6332 55.88955 59.35454 116.2869 56.83404 58.93479 112.4181 59.15702 55.91157 114.0579 59.15702 54.56583 114.2171 59.15702 54.95002 114.2171 59.15702 55.36588 114.0579 59.15702 55.75007 113.7639 59.15702 56.04412 113.1717 59.15702 56.22373 113.3797 59.15702 56.20326 112.7639 59.15702 56.14261 113.9027 58.3413 58.13475 113.1718 58.84614 57.24857 115.821 57.6619 58.36988 115.3175 58.84614 53.99645 116.2869 58.3413 53.47172 117.1366 57.6619 53.01179 117.834 56.83404 52.63433 118.3521 55.88955 52.35386 118.6712 54.86472 58.13474 119.77 53.65563 56.22116 118.6712 52.73313 58.13474 119.77 53.94222 56.22116 118.3521 51.7083 57.96202 116.6332 51.7083 59.35454 114.3872 51.7083 60.10817 113.1718 51.7083 60.20515 110.6406 52.73313 60.10817 110.5973 53.65563 60.193 106.4443 53.65563 55.15795 106.9564 53.65563 57.24353 108.4147 53.65563 59.01161 110.5973 53.65563 50.12287 108.4147 53.65563 51.30427 106.9564 53.65563 53.07235 114.9024 51.70831 50.53602 116.6332 51.7083 50.96134 113.1718 51.70831 50.11073 113.1718 52.73314 49.79985 119.77 53.65563 54.09472 119.6588 52.73313 54.11263 118.3521 51.7083 52.35386 119.6588 54.86472 54.11263 119.2824 55.88955 54.17327 119.77 53.94222 54.09472 118.3521 55.88955 57.96202 117.834 56.83404 57.68155 115.7029 58.84614 54.75009 115.7029 58.84614 55.56581 115.3175 58.84614 56.31943 114.6055 58.84614 56.89624 113.6752 58.84614 57.2084 115.2533 58.34129 57.68155 117.1366 57.6619 57.3041 116.8464 58.3413 54.56583 117.8487 57.6619 54.40431 118.6712 56.83404 54.27177 119.6588 54.86472 56.20326 119.6588 52.73313 56.20326 119.2824 51.7083 56.1426 118.6712 50.76381 56.04411 117.834 50.76381 57.68155 116.2869 50.76381 58.93478 114.2657 50.76381 59.61303 113.1718 50.76381 59.70031 110.7875 51.7083 59.82096 108.4948 52.73313 58.94668 106.5576 52.73314 55.15795 107.0611 52.73314 53.10749 107.0611 52.73313 57.20839 110.6406 52.73314 50.20771 108.4948 52.73314 51.36919 114.7294 50.76382 50.99834 113.1718 50.76382 50.61557 116.2869 50.76381 51.38109 110.7875 51.7083 50.49492 111.026 50.76382 50.96134 119.2824 51.7083 54.17327 117.834 50.76381 52.63433 119.2824 55.88955 56.1426 118.6712 56.83404 56.04411 116.8464 58.3413 55.75007 116.2869 58.3413 56.84416 117.8487 57.6619 55.91157 118.6712 50.76381 54.27177 117.8487 49.93595 54.40431 117.8487 49.93595 55.91157 117.1366 49.93595 57.3041 115.821 49.93595 58.36988 114.102 49.93595 58.94668 113.1718 49.93595 59.0209 111.026 50.76381 59.35454 108.7662 51.7083 58.72686 106.9414 51.7083 55.15795 107.4156 51.7083 57.08943 107.4156 51.7083 53.22646 108.7662 51.7083 51.58902 114.4964 49.93595 51.62048 113.1717 49.93595 51.29497 111.3469 49.93595 51.58902 115.821 49.93595 51.946 109.2069 50.76382 51.946 109.7999 49.93595 52.42641 117.1366 49.93595 53.01179 116.2869 49.25656 53.47172 116.8464 49.25656 54.56583 116.8464 49.25656 55.75007 116.2869 49.25656 56.84416 115.2533 49.25656 57.68155 113.9027 49.25656 58.13474 113.1718 49.25655 58.19306 111.3469 49.93595 58.72686 109.2069 50.76381 58.36988 107.9914 50.76381 53.41965 107.5645 50.76381 55.15795 107.9914 50.76381 56.89623 114.2125 49.25656 52.37858 113.1718 49.25656 52.12282 111.738 49.25656 52.35386 110.5225 49.25656 53.01179 115.2533 49.25656 52.63433 108.7662 49.93595 53.67964 109.7103 49.25656 53.99645 114.6055 48.75171 53.41965 115.3175 48.75171 53.99645 115.7029 48.75171 54.75009 115.7029 48.75171 55.5658 115.3175 48.75171 56.31943 114.6055 48.75171 56.89623 113.6752 48.75171 57.20839 113.1718 48.75171 57.24856 111.738 49.25655 57.96202 109.7999 49.93595 57.88947 108.4032 49.93595 55.15795 108.7662 49.93595 56.63624 113.8886 48.75171 53.24348 113.1718 48.75171 53.06732 112.1842 48.75171 53.22646 111.3469 48.75171 53.67964 110.7875 48.75171 54.35789 109.4251 49.25656 55.15794 113.5372 48.44083 54.18196 113.9027 48.44083 54.27177 114.2657 48.44083 54.56583 114.4621 48.44083 54.95001 114.4621 48.44083 55.36587 114.2657 48.44083 55.75007 113.9027 48.44083 56.04411 113.1718 48.44083 56.22373 113.4284 48.44083 56.20325 112.1842 48.75171 57.08943 110.5225 49.25655 57.3041 109.7103 49.25656 56.31943 113.1718 48.44083 54.09215 112.6683 48.44084 54.17327 112.2415 48.44083 54.40431 111.9563 48.44083 54.75009 110.591 48.75171 55.15794 110.7875 48.75171 55.95799 113.1858 48.44084 55.16202 112.6683 48.44083 56.1426 111.3469 48.75171 56.63624 111.8561 48.44083 55.15794 111.9563 48.44083 55.5658 112.2415 48.44083 55.91157 15.33633 58.14571 53.69654 15.06311 57.8434 53.03692 14.36166 57.8434 53.50561 14.86649 58.14572 54.01046 15.89052 58.14571 53.5863 15.89052 58.14571 55.03448 14.77701 57.34387 52.34622 15.89052 57.8434 52.87234 13.83302 57.34387 52.97698 13.89296 57.8434 54.20706 13.20227 57.34387 53.92097 14.55258 58.14572 54.48028 16.44471 58.14571 53.69654 14.44235 58.14572 55.03448 14.55258 58.14572 55.58867 14.86649 58.14572 56.05849 15.33633 58.14572 56.37242 15.89052 58.14572 56.48266 16.44471 58.14572 56.37242 16.91454 58.14572 56.05849 17.22845 58.14572 55.58867 17.3387 58.14572 55.03448 17.22845 58.14572 54.48028 16.91454 58.14572 54.01046 14.5337 56.70808 51.75883 15.89052 57.34387 52.12473 13.38346 56.70808 52.52741 16.71793 57.8434 53.03693 12.61487 56.70808 53.67766 13.72838 57.8434 55.03448 12.98077 57.34387 55.03448 12.34499 56.70808 55.03448 13.89296 57.8434 55.8619 14.36166 57.8434 56.56334 15.06311 57.8434 57.03202 15.89052 57.8434 57.19661 16.71793 57.8434 57.03202 17.41938 57.8434 56.56333 17.88806 57.8434 55.8619 18.05267 57.8434 55.03448 17.88806 57.8434 54.20706 17.41938 57.8434 53.50561 14.34254 55.96047 51.29732 15.89052 56.70808 51.48894 13.03023 55.96047 52.17419 17.00402 57.34387 52.34622 12.15338 55.96047 53.4865 11.84544 55.96047 55.03448 13.20227 57.34387 56.14799 12.61487 56.70808 56.3913 12.15338 55.96047 56.58246 13.83302 57.34387 57.09197 14.77701 57.34387 57.72273 15.89052 57.34387 57.94422 17.00402 57.34387 57.72273 17.94801 57.34387 57.09197 18.57878 57.34387 56.14799 18.80026 57.34387 55.03448 18.57878 57.34387 53.92097 17.94801 57.34387 52.97698 14.21086 55.12977 50.97942 15.89052 55.96047 50.9894 12.78691 55.12977 51.93088 17.24734 56.70808 51.75884 11.83546 55.12977 53.35482 11.50137 55.12977 55.03448 11.83546 55.12977 56.71414 13.38346 56.70808 57.54155 13.03023 55.96047 57.89478 12.78691 55.12977 58.13808 14.5337 56.70808 58.31013 15.89052 56.70808 58.58001 17.24734 56.70808 58.31013 18.39759 56.70808 57.54155 19.16615 56.70808 56.3913 19.43606 56.70808 55.03448 19.16615 56.70808 53.67766 18.39759 56.70808 52.52741 15.89052 55.12977 50.64531 14.14374 54.2479 50.81737 12.66287 54.2479 51.80684 17.43851 55.96047 51.29733 11.67341 54.2479 53.28769 11.32594 54.2479 55.03448 11.67341 54.2479 56.78127 12.66287 54.24791 58.26212 14.34254 55.96047 58.77163 14.21086 55.12977 59.08953 14.14374 54.24791 59.2516 15.89052 55.96047 59.07955 17.43851 55.96047 58.77163 18.75081 55.96047 57.89478 19.62767 55.96047 56.58246 19.93558 55.96047 55.03448 19.62767 55.96047 53.4865 18.75081 55.96047 52.17419 17.57018 55.12977 50.97942 15.89052 54.2479 50.4699 17.63731 54.2479 50.81737 14.13951 53.9999 50.80716 15.89052 53.9999 50.45886 12.65508 53.9999 51.79903 11.6632 53.9999 53.28347 11.3149 53.9999 55.03448 11.6632 53.9999 56.78549 12.65508 53.9999 58.26992 15.89052 55.12977 59.42364 15.89052 54.24791 59.59906 14.13951 53.9999 59.26179 17.57018 55.12977 59.08953 18.99414 55.12977 58.13808 19.94558 55.12977 56.71413 20.27968 55.12977 55.03448 19.94558 55.12977 53.35482 18.99414 55.12977 51.93088 17.64153 53.9999 50.80716 19.11816 54.2479 51.80684 19.12597 53.9999 51.79903 14.13951 53.59676 50.80716 14.99786 53.9999 50.54678 14.99786 53.59676 50.54678 18.2121 53.9999 55.03448 12.65508 53.59676 51.79903 11.6632 53.59676 53.28347 11.3149 53.59676 55.03448 11.6632 53.59676 56.78549 12.65508 53.59676 58.26992 17.63731 54.24791 59.2516 15.89052 53.9999 59.61009 14.99786 53.9999 59.52217 14.13951 53.59676 59.26179 19.11816 54.24791 58.26212 20.10763 54.2479 56.78126 20.4551 54.2479 55.03448 20.10763 54.2479 53.28769 20.11783 53.9999 53.28347 14.14374 53.34876 50.81737 12.66287 53.34876 51.80684 15.89052 53.59676 50.45886 14.99786 53.79834 55.03448 14.99786 53.59676 59.52217 18.21906 53.59676 55.03448 17.64154 53.9999 59.26179 20.46614 53.9999 55.03448 20.11783 53.9999 56.78549 19.12597 53.9999 58.26992 11.67341 53.34876 53.28769 11.32594 53.34877 55.03448 11.67341 53.34877 56.78127 12.66287 53.34877 58.26213 14.14374 53.34877 59.2516 15.89052 53.34876 50.4699 15.89052 52.46689 50.64531 14.21086 52.46689 50.97942 12.78691 52.46689 51.93088 11.83546 52.46689 53.35482 17.64153 53.59676 50.80716 15.89052 53.34877 59.59906 15.89052 53.59676 59.61009 19.12597 53.59676 51.79903 20.11783 53.59676 53.28347 20.46614 53.59676 55.03448 20.11783 53.59676 56.78549 19.12597 53.59676 58.26992 17.64154 53.59676 59.26179 11.50137 52.46689 55.03448 11.83546 52.46689 56.71414 12.78691 52.46689 58.13808 14.21086 52.46689 59.08953 17.63731 53.34876 50.81737 15.89052 51.6362 50.9894 14.34254 51.6362 51.29732 17.57018 52.46689 50.97942 13.03023 51.6362 52.17419 12.15338 51.6362 53.4865 11.84544 51.6362 55.03448 15.89052 52.46689 59.42364 17.57018 52.46689 59.08953 17.63731 53.34877 59.2516 19.11816 53.34876 51.80684 20.10763 53.34876 53.28769 20.4551 53.34877 55.03448 20.10763 53.34877 56.78126 19.11816 53.34877 58.26212 12.15338 51.6362 56.58246 13.03023 51.6362 57.89478 14.34254 51.6362 58.77163 15.89052 50.88858 51.48894 14.5337 50.88858 51.75883 17.43851 51.6362 51.29732 13.38346 50.88858 52.52741 18.99414 52.46689 51.93088 12.61487 50.88858 53.67766 12.34499 50.88858 55.03448 12.61487 50.88858 56.3913 15.89052 51.6362 59.07955 17.43851 51.6362 58.77163 18.75083 51.6362 57.89478 18.99414 52.46689 58.13808 19.94558 52.46689 53.35482 20.27968 52.46689 55.03448 19.94558 52.46689 56.71413 13.38346 50.88858 57.54155 14.5337 50.88858 58.31013 15.89052 50.2528 52.12473 14.77701 50.2528 52.34622 17.24734 50.88858 51.75884 13.83302 50.2528 52.97698 18.75081 51.6362 52.17419 13.20227 50.25279 53.92097 12.98077 50.2528 55.03448 13.20227 50.2528 56.14799 13.83302 50.2528 57.09197 15.89052 50.88858 58.58001 17.24734 50.88858 58.31013 18.39759 50.88858 57.54155 19.16618 50.88858 56.3913 19.62767 51.6362 56.58246 19.62767 51.6362 53.4865 19.93558 51.6362 55.03448 14.77701 50.2528 57.72274 15.89052 49.75326 52.87234 15.06311 49.75326 53.03692 17.00402 50.2528 52.34622 14.36166 49.75326 53.50561 18.39759 50.88858 52.52741 13.89296 49.75326 54.20706 13.72838 49.75326 55.03448 13.89296 49.75326 55.8619 14.36166 49.75326 56.56334 15.06311 49.75326 57.03203 15.89052 50.2528 57.94422 17.00402 50.2528 57.72274 17.94801 50.2528 57.09197 18.57878 50.2528 56.14799 18.80026 50.2528 55.03448 19.43606 50.88858 55.03448 19.16618 50.88858 53.67766 15.89052 49.45122 53.58552 15.33601 49.45122 53.69581 16.71793 49.75326 53.03692 14.86596 49.45122 54.00991 17.94801 50.2528 52.97698 14.55187 49.45122 54.47999 14.44158 49.45122 55.03448 14.55187 49.45122 55.58897 14.86596 49.45122 56.05905 15.33603 49.45122 56.37314 15.89052 49.75326 57.19662 16.71793 49.75326 57.03203 17.41938 49.75326 56.56334 17.88806 49.75326 55.8619 18.05267 49.75326 55.03448 17.88806 49.75326 54.20706 18.57878 50.25279 53.92097 15.89052 49.23376 54.58491 16.44502 49.45122 53.69581 15.71848 49.23376 54.61912 15.57263 49.23376 54.71658 17.41938 49.75326 53.50561 15.47517 49.23376 54.86243 15.44094 49.23376 55.03448 15.47517 49.23376 55.20652 15.57263 49.23376 55.35237 15.71848 49.23376 55.44983 15.89052 49.45122 56.48344 16.44502 49.45122 56.37314 16.91507 49.45122 56.05905 17.22918 49.45122 55.58897 17.33947 49.45122 55.03448 17.22918 49.45122 54.47999 16.91507 49.45122 54.00991 16.06257 49.23376 54.61912 15.89052 49.21168 55.03448 15.89052 49.23376 55.48405 16.06257 49.23376 55.44983 16.20842 49.23376 55.35237 16.30588 49.23376 55.20652 16.34009 49.23376 55.03448 16.30588 49.23376 54.86243 16.20842 49.23376 54.71658 166.6827 44.12678 58.37916 167.1882 42.73803 59.36664 170.2244 43.61157 58.84134 169.782 44.82698 57.97711 166.345 45.05471 56.90129 162.2868 42.69347 58.53577 161.9326 43.66651 56.98604 167.7844 41.09989 59.71341 170.7462 42.1779 59.14481 162.8168 41.2372 59.57126 163.4421 39.51942 59.93487 170.7462 42.1779 55.15802 169.4864 45.63909 56.68369 166.2264 45.38056 55.15802 161.8083 44.0082 55.15802 142.6112 34.83248 57.8783 142.326 35.61613 56.63022 142.2258 35.89131 55.15802 168.3806 39.46176 59.36664 171.268 40.74423 58.84134 143.0381 33.65967 58.71223 143.5416 32.27624 59.00507 144.0451 30.89283 58.71224 164.0673 37.80164 59.57126 171.7104 39.52882 57.97711 172.006 38.71671 56.6837 172.1098 38.43153 55.15803 172.006 38.71671 53.63234 171.7104 39.52882 52.33893 171.268 40.74423 51.4747 170.7462 42.17789 51.17123 170.2244 43.61157 51.4747 169.782 44.82698 52.33893 169.4864 45.63909 53.63234 169.3826 45.92426 55.15802 166.345 45.05471 53.41475 161.9326 43.66651 53.32999 142.326 35.61613 53.6858 143.5416 32.27624 55.15802 168.8861 38.07301 58.37917 144.472 29.72002 57.8783 164.5973 36.34537 58.53577 169.2238 37.14508 56.9013 169.3424 36.81923 55.15803 169.2238 37.14508 53.41475 168.8861 38.07301 51.93687 168.3806 39.46175 50.94939 167.7844 41.09989 50.60263 167.1882 42.73803 50.94939 166.6827 44.12678 51.93687 162.2868 42.69347 51.78026 142.6112 34.83248 52.43773 144.7572 28.93638 56.63022 144.8574 28.66119 55.15802 144.7572 28.93637 53.6858 144.472 29.72001 52.43773 144.0451 30.89283 51.60379 143.5416 32.27624 51.31094 143.0381 33.65967 51.60379 164.9515 35.37233 56.98604 165.0758 35.03063 55.15803 164.9515 35.37232 53.32999 164.5973 36.34536 51.78026 164.0673 37.80163 50.74477 163.4421 39.51942 50.38116 162.8168 41.2372 50.74477 174.7552 37.97325 53.25746 174.7552 38.53977 52.39883 176.3354 38.9278 52.39883 176.5111 38.40438 53.25746 176.6192 38.08208 54.18913 174.7552 37.62437 54.18913 172.9993 38.40439 53.25746 172.8911 38.08208 54.18913 174.7552 39.3022 51.64624 173.1749 38.9278 52.39883 176.0991 39.63219 51.64624 177.2384 40.5719 51.64624 177.6751 40.03279 52.39883 177.9996 39.63219 53.25746 176.6511 37.98688 55.02776 178.1995 39.3855 54.18913 174.7552 37.52133 55.02775 171.5107 39.63219 53.25746 171.3108 39.3855 54.18913 171.2518 39.31264 55.02775 172.8592 37.98688 55.02775 174.7552 40.23122 51.0286 173.4112 39.63219 51.64624 173.6992 40.49048 51.0286 171.8352 40.03279 52.39883 175.8111 40.49048 51.0286 176.7062 41.22881 51.0286 177.9996 41.97828 51.64624 177.3043 42.33381 51.0286 178.5703 41.68652 52.39883 178.9943 41.46972 53.25746 178.2585 39.31264 55.02776 174.7552 41.08412 55.02775 179.2554 41.33621 54.18913 170.5161 41.46972 53.25746 170.255 41.33621 54.18913 170.1778 41.29678 55.02775 174.7552 41.29113 50.56965 172.272 40.5719 51.64624 172.8041 41.22881 51.0286 174.0278 41.46972 50.56965 170.9401 41.68652 52.39883 175.4825 41.46972 50.56965 176.0991 41.97828 50.56965 176.5111 42.73942 50.56965 177.5144 43.63722 51.0286 178.2669 43.63722 51.64624 176.6557 43.63722 50.56965 178.8846 43.63722 52.39883 179.3435 43.63722 53.25746 179.3325 41.29678 55.02776 169.8007 43.63722 55.02775 179.7096 43.63722 55.02776 169.8959 44.83037 55.02775 179.6144 44.83038 55.02776 179.6262 43.63722 54.18913 170.1668 43.63722 53.25746 169.8842 43.63722 54.18913 174.7552 42.66833 50.28702 171.5107 41.97828 51.64624 172.206 42.33381 51.0286 173.4112 41.97828 50.56965 174.3844 42.74208 50.28702 170.6257 43.63722 52.39883 175.126 42.74208 50.28702 175.4403 42.95211 50.28702 175.6503 43.26644 50.28702 175.7241 43.63722 50.28702 177.4613 44.3017 51.0286 178.1995 44.48295 51.64624 178.8052 44.63169 52.39883 176.6192 44.09493 50.56965 179.2554 44.74221 53.25746 179.5325 44.81028 54.18913 169.9778 44.81028 54.18913 179.6144 44.83038 55.28829 169.8959 44.83037 55.28829 170.1778 45.97768 55.02775 170.255 45.93825 54.18913 170.1778 45.97768 55.28829 179.3325 45.97769 55.02776 179.3325 45.97769 55.28829 170.255 44.74221 53.25746 170.7051 44.63169 52.39883 174.7272 43.6457 50.28702 171.2434 43.63722 51.64623 171.996 43.63722 51.0286 172.9993 42.73941 50.56965 174.07 42.95211 50.28702 171.3108 44.48295 51.64623 175.7055 43.82625 50.28702 177.3043 44.94065 51.0286 177.9996 45.29617 51.64624 178.5703 45.58794 52.39883 178.9943 45.80474 53.25746 176.5111 44.53504 50.56965 179.2554 45.93825 54.18913 179.7096 43.63722 55.28829 179.5325 44.81028 56.12692 179.2554 45.93825 56.12692 174.7552 41.07183 55.28829 169.9778 44.81028 56.12692 169.8842 43.63722 56.12692 169.8007 43.63722 55.28829 171.2518 47.96182 55.02775 171.3108 47.88896 54.18913 170.5161 45.80474 53.25746 171.2518 47.96182 55.28829 170.255 45.93825 56.12692 178.1995 47.88896 54.18913 178.2585 47.96182 55.02776 178.2585 47.96182 55.28829 178.1995 47.88896 56.12692 170.9401 45.58794 52.39883 173.8049 43.82625 50.28702 173.86 44.00801 50.28702 175.4403 44.32235 50.28702 175.6503 44.00801 50.28702 175.1259 44.53238 50.28702 174.7552 44.60613 50.28702 174.3844 44.53238 50.28702 174.07 44.32234 50.28702 173.86 43.26644 50.28702 173.7863 43.63722 50.28702 172.049 44.3017 51.0286 172.8546 43.63722 50.56964 171.5107 45.29617 51.64624 176.7062 46.04564 51.0286 176.0991 45.29618 50.56965 177.2384 46.70255 51.64624 177.6751 47.24167 52.39883 177.9996 47.64227 53.25746 179.3325 41.29678 55.28829 179.6262 43.63722 56.12692 179.2554 44.74221 57.05859 178.9943 45.80474 57.05859 174.7552 37.52133 55.28829 172.8592 37.98688 55.28829 171.2518 39.31264 55.28829 170.1778 41.29678 55.28829 178.2585 39.31264 55.28829 176.6511 37.98688 55.28829 170.516 45.80474 57.05859 170.255 44.74221 57.05859 170.1668 43.63722 57.05859 170.255 41.33621 56.12692 172.8592 49.28759 55.02775 172.8911 49.19238 54.18913 171.5107 47.64227 53.25746 172.8592 49.28759 55.28829 171.3108 47.88896 56.12692 171.5107 47.64227 57.05859 176.6192 49.19238 54.18913 176.5111 48.87007 53.25746 176.6511 49.28759 55.02776 176.6511 49.28759 55.28829 176.6192 49.19238 56.12692 177.9996 47.64227 57.05859 171.8352 47.24167 52.39883 172.8911 44.09493 50.56964 172.9993 44.53504 50.56964 173.4112 45.29618 50.56965 175.4825 45.80474 50.56965 174.7552 45.98333 50.56965 174.0278 45.80474 50.56965 172.206 44.94065 51.0286 172.272 46.70255 51.64624 175.8111 46.78397 51.0286 176.0991 47.64227 51.64624 176.3354 48.34666 52.39883 179.2554 41.33621 56.12692 178.9943 41.46972 57.05859 179.3435 43.63722 57.05859 178.8052 44.63169 57.91722 178.5703 45.58794 57.91722 174.7552 37.62437 56.12692 176.6192 38.08208 56.12692 172.8911 38.08208 56.12692 171.3108 39.3855 56.12692 178.1995 39.3855 56.12692 171.8352 47.24167 57.91722 170.9401 45.58794 57.91722 170.7051 44.63169 57.91722 170.6257 43.63722 57.91722 170.516 41.46972 57.05859 174.7552 49.75312 55.02775 174.7552 49.65008 54.18913 172.9993 48.87007 53.25746 174.7552 49.75312 55.28829 172.8911 49.19238 56.12692 172.9993 48.87007 57.05859 173.1749 48.34666 57.91722 174.7552 49.30121 53.25746 174.7552 48.73468 52.39883 174.7552 49.65008 56.12692 176.5111 48.87007 57.05859 177.6751 47.24167 57.91722 173.1749 48.34666 52.39883 172.8041 46.04564 51.0286 173.6992 46.78397 51.0286 174.7552 47.04324 51.0286 173.4112 47.64227 51.64624 174.7552 47.97225 51.64624 177.9996 39.63219 57.05859 177.6751 40.03279 57.91722 178.5703 41.68652 57.91722 178.8846 43.63722 57.91722 178.1995 44.48295 58.66981 177.9996 45.29617 58.66981 174.7552 37.97324 57.05859 172.9993 38.40439 57.05859 176.5111 38.40439 57.05859 171.5107 39.63219 57.05859 173.4112 47.64227 58.66981 172.272 46.70255 58.66981 171.5107 45.29617 58.66981 171.3108 44.48295 58.66981 171.2434 43.63722 58.66981 170.9401 41.68652 57.91722 174.7552 49.30121 57.05859 174.7552 48.73468 57.91722 174.7552 47.97225 58.66981 176.3354 48.34666 57.91722 177.2384 46.70255 58.66981 176.3354 38.9278 57.91722 176.0991 39.63219 58.66981 177.2384 40.5719 58.66981 177.9996 41.97828 58.66981 178.2669 43.63722 58.66981 177.4613 44.3017 59.28745 177.3043 44.94065 59.28745 174.7552 38.53977 57.91722 173.1749 38.9278 57.91722 171.8352 40.03279 57.91722 174.7552 47.04324 59.28745 173.6992 46.78396 59.28745 172.8041 46.04564 59.28745 172.206 44.94065 59.28745 172.049 44.3017 59.28745 171.996 43.63722 59.28745 171.5107 41.97828 58.66981 176.0991 47.64227 58.66981 175.811 46.78396 59.28745 176.7062 46.04564 59.28745 174.7552 39.3022 58.66981 174.7552 40.23122 59.28745 175.811 40.49048 59.28745 176.7062 41.22882 59.28745 177.3043 42.33381 59.28745 177.5144 43.63722 59.28745 176.6192 44.09493 59.7464 176.5111 44.53504 59.7464 173.4112 39.63219 58.66981 172.272 40.57191 58.66981 175.4825 45.80474 59.7464 174.7552 45.98333 59.7464 174.0278 45.80474 59.7464 173.4112 45.29617 59.7464 172.9993 44.53504 59.7464 172.8911 44.09493 59.7464 172.8546 43.63722 59.7464 172.206 42.33381 59.28745 176.0991 45.29617 59.7464 173.6992 40.49048 59.28745 175.4825 41.46972 59.7464 174.7552 41.29113 59.7464 174.0278 41.46972 59.7464 176.0991 41.97828 59.7464 176.5111 42.73942 59.7464 176.6557 43.63722 59.7464 175.7054 43.87056 60.02901 175.6503 44.09493 60.02901 172.8041 41.22882 59.28745 175.4403 44.48295 60.02901 175.1259 44.74221 60.02901 174.7552 44.83326 60.02901 174.3844 44.74221 60.02901 174.07 44.48295 60.02901 173.86 44.09493 60.02901 173.7863 43.63722 60.02901 173.8049 43.87056 60.02901 172.9993 42.73942 59.7464 173.4112 41.97829 59.7464 175.1259 42.53224 60.02901 174.7552 42.4412 60.02901 174.3844 42.53224 60.02901 174.07 42.79151 60.02901 175.4403 42.79151 60.02901 175.6503 43.17953 60.02901 175.724 43.63722 60.02901 174.7552 43.63722 60.12445 173.86 43.17953 60.02901 138.3928 33.21023 58.71879 138.4628 31.73696 59.01218 141.1265 31.86345 58.53111 141.0653 33.15283 58.27435 115.68 30.65508 58.86745 115.6126 32.07303 58.58509 138.3335 34.4592 57.88332 115.7473 29.23714 58.58509 138.5327 30.2637 58.7188 141.1265 31.86345 55.15802 141.1878 30.57408 58.27435 141.0134 34.24591 57.54315 114.6605 31.8669 58.19704 114.7202 30.60951 58.44743 115.5556 33.2751 57.78099 114.6099 32.93287 57.48398 140.9787 34.97628 56.44884 138.2939 35.29373 56.63293 115.8044 28.03506 57.78099 114.78 29.35213 58.19704 138.5921 29.01472 57.88332 141.2397 29.481 57.54315 141.2743 28.75063 56.44884 141.2865 28.49415 55.15802 141.2743 28.75063 53.86718 141.2397 29.481 52.77287 141.1878 30.57407 52.04168 141.1265 31.86345 51.78491 141.0653 33.15283 52.04168 141.0134 34.24591 52.77287 140.9787 34.97628 53.86718 140.9665 35.23276 55.15802 114.7203 30.60951 55.15802 115.5174 34.07831 56.57755 114.5761 33.64512 56.41682 138.28 35.58679 55.15802 115.8425 27.23185 56.57756 114.8306 28.28616 57.48399 138.6317 28.18019 56.63294 138.6317 28.18019 53.68309 138.6456 27.88714 55.15802 138.5921 29.01472 52.4327 138.4628 31.73696 51.30384 138.5328 30.26369 51.59724 138.3928 33.21023 51.59724 138.2939 35.29374 53.68309 138.3335 34.4592 52.4327 114.5642 33.89523 55.15801 114.5761 33.64512 53.8992 114.6099 32.93287 52.83204 114.6605 31.8669 52.11898 114.7202 30.60951 51.86858 114.78 29.35212 52.11898 114.8306 28.28615 52.83204 114.8644 27.5739 53.89921 114.8763 27.32379 55.15802 114.8644 27.5739 56.41682 115.504 34.36036 55.15801 115.8559 26.94981 55.15802 115.8425 27.23185 53.73846 115.8044 28.03505 52.53503 115.7473 29.23713 51.73092 115.68 30.65508 51.44855 115.6126 32.07302 51.73092 115.5556 33.2751 52.53503 115.5174 34.07831 53.73845 107.8415 31.27668 52.12751 110.2055 30.69589 52.36743 109.8145 29.78404 53.04522 107.4122 30.27576 52.87151 108.3582 32.45965 51.85686 104.7123 31.06583 52.84365 105.1543 32.09641 52.0776 110.6762 31.77358 52.12086 111.2361 31.53155 52.50811 110.8259 30.59236 52.72298 110.4851 29.79771 53.31366 109.5626 29.17686 54.05104 107.1357 29.60927 53.9756 104.4277 30.37958 53.98046 108.8836 33.64459 52.10075 105.6863 33.31446 51.79892 101.5465 31.62936 53.99527 101.8375 32.33082 52.83326 102.2892 33.38425 52.05022 111.1549 32.85305 52.34306 111.6533 32.47228 52.70174 111.3413 30.62105 53.2652 111.6603 31.35152 53.09806 111.0762 30.003 53.7246 110.2656 29.26858 54.19021 110.9055 29.59146 54.40636 109.4882 28.9668 55.23177 107.0541 29.37868 55.27168 104.3436 30.14216 55.31495 101.4606 31.38668 55.35934 109.5041 34.94778 52.89894 111.5687 33.76998 53.00019 106.8694 34.94754 52.10327 103.2651 35.00865 51.78308 98.55457 32.77433 55.40357 98.63859 33.01174 54.06908 98.92327 33.69799 52.93227 99.93 35.06214 52.15679 112.0139 33.27136 53.27441 111.9848 32.08319 53.24868 111.6959 31.35946 55.18507 110.2008 29.08551 55.21919 110.8551 29.44907 55.20666 109.6027 29.18582 56.40766 107.1798 29.6191 56.56243 104.473 30.3897 56.64397 101.5929 31.63971 56.7178 98.68397 33.02187 56.73258 111.0114 34.93086 53.9379 103.2028 35.05915 55.31845 111.8546 34.38475 53.9922 112.263 33.80712 54.13893 96.36584 34.49502 56.72812 96.24017 34.2546 55.43737 96.32179 34.48519 54.14129 96.65578 35.18754 53.18914 112.2652 32.70468 53.69408 110.9327 29.59753 56.00368 111.1265 30.01422 56.67606 111.407 30.63571 57.12147 111.7314 31.36738 57.27207 112.0505 32.09785 57.10495 112.3155 32.71591 56.64554 112.4862 33.12744 55.96379 112.5366 33.26983 55.16348 112.459 33.12137 54.36647 110.3006 29.27638 56.24394 109.8886 29.80058 57.39968 107.4937 30.29393 57.65136 104.7962 31.08453 57.76517 101.9232 32.34994 57.86386 99.0071 33.7167 57.85378 96.70613 35.24311 57.68611 111.5624 34.92127 55.1738 94.67295 35.28868 55.46014 95.24991 35.27436 56.70791 100.0465 35.09935 58.59095 103.3955 35.00791 58.84222 107.0256 34.94065 58.40207 109.4651 34.90289 57.58102 111.0475 34.94372 56.42799 95.20727 35.26467 54.19357 111.9691 34.60377 55.16808 112.3628 33.99799 55.16368 110.5498 29.81213 57.10846 110.9104 30.61121 57.68112 111.3275 31.55195 57.87477 111.7377 32.49113 57.65988 112.0785 33.28578 57.0692 112.298 33.81492 56.19265 110.3024 30.71751 58.0568 107.9479 31.30042 58.37269 105.2639 32.12086 58.50787 102.4012 33.40923 58.62302 105.8049 33.34092 58.759 108.4733 32.48535 58.61658 108.99 33.66833 58.34593 111.2518 32.87469 58.03243 111.6429 33.78653 57.35464 111.8947 34.3937 56.34882 110.7811 31.79699 58.279 112.2644 30.3875 52.39928 112.3741 30.93951 52.40404 112.8225 30.75723 52.22161 112.749 30.3875 52.21842 111.7517 30.3875 52.71062 111.8993 29.64463 52.71702 112.3741 29.83549 52.40404 111.8993 31.13038 52.71702 112.6865 31.40748 52.41759 113.0318 31.07068 52.23068 113.77 30.39859 52.2627 112.8225 30.01777 52.22161 111.3095 30.3875 53.116 111.4894 29.4823 53.12381 112.0017 28.7149 53.14603 112.3197 29.01484 52.73526 112.6865 29.36752 52.41759 111.4894 31.29271 53.12381 112.3197 31.76017 52.73526 113.1541 31.72018 52.43787 113.3449 31.28012 52.24426 113.7143 31.35365 52.26029 114.0837 31.28012 52.2763 114.3968 31.07068 52.28989 114.6061 30.75723 52.29896 114.661 30.57599 52.30134 114.6795 30.3875 52.30215 114.6061 30.01777 52.29896 114.3968 29.70432 52.28989 114.0837 29.49489 52.2763 113.7143 29.42135 52.26029 113.3449 29.49489 52.24426 113.0318 29.70432 52.23068 110.955 30.3875 53.59987 111.1602 29.35477 53.60877 111.7447 28.47924 53.63412 112.7684 28.20215 53.17928 112.9489 28.59403 52.76255 113.1541 29.05483 52.43787 111.1602 31.42024 53.60877 112.0017 32.0601 53.14603 112.9489 32.18097 52.76255 113.7056 31.82998 52.46179 114.2571 31.72018 52.48571 114.7246 31.40748 52.50599 115.037 30.93951 52.51953 115.119 30.66891 52.52309 115.1467 30.3875 52.5243 115.037 29.83549 52.51953 114.7246 29.36752 52.50599 114.2571 29.05482 52.48571 113.7056 28.94503 52.46179 110.7016 30.3875 54.1436 110.9243 29.26691 54.15326 111.5585 28.31693 54.18077 112.5076 27.68216 54.22193 112.6193 27.89425 53.67206 113.6511 27.68882 53.71681 113.6727 28.02209 53.21851 113.6911 28.44626 52.79473 110.9243 31.50809 54.15326 111.7447 32.29575 53.63412 112.7684 32.57286 53.17928 113.6911 32.32875 52.79473 114.4333 32.18097 52.82693 115.0625 31.76017 52.85422 115.4829 31.13038 52.87245 115.5933 30.76622 52.87725 115.6305 30.3875 52.87886 115.4829 29.64463 52.87245 115.0625 29.01484 52.85422 114.4333 28.59403 52.82693 110.5592 30.3875 54.72632 111.4503 28.23417 54.76497 110.7908 29.22213 54.73636 112.4373 27.57404 54.80778 113.6016 27.34223 54.85828 113.6271 27.45927 54.27049 114.7466 27.68216 54.31905 114.6829 27.89425 53.76156 114.5771 28.20215 53.25773 110.7908 31.55288 54.73636 111.5585 32.45808 54.18077 112.6193 32.88076 53.67206 113.6727 32.75292 53.21851 114.5771 32.57286 53.25773 115.3438 32.0601 53.29099 115.856 31.29271 53.31321 115.9905 30.84897 53.31904 116.0359 30.3875 53.32101 115.856 29.4823 53.31321 115.3438 28.7149 53.29099 110.6033 30.98303 54.89384 110.5447 30.3875 54.8913 110.7768 29.21931 54.90137 111.4379 28.22896 54.93004 112.4273 27.56723 54.97296 113.5944 27.33487 55.02358 114.7659 27.57404 54.90878 114.7615 27.56723 55.0742 115.7529 28.23417 54.95159 115.6957 28.31692 54.36022 115.5576 28.47924 53.79951 111.4503 32.54083 54.76497 110.7768 31.55569 54.90137 112.5076 33.09284 54.22193 113.6511 33.08618 53.71681 114.6829 32.88076 53.76156 115.5576 32.29575 53.79951 116.142 31.42024 53.82485 116.2955 30.91399 53.8315 116.3473 30.3875 53.83375 116.142 29.35476 53.82485 110.5916 30.98303 55.16254 113.5944 29.11331 55.02358 116.5856 30.98303 55.15332 113.5886 30.98303 55.15793 115.7509 28.22896 55.11712 116.3299 29.26691 54.38772 116.4124 29.22213 54.9802 116.4121 29.21931 55.14579 111.4379 32.54604 54.93004 112.4373 33.20096 54.80778 110.7652 31.55569 55.17007 113.6271 33.31574 54.27049 114.7466 33.09284 54.31905 115.6957 32.45808 54.36022 116.3299 31.50809 54.38772 116.4964 30.95877 54.39494 116.5526 30.3875 54.39738 116.574 30.98303 55.42202 110.533 30.3875 55.15999 113.5828 29.11032 55.29228 116.6442 30.3875 55.15586 116.644 30.3875 54.99024 116.5856 30.98161 54.9877 116.4121 31.55569 55.14579 116.4004 31.55569 55.41449 111.4263 32.54604 55.19874 112.4273 33.20777 54.97296 113.6016 33.43276 54.85828 110.7648 31.55288 55.33566 111.4243 32.54083 55.36427 114.7659 33.20096 54.90878 115.7529 32.54083 54.95159 116.4124 31.55288 54.9802 116.6325 30.3875 55.42456 116.5596 30.98161 55.587 116.3864 31.55288 55.5795 110.5332 30.3875 55.32562 110.7652 29.21931 55.17007 111.4263 28.22896 55.19874 112.4157 27.56723 55.24166 113.5828 27.33487 55.29228 114.7499 27.56723 55.3429 115.7393 28.22896 55.38582 116.4004 29.21931 55.41449 115.7509 32.54604 55.11712 115.7393 32.54604 55.38582 112.4113 33.20096 55.40708 112.4157 33.20777 55.24166 113.5944 33.44013 55.02358 110.8473 31.50809 55.92814 111.4815 32.45808 55.95564 114.7615 33.20777 55.0742 116.618 30.3875 55.58954 116.3864 29.22213 55.5795 116.2529 31.50809 56.16259 116.4194 30.95877 56.16982 115.7269 32.54083 55.55089 115.6188 32.45808 56.1351 110.6246 30.3875 55.91848 110.7648 29.22213 55.33566 110.8473 29.26691 55.92814 111.4243 28.23417 55.36427 112.4113 27.57404 55.40708 113.5756 27.34223 55.45758 114.7399 27.57404 55.50808 115.7269 28.23417 55.55089 114.7499 33.20777 55.3429 112.4306 33.09284 55.99681 113.5756 33.43276 55.45758 113.5828 33.44013 55.29228 110.83 30.3875 56.48211 111.0352 31.42024 56.49101 111.6196 32.29575 56.51637 116.4756 30.3875 56.17226 116.2529 29.26691 56.16259 115.4326 32.29575 56.68174 116.017 31.42024 56.70709 116.1704 30.91399 56.71374 114.7399 33.20096 55.50808 114.5579 32.88076 56.6438 114.6697 33.09284 56.09392 111.0352 29.35477 56.49101 111.4815 28.31692 55.95564 111.6196 28.47924 56.51637 112.4306 27.68216 55.99681 113.5501 27.45927 56.04537 114.6697 27.68216 56.09392 115.6188 28.31692 56.1351 112.4943 32.88076 56.5543 113.5501 33.31574 56.04537 111.1413 30.3875 56.99485 111.3212 29.4823 57.00265 111.3212 31.29271 57.00265 111.8335 32.0601 57.02487 116.2223 30.3875 56.71599 116.017 29.35476 56.70709 114.4088 32.57286 57.13658 115.1755 32.0601 57.16983 115.6878 31.29271 57.19205 115.8223 30.84897 57.19788 113.5261 33.08618 56.59905 111.8335 28.7149 57.02487 112.4943 27.89425 56.55429 112.6001 28.20215 57.05812 113.5261 27.68882 56.59905 114.5579 27.89424 56.6438 115.4326 28.47924 56.68174 112.6001 32.57286 57.05812 111.6943 29.64462 57.4434 111.5467 30.3875 57.437 112.1147 29.01483 57.46163 111.6943 31.13038 57.4434 112.1147 31.76017 57.46163 115.8677 30.3875 57.19985 115.6878 29.4823 57.19205 113.4861 32.32875 57.52112 114.2283 32.18098 57.55331 113.5045 32.75292 57.09735 114.8575 31.76017 57.5806 115.2779 31.13038 57.59884 115.3883 30.76622 57.60363 112.7439 28.59403 57.48893 113.5045 28.02209 57.09735 113.4861 28.44626 57.52112 114.4088 28.20215 57.13658 115.1755 28.7149 57.16983 112.7439 32.18098 57.48893 112.4527 29.36752 57.80987 112.1402 29.83549 57.79632 112.0306 30.3875 57.79156 112.9202 29.05482 57.83015 112.1402 30.93951 57.79632 112.4527 31.40748 57.80987 115.4255 30.3875 57.60524 115.2779 29.64462 57.59884 113.4717 31.82998 57.85408 114.0232 31.72018 57.87799 114.4907 31.40748 57.89828 114.8031 30.93951 57.91182 114.8851 30.66891 57.91538 113.4717 28.94503 57.85408 114.2283 28.59403 57.55331 114.0232 29.05482 57.87799 114.8575 29.01483 57.5806 112.9202 31.72018 57.83015 113.0934 29.49441 58.03936 112.78 29.70396 58.02577 112.5707 30.01758 58.01669 112.4972 30.3875 58.0135 113.4629 29.42082 58.05539 112.5707 30.75743 58.01669 112.78 31.07104 58.02577 114.9128 30.3875 57.91658 114.8031 29.83549 57.91182 113.0934 31.28059 58.03936 113.4629 31.35418 58.05539 113.8325 31.28059 58.07142 114.1458 31.07104 58.08501 114.3552 30.75743 58.09409 114.4102 30.57609 58.09648 113.8325 29.49441 58.07142 114.4907 29.36752 57.89828 114.1458 29.70396 58.08501 113.342 30.11039 58.19535 113.2448 30.17542 58.19114 113.1798 30.27273 58.18832 113.157 30.3875 58.18734 113.1798 30.50228 58.18832 113.5713 30.11039 58.20531 113.4567 30.08757 58.20034 113.2448 30.59959 58.19114 113.342 30.6646 58.19535 114.4287 30.3875 58.09728 114.3552 30.01757 58.09409 113.4567 30.68744 58.20034 113.5713 30.6646 58.20531 113.6685 30.59959 58.20952 113.7335 30.50228 58.21234 113.7506 30.44602 58.21308 113.6685 30.17542 58.20952 113.456 30.3875 58.21505 113.7563 30.3875 58.21333 113.7335 30.27273 58.21234 142.3597 31.78273 58.2036 142.6597 31.78273 58.21834 142.3655 31.84124 58.2036 141.7116 31.97132 58.05852 141.693 31.78273 58.05852 142.3826 31.66795 58.2036 142.3826 31.89751 58.2036 142.5449 32.05983 58.2036 142.4476 31.99482 58.2036 142.6597 32.08266 58.2036 142.7744 32.05983 58.2036 142.8717 31.99482 58.2036 142.9368 31.89751 58.2036 142.9596 31.78273 58.2036 142.9368 31.66795 58.2036 142.8717 31.57064 58.2036 142.7744 31.50562 58.2036 142.6597 31.4828 58.2036 142.5449 31.50562 58.2036 142.4476 31.57064 58.2036 141.2449 32.06414 57.85701 141.7666 32.15266 58.05852 141.2172 31.78273 57.85701 141.7666 31.4128 58.05852 141.9761 32.46627 58.05852 142.2897 32.67582 58.05852 142.6597 32.7494 58.05852 143.0296 32.67582 58.05852 143.3432 32.46627 58.05852 143.5528 32.15266 58.05852 143.6263 31.78273 58.05852 143.5528 31.4128 58.05852 143.3432 31.09919 58.05852 143.0296 30.88964 58.05852 142.6597 30.81605 58.05852 142.2897 30.88964 58.05852 141.9761 31.09919 58.05852 141.327 32.33473 57.85701 140.7557 32.16144 57.52375 141.6397 32.80271 57.85701 140.7184 31.78273 57.52375 140.8662 31.03985 57.52375 141.327 31.23071 57.85701 142.1077 33.1154 57.85701 142.6597 33.2252 57.85701 143.2117 33.1154 57.85701 143.6797 32.80271 57.85702 143.9923 32.33473 57.85702 144.1021 31.78273 57.85702 143.9923 31.23071 57.85702 143.6797 30.76274 57.85702 143.2117 30.45005 57.85701 142.6597 30.34025 57.85701 142.1077 30.45005 57.85701 141.6397 30.76274 57.85701 140.8662 32.5256 57.52375 141.287 33.15539 57.52375 140.3397 32.2442 57.09957 140.4743 32.68793 57.09957 141.9168 33.5762 57.52375 140.2942 31.78273 57.09957 141.287 30.41006 57.52375 140.4743 30.87753 57.09957 142.6597 33.72397 57.52375 143.4026 33.5762 57.52375 144.0323 33.15539 57.52375 144.4532 32.5256 57.52375 144.6009 31.78273 57.52375 144.4532 31.03985 57.52375 144.0323 30.41006 57.52375 143.4026 29.98925 57.52375 142.6597 29.84149 57.52375 141.9168 29.98925 57.52375 140.9871 33.45532 57.09957 141.7545 33.96809 57.09957 140.0128 32.30921 56.6008 140.7514 33.69098 56.6008 140.1664 32.81547 56.6008 142.6597 34.14815 57.09957 139.961 31.78273 56.6008 140.9871 30.11012 57.09957 140.1664 30.74999 56.6008 143.5649 33.96809 57.09957 144.3323 33.45532 57.09957 144.845 32.68793 57.09959 145.0251 31.78273 57.09959 144.845 30.87753 57.09959 144.3323 30.11012 57.09957 143.5649 29.59737 57.09957 142.6597 29.41732 57.09957 141.7545 29.59737 57.09957 141.6269 34.27598 56.6008 142.6597 34.48141 56.60081 139.7877 32.354 56.0466 140.5891 33.85331 56.0466 141.5391 34.48807 56.0466 139.9543 32.90332 56.0466 143.6924 34.27598 56.60081 139.7314 31.78273 56.0466 140.7514 29.87447 56.6008 139.9543 30.66214 56.0466 144.5679 33.69098 56.60081 145.1529 32.81547 56.60081 145.3583 31.78273 56.60081 145.1529 30.74999 56.60081 144.5679 29.87447 56.60081 143.6924 29.28947 56.60081 142.6597 29.08405 56.60081 141.6269 29.28947 56.6008 142.6597 34.71097 56.04661 143.7803 34.48807 56.04661 139.6729 32.37683 55.45827 139.8462 32.9481 55.45827 140.5063 33.93606 55.45827 141.4943 34.59619 55.45827 144.7303 33.85331 56.04661 139.8462 30.61735 55.45827 139.6144 31.78273 55.45827 140.5891 29.71216 56.0466 140.5063 29.6294 55.45827 145.365 32.90332 56.04661 145.5879 31.78273 56.04662 145.365 30.66214 56.04661 144.7303 29.71215 56.04661 143.7803 29.07739 56.04661 142.6597 28.85449 56.04661 141.5391 29.07739 56.0466 142.6597 34.82799 55.45827 143.825 34.59619 55.45827 139.6657 32.37826 55.29281 139.8394 32.95092 55.29281 140.5011 33.94127 55.29281 141.4915 34.603 55.29281 144.813 33.93606 55.45827 140.5011 29.6242 55.29281 139.8394 30.61454 55.29281 139.607 31.78273 55.29281 141.4943 28.96927 55.45827 141.4915 28.96247 55.29281 145.4731 32.9481 55.45828 145.7049 31.78273 55.45828 145.4731 30.61735 55.45828 144.813 29.6294 55.45827 143.825 28.96927 55.45827 142.6597 28.73746 55.45827 142.6597 34.83536 55.29281 143.8279 34.603 55.29281 139.8394 32.95092 55.02386 139.6657 32.37826 55.02385 142.6597 32.37826 55.15834 145.6537 32.37826 55.29281 142.6597 30.22924 55.29281 140.5011 33.94127 55.02386 141.4915 34.603 55.02386 142.6597 34.83536 55.02386 144.8182 33.94127 55.29281 142.6597 28.73009 55.29281 145.4799 32.95092 55.29281 145.7123 31.78273 55.29281 145.4799 30.61454 55.29281 144.8182 29.62419 55.29281 143.8279 28.96247 55.29281 143.8279 34.603 55.02386 144.8182 33.94127 55.02386 140.5063 33.93606 54.8584 139.8462 32.9481 54.85839 139.607 31.78273 55.02385 139.6729 32.37683 54.85839 142.6597 30.23387 55.02386 145.6537 32.37826 55.02386 141.4943 34.59619 54.8584 142.6597 34.82799 54.8584 143.8251 34.59619 54.8584 145.4799 32.95092 55.02386 144.813 33.93606 54.85841 145.4731 32.9481 54.85841 139.9543 32.90332 54.27006 140.5891 33.85331 54.27006 139.7877 32.354 54.27006 139.6144 31.78273 54.85839 139.8394 30.61454 55.02385 145.4799 30.61454 55.02386 145.7123 31.78273 55.02386 140.5011 29.6242 55.02386 141.4915 28.96247 55.02386 142.6597 28.73009 55.02386 143.8279 28.96247 55.02386 144.8182 29.62419 55.02386 145.7049 31.78273 54.85841 141.5391 34.48807 54.27006 142.6597 34.71096 54.27006 143.7803 34.48807 54.27006 144.7303 33.85331 54.27007 145.365 32.90332 54.27007 145.5879 31.78273 54.27007 140.0128 32.30921 53.71585 140.1664 32.81547 53.71585 140.7514 33.69098 53.71586 139.7314 31.78273 54.27006 139.8462 30.61735 54.85839 144.813 29.6294 54.85841 145.4731 30.61735 54.85841 140.5063 29.6294 54.8584 141.4943 28.96927 54.8584 142.6597 28.73746 54.8584 143.825 28.96927 54.8584 141.6269 34.27598 53.71586 142.6597 34.48141 53.71586 143.6924 34.27598 53.71586 144.5679 33.69098 53.71586 145.1529 32.81547 53.71586 145.3583 31.78273 53.71586 145.365 30.66214 54.27007 139.961 31.78273 53.71585 140.3397 32.2442 53.21709 140.4743 32.68793 53.21709 140.9871 33.45532 53.21709 140.1664 30.74999 53.71585 139.9543 30.66214 54.27006 140.5891 29.71216 54.27006 144.7303 29.71215 54.27007 141.5391 29.07739 54.27006 142.6597 28.85449 54.27006 143.7803 29.07739 54.27006 141.7545 33.96809 53.21709 142.6597 34.14815 53.21709 143.5649 33.96809 53.21709 144.3323 33.45532 53.21709 144.845 32.68793 53.21709 145.0251 31.78273 53.21709 145.1529 30.74999 53.71586 140.2943 31.78273 53.21709 140.4743 30.87753 53.21709 140.7557 32.16144 52.79292 140.8662 32.5256 52.79292 141.287 33.15539 52.79292 140.7514 29.87447 53.71586 140.9871 30.11013 53.21709 141.6269 29.28947 53.71586 144.5679 29.87447 53.71586 142.6597 29.08405 53.71586 143.6924 29.28947 53.71586 141.9168 33.5762 52.79292 142.6597 33.72397 52.79293 143.4026 33.5762 52.79293 144.0323 33.15539 52.79293 144.4532 32.5256 52.79293 144.6009 31.78273 52.79293 144.845 30.87753 53.21709 140.7184 31.78273 52.79292 140.8662 31.03985 52.79292 141.287 30.41006 52.79292 141.2449 32.06414 52.45965 141.327 32.33473 52.45965 141.6397 32.80271 52.45965 141.7545 29.59737 53.21709 141.9168 29.98926 52.79292 142.6597 29.41732 53.21709 144.3323 30.11012 53.21709 143.5649 29.59737 53.21709 142.1077 33.1154 52.45965 142.6597 33.2252 52.45966 143.2117 33.1154 52.45966 143.6797 32.80271 52.45966 143.9924 32.33473 52.45966 144.1022 31.78273 52.45966 144.4532 31.03985 52.79293 141.327 31.23072 52.45965 141.2172 31.78273 52.45965 141.6397 30.76275 52.45965 142.1077 30.45006 52.45965 141.7121 31.97122 52.25796 141.7671 32.15246 52.25796 141.9765 32.4659 52.25796 142.6597 29.84149 52.79293 142.6597 30.34026 52.45965 143.4026 29.98926 52.79293 144.0323 30.41006 52.79293 142.6597 32.74888 52.25796 142.2899 32.67534 52.25796 143.0294 32.67534 52.25797 143.3429 32.4659 52.25797 143.5523 32.15246 52.25797 143.6258 31.78273 52.25797 143.9924 31.23071 52.45966 143.5523 31.413 52.25797 141.6935 31.78273 52.25796 141.7671 31.413 52.25796 141.9765 31.09955 52.25796 142.2899 30.89012 52.25796 142.6318 31.79119 52.25796 143.2117 30.45006 52.45966 142.6597 30.81657 52.25796 143.6797 30.76275 52.45966 143.3429 31.09955 52.25797 143.0294 30.89012 52.25797 13.31482 68.83549 63.21008 13.31482 68.83549 61.75814 12.98898 70.76304 61.75814 12.98898 70.68559 63.21008 12.98898 66.98539 63.21008 13.31482 68.83549 65.12872 12.98898 67.1232 65.12872 12.98898 66.90795 61.75814 13.31482 68.83549 60.84204 12.98898 70.76304 60.84204 12.06104 72.39714 61.75814 12.06104 72.25403 63.21008 12.06104 72.39714 60.84204 12.98898 70.54779 65.12872 12.06104 65.41695 63.21008 12.06104 65.67158 65.12872 12.97697 68.83549 67.2375 12.71498 67.34796 67.2375 11.96889 66.08689 67.2375 12.06104 65.27385 61.75814 12.98898 66.90795 60.84204 13.25008 68.83549 59.96339 12.93649 70.69065 59.96339 12.04339 72.26338 59.96339 10.6723 73.489 61.75814 10.6723 73.30203 63.21008 10.6723 73.489 60.84204 12.06104 71.9994 65.12872 10.70679 73.31425 59.96339 12.71498 70.32302 67.2375 10.6723 64.36894 63.21008 10.6723 64.70165 65.12872 10.85229 65.24426 67.2375 12.2745 67.71237 69.08699 12.47233 68.83549 69.08699 11.71121 66.76023 69.08699 10.86817 66.12404 69.08699 12.06104 65.27385 60.84204 10.6723 64.18198 61.75814 12.93649 66.98033 59.96339 13.16306 68.83549 59.19996 12.86591 70.59338 59.19996 12.01965 72.08364 59.19996 10.75314 73.07939 59.19996 9.584889 73.8724 60.84204 9.584889 73.8724 61.75814 10.6723 72.96934 65.12872 9.584889 73.67004 63.21008 9.584889 73.68327 59.96339 11.96889 71.5841 67.2375 9.584889 73.42906 59.19996 12.2745 69.95861 69.08699 9.584912 64.36105 65.12872 9.584889 64.00094 63.21008 9.548727 64.94837 67.2375 9.584889 65.90064 69.08699 11.73976 68.04273 70.93648 11.34215 67.37067 70.93648 11.87938 68.83549 70.93648 10.74709 66.9216 70.93648 9.584889 66.76392 70.93648 12.04339 65.4076 59.96339 10.6723 64.18198 60.84204 9.584889 63.79857 61.75814 12.86591 67.07762 59.19996 13.07338 68.83549 58.37893 12.79318 70.4931 58.37893 11.9952 71.89835 58.37893 10.80092 72.83731 58.37893 9.582097 68.83549 64.68534 9.584912 73.30993 65.12872 10.85229 72.42672 67.2375 11.71121 70.91075 69.08699 9.584889 73.16703 58.37893 11.73976 69.62825 70.93648 10.65242 68.02167 72.69955 10.87333 68.39505 72.69955 10.32181 67.77218 72.69955 10.9509 68.83549 72.69955 9.584889 67.68457 72.69955 10.70679 64.35673 59.96339 12.01965 65.58735 59.19996 9.584889 63.79857 60.84204 12.79318 67.17788 58.37893 12.94344 68.83549 58.20123 12.68778 70.34782 58.20123 11.95974 71.62991 58.20123 10.87016 72.48657 58.20123 9.584912 72.78739 58.20123 9.584889 68.41148 74.27249 9.584889 69.2595 74.27249 9.584912 64.88359 58.20123 9.584889 64.50395 58.37893 9.584889 64.24192 59.19996 9.584889 63.98771 59.96339 9.548697 72.72261 67.2375 9.584889 71.77034 69.08699 9.584889 70.90706 70.93648 9.584889 69.98641 72.69955 10.86817 71.54694 69.08699 11.34215 70.30031 70.93648 10.87333 69.27593 72.69955 10.02489 68.53567 74.27249 9.903076 68.44376 74.27249 10.10627 68.67323 74.27249 10.13485 68.83549 74.27249 10.75314 64.59159 59.19996 11.9952 65.77263 58.37893 12.68778 67.32317 58.20123 12.68778 67.32317 57.33949 12.94344 68.83549 57.33949 12.68778 70.34782 57.33949 11.95974 71.62991 57.33949 10.87016 72.48657 57.33949 9.584912 72.78739 57.33949 9.584912 64.88359 57.33949 9.885465 68.83569 74.27249 9.903076 69.22722 74.27249 10.87016 65.18441 58.20123 10.87016 65.18441 57.33949 10.80092 64.83367 58.37893 10.74709 70.74938 70.93648 10.32181 69.89881 72.69955 10.65242 69.64931 72.69955 10.10627 68.99775 74.27249 11.95974 66.04108 58.20123 11.95974 66.04108 57.33949 12.84715 68.83549 55.9486 12.6145 67.4242 55.9507 12.6145 70.24678 55.9507 11.9384 71.46836 55.95503 10.90692 72.30026 55.95829 9.584889 72.60502 55.96063 9.584912 65.06596 55.96063 10.90692 65.37072 55.95829 10.02489 69.13531 74.27249 11.9384 66.20263 55.95503 12.6145 70.24678 51.68579 12.84715 68.83549 51.6879 12.6145 67.4242 51.68579 11.9384 71.46836 51.68147 10.90692 72.30026 51.67821 9.584889 72.60502 51.67586 9.584912 65.06596 51.67586 10.90692 65.37072 51.67821 11.9384 66.20263 51.68147 12.94344 68.83549 51.45296 12.68778 70.34782 51.45296 12.68778 67.32317 51.45296 11.95974 66.04108 51.45296 11.95974 71.62991 51.45296 10.87016 72.48657 51.45296 9.584912 72.78739 51.45296 9.584912 64.88359 51.45296 10.87016 65.18441 51.45296 12.94344 68.83549 50.29127 12.68778 70.34782 50.29127 11.95974 71.62991 50.29127 12.68778 67.32317 50.29127 11.95974 66.04108 50.29127 10.87016 72.48657 50.29127 9.584912 72.78739 50.29127 9.584912 64.88359 50.29127 10.87016 65.18441 50.29127 11.3746 68.83557 50.29127 13.31406 53.79882 63.20959 13.31406 53.79882 61.75765 12.98823 55.72636 61.75765 12.98823 55.64892 63.20959 12.98823 51.94872 63.20959 13.31406 53.79882 65.12822 12.98823 52.08652 65.12822 12.98823 51.87128 61.75765 13.31406 53.79882 60.84154 12.98823 55.72636 60.84154 12.0603 57.36046 61.75765 12.0603 57.21736 63.20959 12.0603 57.36046 60.84154 12.98823 55.51111 65.12822 12.0603 50.38027 63.20959 12.0603 50.63491 65.12822 12.9762 53.79882 67.23699 12.71422 52.31128 67.23699 11.96815 51.05021 67.23699 12.0603 50.23718 61.75765 12.98823 51.87128 60.84154 13.24934 53.79882 59.96288 12.93573 55.65399 59.96288 12.04266 57.22671 59.96288 10.67156 58.45233 61.75765 10.67156 58.26536 63.20959 10.67156 58.45233 60.84154 12.0603 56.96273 65.12822 10.70604 58.27758 59.96288 12.71422 55.28636 67.23699 10.67156 49.33228 63.20959 10.67156 49.66498 65.12822 10.85155 50.20759 67.23699 12.27379 52.6757 69.08649 12.47159 53.79882 69.08649 11.71049 51.72356 69.08649 10.86741 51.08736 69.08649 12.0603 50.23718 60.84154 10.67156 49.14531 61.75765 12.93573 51.94365 59.96288 13.16233 53.79882 59.19947 12.86515 55.5567 59.19947 12.01892 57.04696 59.19947 10.75242 58.04272 59.19947 9.584155 58.83574 60.84154 9.584155 58.83574 61.75765 10.67155 57.93266 65.12822 9.584155 58.63337 63.20959 9.584155 58.64659 59.96288 11.96815 56.54743 67.23699 9.584155 58.39238 59.19947 12.27379 54.92194 69.08649 9.584155 49.32438 65.12822 9.584155 48.96427 63.20959 9.54797 49.91169 67.23699 9.584155 50.86397 69.08649 11.73903 53.00606 70.93598 11.34139 52.334 70.93598 11.87864 53.79882 70.93598 10.74633 51.88493 70.93598 9.584155 51.72724 70.93598 12.04266 50.37093 59.96288 10.67156 49.14531 60.84154 9.584155 48.7619 61.75765 12.86518 52.04094 59.19947 13.07264 53.79882 58.37843 12.79244 55.45643 58.37843 11.99445 56.86169 58.37843 10.80019 57.80064 58.37843 9.581355 53.79881 64.68485 9.584155 58.27325 65.12822 10.85155 57.39005 67.23699 11.71049 55.87408 69.08649 9.584155 58.13036 58.37843 11.73903 54.59158 70.93598 10.65168 52.98499 72.69905 10.87259 53.35838 72.69905 10.32106 52.7355 72.69905 10.95015 53.79882 72.69905 9.584155 52.64789 72.69905 10.70604 49.32006 59.96288 12.01892 50.55068 59.19947 9.584155 48.7619 60.84154 12.79244 52.14122 58.37843 12.94269 53.79882 58.20073 12.68705 55.31114 58.20073 11.95901 56.59323 58.20073 10.86941 57.44989 58.20073 9.584155 57.75071 58.20073 9.584155 53.3748 74.27198 9.584155 54.22283 74.27198 9.584155 49.84693 58.20073 9.584155 49.46728 58.37843 9.584155 49.20526 59.19947 9.584155 48.95104 59.96288 9.54797 57.68595 67.23699 9.584155 56.73367 69.08649 9.584155 55.87039 70.93598 9.584155 54.94974 72.69905 10.86741 56.51027 69.08649 11.34139 55.26364 70.93598 10.87259 54.23926 72.69905 10.02417 53.499 74.27198 9.902364 53.40708 74.27198 10.10553 53.63655 74.27198 10.1341 53.79882 74.27198 10.75242 49.55492 59.19947 11.99445 50.73595 58.37843 12.68705 52.28649 58.20073 12.68705 52.28649 57.33899 12.94269 53.79882 57.33899 12.68705 55.31114 57.33899 11.95901 56.59323 57.33899 10.86941 57.44989 57.33899 9.584155 57.75071 57.33899 9.584155 49.84693 57.33899 9.884723 53.79901 74.27199 9.902364 54.19056 74.27198 10.86941 50.14775 58.20073 10.86941 50.14775 57.33899 10.80019 49.797 58.37843 10.74633 55.71271 70.93598 10.32106 54.86214 72.69905 10.65168 54.61265 72.69905 10.10553 53.96108 74.27198 11.95901 51.00441 58.20073 11.95901 51.00441 57.33899 12.8464 53.79882 55.94811 12.61378 52.38753 55.95021 12.61378 55.21011 55.95021 11.93769 56.43168 55.95453 10.90619 57.26359 55.95779 9.584155 57.56835 55.96014 9.584155 50.02928 55.96014 10.90619 50.33405 55.95779 10.02417 54.09864 74.27198 11.93769 51.16596 55.95453 12.61378 55.21011 51.6853 12.8464 53.79882 51.6874 12.61378 52.38753 51.6853 11.93769 56.43168 51.68098 10.90619 57.26359 51.67771 9.584155 57.56835 51.67537 9.584155 50.02928 51.67537 10.90619 50.33405 51.67771 11.93769 51.16596 51.68098 12.94269 53.79882 51.45246 12.68705 55.31114 51.45246 12.68705 52.28649 51.45246 11.95901 51.00441 51.45246 11.95901 56.59323 51.45246 10.86941 57.44989 51.45246 9.584155 57.75071 51.45246 9.584155 49.84693 51.45246 10.86941 50.14775 51.45246 12.94269 53.79882 50.29077 12.68705 55.31114 50.29077 11.95901 56.59323 50.29077 12.68705 52.28649 50.29077 11.95901 51.00441 50.29077 10.86941 57.44989 50.29077 9.584155 57.75071 50.29077 9.584155 49.84693 50.29077 10.86941 50.14775 50.29077 11.37387 53.79891 50.29077 19.2272 70.49015 51.16275 34.41369 70.64456 50.78997 34.41369 68.8352 50.43007 19.2272 68.83519 50.83355 19.2272 71.89318 52.10021 34.41369 72.17848 51.8149 19.2272 68.83519 55.1582 49.74206 71.05413 49.80123 49.74207 68.8352 49.35985 34.41369 67.02582 50.78998 19.2272 67.18022 51.16275 19.2272 72.83065 53.50323 34.41369 73.20342 53.34881 49.74206 72.93525 51.05814 19.2272 73.15984 55.1582 19.2272 72.83065 56.81317 19.2272 71.89318 58.21619 19.2272 70.49016 59.15365 19.2272 68.83519 59.48284 19.2272 67.18022 59.15365 19.2272 65.7772 58.21619 19.2272 64.83974 56.81317 19.2272 64.51055 55.1582 19.2272 64.83974 53.50324 19.2272 65.7772 52.10022 53.53099 71.00399 49.92227 53.53099 68.8352 49.49086 53.53099 72.84261 51.15078 49.74207 66.61627 49.80123 34.41369 65.49191 51.81491 49.74207 64.73516 51.05815 34.41369 73.56333 55.1582 49.74206 74.19217 52.93926 53.53099 74.07114 52.9894 34.41369 73.20342 56.96758 34.41369 72.17848 58.50149 34.41369 70.64458 59.52642 34.41369 68.8352 59.88632 34.41369 67.02582 59.52642 34.41369 65.49191 58.50149 34.41369 64.46697 56.96758 34.41369 64.10707 55.1582 34.41369 64.46697 53.34883 61.11909 70.55028 51.01762 53.53099 66.66641 49.92227 61.11909 68.83521 50.67647 61.11909 67.12013 51.01762 61.11909 72.00426 51.98914 49.74207 63.47822 52.93927 53.53099 64.82779 51.15079 49.74206 74.63355 55.15819 53.53099 74.50254 55.15819 61.11909 72.97578 53.44311 49.74207 74.19217 57.37713 49.74207 72.93526 59.25824 49.74207 71.05413 60.51517 49.74207 68.83521 60.95655 49.74207 66.61627 60.51517 49.74207 64.73516 59.25824 49.74207 63.47822 57.37714 49.74207 63.03685 55.1582 61.11909 68.83521 55.1582 61.11909 65.66615 51.98914 53.53099 63.59926 52.98941 61.11909 64.69463 53.44311 53.53099 74.07114 57.32698 61.11909 73.31693 55.15819 53.53099 72.84262 59.1656 53.53099 71.004 60.39413 53.53099 68.83521 60.82553 53.53099 66.66641 60.39413 53.53099 64.82779 59.1656 53.53099 63.59926 57.32698 53.53099 63.16787 55.1582 61.11909 72.97578 56.87327 61.11909 72.00427 58.32725 61.11909 70.55029 59.29877 61.11909 68.83521 59.63992 61.11909 67.12013 59.29877 61.11909 65.66615 58.32725 61.11909 64.69463 56.87327 61.11909 64.35348 55.1582 66.75792 68.83519 55.1582 66.75772 72.48908 51.50429 66.75772 70.81266 50.38415 66.75772 68.83519 49.9908 66.75772 66.85771 50.38415 66.75772 73.60923 53.18072 66.75772 74.00258 55.1582 66.75772 73.60924 57.13568 66.75772 72.48909 58.8121 66.75772 70.81267 59.93225 66.75772 68.83519 60.32559 66.75772 66.85771 59.93225 66.75772 65.18129 58.8121 66.75772 64.06114 57.13568 66.75772 63.6678 55.15821 66.75772 64.06114 53.18073 66.75772 65.18129 51.50431 81.94443 72.82999 51.16339 81.94443 74.05466 52.99622 81.94443 70.99716 49.93873 81.94444 68.83519 49.50869 81.94444 66.67323 49.93873 81.94443 74.48471 55.1582 81.94444 74.05466 57.32016 81.94444 72.83 59.15301 81.94444 70.99716 60.37766 81.94444 68.8352 60.80771 81.94444 66.67323 60.37766 81.94444 64.8404 59.15301 81.94443 63.61573 57.32017 81.94443 63.18569 55.1582 81.94444 63.61573 52.99622 81.94444 64.8404 51.16339 97.27281 73.73423 50.25916 97.27281 75.23609 52.50685 97.27281 75.76348 55.15819 97.27281 71.48653 48.7573 97.27281 68.8352 48.22992 97.27281 66.18386 48.7573 97.27281 75.2361 57.80953 97.27281 73.73424 60.05722 97.27281 71.48654 61.55909 97.27281 68.83521 62.08648 97.27281 66.18387 61.55909 97.27281 63.93617 60.05722 97.27281 62.4343 57.80953 97.27281 61.90692 55.1582 97.27281 62.4343 52.50686 97.27281 63.93617 50.25917 101.0617 73.62354 50.36986 101.0617 75.09147 52.56676 101.0617 75.60694 55.15819 101.0617 75.09147 57.74962 101.0617 71.42662 48.90193 101.0617 68.8352 48.38646 101.0617 66.24377 48.90193 101.0617 73.62355 59.94653 101.0617 71.42664 61.41446 101.0617 68.83521 61.92993 101.0617 66.24378 61.41446 101.0617 64.04687 59.94653 101.0617 62.57894 57.74963 101.0617 62.06347 55.1582 101.0617 62.57894 52.56677 101.0617 64.04687 50.36986 108.6499 72.62181 51.37157 108.6499 70.8845 50.21074 108.6499 73.78266 53.10889 108.6499 74.19029 55.15819 108.6499 73.78266 57.2075 108.6499 68.83521 49.80311 108.6499 66.78591 50.21074 108.6499 65.04859 51.37157 108.6499 72.62182 58.94481 108.6499 70.88451 60.10564 108.6499 68.83521 60.51329 108.6499 66.78591 60.10564 108.6499 65.04859 58.94481 108.6499 63.88775 57.2075 108.6499 63.48012 55.1582 108.6499 63.88775 53.10889 108.6498 68.83521 55.1582 64.40839 73.1828 53.61387 64.93071 73.1828 53.83022 65.32693 72.88076 53.23723 64.54752 72.88076 52.91439 64.21342 73.40026 54.59405 63.84303 73.1828 53.61387 64.038 73.40026 54.59405 64.37548 73.40026 54.66117 65.33047 73.1828 54.22998 65.92346 72.88076 53.83376 65.74228 72.38122 52.61561 66.54508 72.38122 53.41841 63.55804 72.38122 52.18115 63.7039 72.88076 52.91439 64.69338 72.38122 52.18115 64.12571 73.42234 55.03498 63.32071 73.1828 53.83022 63.87594 73.40026 54.66117 64.49952 73.40026 54.78522 65.54683 73.1828 54.7523 66.24631 72.88076 54.61317 66.97955 72.38122 54.46731 66.09551 71.74542 52.08697 67.07372 71.74542 53.06519 67.60313 71.74542 54.34328 62.92449 72.88076 53.23723 62.50914 72.38122 52.61561 63.43401 71.74542 51.55757 64.81742 71.74542 51.55757 64.56666 73.40026 54.94727 64.56666 73.40026 55.12269 64.49952 73.40026 55.28475 64.37548 73.40026 55.40879 64.21342 73.40026 55.47592 64.038 73.40026 55.47592 63.87594 73.40026 55.40879 63.7519 73.40026 55.28475 63.68477 73.40026 55.12269 63.68477 73.40026 54.94727 63.7519 73.40026 54.78522 62.92095 73.1828 54.22998 65.54683 73.1828 55.31766 66.24631 72.88076 55.45679 66.97955 72.38122 55.60264 67.60313 71.74542 55.72668 66.37303 70.99782 51.67163 67.48907 70.99782 52.78766 68.09307 70.99782 54.24583 68.09307 70.99782 55.82414 62.32796 72.88076 53.83376 61.70635 72.38122 53.41841 62.15591 71.74542 52.08697 64.91487 70.99782 51.06764 63.33655 70.99782 51.06764 65.33047 73.1828 55.83998 64.93071 73.1828 56.23975 64.40839 73.1828 56.45609 63.84303 73.1828 56.45609 63.32071 73.1828 56.23975 62.92095 73.1828 55.83998 62.70459 73.1828 55.31766 62.70459 73.1828 54.7523 65.92346 72.88076 56.2362 66.54508 72.38122 56.65155 67.07372 71.74542 57.00478 67.48907 70.99782 57.28231 66.5642 70.16712 51.38553 67.77516 70.16712 52.5965 68.43054 70.16712 54.1787 68.43054 70.16712 55.89126 67.77516 70.16712 57.47347 62.00512 72.88076 54.61317 61.27188 72.38122 54.46731 61.1777 71.74542 53.06519 61.8784 70.99782 51.67163 64.98199 70.16712 50.73015 63.26943 70.16712 50.73016 65.32693 72.88076 56.83272 64.54752 72.88076 57.15558 63.7039 72.88076 57.15558 62.92449 72.88076 56.83272 62.32796 72.88076 56.2362 62.00512 72.88076 55.45679 65.74228 72.38122 57.45435 66.09551 71.74542 57.98298 66.37303 70.99782 58.39834 66.5642 70.16712 58.68444 66.66166 69.28526 51.23967 67.92102 69.28526 52.49904 68.60257 69.28526 54.14448 68.60257 69.28526 55.92549 67.92102 69.28526 57.57092 66.66166 69.28526 58.83028 61.27188 72.38122 55.60264 60.64831 71.74542 54.34328 60.76237 70.99782 52.78766 61.68722 70.16712 51.38553 65.01622 69.28526 50.55812 63.23521 69.28526 50.55812 64.69338 72.38122 57.88881 63.55804 72.38122 57.88881 62.50914 72.38122 57.45435 61.70635 72.38122 56.65155 64.81742 71.74542 58.51238 64.91487 70.99782 59.00233 64.98199 70.16712 59.3398 65.01622 69.28526 59.51184 66.66779 69.03725 51.2305 67.9302 69.03725 52.49291 68.61341 69.03725 54.14233 68.61341 69.03725 55.92764 67.9302 69.03725 57.57706 66.66779 69.03725 58.83947 60.64831 71.74542 55.72668 60.15837 70.99782 54.24583 60.47626 70.16712 52.5965 61.58977 69.28526 51.23967 65.01837 69.03725 50.54728 61.58363 69.03725 51.2305 63.23305 69.03725 50.54729 63.43401 71.74542 58.51238 62.15591 71.74542 57.98298 61.1777 71.74542 57.00477 63.33655 70.99782 59.00233 63.26943 70.16712 59.3398 63.23521 69.28526 59.51184 65.01837 69.03725 59.52268 66.66779 68.63412 51.2305 67.9302 68.63412 52.49291 68.61341 68.63412 55.92764 68.61341 68.63412 54.14233 67.9302 68.63412 57.57706 66.66779 68.63412 58.83947 60.15837 70.99782 55.82414 59.82088 70.16712 54.1787 60.3304 69.28526 52.49904 60.32122 69.03725 52.49291 65.01837 68.63412 50.54728 61.79716 69.03725 55.03498 65.01837 68.83568 55.03498 61.8784 70.99782 58.39834 60.76237 70.99782 57.28231 61.68722 70.16712 58.68444 61.58977 69.28526 58.83028 63.23305 69.03725 59.52268 65.01837 68.63412 59.52268 66.66166 68.38611 51.23967 67.92102 68.38611 52.49904 68.60257 68.38611 54.14448 67.92102 68.38611 57.57092 68.60257 68.38611 55.92549 66.66166 68.38611 58.83028 59.82088 70.16712 55.89125 59.64885 69.28526 54.14448 59.63801 69.03725 54.14233 65.01622 68.38611 50.55812 61.80413 68.63412 55.03498 63.23305 68.63412 50.54729 59.63801 69.03725 55.92764 60.32122 69.03725 57.57706 61.58363 69.03725 58.83947 60.47624 70.16712 57.47347 60.3304 69.28526 57.57092 63.23521 68.38611 59.51184 65.01622 68.38611 59.51184 63.23305 68.63412 59.52268 66.5642 67.50425 51.38553 67.77516 67.50425 52.5965 68.43054 67.50425 54.1787 68.43054 67.50425 55.89126 67.77516 67.50425 57.47347 66.5642 67.50425 58.68444 64.98199 67.50425 59.3398 59.64885 69.28526 55.92549 64.98199 67.50425 50.73015 63.23521 68.38611 50.55812 61.58363 68.63412 51.2305 60.32122 68.63412 52.49291 59.63801 68.63412 54.14233 59.63801 68.63412 55.92764 60.32122 68.63412 57.57706 61.58363 68.63412 58.83947 63.26943 67.50425 59.3398 61.58977 68.38611 58.83028 61.68722 67.50425 58.68444 66.37303 66.67355 51.67163 67.48907 66.67355 52.78766 68.09307 66.67355 54.24583 68.09307 66.67355 55.82414 67.48907 66.67355 57.28231 66.37303 66.67355 58.39834 64.91487 66.67355 59.00233 63.33655 66.67355 59.00233 63.26943 67.50425 50.73016 64.91487 66.67355 51.06764 61.58977 68.38611 51.23967 60.3304 68.38611 52.49904 59.64885 68.38611 54.14448 59.64885 68.38611 55.92549 60.3304 68.38611 57.57092 61.8784 66.67355 58.39834 60.47624 67.50425 57.47347 60.76237 66.67355 57.2823 66.09551 65.92594 52.08697 67.07372 65.92594 53.06519 67.60313 65.92594 54.34328 67.60313 65.92594 55.72668 67.07372 65.92594 57.00477 66.09551 65.92594 57.98298 64.81742 65.92594 58.51238 63.43401 65.92594 58.51238 62.15591 65.92594 57.98298 63.33655 66.67355 51.06764 61.68722 67.50425 51.38553 64.81742 65.92594 51.55757 60.47626 67.50425 52.5965 59.82088 67.50425 54.1787 59.82088 67.50425 55.89125 61.1777 65.92594 57.00477 60.15837 66.67355 55.82413 60.64831 65.92594 55.72668 65.54143 65.02202 52.91622 66.24447 65.02202 53.61927 66.62496 65.02202 54.53785 66.62496 65.02202 55.53211 66.24447 65.02202 56.45069 65.54143 65.02202 57.15374 64.62284 65.02202 57.53423 63.62858 65.02202 57.53423 62.71 65.02202 57.15374 63.43401 65.92594 51.55758 61.8784 66.67355 51.67163 64.62284 65.02202 52.53573 63.62858 65.02202 52.53573 60.76237 66.67355 52.78766 60.15837 66.67355 54.24583 62.00695 65.02202 56.45069 60.64831 65.92594 54.34328 61.62647 65.02202 55.53211 65.10086 64.59816 53.57556 65.58514 64.59816 54.05983 65.84722 64.59816 54.69255 65.84722 64.59816 55.37742 65.58514 64.59816 56.01013 65.10086 64.59816 56.49441 64.46814 64.59816 56.75649 63.78328 64.59816 56.75649 63.15055 64.59816 56.49441 62.66629 64.59816 56.01013 62.71 65.02202 52.91622 62.15591 65.92594 52.08697 63.78328 64.59816 53.31347 64.46814 64.59816 53.31347 61.1777 65.92594 53.06519 62.4042 64.59816 55.37741 61.62647 65.02202 54.53785 62.4042 64.59816 54.69255 64.93028 64.4883 53.83086 65.32983 64.4883 54.23041 65.54607 64.4883 54.75246 65.54607 64.4883 55.31751 65.32983 64.4883 55.83955 64.93028 64.4883 56.2391 64.40824 64.4883 56.45533 63.84318 64.4883 56.45533 63.32115 64.4883 56.2391 62.92159 64.4883 55.83955 62.00695 65.02202 53.61927 63.15055 64.59816 53.57556 63.32115 64.4883 53.83086 63.84318 64.4883 53.61463 64.40824 64.4883 53.61463 62.70536 64.4883 55.31751 62.66629 64.59816 54.05983 62.70536 64.4883 54.75246 64.12571 64.4883 55.03498 62.9216 64.4883 54.23041 106.9414 66.74459 55.15806 107.5645 65.80009 55.15806 107.9914 65.80009 56.89635 107.4156 66.74459 57.08956 107.0611 67.76942 57.20853 106.5576 67.76942 55.15806 107.4156 66.74459 53.22658 107.0611 67.76942 53.10761 108.4032 64.97224 55.15806 108.7662 64.97224 56.63636 107.9914 65.80009 53.41977 109.7999 64.97224 57.8896 109.2069 65.80009 58.37001 108.7662 66.74459 58.72698 106.9564 68.69191 57.24365 108.4948 67.76942 58.9468 106.4443 68.69191 55.15806 108.7662 66.74459 51.58916 108.4948 67.76942 51.36932 108.4147 68.69191 51.3044 106.9564 68.69191 53.07248 109.4251 64.29283 55.15806 108.7662 64.97224 53.67977 109.7103 64.29283 56.31955 110.5225 64.29283 57.30422 109.2069 65.80009 51.94613 111.3469 64.97224 58.72698 111.738 64.29283 57.96215 111.026 65.80009 59.35467 110.7875 66.74459 59.82109 108.4147 68.69191 59.01174 110.3633 68.69191 55.15806 110.6406 67.76942 60.10831 110.7875 66.74459 50.49505 110.6406 67.76942 50.20783 110.5973 68.69191 50.12301 109.7103 64.29283 53.99658 110.591 63.78799 55.15806 109.7999 64.97224 52.42654 110.7875 63.78799 55.95811 111.3469 63.78799 56.63636 112.1842 63.78799 57.08956 111.026 65.80009 50.96146 113.1718 64.29283 58.19318 113.1718 64.97224 59.02104 113.1718 63.78799 57.2487 113.1718 65.80009 59.70044 113.1718 66.74459 60.20529 110.5973 68.69191 60.19313 113.1718 68.69191 49.70815 113.1718 68.69191 60.60798 114.4842 68.69191 49.81288 114.4842 68.69191 60.50326 113.1718 67.76942 60.51617 113.1718 66.74459 50.11086 113.1718 67.76942 49.79998 110.5225 64.29283 53.01191 110.7875 63.78799 54.35802 112.106 63.47711 55.15806 111.3469 64.97224 51.58916 111.738 64.29283 52.35398 112.1871 63.47711 55.56593 112.4181 63.47711 55.9117 112.7639 63.47711 56.14273 113.1717 63.47711 56.22386 113.1718 65.80009 50.61569 113.8886 63.78799 57.07253 114.2125 64.29283 57.93743 114.4964 64.97224 58.69553 113.4678 63.47711 56.13404 114.7294 65.80009 59.31768 114.9024 66.74459 59.77998 114.4621 67.76942 49.90293 114.6956 67.76942 60.14168 116.9093 68.97852 50.62662 116.9093 68.69191 50.62662 114.4842 68.97852 49.81288 114.4842 68.9785 60.50326 116.9093 68.97852 59.68951 116.9093 68.69191 59.68951 114.3872 66.74459 50.20783 114.2657 65.80009 50.70298 111.3469 63.78799 53.67977 112.1871 63.47711 54.7502 113.1831 63.47711 55.15399 113.1718 64.97224 51.29509 113.1718 64.29283 52.12295 112.1842 63.78799 53.22658 114.102 64.97224 51.36932 113.7639 63.47711 56.04425 114.6055 63.78799 56.89636 115.2533 64.29283 57.68167 115.821 64.97224 58.37001 116.2869 65.80009 58.93491 116.6332 66.74459 59.35467 116.8464 67.76942 50.70298 116.8464 67.76942 59.61316 118.7654 68.97852 52.13026 116.8464 69.901 50.70298 118.7654 68.69191 52.13026 114.4621 69.901 49.90293 113.1718 69.901 49.79998 113.1718 68.97852 49.70815 110.3498 68.97852 55.15806 116.8464 69.901 59.61316 114.6956 69.901 60.14168 113.1718 68.9785 60.60798 118.7654 68.97852 58.18587 118.6712 69.901 58.13487 118.6712 67.76942 58.13487 118.7654 68.69191 58.18587 116.6332 66.74459 50.96146 116.2869 65.80009 51.38122 112.4181 63.47711 54.40444 114.0579 63.47711 55.75018 114.2171 63.47711 55.36599 114.2171 63.47711 54.95014 114.0579 63.47711 54.56594 113.7639 63.47711 54.27189 113.1717 63.47711 54.09227 113.3797 63.47711 54.11275 112.7639 63.47711 54.1734 113.9027 64.29283 52.18127 113.1718 63.78799 53.06744 115.821 64.97224 51.94613 115.3175 63.78799 56.31956 116.2869 64.29283 56.84429 117.1366 64.97224 57.30422 117.834 65.80009 57.68167 118.3521 66.74459 57.96215 118.6712 67.76942 52.18127 119.77 68.97852 54.09484 118.6712 69.901 52.18127 119.77 68.69191 54.09484 118.3521 70.92583 52.35399 116.6332 70.92583 50.96147 114.3872 70.92583 50.20783 113.1718 70.92583 50.11086 110.6406 69.901 50.20783 110.5973 68.97852 50.12301 106.4443 68.97852 55.15806 106.9564 68.97852 53.07248 108.4147 68.97852 51.3044 110.5973 68.9785 60.19313 108.4147 68.9785 59.01174 106.9564 68.97852 57.24365 114.9024 70.92583 59.77998 116.6332 70.92583 59.35467 113.1718 70.92583 60.20529 113.1718 69.901 60.51617 119.77 68.97852 56.22129 119.6588 69.901 56.20338 118.3521 70.92583 57.96215 119.6588 67.76942 56.20338 119.2824 66.74459 56.14273 119.77 68.69191 56.22129 118.3521 66.74459 52.35399 117.834 65.80009 52.63446 115.7029 63.78799 55.56593 115.7029 63.78799 54.7502 115.3175 63.78799 53.99658 114.6055 63.78799 53.41977 113.6752 63.78799 53.10761 115.2533 64.29283 52.63446 117.1366 64.97224 53.01191 116.8464 64.29283 55.75018 117.8487 64.97224 55.91169 118.6712 65.80009 56.04423 119.6588 67.76942 54.11276 119.6588 69.901 54.11276 119.2824 70.92583 54.17341 118.6712 71.87033 54.27189 117.834 71.87033 52.63446 116.2869 71.87033 51.38122 114.2657 71.87033 50.70298 113.1718 71.87033 50.61569 110.7875 70.92583 50.49505 108.4948 69.901 51.36932 106.5576 69.901 55.15806 107.0611 69.901 57.20853 107.0611 69.901 53.10761 110.6406 69.901 60.10831 108.4948 69.901 58.9468 114.7294 71.87033 59.31768 113.1718 71.87033 59.70044 116.2869 71.87033 58.93491 110.7875 70.92583 59.82109 111.026 71.87033 59.35467 119.2824 70.92583 56.14273 117.834 71.87033 57.68167 119.2824 66.74459 54.17341 118.6712 65.80009 54.27189 116.8464 64.29283 54.56594 116.2869 64.29283 53.47185 117.8487 64.97224 54.40444 118.6712 71.87033 56.04423 117.8487 72.69818 55.9117 117.8487 72.69818 54.40444 117.1366 72.69818 53.01192 115.821 72.69818 51.94613 114.102 72.69818 51.36933 113.1718 72.69818 51.2951 111.026 71.87033 50.96146 108.7662 70.92583 51.58916 106.9414 70.92583 55.15806 107.4156 70.92583 53.22659 107.4156 70.92583 57.08956 108.7662 70.92583 58.72698 114.4964 72.69818 58.69553 113.1717 72.69818 59.02104 111.3469 72.69818 58.72698 115.821 72.69818 58.37001 109.2069 71.87033 58.37001 109.7999 72.69818 57.8896 117.1366 72.69818 57.30422 116.2869 73.37758 56.84429 116.8464 73.37758 55.75018 116.8464 73.37758 54.56595 116.2869 73.37758 53.47185 115.2533 73.37758 52.63446 113.9027 73.37758 52.18127 113.1718 73.37758 52.12295 111.3469 72.69818 51.58916 109.2069 71.87033 51.94613 107.9914 71.87033 56.89636 107.5645 71.87033 55.15806 107.9914 71.87033 53.41978 114.2125 73.37758 57.93743 113.1718 73.37758 58.19318 111.738 73.37758 57.96215 110.5225 73.37758 57.30422 115.2533 73.37758 57.68167 108.7662 72.69818 56.63636 109.7103 73.37758 56.31956 114.6055 73.88242 56.89636 115.3175 73.88242 56.31956 115.7029 73.88242 55.56593 115.7029 73.88242 54.7502 115.3175 73.88242 53.99658 114.6055 73.88242 53.41977 113.6752 73.88242 53.10761 113.1718 73.88242 53.06745 111.738 73.37758 52.35399 109.7999 72.69818 52.42654 108.4032 72.69818 55.15806 108.7662 72.69818 53.67977 113.8886 73.88242 57.07253 113.1718 73.88242 57.24869 112.1842 73.88242 57.08956 111.3469 73.88242 56.63636 110.7875 73.88242 55.95811 109.4251 73.37758 55.15806 113.5372 74.1933 56.13404 113.9027 74.1933 56.04423 114.2657 74.1933 55.75018 114.4621 74.1933 55.36599 114.4621 74.1933 54.95014 114.2657 74.1933 54.56595 113.9027 74.1933 54.27189 113.1718 74.1933 54.09228 113.4284 74.1933 54.11276 112.1842 73.88242 53.22659 110.5225 73.37758 53.01192 109.7103 73.37758 53.99658 113.1718 74.1933 56.22386 112.6683 74.1933 56.14273 112.2415 74.1933 55.9117 111.9563 74.1933 55.56593 110.591 73.88242 55.15806 110.7875 73.88242 54.35802 113.1858 74.1933 55.15399 112.6683 74.1933 54.17341 111.3469 73.88242 53.67977 111.8561 74.1933 55.15806 111.9563 74.1933 54.7502 112.2415 74.1933 54.40444 15.33708 64.4883 56.3727 15.06386 64.79061 57.03232 14.36241 64.79061 56.56362 14.86724 64.4883 56.05878 15.89126 64.4883 56.48294 15.89126 64.4883 55.03477 14.77775 65.29015 57.72302 15.89126 64.79061 57.19689 13.83378 65.29015 57.09226 13.8937 64.79061 55.86217 13.20299 65.29015 56.14827 14.55333 64.4883 55.58896 16.44545 64.4883 56.3727 14.44309 64.4883 55.03477 14.55333 64.4883 54.48057 14.86724 64.4883 54.01075 15.33708 64.4883 53.69682 15.89126 64.4883 53.58659 16.44545 64.4883 53.69683 16.9153 64.4883 54.01075 17.2292 64.4883 54.48057 17.33945 64.4883 55.03477 17.2292 64.4883 55.58896 16.9153 64.4883 56.05878 14.53443 65.92594 58.31041 15.89126 65.29015 57.94451 13.38418 65.92594 57.54183 16.71867 64.79061 57.03232 12.61561 65.92594 56.39159 13.72914 64.79061 55.03477 12.9815 65.29015 55.03477 12.34574 65.92594 55.03477 13.8937 64.79061 54.20735 14.36241 64.79061 53.5059 15.06386 64.79061 53.03722 15.89126 64.79061 52.87263 16.71867 64.79061 53.03722 17.42012 64.79061 53.5059 17.88882 64.79061 54.20735 18.05339 64.79061 55.03477 17.88882 64.79061 55.86217 17.42012 64.79061 56.56362 14.34329 66.67355 58.77191 15.89126 65.92594 58.5803 13.03097 66.67355 57.89506 17.00478 65.29015 57.72301 12.1541 66.67355 56.58275 11.84619 66.67355 55.03477 13.20299 65.29015 53.92125 12.61561 65.92594 53.67795 12.1541 66.67355 53.48678 13.83378 65.29015 52.97727 14.77775 65.29015 52.34651 15.89126 65.29015 52.12502 17.00478 65.29015 52.34651 17.94877 65.29015 52.97727 18.57951 65.29015 53.92125 18.80101 65.29015 55.03477 18.57951 65.29015 56.14827 17.94877 65.29015 57.09226 14.2116 67.50425 59.08982 15.89126 66.67355 59.07984 12.78766 67.50425 58.13837 17.24809 65.92594 58.31041 11.83621 67.50424 56.71442 11.5021 67.50424 55.03477 11.83621 67.50424 53.35511 13.38418 65.92594 52.5277 13.03097 66.67355 52.17447 12.78766 67.50424 51.93116 14.53443 65.92594 51.75912 15.89126 65.92594 51.48923 17.24809 65.92594 51.75912 18.39835 65.92594 52.5277 19.16691 65.92594 53.67795 19.43679 65.92594 55.03477 19.16691 65.92594 56.39159 18.39835 65.92594 57.54183 15.89126 67.50425 59.42392 14.14448 68.38611 59.25188 12.66362 68.38611 58.26241 17.43925 66.67355 58.77191 11.67414 68.38611 56.78155 11.32669 68.38611 55.03477 11.67414 68.38611 53.28797 12.66362 68.38611 51.80712 14.34329 66.67355 51.29761 14.2116 67.50424 50.9797 14.14448 68.38611 50.81765 15.89126 66.67355 50.9897 17.43925 66.67355 51.29761 18.75156 66.67355 52.17447 19.62841 66.67355 53.48678 19.93633 66.67355 55.03477 19.62841 66.67355 56.58274 18.75156 66.67355 57.89506 17.57092 67.50425 59.08982 15.89126 68.38611 59.59934 17.63805 68.38611 59.25187 14.14025 68.63412 59.26208 12.6558 68.63412 58.27022 11.66393 68.63412 56.78578 11.31565 68.63412 55.03477 11.66393 68.63412 53.28375 12.6558 68.63412 51.79931 15.89126 67.50424 50.64561 15.89126 68.38611 50.47019 14.14025 68.63412 50.80744 17.57092 67.50424 50.97971 18.99486 67.50424 51.93116 19.94632 67.50424 53.35511 20.28042 67.50424 55.03477 19.94632 67.50424 56.71442 18.99486 67.50425 58.13837 15.89126 68.63412 59.61038 17.64228 68.63412 59.26208 19.1189 68.38611 58.26241 19.12671 68.63412 58.27021 14.14025 69.03725 59.26208 14.9986 68.63412 59.52246 14.9986 69.03725 59.52246 12.6558 69.03725 58.27022 11.66393 69.03725 56.78578 11.31565 69.03725 55.03477 11.66393 69.03725 53.28375 12.6558 69.03725 51.79931 17.63805 68.38611 50.81765 15.89126 68.63412 50.45914 14.9986 68.63412 50.54707 14.14025 69.03725 50.80744 19.1189 68.38611 51.80712 20.10837 68.38611 53.28797 20.45582 68.38611 55.03477 20.10837 68.38611 56.78155 18.21286 68.63412 55.03477 20.1186 68.63412 56.78578 14.14448 69.28526 59.25188 12.66362 69.28526 58.26241 14.9986 68.83568 55.03477 15.89126 69.03725 59.61038 14.9986 69.03725 50.54707 18.2198 69.03725 55.03477 11.67414 69.28526 56.78155 11.32669 69.28526 55.03477 11.67414 69.28526 53.28797 12.66362 69.28525 51.80712 14.14448 69.28525 50.81765 17.64229 68.63412 50.80744 19.12671 68.63412 51.79931 20.1186 68.63412 53.28375 20.46687 68.63412 55.03477 15.89126 69.28526 59.59934 15.89126 70.16712 59.42392 14.2116 70.16712 59.08982 12.78766 70.16712 58.13837 11.83621 70.16712 56.71442 17.64228 69.03725 59.26208 15.89126 69.28525 50.47019 15.89126 69.03725 50.45914 19.12671 69.03725 58.27021 20.1186 69.03725 56.78578 20.46687 69.03725 55.03477 20.1186 69.03725 53.28375 19.12671 69.03725 51.79931 17.64229 69.03725 50.80744 11.5021 70.16712 55.03477 11.83621 70.16712 53.35511 12.78766 70.16712 51.93116 14.2116 70.16712 50.9797 17.63805 69.28526 59.25187 15.89126 70.99782 59.07983 14.34327 70.99782 58.77191 17.57092 70.16712 59.08982 13.03097 70.99782 57.89506 12.1541 70.99782 56.58274 11.84619 70.99782 55.03477 15.89126 70.16712 50.64561 17.57092 70.16712 50.9797 17.63805 69.28525 50.81765 19.1189 69.28526 58.26241 20.10837 69.28526 56.78155 20.45582 69.28526 55.03477 20.10837 69.28526 53.28797 19.1189 69.28525 51.80712 12.1541 70.99782 53.48678 13.03097 70.99782 52.17446 14.34329 70.99782 51.2976 15.89126 71.74542 58.5803 14.53443 71.74542 58.31041 17.43925 70.99782 58.77191 13.38418 71.74542 57.54183 18.99486 70.16712 58.13837 12.61561 71.74542 56.39158 12.34574 71.74542 55.03477 12.61561 71.74542 53.67795 15.89126 70.99782 50.98969 17.43925 70.99782 51.2976 18.75156 70.99782 52.17447 18.99486 70.16712 51.93116 19.94632 70.16712 56.71442 20.28042 70.16712 55.03477 19.94632 70.16712 53.35511 13.38418 71.74542 52.5277 14.53443 71.74542 51.75912 15.89126 72.38122 57.94451 14.77775 72.38122 57.72302 17.24809 71.74542 58.31041 13.83376 72.38122 57.09226 18.75156 70.99782 57.89506 13.20299 72.38122 56.14827 12.9815 72.38122 55.03477 13.20299 72.38122 53.92125 13.83378 72.38122 52.97726 15.89126 71.74542 51.48923 17.24809 71.74542 51.75912 18.39835 71.74542 52.5277 19.16691 71.74542 53.67795 19.62841 70.99782 53.48678 19.62841 70.99782 56.58274 19.93633 70.99782 55.03477 14.77775 72.38122 52.34651 15.89126 72.88076 57.19689 15.06386 72.88076 57.03232 17.00478 72.38122 57.72301 14.36241 72.88076 56.56362 18.39835 71.74542 57.54183 13.8937 72.88076 55.86217 13.72911 72.88076 55.03477 13.8937 72.88076 54.20735 14.36241 72.88076 53.5059 15.06386 72.88076 53.0372 15.89126 72.38122 52.12502 17.00478 72.38122 52.34651 17.94877 72.38122 52.97727 18.57951 72.38122 53.92125 18.80101 72.38122 55.03477 19.43679 71.74542 55.03477 19.16691 71.74542 56.39158 15.89126 73.1828 56.48372 15.33675 73.1828 56.37342 16.71867 72.88076 57.03232 14.8667 73.1828 56.05933 17.94877 72.38122 57.09226 14.5526 73.1828 55.58925 14.44229 73.1828 55.03477 14.5526 73.1828 54.48027 14.8667 73.1828 54.01019 15.33677 73.1828 53.6961 15.89126 72.88076 52.87263 16.71867 72.88076 53.03722 17.42013 72.88076 53.5059 17.88882 72.88076 54.20735 18.05339 72.88076 55.03477 17.88882 72.88076 55.86217 18.57951 72.38122 56.14827 15.89126 73.40026 55.48433 16.44575 73.1828 56.37342 15.71921 73.40026 55.45011 15.57337 73.40026 55.35266 17.42013 72.88076 56.56362 15.47592 73.40026 55.2068 15.4417 73.40026 55.03477 15.47592 73.40026 54.86271 15.57337 73.40026 54.71686 15.71921 73.40026 54.61942 15.89126 73.1828 53.58581 16.44575 73.1828 53.6961 16.91583 73.1828 54.01019 17.22991 73.1828 54.48027 17.34022 73.1828 55.03477 17.22991 73.1828 55.58925 16.91583 73.1828 56.05933 16.06332 73.40026 55.45011 15.89126 73.42234 55.03475 15.89126 73.40026 54.58519 16.06332 73.40026 54.61942 16.20915 73.40026 54.71686 16.30661 73.40026 54.86271 16.34084 73.40026 55.03477 16.30661 73.40026 55.2068 16.20915 73.40026 55.35266 165.3471 78.40933 51.97388 165.8626 79.78989 50.98011 168.8918 78.88619 51.49437 168.4407 77.67796 52.36411 165.0064 77.48922 53.45595 160.9657 79.88803 51.83276 160.6084 78.92319 53.38689 166.4743 81.4207 50.62591 169.4272 80.31346 51.18438 161.5063 81.3357 50.79067 162.1477 83.04581 50.41925 169.4452 80.32489 55.17111 168.1425 76.8727 53.66119 164.8922 77.16963 55.20068 160.4888 78.58806 55.21644 141.3764 87.95594 52.55532 141.0886 87.1789 53.80694 140.9922 86.909 55.28038 167.0891 83.05351 50.96522 169.9653 81.74246 51.48134 141.8117 89.12182 51.71606 142.3283 90.49907 51.41695 142.8475 91.87799 51.7035 162.7925 84.758 50.77506 170.4242 82.95565 52.34003 170.7341 83.76834 53.62974 170.8477 84.0568 55.1541 170.7478 83.77709 56.68105 170.4496 82.97183 57.97813 169.9985 81.7636 58.84788 169.4631 80.33633 59.15786 168.925 78.90733 58.8609 168.4661 77.69413 58.0022 168.1562 76.88145 56.7125 168.0426 76.593 55.18815 165.0221 77.49922 56.94245 160.6249 78.93367 57.04289 141.1019 87.18734 56.75131 142.3456 90.5101 55.26395 167.6135 84.43973 51.94638 143.2904 93.04865 52.53209 163.3423 86.21162 51.80392 167.9676 85.36832 53.42001 168.0974 85.69791 55.16178 167.9833 85.37833 56.90649 167.6425 84.45822 58.38857 167.127 83.07766 59.38235 166.5153 81.44685 59.73655 165.9005 79.81403 59.39723 165.3761 78.42781 58.41608 160.9962 79.9074 58.58816 141.4009 87.97154 57.99581 143.5894 93.83286 53.77658 143.699 94.1112 55.24752 143.6026 93.84131 56.72095 143.3149 93.06427 57.97258 142.8796 91.89838 58.81184 142.363 90.52114 59.11096 141.8437 89.14222 58.8244 163.7136 87.18534 53.3492 163.8497 87.53096 55.17565 163.7301 87.19584 57.0052 163.3728 86.231 58.55932 162.8322 84.78332 59.60142 162.1908 83.07323 59.97284 161.546 81.36102 59.61703 173.3502 84.32199 53.25781 173.3389 83.75547 52.39926 171.7588 83.36744 52.42007 171.5945 83.89084 53.28092 171.4986 84.21316 54.21394 173.3625 84.67086 54.1894 175.106 83.89084 53.23469 175.2264 84.21315 54.16485 173.329 82.99303 51.64672 174.919 83.36744 52.37845 171.9852 82.66305 51.66442 170.846 81.72333 51.67943 170.4192 82.26245 52.4377 170.106 82.66305 53.30052 171.4777 84.30836 55.05292 169.9185 82.90974 54.23474 173.3735 84.7739 55.02796 176.5944 82.66304 53.21509 176.8065 82.90973 54.14405 176.8766 82.98259 54.98183 175.2694 84.30835 55.00299 173.3209 82.06401 51.02914 174.6728 82.66305 51.62903 174.3767 81.80475 51.01524 176.2586 82.26245 52.36082 172.2651 81.80475 51.04304 171.37 81.06642 51.05483 170.0848 80.31695 51.68944 170.7719 79.96143 51.0627 169.5242 80.60872 52.44948 169.1115 80.82552 53.31362 169.8705 82.9826 55.07408 173.3735 81.2111 55.02796 168.8627 80.95903 54.24864 177.589 80.82552 53.202 177.8623 80.95902 54.13014 177.9505 80.99845 54.96769 173.3148 81.00411 50.57024 175.812 81.72333 51.61403 175.2717 81.06642 51.00345 174.0421 80.82552 50.56066 177.1537 80.60872 52.34902 172.5876 80.82552 50.57981 171.971 80.31695 50.58793 171.5591 79.55582 50.59336 170.5619 78.65801 51.06547 169.8175 78.65801 51.69296 171.4144 78.65801 50.59526 169.2098 78.65801 52.45362 168.7622 78.65801 53.31822 168.7966 80.99845 55.08823 178.3275 78.65801 54.96273 168.4195 78.65801 55.09319 178.2324 77.46485 54.96398 168.5147 77.46485 55.09194 168.4919 78.65801 54.25353 177.9382 78.65801 53.1974 178.2331 78.65801 54.12527 173.3111 79.62691 50.28764 176.5732 80.31695 51.60401 175.8698 79.96143 50.99558 174.6586 80.31695 50.55254 173.6819 79.55316 50.28276 177.468 78.65801 52.34489 172.9404 79.55316 50.29252 172.626 79.34313 50.29666 172.416 79.0288 50.29943 172.3423 78.65801 50.3004 170.6149 77.99353 51.06477 169.885 77.81228 51.69207 169.2892 77.66354 52.45257 171.4509 78.2003 50.59478 168.8504 77.55302 53.31706 168.5855 77.48496 54.25229 178.1395 77.48496 54.12649 168.5181 77.46485 55.35245 178.2358 77.46485 55.22449 177.9505 76.31756 54.96769 177.8623 76.35699 54.13014 177.9539 76.31756 55.2282 168.7966 76.31755 55.08823 168.8 76.31755 55.34873 177.85 77.55302 53.19856 177.3886 77.66355 52.34593 173.3391 78.64952 50.28728 176.8405 78.65801 51.60049 176.0798 78.65801 50.99281 175.0706 79.55582 50.54712 173.9962 79.34313 50.27862 176.773 77.81228 51.60137 172.3609 78.46898 50.30016 170.7719 77.35458 51.0627 170.0848 76.99906 51.68944 169.5242 76.70729 52.44948 169.1115 76.4905 53.31362 171.5591 77.76019 50.59336 168.8627 76.35699 54.24864 168.4229 78.65801 55.3537 168.611 77.48496 56.18993 168.8882 76.35699 56.18628 173.377 81.2234 55.28847 178.165 77.48496 56.06413 178.2586 78.65801 56.0629 178.331 78.65801 55.22324 176.8766 74.33341 54.98183 176.8065 74.40628 54.14405 177.589 76.4905 53.202 176.88 74.33341 55.24235 177.8878 76.35699 56.06777 169.9185 74.40628 54.23474 169.8705 74.33341 55.07408 169.8739 74.33341 55.33459 169.944 74.40628 56.17237 177.1537 76.70729 52.34902 174.2613 78.46898 50.27513 174.2062 78.28723 50.27586 172.626 77.97289 50.29666 172.416 78.28723 50.29943 172.9404 77.76286 50.29252 173.3111 77.6891 50.28764 173.6819 77.76286 50.28276 173.9962 77.97289 50.27862 174.2062 79.02879 50.27586 174.2799 78.65801 50.27489 176.0268 77.99353 50.99351 175.2152 78.65801 50.54522 176.5732 76.99906 51.60401 171.37 76.24959 51.05483 171.971 76.99906 50.58793 170.846 75.59268 51.67943 170.4192 75.05355 52.4377 170.106 74.65296 53.30052 168.8 80.99845 55.34873 168.5174 78.65801 56.19116 168.9004 77.55301 57.11787 169.1615 76.4905 57.11442 173.377 84.7739 55.28847 175.2728 84.30835 55.26351 176.88 82.98259 55.24235 177.9539 80.99845 55.2282 169.8739 82.9826 55.33459 171.4811 84.30836 55.31343 177.639 76.4905 57.0028 177.9001 77.55302 56.99936 177.9882 78.65801 56.9982 177.8878 80.95902 56.06777 175.2694 73.00765 55.00299 175.2264 73.10285 54.16485 176.5944 74.65296 53.21509 175.2728 73.00765 55.26351 176.832 74.40628 56.08168 176.6445 74.65296 57.0159 171.4986 73.10285 54.21393 171.5945 73.42516 53.28092 171.4777 73.00765 55.05292 171.4811 73.00765 55.31343 171.5241 73.10285 56.15157 170.1561 74.65296 57.10133 176.2586 75.05356 52.36081 175.1787 78.2003 50.5457 175.0706 77.76019 50.54711 174.6586 76.99906 50.55254 172.5876 76.49049 50.57981 173.3148 76.31191 50.57024 174.0421 76.49049 50.56066 175.8698 77.35459 50.99558 175.812 75.59268 51.61403 172.2651 75.51126 51.04304 171.9852 74.65296 51.66442 171.7588 73.94857 52.42007 168.8882 80.95903 56.18628 169.1615 80.82552 57.11442 168.8123 78.65801 57.11902 169.3618 77.66354 57.97049 169.5968 76.70729 57.9674 173.388 84.67086 56.12703 171.5241 84.21316 56.15157 175.2519 84.21315 56.10249 176.832 82.90973 56.08168 169.944 82.90974 56.17238 176.3313 75.05356 57.87873 177.2263 76.70729 57.86693 177.4613 77.66355 57.86384 177.5406 78.65801 57.8628 177.639 80.82552 57.0028 173.3735 72.54211 55.02796 173.3625 72.64514 54.18939 175.106 73.42516 53.23469 173.377 72.54211 55.28847 175.2519 73.10285 56.10249 175.156 73.42516 57.03549 174.9917 73.94857 57.89636 173.3502 72.99401 53.25781 173.3389 73.56055 52.39926 173.388 72.64514 56.12703 171.6445 73.42516 57.08172 170.4919 75.05356 57.95561 174.919 73.94857 52.37845 175.2717 76.2496 51.00345 174.3767 75.51126 51.01524 173.3209 75.25199 51.02914 174.6728 74.65296 51.62903 173.329 74.32297 51.64672 170.1561 82.66305 57.10134 170.4919 82.26245 57.95561 169.5968 80.60872 57.9674 169.2825 78.65801 57.97154 169.9775 77.81228 58.71505 170.1773 76.99906 58.71241 173.4003 84.32199 57.05862 175.156 83.89083 57.0355 171.6445 83.89084 57.08174 176.6445 82.66304 57.0159 174.7653 74.65296 58.652 175.9045 75.59268 58.637 176.6657 76.99906 58.62698 176.8655 77.81228 58.62434 176.933 78.65801 58.62347 177.2263 80.60872 57.86693 173.4003 72.99401 57.05862 173.4116 73.56055 57.91716 173.4215 74.32297 58.6697 171.8314 73.94857 57.93798 170.9385 75.59268 58.70238 171.8314 83.36744 57.93798 172.0777 82.66305 58.6874 170.9385 81.72333 58.70238 170.1773 80.31695 58.71242 169.91 78.65801 58.71593 170.7237 77.99353 59.32291 170.8807 77.35458 59.32085 173.4116 83.75546 57.91717 174.9917 83.36743 57.89636 176.3313 82.26245 57.87873 173.4296 75.25199 59.28728 174.4854 75.51126 59.27338 175.3805 76.2496 59.2616 175.9785 77.35459 59.25372 176.1355 77.99353 59.25165 176.1885 78.65801 59.25096 176.6657 80.31695 58.62698 172.0777 74.65296 58.6874 172.3738 75.51126 59.30118 171.4787 76.2496 59.31297 173.4215 82.99303 58.6697 173.4296 82.06401 59.28728 172.3738 81.80474 59.30118 171.4787 81.06642 59.31297 170.8807 79.96143 59.32085 170.6707 78.65801 59.32361 171.5718 78.2003 59.77073 171.6799 77.76019 59.7693 174.7653 82.66304 58.652 175.9045 81.72333 58.637 172.7084 76.4905 59.75576 173.4356 76.31191 59.74618 174.1629 76.4905 59.73661 174.7794 76.99906 59.72849 175.1914 77.76019 59.72307 175.2995 78.2003 59.72164 175.3361 78.658 59.72116 175.9785 79.96143 59.25373 172.0919 76.99906 59.76388 174.4854 81.80474 59.27338 172.7084 80.82552 59.75576 173.4356 81.0041 59.74618 174.1629 80.82551 59.73662 172.0919 80.31695 59.76388 171.6799 79.55582 59.7693 171.5352 78.658 59.7712 172.4892 78.42467 60.04129 172.5443 78.2003 60.04056 175.3805 81.06642 59.2616 172.7543 77.81228 60.03779 173.0686 77.55302 60.03366 173.4394 77.46198 60.02878 173.8101 77.55302 60.0239 174.1244 77.81228 60.01976 174.3344 78.2003 60.017 174.4082 78.658 60.01602 174.3896 78.42468 60.01627 175.1914 79.55582 59.72307 174.7794 80.31695 59.72849 173.0686 79.763 60.03366 173.4394 79.85403 60.02878 173.8101 79.763 60.0239 174.1244 79.50373 60.01976 172.7543 79.50373 60.03779 172.5443 79.11571 60.04056 172.4706 78.658 60.04154 173.4406 78.658 60.1242 174.3344 79.11571 60.017 137.5814 89.4282 51.72981 137.6836 90.89852 51.43122 140.346 90.71272 51.89994 140.2566 89.4259 52.16126 114.9324 92.50148 51.68151 114.834 91.08636 51.96887 137.4976 88.18358 52.56968 115.0335 93.91842 51.95885 137.7886 92.37074 51.7194 140.3624 90.72349 55.27298 140.4379 92.00116 52.15214 140.1833 88.33664 52.8963 113.8888 91.31545 52.3608 113.976 92.57034 52.10597 114.7534 89.88848 52.77721 113.8173 90.2532 53.07761 140.1372 87.61076 53.99317 137.445 87.35417 53.82299 115.1219 95.12144 52.7587 114.0656 93.82682 52.35192 137.8805 93.62068 52.55045 140.5184 93.0951 52.87947 140.575 93.82798 53.97118 140.5994 94.08824 55.26108 140.5876 93.83623 56.55279 140.5416 93.11034 57.64966 140.4682 92.02108 58.38471 140.3788 90.73426 58.64603 140.2869 89.44582 58.39382 140.2065 88.35187 57.6665 140.1498 87.61901 56.57479 140.1255 87.35875 55.28488 113.992 92.58084 55.39533 114.7028 89.0902 53.98346 113.7724 89.54532 54.14727 137.4316 87.06623 55.29892 115.1842 95.92741 53.95927 114.1441 94.89362 53.06119 137.9452 94.45809 53.79785 137.9596 94.46752 56.74766 137.973 94.75547 55.27172 137.907 93.63812 58.00097 137.721 90.92317 59.13942 137.8232 92.3935 58.84083 137.616 89.45095 58.85125 137.4594 87.3636 56.77278 137.5241 88.201 58.0202 113.7609 89.29957 55.40695 113.7846 89.55336 56.66484 113.8399 90.26806 57.72947 113.9184 91.33485 58.43875 114.008 92.59135 58.6847 114.0952 93.84624 58.42987 114.1667 94.90849 57.71306 114.2116 95.61637 56.6434 114.2231 95.86212 55.38372 114.1993 95.60832 54.12583 114.6899 88.81308 55.40398 115.211 96.2136 55.3778 115.1981 95.93647 56.79832 115.1474 95.1382 58.00457 115.0668 93.94031 58.81291 114.9685 92.52519 59.10028 114.8674 91.10825 58.82293 114.7789 89.90524 58.02308 114.7166 89.09928 56.8225 107.2082 91.53569 58.54916 109.5138 92.29983 58.25954 109.0383 93.17666 57.58958 106.6862 92.49818 57.81376 107.8217 90.39753 58.8096 104.0579 91.49857 57.89851 104.5953 90.50756 58.65572 110.0727 91.26296 58.4968 110.6037 91.54737 58.09781 110.1166 92.45097 57.89104 109.7022 93.2151 57.30718 108.7186 93.75997 56.5889 106.3353 93.13847 56.71533 103.6966 92.15785 56.76753 108.4335 89.25701 58.55541 105.2271 89.33568 58.92387 100.9229 90.68562 56.81366 101.2922 90.01173 57.96971 101.8415 88.99875 58.7437 110.63 90.22393 58.26524 111.0893 90.64188 57.89599 110.6212 92.46165 57.33818 111.0001 91.75887 57.499 110.2989 93.05598 56.88408 109.4236 93.72345 56.43513 110.0822 93.45135 56.20583 108.6034 93.96097 55.40988 106.2089 93.3591 55.42111 103.5664 92.38501 55.43495 100.7898 90.91782 55.45156 109.1376 88.00483 57.74515 111.1008 89.34091 57.6001 106.5282 87.79989 58.59574 102.9473 87.4566 58.99128 98.00148 89.30613 55.46886 98.13166 89.07897 56.80144 98.49294 88.41969 57.93243 99.61967 87.14053 58.68742 111.4996 89.87235 57.31636 111.3778 91.05461 57.34204 110.9927 91.74919 55.41171 109.3232 93.89861 55.40763 110.0042 93.58759 55.40667 108.7103 93.74904 54.23198 106.3262 93.12648 54.12814 103.6872 92.1455 54.10366 100.9133 90.67298 54.09075 98.12226 89.06661 54.13757 110.617 88.13779 56.67488 102.8156 87.39363 55.458 111.4134 88.74832 56.60266 111.7721 89.35593 56.44711 95.92762 87.41597 54.19131 95.81033 87.64859 55.48427 95.93676 87.42797 56.7785 96.34465 86.75611 57.72384 111.6969 90.4561 56.89122 110.0766 93.44394 54.60829 110.2885 93.04228 53.93222 110.6076 92.44377 53.48139 110.9853 91.7395 53.32443 111.3642 91.03672 53.48524 111.6865 90.44239 53.93935 111.9032 90.04703 54.61761 111.9812 89.9108 55.41676 111.9088 90.05443 56.21515 109.4164 93.71392 54.38112 109.0229 93.15646 53.23454 106.6694 92.47599 53.03326 104.0406 91.47573 52.97632 101.2744 89.9884 52.93843 98.47558 88.39686 53.01023 96.30564 86.69482 53.22682 111.1397 88.18793 55.42772 94.32907 86.49459 55.49486 94.87704 86.55146 54.23528 99.60483 87.09849 52.25225 102.9304 87.45213 51.93095 106.5523 87.80522 52.29505 108.9979 88.03627 53.06488 110.6023 88.12236 54.18459 94.8861 86.56326 56.74996 111.5203 88.53639 55.42476 111.8652 89.17124 55.4206 109.6888 93.1975 53.51187 110.0991 92.42797 52.93222 110.5847 91.52248 52.73042 111.0718 90.61888 52.93719 111.4862 89.85474 53.52104 111.7648 89.34638 54.3931 109.4937 92.27343 52.5694 107.1862 91.50671 52.30315 104.5727 90.47772 52.22457 101.8183 88.96825 52.17001 105.2025 89.30337 51.96285 107.7979 90.36617 52.04896 108.4114 89.22802 52.30939 110.6099 90.19754 52.57509 111.0854 89.3207 53.24505 111.4051 88.73739 54.24573 110.051 91.23439 52.33783 114.2696 92.8668 52.7134 114.1598 92.31479 52.71252 113.7213 92.49707 52.50738 113.7949 92.8668 52.50795 114.7657 92.8668 53.05058 114.618 93.60968 53.0494 114.1598 93.4188 52.71252 114.618 92.12392 53.0494 113.8471 91.84682 52.71007 113.5119 92.18363 52.50572 112.773 92.85572 52.49991 113.7213 93.23654 52.50738 115.1865 92.8668 53.47806 115.0065 93.77201 53.47665 114.4938 94.53941 53.47261 114.1972 94.23947 53.0461 113.8471 93.88678 52.71007 115.0065 91.9616 53.47665 114.1972 91.49414 53.0461 113.3792 91.53414 52.70638 113.1985 91.97418 52.50326 112.8287 91.90065 52.50035 112.459 91.97418 52.49744 112.1456 92.18363 52.49498 111.9362 92.49707 52.49333 111.8812 92.67832 52.49289 111.8626 92.8668 52.49275 111.9362 93.23654 52.49333 112.1456 93.54998 52.49498 112.459 93.75941 52.49744 112.8287 93.83295 52.50035 113.1985 93.75941 52.50326 113.5119 93.54998 52.50572 115.5159 92.8668 53.97944 115.3104 93.89954 53.97782 114.7255 94.77505 53.97322 113.7264 95.05216 53.46658 113.5674 94.66027 53.04114 113.3792 94.19948 52.70638 115.3105 91.83407 53.97782 114.4938 91.19421 53.47261 113.5674 91.07334 53.04114 112.8272 91.42433 52.70204 112.2752 91.53414 52.69769 111.8072 91.84682 52.69401 111.4945 92.31479 52.69155 111.4124 92.58539 52.69091 111.3847 92.8668 52.69068 111.4945 93.41882 52.69155 111.8072 93.88678 52.69401 112.2752 94.19948 52.69769 112.8272 94.30928 52.70204 115.7411 92.8668 54.53543 115.5182 93.98739 54.53368 114.8834 94.93737 54.52869 113.9335 95.57213 54.5212 113.85 95.36006 53.96632 112.8173 95.56549 53.9582 112.8212 95.2322 53.45944 112.8245 94.80805 53.03529 115.5182 91.74621 54.53368 114.7255 90.95855 53.97322 113.7264 90.68144 53.46658 112.8245 90.92556 53.03529 112.0817 91.07334 53.02944 111.4519 91.49414 53.02449 111.0311 92.12392 53.02118 110.9207 92.48808 53.02031 110.8834 92.8668 53.02001 111.0311 93.60968 53.02118 111.4519 94.23947 53.02449 112.0817 94.66027 53.02944 115.8535 92.8668 55.12467 114.9615 95.02013 55.11766 115.6216 94.03217 55.12285 113.9736 95.68027 55.10988 112.8083 95.91207 55.10071 112.8129 95.79504 54.51238 111.6924 95.57213 54.50357 111.7846 95.36006 53.95007 111.916 95.05216 53.45232 115.6216 91.70143 55.12285 114.8834 90.79622 54.52869 113.85 90.37355 53.96632 112.8212 90.50139 53.45944 111.916 90.68144 53.45232 111.1486 91.19421 53.44628 110.6359 91.9616 53.44225 110.5013 92.40533 53.4412 110.4559 92.8668 53.44083 110.6359 93.77201 53.44225 111.1486 94.53941 53.44628 115.8595 92.8668 55.29018 115.6272 94.035 55.28836 114.9655 95.02534 55.28315 113.9751 95.68707 55.27536 112.807 95.91944 55.26616 111.6429 95.68027 55.09154 111.6388 95.68707 55.25697 110.655 95.02014 55.08376 110.7424 94.93738 54.4961 110.9091 94.77505 53.94319 114.9615 90.71347 55.11766 115.6272 91.69862 55.28836 113.9335 90.16146 54.5212 112.8173 90.16812 53.9582 111.7846 90.37355 53.95007 110.9091 90.95855 53.94319 110.3241 91.83407 53.93858 110.1705 92.34031 53.93737 110.1187 92.8668 53.93696 110.3241 93.89954 53.93858 115.8009 92.27127 55.28973 112.807 94.141 55.26616 110.6485 95.02534 55.24917 110.1077 93.98739 54.4911 109.9949 94.03217 55.07856 109.9868 94.035 55.24396 114.9655 90.70825 55.28315 113.9736 90.05335 55.10988 115.625 91.69862 55.5573 115.7988 92.27127 55.55867 112.8129 89.93857 54.51238 111.6924 90.16146 54.50357 110.7424 90.79622 54.4961 110.1077 91.74621 54.4911 109.941 92.29554 54.48979 109.8848 92.8668 54.48934 109.8131 92.27127 55.24259 112.8059 92.27127 55.40063 109.7544 92.8668 55.24213 109.7631 92.8668 55.07674 114.9633 90.70825 55.5521 113.9751 90.04653 55.27536 112.8083 89.82154 55.10071 115.6169 91.70143 55.72269 114.9568 90.71347 55.7175 109.811 92.27127 55.51154 115.8574 92.8668 55.55913 112.8049 94.14398 55.53511 111.6429 90.05335 55.09154 110.655 90.71347 55.08376 109.9949 91.70143 55.07856 109.8216 92.2727 55.0772 109.9868 91.69862 55.24396 109.9847 91.69862 55.5129 113.9689 90.05335 55.70973 113.973 90.04653 55.5443 112.807 89.81417 55.26616 115.5042 91.74621 56.31017 115.8487 92.8668 55.72452 114.8694 90.79622 56.30517 109.7523 92.8668 55.51107 109.8169 92.2727 55.67705 109.9902 91.70143 55.67841 115.625 94.035 55.5573 114.9633 95.02534 55.5521 113.973 95.68707 55.5443 112.8049 95.91944 55.53511 111.6367 95.68707 55.52591 110.6464 95.02534 55.51811 109.9847 94.035 55.5129 111.6388 90.04653 55.25697 110.6485 90.70825 55.24917 110.6464 90.70825 55.51811 113.9195 90.16146 56.29769 112.8036 89.82154 55.70055 112.8049 89.81417 55.53511 115.4932 92.8668 56.8643 115.2877 91.83407 56.86268 115.7271 92.8668 56.31193 115.6169 94.03217 55.72269 115.5042 93.98739 56.31017 114.7028 90.95855 56.85808 109.7584 92.8668 55.67658 109.9902 94.03217 55.67841 110.0937 91.74621 56.26758 109.9271 92.29554 56.26627 110.6503 90.71347 55.68361 110.7284 90.79622 56.27258 114.9568 95.02013 55.7175 113.9689 95.68027 55.70973 112.8036 95.91207 55.70055 111.6382 95.68027 55.69139 110.6503 95.02014 55.68361 111.6367 90.04653 55.52591 113.8273 90.37355 56.85119 112.7989 89.93857 56.28887 111.6382 90.05335 55.69139 115.156 92.8668 57.36043 115.2877 93.89954 56.86268 114.9759 93.77201 57.35902 114.9759 91.9616 57.35902 114.8694 94.93737 56.30517 114.7028 94.77505 56.85808 114.4632 91.19421 57.35498 109.8708 92.8668 56.26583 110.0937 93.98739 56.26758 110.8864 90.95855 56.82804 110.3014 91.83407 56.82343 110.1478 92.34031 56.82223 111.7619 90.37355 56.83493 111.6784 90.16146 56.28005 113.9195 95.57213 56.29769 112.7989 95.79504 56.28887 111.6784 95.57213 56.28005 110.7284 94.93738 56.27258 113.6958 90.68144 57.34894 112.7946 90.16812 56.84307 114.5807 93.60968 57.78009 114.7285 92.8668 57.78125 114.4632 94.53941 57.35498 114.1599 94.23947 57.77678 114.5807 92.12392 57.78009 113.8273 95.36006 56.85119 113.6958 95.05216 57.34894 114.1599 91.49414 57.77678 110.096 92.8668 56.82183 110.3014 93.89954 56.82343 111.8855 90.68144 57.33469 111.1181 91.19421 57.32865 110.6053 91.9616 57.32462 110.4708 92.40533 57.32356 112.7946 95.56549 56.84307 111.7619 95.36006 56.83493 110.8864 94.77507 56.82804 113.5302 91.07332 57.77182 112.7906 90.50139 57.34181 113.8046 93.88678 58.10726 114.1173 93.41882 58.10971 114.2271 92.8668 58.11059 113.5302 94.66027 57.77182 113.3367 94.19948 58.10357 114.1173 92.31479 58.10971 112.7906 95.2322 57.34181 112.7873 94.80805 57.76597 113.8047 91.84682 58.10726 110.4253 92.8668 57.3232 110.6054 93.77201 57.32462 112.7873 90.92555 57.76597 112.0444 91.07332 57.76012 111.4147 91.49414 57.75518 110.9939 92.12392 57.75186 110.8834 92.48808 57.75099 111.8855 95.05216 57.33469 111.1181 94.53941 57.32865 113.3367 91.53414 58.10357 112.7847 91.42433 58.09922 113.153 93.7599 58.30364 113.4666 93.55035 58.30611 113.6762 93.23673 58.30776 113.7497 92.8668 58.30834 112.7847 94.30928 58.09922 112.7831 93.83348 58.30073 113.6762 92.49687 58.30776 112.0444 94.66027 57.76012 112.2327 94.19948 58.09488 113.4666 92.18326 58.30611 110.8461 92.8668 57.75069 110.9939 93.60969 57.75186 112.2327 91.53414 58.09488 111.7647 91.84682 58.0912 111.4521 92.31479 58.08874 111.37 92.58539 58.08809 111.4147 94.23947 57.75518 113.153 91.97372 58.30364 112.7831 91.90013 58.30073 112.8967 93.14392 58.4467 112.994 93.07889 58.44748 113.0591 92.98159 58.44799 113.0819 92.8668 58.44816 113.0591 92.75202 58.44799 112.4132 93.7599 58.29782 112.6672 93.14392 58.4449 112.782 93.16674 58.44581 112.994 92.6547 58.44748 111.7647 93.88679 58.0912 112.0996 93.55035 58.29534 112.8967 92.58969 58.4467 111.3423 92.8668 58.08787 111.4521 93.41882 58.08874 112.4132 91.97372 58.29782 112.0996 92.18326 58.29534 111.89 92.49687 58.2937 111.835 92.67822 58.29327 112.782 92.56687 58.44581 112.6672 92.58969 58.4449 112.7818 92.8668 58.46054 112.5699 93.07889 58.44413 111.89 93.23673 58.2937 111.8164 92.8668 58.29312 112.5699 92.6547 58.44413 112.5049 92.75202 58.44362 112.4878 92.80828 58.44349 112.5049 92.98159 58.44362 112.482 92.8668 58.44345 142.4164 90.76915 58.28123 142.1183 90.76917 58.31773 142.4107 90.71063 58.28165 143.0523 90.58056 58.0894 143.0709 90.76915 58.08806 142.3937 90.88392 58.28289 142.3937 90.65436 58.28289 142.2318 90.49205 58.29469 142.3288 90.55707 58.28762 142.1173 90.46922 58.30303 142.0028 90.49205 58.31138 141.9058 90.55707 58.31846 141.8409 90.65436 58.32319 141.8181 90.76915 58.32485 141.8409 90.88392 58.32319 141.9058 90.98124 58.31846 142.0028 91.04626 58.31138 142.1173 91.06909 58.30303 142.2318 91.04626 58.29469 142.3288 90.98124 58.28762 143.5031 90.48774 57.8545 142.9975 90.39922 58.0934 143.5307 90.76915 57.85248 142.9975 91.13907 58.0934 142.7885 90.0856 58.10864 142.4757 89.87606 58.13144 142.1067 89.80248 58.15834 141.7378 89.87606 58.18524 141.425 90.0856 58.20803 141.216 90.39922 58.22328 141.1426 90.76915 58.22863 141.216 91.13907 58.22328 141.425 91.45269 58.20803 141.7378 91.66225 58.18524 142.1067 91.73583 58.15834 142.4757 91.66225 58.13144 142.7885 91.45269 58.10864 143.4212 90.21714 57.86047 143.9667 90.39043 57.48655 143.1094 89.74918 57.88321 144.004 90.76915 57.48384 143.8566 91.51203 57.49458 143.4212 91.32116 57.86047 142.6426 89.43648 57.91723 142.0921 89.32666 57.95737 141.5415 89.43648 57.9975 141.0748 89.74918 58.03153 140.7629 90.21714 58.05427 140.6534 90.76915 58.06224 140.7629 91.32116 58.05427 141.0748 91.78913 58.03153 141.5415 92.10182 57.9975 142.0921 92.21162 57.95737 142.6426 92.10182 57.91723 143.1094 91.78913 57.88321 143.8566 90.02626 57.49458 143.4369 89.39648 57.52518 144.3508 90.30768 57.03326 144.2166 89.86395 57.04304 142.8088 88.97568 57.57098 144.3962 90.76915 57.02995 143.4369 92.14182 57.52518 144.2166 91.67436 57.04304 142.0679 88.82791 57.62499 141.3269 88.97568 57.679 140.6988 89.39648 57.72479 140.2791 90.02626 57.75538 140.1317 90.76915 57.76613 140.2791 91.51203 57.75538 140.6988 92.14182 57.72479 141.3269 92.56263 57.679 142.0679 92.71039 57.62499 142.8088 92.56263 57.57098 143.7052 89.09655 57.08033 142.9398 88.58378 57.13611 144.6406 90.24266 56.51204 143.904 88.8609 56.56574 144.4874 89.73641 56.52321 142.037 88.40374 57.20193 144.6923 90.76915 56.50827 143.7052 92.44174 57.08033 144.4874 91.80187 56.52321 141.1342 88.58378 57.26775 140.3688 89.09655 57.32354 139.8574 89.86395 57.36083 139.6779 90.76915 57.37392 139.8574 91.67436 57.36083 140.3688 92.44174 57.32354 141.1342 92.9545 57.26775 142.037 93.13457 57.20193 142.9398 92.9545 57.13611 143.0308 88.27589 56.6294 142.0007 88.07048 56.70449 144.8248 90.19787 55.94293 144.0256 88.69857 56.0012 143.0781 88.06381 56.07028 144.6586 89.64856 55.95505 140.9707 88.27589 56.77958 144.8809 90.76915 55.93884 143.9039 92.67741 56.56574 144.6586 91.88973 55.95505 140.0975 88.8609 56.84324 139.5141 89.73641 56.88577 139.3092 90.76915 56.9007 139.5141 91.80189 56.88577 140.0975 92.67741 56.84324 140.9707 93.26241 56.77958 142.0007 93.46782 56.70449 143.0308 93.26241 56.6294 141.9604 87.84091 56.15174 140.8428 88.06381 56.23323 144.8965 90.17505 55.34781 144.7237 89.60377 55.36041 144.0653 88.61582 55.40841 143.08 87.95569 55.48023 139.8954 88.69857 56.3023 144.7237 91.93452 55.36041 144.9549 90.76915 55.34356 144.0255 92.83973 56.0012 144.0653 92.92247 55.40841 139.2623 89.64856 56.34845 139.04 90.76915 56.36466 139.2623 91.88973 56.34845 139.8954 92.83973 56.3023 140.8428 93.47449 56.23323 141.9604 93.69739 56.15174 143.0781 93.47449 56.07028 141.9177 87.72389 55.56497 140.7554 87.95569 55.6497 144.8917 90.17361 55.18226 144.7184 89.60095 55.1949 144.0585 88.61061 55.24301 143.0708 87.94889 55.31502 139.77 88.61582 55.72154 144.0585 92.92769 55.24301 144.7184 91.93734 55.1949 144.9502 90.76915 55.178 143.08 93.58261 55.48023 143.0708 93.58941 55.31502 139.1117 89.60377 55.76953 138.8805 90.76915 55.78638 139.1117 91.93452 55.76953 139.77 92.92248 55.72154 140.7554 93.58261 55.6497 141.9177 93.81442 55.56497 141.9056 87.71652 55.39995 140.7405 87.94889 55.4849 144.6989 89.60095 54.92665 144.8721 90.17361 54.91402 141.8959 90.17361 55.26583 138.9196 90.17361 55.61764 141.9056 92.32264 55.39995 144.0389 88.61061 54.97476 143.0512 87.94889 55.04677 141.8861 87.71652 55.13171 139.7528 88.61061 55.5569 141.9056 93.82178 55.39995 139.0928 89.60095 55.60501 138.8611 90.76915 55.6219 139.0928 91.93734 55.60501 139.7528 92.92769 55.5569 140.7406 93.58941 55.4849 140.721 87.94889 55.21665 139.7333 88.61061 55.28865 144.0217 88.61582 54.81013 144.6801 89.60377 54.76213 144.9306 90.76915 54.90975 144.8529 90.17505 54.74953 141.8861 92.31802 55.13171 138.9 90.17361 55.3494 143.0363 87.95569 54.88195 141.874 87.72389 54.9667 140.7118 87.95569 55.05142 139.0733 89.60095 55.33676 139.7264 88.61582 55.12326 139.068 89.60377 55.17126 144.5295 89.64856 54.18321 143.8964 88.69857 54.22936 144.6956 90.19789 54.1711 144.9113 90.76915 54.74527 144.6989 91.93734 54.92665 139.0733 91.93734 55.33676 138.8415 90.76915 55.35366 144.0389 92.92769 54.97476 143.0512 93.58941 55.04677 141.8861 93.82178 55.13171 140.721 93.58941 55.21665 139.7333 92.92769 55.28865 138.8368 90.76915 55.18811 142.9489 88.06381 54.29844 141.8313 87.84091 54.37991 140.7136 88.06381 54.46139 139.7662 88.69857 54.53046 139.1331 89.64856 54.57661 138.9108 90.76915 54.59282 144.4308 90.24266 53.63473 144.2776 89.73641 53.6459 143.6942 88.8609 53.68843 144.7518 90.76915 54.167 144.6801 91.93452 54.76213 139.7264 92.92248 55.12326 139.068 91.93452 55.17126 144.0217 92.92247 54.81013 143.0363 93.58261 54.88195 141.874 93.81442 54.9667 140.7118 93.58261 55.05142 142.821 88.2759 53.75208 141.791 88.07048 53.82717 140.761 88.2759 53.90227 139.8878 88.8609 53.96592 139.3043 89.73641 54.00846 139.0995 90.76915 54.02339 139.1331 91.88973 54.57661 144.4825 90.76915 53.63096 144.0685 90.30769 53.16104 143.9343 89.86395 53.17083 143.4229 89.09655 53.20811 144.2776 91.80187 53.6459 144.5295 91.88973 54.18321 143.8964 92.83973 54.22936 139.7662 92.83973 54.53046 142.9489 93.47449 54.29844 141.8313 93.69739 54.37991 140.7136 93.47449 54.46139 142.6575 88.58378 53.26391 141.7547 88.40374 53.32972 140.8519 88.58378 53.39554 140.0865 89.09655 53.45134 139.5751 89.86395 53.48861 139.3956 90.76915 53.50171 139.3043 91.80189 54.00846 144.1139 90.76915 53.15774 143.9343 91.67435 53.17084 143.6228 90.39043 52.76824 143.5126 90.02626 52.77628 143.0929 89.39648 52.80688 143.6942 92.67741 53.68843 143.4229 92.44174 53.20811 142.821 93.26241 53.75208 139.8878 92.67741 53.96592 141.791 93.46782 53.82717 140.761 93.26241 53.90227 142.4648 88.97568 52.85266 141.7239 88.82791 52.90668 140.983 88.97568 52.9607 140.3549 89.39648 53.00648 139.9352 90.02626 53.03708 139.7878 90.76915 53.04783 139.5751 91.67436 53.48861 143.66 90.76915 52.76554 143.5126 91.51203 52.77628 143.0929 92.14182 52.80688 143.1107 90.48774 52.47143 143.0288 90.21714 52.4774 142.7169 89.74918 52.50014 142.6575 92.9545 53.26391 142.4648 92.56263 52.85266 141.7547 93.13457 53.32972 140.0865 92.44174 53.45134 140.8519 92.9545 53.39554 142.2502 89.43648 52.53416 141.6997 89.32666 52.57429 141.1491 89.43648 52.61444 140.6824 89.74918 52.64846 140.3705 90.21714 52.67119 140.261 90.76915 52.67918 139.9352 91.51203 53.03708 143.0288 91.32116 52.4774 143.1383 90.76915 52.46941 142.7169 91.78913 52.50014 142.2502 92.10182 52.53416 142.6301 90.58065 52.30424 142.5752 90.39942 52.30824 142.3663 90.08599 52.32347 141.7239 92.71039 52.90668 141.6997 92.21162 52.57429 140.983 92.56263 52.9607 140.3549 92.14182 53.00648 141.685 89.803 52.37314 142.0537 89.87654 52.34626 141.3162 89.87654 52.40002 141.0036 90.08599 52.42281 140.7947 90.39942 52.43804 140.7214 90.76915 52.44339 140.3705 91.32116 52.67119 140.7947 91.13888 52.43804 142.6486 90.76915 52.30289 142.5752 91.13888 52.30824 142.3663 91.45233 52.32347 142.0537 91.66176 52.34626 141.7128 90.7607 52.37111 141.1491 92.10182 52.61444 141.685 91.73531 52.37314 140.6824 91.78913 52.64846 141.0036 91.45233 52.42281 141.3162 91.66176 52.40002 213.4812 59.87716 51.68178 214.1822 60.94826 54.26764 214.1822 60.6356 54.47655 213.4812 58.65647 52.49742 213.4812 61.31707 51.39536 211.3498 58.65647 48.73476 214.1822 61.31707 54.19428 214.2296 61.31708 55.15803 214.1822 60.42668 54.78921 213.4812 57.84082 53.71812 211.3498 56.40092 50.24187 211.3498 61.31707 48.20553 213.4812 62.75697 51.68178 208.16 61.31707 46.07418 208.16 57.84082 46.76563 214.1822 61.68587 54.26764 214.1822 60.94826 56.0484 214.1822 60.6356 55.8395 214.1822 61.31707 56.12176 214.1822 61.68587 56.0484 214.1822 61.99854 55.8395 214.1822 62.20745 55.52683 214.1822 62.28081 55.15803 214.1822 62.20745 54.78921 214.1822 61.99854 54.47655 214.1822 60.35333 55.15803 214.1822 60.42668 55.52683 213.4812 57.55441 55.15803 211.3498 54.89381 52.49742 208.16 54.89381 48.73476 208.16 64.79331 46.76563 211.3498 63.97766 48.73476 213.4812 63.97766 52.49742 211.3498 66.23321 50.24187 204.3973 57.55441 46.07416 204.3973 61.31707 45.32573 204.3973 65.07972 46.07418 213.4812 58.65647 57.81862 213.4812 59.87716 58.63426 213.4812 57.84082 56.59793 213.4812 61.31707 58.92068 213.4812 62.75697 58.63426 213.4812 63.97766 57.81862 213.4812 64.79331 56.59793 213.4812 65.07973 55.15803 213.4812 64.79331 53.71812 211.3498 54.36458 55.15803 211.3498 54.89381 57.81862 208.16 52.92467 51.68178 204.3973 54.36458 48.20554 204.3973 68.26955 48.20554 208.16 67.74032 48.73476 211.3498 67.74032 52.49742 208.16 69.70946 51.68178 201.7117 57.6376 46.27501 201.7117 61.31707 45.54312 201.7117 64.99653 46.27502 201.7117 68.11582 48.35927 211.3498 56.40092 60.07417 211.3498 58.65647 61.58128 211.3498 61.31707 62.1105 211.3498 63.97766 61.58127 211.3498 66.23322 60.07416 211.3498 67.74033 57.81862 211.3498 68.26955 55.15803 208.16 52.23321 55.15803 208.16 52.92467 58.63426 204.3973 52.23321 51.39537 201.7117 54.51831 48.35926 204.3973 70.40093 51.39537 201.7117 70.20008 51.47856 208.16 70.40093 55.15803 204.3973 71.14936 55.15803 184.1855 59.22085 50.09732 184.1855 61.31707 49.68035 184.1855 63.41328 50.09732 184.1855 65.19036 51.28473 184.1855 66.37777 53.06181 208.16 54.89381 61.58128 208.16 57.84082 63.55041 208.16 64.79331 63.55041 208.16 61.31707 64.24188 208.16 67.74032 61.58127 208.16 69.70946 58.63426 204.3973 51.48477 55.15803 204.3973 52.23321 58.92068 201.7117 52.43405 51.47856 184.1855 57.44377 51.28473 201.7117 70.93196 55.15803 184.1855 66.79474 55.15803 204.3973 70.40093 58.92068 201.7117 70.20008 58.83748 184.1855 61.31707 55.15803 204.3973 54.36458 62.1105 204.3973 57.55442 64.24188 204.3973 65.07973 64.24188 204.3973 61.31707 64.99032 204.3973 68.26955 62.1105 201.7117 51.70217 55.15803 201.7117 52.43405 58.83749 184.1855 56.25635 53.06181 184.1855 66.37777 57.25423 201.7117 68.11583 61.95678 184.1855 65.19036 59.03131 184.1855 63.41329 60.21873 184.1855 61.31707 60.63569 184.1855 59.22085 60.21873 184.1855 57.44377 59.03133 184.1855 56.25636 57.25423 184.1855 55.83939 55.15803 201.7117 54.51831 61.95678 201.7117 57.63761 64.04103 201.7117 64.99654 64.04103 201.7117 61.31707 64.77292 159.7158 61.14837 43.13716 159.7656 65.74826 44.05219 164.5529 66.74069 41.53129 162.905 61.11384 40.40856 153.0842 61.22017 44.89705 159.666 56.54845 44.05219 164.4307 55.45262 41.5313 153.1627 68.47533 47.90241 159.8078 69.64789 46.65797 153.1267 65.14662 45.67812 166.53 71.50463 44.72856 163.038 61.1124 40.26862 164.6865 66.7928 41.402 147.2176 61.28368 44.18135 153.0417 57.2937 45.67812 159.6237 52.64884 46.65798 166.3042 50.64699 44.72857 164.5631 55.39762 41.40201 147.3016 69.04489 47.39633 147.3274 71.4242 50.95741 153.1868 70.6995 51.23131 147.2631 65.48401 45.01689 159.836 72.25354 50.55783 167.2598 74.69421 49.51363 167.3942 74.82205 49.46007 166.6641 71.60214 44.62961 180.8918 60.9191 40.26861 181.0058 71.44686 44.62961 180.9535 66.61668 41.402 147.1721 57.08335 45.0169 147.2176 61.28368 55.15802 153.0056 53.96499 47.90242 147.1336 53.52247 47.39634 166.9647 47.44237 49.51363 159.5955 50.0432 50.55783 166.4361 50.5466 44.62962 167.0963 47.31164 49.46009 180.8301 55.22151 41.402 147.3365 72.25971 55.15801 153.1953 71.48052 55.15801 159.8459 73.16852 55.15801 167.2719 75.81687 55.158 167.4065 75.95538 55.158 181.053 75.80763 55.158 181.0408 74.6743 49.46007 180.7779 50.39132 44.62962 180.7429 47.16389 49.46008 147.3274 71.4242 59.3586 147.3016 69.04491 62.91968 147.2631 65.48403 65.29914 147.2176 61.28368 66.13468 147.1721 57.08333 65.29914 147.1336 53.52246 62.91969 147.1078 51.14316 59.3586 147.0988 50.30766 55.15802 147.1078 51.14317 50.95742 152.9816 51.74084 51.23131 159.5856 49.12821 55.15802 166.9526 46.3197 55.15802 167.0841 46.17832 55.15802 153.1868 70.6995 59.08471 159.836 72.25354 59.75819 167.2598 74.69422 60.80237 167.3942 74.82206 60.85593 179.5109 74.69087 60.85593 180.7306 46.03057 55.15801 179.213 47.18046 60.85593 153.1627 68.47534 62.4136 153.1267 65.14664 64.6379 153.0417 57.2937 64.6379 153.0842 61.22017 65.41897 153.0056 53.96499 62.4136 152.9816 51.74083 59.08471 152.9731 50.95981 55.15802 166.9647 47.44236 60.80237 159.5955 50.04319 59.75819 167.0963 47.31164 60.85593 159.8078 69.64791 63.65805 167.2252 71.49712 65.58745 167.3592 71.59463 65.6864 173.3563 71.5297 65.6864 173.1283 50.47413 65.6864 167.1313 50.53906 65.6864 159.7656 65.74829 66.26383 159.666 56.54845 66.26384 159.7158 61.14837 67.17887 159.6237 52.64884 63.65805 166.9994 50.63946 65.58745 167.1734 66.71234 68.78473 167.307 66.76445 68.91403 168.7142 66.74922 68.91403 168.5909 55.35401 68.91403 167.1836 55.36925 68.91403 167.0512 55.42425 68.78473 167.1123 61.06829 69.90747 167.2453 61.06685 70.04742 167.8876 61.05989 70.04742 129.3993 48.74357 50.05028 129.3993 51.69373 45.63505 139.7617 53.73614 47.57712 139.7617 51.41211 51.05529 129.3993 47.70761 55.25839 115.4646 48.70495 49.95344 115.4646 47.66582 55.17754 129.3993 56.10895 42.6849 115.4268 51.67156 45.53203 139.7617 57.2143 45.2531 139.7617 61.31707 55.15805 139.7617 50.59602 55.15805 129.3993 48.74357 60.4665 115.4646 48.70495 60.40164 114.9373 48.74714 49.97091 114.9373 48.74714 60.38417 114.9373 47.71148 55.17754 129.3993 61.31707 41.64894 115.4268 56.09696 42.57508 114.9373 51.69646 45.55693 139.7617 61.31707 44.43701 139.7617 65.41983 45.25309 139.7617 51.41211 59.26082 139.7617 53.73614 62.73898 139.7617 57.2143 65.06301 139.7617 61.31707 65.87911 139.7617 65.41984 65.06301 139.7617 68.898 62.73897 139.7617 71.22203 59.26082 139.7617 72.03812 55.15805 139.7617 71.22203 51.05527 139.7617 68.89798 47.57712 129.3993 51.69373 64.88173 116.2451 51.61638 63.2655 114.9373 51.69646 62.7364 114.9373 61.31707 53.93914 115.4268 61.31707 41.53673 129.3993 66.52516 42.68488 114.9373 56.11043 42.60762 129.3993 56.10895 67.8319 129.3993 61.31708 68.86785 129.3993 66.52519 67.8319 129.3993 70.94042 64.88172 129.3993 73.89057 60.46649 129.3993 74.92653 55.25838 129.3993 73.89056 50.05026 129.3993 70.94039 45.63504 123.8713 56.13782 67.1457 114.9373 56.11044 62.7364 114.9373 61.31707 41.57196 114.9373 73.88699 49.97089 114.9373 70.93766 45.55693 114.9373 74.92266 55.17753 114.9373 73.887 60.38417 114.9373 70.93768 62.73639 114.9373 66.52371 62.73639 114.9373 61.31708 62.73639 114.9373 66.52368 42.60761 115.4268 66.53717 42.57507 127.1108 61.31708 68.8078 123.8713 66.49633 67.14569 116.2451 71.01776 63.26549 115.4646 73.92918 60.40164 115.4646 74.96833 55.17753 115.4646 73.92917 49.95342 115.4268 70.96257 45.53202</float_array>
          <technique_common>
            <accessor source="#geometry_f44b781c_b8b1_42f6_a000_4d6869c42b37-mesh-positions-array" count="7829" stride="3">
              <param name="X" type="float"/>
              <param name="Y" type="float"/>
              <param name="Z" type="float"/>
            </accessor>
          </technique_common>
        </source>
        <source id="geometry_f44b781c_b8b1_42f6_a000_4d6869c42b37-mesh-normals">
          <float_array id="geometry_f44b781c_b8b1_42f6_a000_4d6869c42b37-mesh-normals-array" count="30159">-0.1893988 0.1935443 -0.9626364 0.1973737 0.5431908 -0.8160805 0.1973739 0.5431828 -0.8160858 -0.1855676 0.547332 -0.8160837 0.1935436 0.189397 -0.9626368 0.1935427 0.1893979 -0.9626369 -0.193543 -0.1893984 -0.9626368 -0.1935441 -0.1893956 -0.962637 0.1893968 -0.193543 -0.9626371 -0.549856 -0.157231 -0.8203272 -0.5498595 -0.1572287 -0.8203253 -0.5463246 0.1691018 -0.8203256 -0.1855676 0.5473299 -0.8160849 -0.5430594 0.4705898 -0.6954365 -0.5463261 0.169098 -0.8203253 0.555619 0.689468 -0.4646736 0.5556209 0.6894631 -0.4646785 0.2003059 0.8139623 -0.5452915 0.5531175 0.4587201 -0.6954401 0.5531233 0.4587153 -0.6954387 0.5498577 0.1572278 -0.8203266 0.2003033 0.8139655 -0.5452879 -0.1826368 0.8181077 -0.5452923 0.5463274 -0.1690978 -0.8203245 0.5498558 0.1572296 -0.8203276 0.189396 -0.1935426 -0.9626373 -0.1973736 -0.543183 -0.8160858 -0.1973705 -0.5431842 -0.8160858 0.1855658 -0.54733 -0.8160854 -0.5531214 -0.4587182 -0.6954383 -0.5531216 -0.4587194 -0.6954373 -0.8297783 -0.303835 -0.4681372 -0.8297782 -0.3038276 -0.468142 -0.82758 -0.1008835 -0.5522081 -0.8252022 0.1187793 -0.5522074 -0.8252016 0.1187829 -0.5522074 -0.8275796 -0.1008933 -0.5522071 -0.5405591 0.7013323 -0.4646815 -0.1826351 0.8181081 -0.5452922 -0.5430615 0.4705868 -0.6954368 -0.8230038 0.3217355 -0.4681356 0.5569708 0.8143448 -0.1631752 0.832375 0.543219 -0.1098418 0.8323674 0.5432299 -0.1098443 0.8314572 0.4591668 -0.3128014 0.831458 0.4591646 -0.312803 0.8297798 0.3038291 -0.4681383 0.5569702 0.8143458 -0.1631726 0.2018907 0.9605079 -0.1914807 0.8297764 0.3038465 -0.468133 0.8275803 0.1008843 -0.5522075 0.2018938 0.9605073 -0.1914802 -0.181048 0.9646543 -0.1914778 0.5463224 -0.169098 -0.8203278 0.543061 -0.4705865 -0.6954374 0.1855655 -0.5473315 -0.8160844 0.8252024 -0.1187805 -0.5522067 0.8275797 0.1008834 -0.5522087 0.1826341 -0.8181098 -0.5452901 -0.2003024 -0.8139646 -0.5452896 -0.2003054 -0.8139622 -0.545292 -0.5556222 -0.689463 -0.4646772 -0.5556214 -0.6894623 -0.464679 -0.8314594 -0.4591628 -0.3128015 -0.831457 -0.459168 -0.3128006 -0.9570702 -0.1538084 -0.2456821 -0.9579558 -0.2353116 -0.1641618 -0.9579486 -0.2353479 -0.1641526 -0.9570686 -0.1538262 -0.2456773 -0.955918 -0.04728674 -0.2898017 -0.9546695 0.06797385 -0.2898029 -0.9559172 -0.04727417 -0.289806 -0.8229978 0.3217318 -0.468149 -0.9535158 0.1744874 -0.2456865 -0.9546716 0.06796699 -0.2897976 -0.5392093 0.8262132 -0.1631727 -0.1810472 0.9646539 -0.1914805 -0.5405631 0.7013288 -0.4646821 -0.8213204 0.4770614 -0.3128026 0.8323722 0.5432249 0.1098328 0.8323669 0.5432312 0.109842 0.5569722 0.8143436 0.163176 0.9584295 0.279447 0.0576384 0.9584327 0.279436 0.05763965 0.9584279 0.2794499 -0.05765134 0.9584306 0.2794447 -0.05763334 0.9579513 0.235328 -0.1641649 0.9579547 0.235315 -0.1641643 0.9570699 0.153809 -0.2456831 0.5569719 0.8143444 0.1631731 0.2018911 0.9605079 0.1914802 0.9570665 0.1538236 -0.245687 0.9559161 0.04728657 -0.2898074 -0.1810476 0.9646544 0.1914774 0.2018927 0.9605075 0.1914803 0.8230047 -0.3217302 -0.4681379 0.8252002 -0.1187898 -0.552208 0.5430596 -0.470584 -0.6954402 0.5405632 -0.7013328 -0.464676 0.1826343 -0.8181106 -0.5452888 0.9546669 -0.06797367 -0.2898116 0.9559148 0.04731106 -0.2898077 0.181048 -0.9646538 -0.1914805 -0.2018931 -0.9605067 -0.1914839 -0.2018892 -0.9605086 -0.1914787 -0.5569732 -0.8143446 -0.1631685 -0.556977 -0.8143413 -0.163172 -0.8323681 -0.5432303 -0.109838 -0.832367 -0.5432324 -0.1098361 -0.9584318 -0.279439 -0.05763936 -0.9584295 -0.279447 -0.0576384 -0.99554 -0.04470628 -0.0830754 -0.9958372 -0.07229924 -0.05550813 -0.9959977 -0.08722984 -0.01948517 -0.9951486 -0.008757829 -0.09799349 -0.9947255 0.03030502 -0.09799325 -0.8213229 0.4770659 -0.3127892 -0.9526353 0.2560102 -0.1641486 -0.9535191 0.1744797 -0.2456794 -0.9943385 0.06625258 -0.08307564 -0.1810457 0.9646541 0.1914809 -0.5392131 0.8262113 0.1631695 -0.5392163 0.8262096 -0.1631672 -0.8204095 0.5611261 -0.1098442 0.9579547 0.2353219 0.1641536 0.9579502 0.2353254 0.1641756 0.8314553 0.4591598 0.3128169 0.8314581 0.4591646 0.3128023 0.5556192 0.6894659 0.4646764 0.9958365 0.07230901 0.05550754 0.9959974 0.08723217 0.01948571 0.9959984 0.08722174 -0.01948589 0.9958359 0.07231777 -0.05550724 0.9955384 0.04474246 -0.0830748 0.200304 0.8139642 0.5452895 0.5556213 0.689465 0.4646753 0.995149 0.008709847 -0.09799367 0.2003051 0.8139642 0.545289 -0.1826325 0.8181116 0.5452879 0.823006 -0.3217229 -0.4681404 0.5405609 -0.7013323 -0.4646795 0.8213234 -0.4770574 -0.3128008 0.954667 -0.06798464 -0.2898085 0.9535134 -0.174503 -0.2456846 0.1810462 -0.9646538 -0.1914824 0.5392097 -0.8262127 -0.1631736 0.9947266 -0.03027015 -0.09799325 -0.2018883 -0.9605082 0.1914814 -0.2018935 -0.9605071 0.1914816 0.1810475 -0.9646535 0.1914822 -0.5569742 -0.8143433 0.1631713 -0.5569775 -0.8143413 0.16317 -0.832367 -0.543232 0.1098376 -0.8323695 -0.5432278 0.1098394 -0.9584331 -0.2794342 0.05764257 -0.9584298 -0.2794471 0.05763381 -0.9959974 -0.08723217 0.01948571 -0.9958371 -0.07229989 0.05550861 -0.9955384 -0.04474329 0.083076 -0.9951489 -0.008721232 0.09799391 -0.9947278 0.03023183 0.09799355 -0.9943361 0.06628906 0.08307546 -0.9940379 0.09384751 0.0555101 -0.9938768 0.1087604 0.01949816 -0.993877 0.1087584 -0.01949787 -0.994037 0.09385657 -0.05551004 -0.8204134 0.5611219 -0.1098366 -0.9521571 0.3001219 -0.05765116 -0.9526295 0.256025 -0.1641595 -0.1826382 0.8181041 0.5452972 -0.5405623 0.7013309 0.4646799 -0.5392144 0.8262097 0.1631728 -0.8204078 0.5611301 0.1098375 0.995539 0.04473292 0.08307409 0.9570687 0.1538218 0.2456794 0.9570683 0.1538174 0.2456839 0.8297813 0.3038381 0.4681297 0.5531185 0.4587153 0.6954424 0.8297764 0.3038389 0.4681379 0.9943363 -0.06629729 -0.08306658 0.9940387 -0.09383708 -0.05551296 0.9938772 -0.108757 -0.01950025 0.9938768 -0.1087602 0.01950079 0.9940369 -0.09385567 0.05551308 0.9943375 -0.06627905 0.08306664 0.9947258 -0.03029757 0.09799319 0.9951488 0.008725941 0.09799456 0.5531234 0.4587188 0.6954363 0.1973723 0.5431852 0.8160845 0.1973739 0.5431869 0.8160831 -0.1855702 0.5473284 0.8160853 0.9535181 -0.1744979 -0.24567 0.9526297 -0.2560206 -0.1641656 0.8213232 -0.4770547 -0.312805 0.8204108 -0.5611252 -0.109839 0.5392137 -0.8262104 -0.1631714 0.5392126 -0.8262104 0.1631751 0.181046 -0.9646541 0.1914807 0.1826338 -0.8181098 0.5452902 -0.2003039 -0.8139631 0.5452913 -0.2003026 -0.8139631 0.5452919 -0.5556216 -0.689463 0.4646778 -0.5556201 -0.6894658 0.4646755 -0.8314604 -0.459163 0.3127987 -0.8314577 -0.4591658 0.3128014 -0.9579534 -0.2353239 0.1641582 -0.9579555 -0.2353176 0.1641552 -0.9570699 -0.1538066 0.2456845 -0.9570701 -0.1538172 0.2456768 -0.9559181 -0.04727447 0.2898033 -0.9559181 -0.04726809 0.2898041 -0.9546729 0.06794881 0.289798 -0.9546683 0.06799238 0.2898024 -0.9535084 0.1745335 0.2456825 -0.9535198 0.1744686 0.245684 -0.9526408 0.2559866 0.1641538 -0.9526315 0.2560232 0.1641503 -0.9521529 0.3001348 0.05765312 -0.9521559 0.3001261 0.05765104 -0.9521529 0.3001353 -0.05765146 -0.8204143 0.5611178 0.1098507 -0.1855652 0.5473318 0.8160844 -0.5430591 0.4705917 0.6954354 -0.5405591 0.7013341 0.4646789 -0.8213203 0.4770632 0.3127996 0.9559172 0.04727488 0.2898058 0.8275764 0.1008744 0.5522152 0.955916 0.04728621 0.2898079 0.8275803 0.1008843 0.5522076 0.549858 0.157224 0.8203272 0.9526348 -0.2560057 -0.1641589 0.9521555 -0.300127 -0.05765163 0.9521573 -0.3001219 -0.05764883 0.9521565 -0.3001239 0.05765277 0.9521583 -0.300119 0.05764913 0.9526385 -0.2559884 0.1641641 0.9526277 -0.2560294 0.1641629 0.9535159 -0.1744975 0.2456786 0.9535149 -0.1745025 0.2456791 0.9546687 -0.06794774 0.2898116 0.9546661 -0.06799238 0.2898095 0.5498587 0.1572314 0.8203254 0.1935431 0.189398 0.9626367 0.1935383 0.1893939 0.9626386 -0.1893987 0.1935397 0.9626373 0.8204105 -0.5611245 -0.1098456 0.8204085 -0.5611287 0.1098397 0.5392108 -0.8262124 0.1631713 0.5405642 -0.7013296 0.4646797 0.1826336 -0.818111 0.5452884 0.1855676 -0.54733 0.816085 -0.1973746 -0.5431845 0.8160845 -0.1973723 -0.5431826 0.8160863 -0.5531201 -0.4587183 0.6954393 -0.553124 -0.4587174 0.6954368 -0.8297773 -0.3038347 0.4681391 -0.8297762 -0.3038379 0.4681388 -0.8275777 -0.1008929 0.5522099 -0.8275802 -0.1008839 0.5522079 -0.8252022 0.1187803 0.5522069 -0.8252015 0.1187808 0.5522081 -0.8230047 0.3217326 0.4681363 -0.8230013 0.321734 0.468141 -0.8213272 0.4770543 0.3127954 -0.5463258 0.1690972 0.8203258 -0.1893897 0.1935436 0.9626383 -0.5430635 0.4705768 0.695442 0.8252033 -0.1187809 0.5522052 0.8252007 -0.1187805 0.5522093 0.5463263 -0.169098 0.8203253 0.8204126 -0.5611213 0.1098458 0.8213306 -0.4770404 0.3128078 0.8213213 -0.4770612 0.3128 0.8230012 -0.3217396 0.4681376 0.823006 -0.3217257 0.4681386 0.5463275 -0.1690941 0.8203253 0.1893938 -0.1935409 0.9626381 -0.1935372 -0.1893945 0.9626386 0.1893951 -0.1935399 0.962638 0.5405596 -0.7013357 0.4646758 0.1855648 -0.5473335 0.8160831 0.5430592 -0.4705912 0.6954357 -0.1935431 -0.189399 0.9626366 -0.549861 -0.1572278 0.8203245 -0.5498582 -0.1572284 0.8203264 -0.5463247 0.1690981 0.8203262 0.5430648 -0.4705775 0.6954404 0.8264328 -0.3128198 -0.4681374 0.8264383 -0.3128058 -0.4681372 0.8264368 -0.1098479 -0.5522097 0.9553539 -0.1641421 -0.2456755 0.9553479 -0.05764472 -0.2898063 0.9553526 -0.05765438 -0.2897886 0.8264402 -0.4681392 -0.3127977 0.8264406 -0.4681369 -0.3127998 0.955358 -0.1641494 -0.2456544 0.9553508 -0.2456788 -0.1641552 0.5481178 -0.4646853 -0.6954383 0.5481171 -0.6954432 -0.464679 0.5481215 -0.6954429 -0.4646742 0.8264396 -0.1098371 -0.552208 0.5481174 -0.4646807 -0.6954417 0.5481166 -0.1631658 -0.8203324 0.8264457 0.1098061 -0.5522049 0.9553546 0.05764448 -0.289784 0.9553502 0.05765485 -0.2897965 0.9949946 -0.05553042 -0.08307909 0.9949969 -0.01944023 -0.09799641 0.9949959 0.01947218 -0.09800034 0.9553576 -0.245644 -0.1641671 0.8264318 -0.5522171 -0.1098494 0.826439 -0.5522076 -0.1098428 0.9553483 -0.2898046 -0.05764466 0.5481187 -0.8203297 -0.1631722 0.5481219 -0.8203269 -0.1631752 0.9949969 -0.08306431 -0.05551266 0.1914767 -0.5452855 -0.8160884 0.1914857 -0.8160861 -0.5452861 0.1914801 -0.8160847 -0.5452899 0.1914795 -0.9626373 -0.1914817 0.1914861 -0.9626351 -0.1914861 0.5481216 -0.1631795 -0.8203263 0.8264365 0.1098603 -0.5522078 0.5481202 0.1631776 -0.8203276 0.1914858 -0.5452856 -0.8160863 0.1914808 -0.1914833 -0.9626367 0.826438 0.3127982 -0.4681427 0.9553537 0.1641523 -0.2456693 0.95535 0.164164 -0.2456758 0.9949947 0.05553102 -0.08307731 0.9949952 -0.09800297 -0.0194928 0.9949954 -0.09800112 0.01949244 0.9949933 -0.08310669 0.05551272 0.9949948 -0.05552983 0.0830782 0.9949961 -0.01949274 0.09799456 0.9949955 0.01949334 0.09800028 0.9949949 0.05552983 0.08307558 0.9949947 0.08308702 0.05551636 0.9949949 0.09800553 0.01949334 0.9949952 0.09800297 -0.0194928 0.9949965 0.08306604 -0.05551648 0.9553565 -0.2897782 -0.05764335 0.8264381 -0.552207 0.1098527 0.8264366 -0.5522118 0.1098396 0.9553562 -0.2897789 0.05764347 0.9553443 -0.2898184 0.05764311 0.5481202 -0.820329 0.1631709 0.5481215 -0.8203274 0.1631744 0.1914796 -0.9626372 0.1914818 0.191483 -0.9626363 0.191483 -0.191483 -0.5452972 -0.8160792 -0.1914725 -0.5452799 -0.8160932 -0.1914805 -0.8160825 -0.5452932 -0.191479 -0.8160902 -0.5452823 -0.1914768 -0.962638 -0.1914809 -0.1914787 -0.9626367 -0.1914852 -0.1914793 -0.962637 0.1914833 -0.1914793 -0.9626364 0.1914859 0.5481172 0.1631706 -0.8203309 0.191484 0.191484 -0.9626359 0.1914777 0.1914777 -0.9626384 0.1914824 -0.1914783 -0.9626374 0.8264364 0.3128073 -0.4681394 0.5481158 0.464686 -0.6954395 -0.1914801 -0.1914803 -0.9626374 0.8264547 0.4681091 -0.3128045 0.9553692 0.2456049 -0.1641585 0.9553457 0.245699 -0.1641543 0.9553595 -0.2456392 0.1641638 0.9553508 -0.2456788 0.1641552 0.9553537 -0.1641523 0.2456693 0.9553479 -0.1641851 0.2456699 0.9553508 -0.0576449 0.2897966 0.955353 -0.0576117 0.2897957 0.9553582 0.05755907 0.2897892 0.9553508 0.05765557 0.2897946 0.9553512 0.1641519 0.2456792 0.9553479 0.1641851 0.2456699 0.9553477 0.2456837 0.1641654 0.9553526 0.2456765 0.1641483 0.9553565 0.2897782 0.05764335 0.9553502 0.2897986 0.05764347 0.9553435 0.2898228 -0.05763328 0.955355 0.2897818 -0.05764979 0.826443 -0.4681301 0.3128041 0.8264342 -0.4681499 0.3127977 0.5481272 -0.695435 0.4646793 0.5481153 -0.6954483 0.4646734 0.1914802 -0.8160893 0.5452831 0.1914858 -0.8160766 0.5453002 -0.1914732 -0.8160902 0.5452842 -0.1914827 -0.8160865 0.5452864 -0.5481229 -0.4646747 -0.6954414 -0.5481209 -0.4646789 -0.6954402 -0.5481239 -0.1631758 -0.8203254 -0.5481238 -0.1631671 -0.8203272 -0.1914764 -0.1914851 -0.9626371 -0.5481327 -0.6954306 -0.4646793 -0.5481207 -0.6954421 -0.4646763 -0.5481264 -0.8203237 -0.1631771 -0.5481286 -0.8203228 -0.1631743 -0.5481219 -0.8203269 0.1631752 -0.5481248 -0.8203258 0.1631714 -0.5481327 -0.6954306 0.4646793 -0.5481206 -0.6954439 0.4646736 0.1914843 0.5452948 -0.8160805 0.5481212 0.4646733 -0.6954437 -0.1914751 0.1914833 -0.9626377 -0.1914799 0.1914829 -0.962637 0.191482 0.5452842 -0.8160881 -0.191479 0.5452971 -0.8160802 0.5481184 0.6954469 -0.4646718 0.8264311 0.4681539 -0.3127995 0.8264445 0.5522005 -0.1098375 0.8264397 -0.3127968 0.4681406 0.8264394 -0.3128063 0.4681349 0.826439 -0.1098059 0.5522148 0.8264365 -0.1098603 0.5522078 0.8264423 0.1098251 0.5522062 0.8264356 0.1098606 0.5522091 0.8264291 0.3128204 0.4681437 0.8264392 0.3128051 0.468136 0.8264359 0.4681369 0.3128122 0.826435 0.4681503 0.3127951 0.8264386 0.5522073 0.1098474 0.8264369 0.552212 0.1098367 0.8264346 0.5522143 -0.109843 0.5481169 -0.4646857 0.6954389 0.548125 -0.4646658 0.6954457 0.1914821 -0.5452972 0.8160795 0.1914769 -0.5452865 0.8160877 -0.1914774 -0.5452964 0.8160812 -0.191477 -0.5452779 0.8160935 -0.5481222 -0.464675 0.6954419 -0.548122 -0.4646865 0.6954342 -0.8264406 -0.3128079 -0.4681314 -0.8264458 -0.4681298 -0.312797 -0.8264491 -0.4681274 -0.3127916 -0.8264439 -0.3127983 -0.4681322 -0.8264441 -0.1098369 -0.5522012 -0.5481256 0.1631807 -0.8203235 -0.5481249 0.1631669 -0.8203266 -0.8264403 0.1098379 -0.5522065 -0.8264457 -0.1098061 -0.5522049 -0.8264417 -0.552204 -0.1098403 -0.8264359 -0.5522122 -0.109843 -0.826442 -0.5522037 0.1098403 -0.8264489 -0.5521927 0.1098434 -0.8264439 -0.468132 0.3127985 -0.8264415 -0.46814 0.3127928 -0.8264479 -0.3127872 0.4681326 -0.8264401 -0.312799 0.4681385 0.5481201 0.6954423 -0.4646767 0.1914792 0.8160894 -0.5452832 -0.1914815 0.5452815 -0.8160901 -0.5481222 0.464675 -0.6954419 0.1914862 0.8160816 -0.5452926 -0.1914767 0.8160846 -0.5452913 0.5481203 0.8203262 -0.1631842 0.5481253 -0.1631658 0.8203265 0.5481212 -0.1631702 0.8203285 0.5481202 0.1631665 0.8203298 0.5481227 0.1631785 0.8203258 0.5481178 0.4646853 0.6954383 0.5481212 0.4646733 0.6954437 0.5481235 0.6954361 0.4646819 0.5481211 0.6954451 0.4646713 0.5481237 0.8203243 0.1631827 0.5481179 0.8203298 0.163174 0.5481184 0.8203293 -0.1631748 0.1914799 -0.1914799 0.9626376 0.1914796 -0.1914776 0.962638 -0.191479 -0.1914831 0.9626371 -0.1914736 -0.1914802 0.9626387 -0.5481275 -0.1631711 0.8203241 -0.5481249 -0.1631669 0.8203266 -0.8264403 -0.1098379 0.5522065 -0.8264452 -0.1098476 0.5521974 -0.9553465 -0.1641652 -0.2456884 -0.9553465 -0.2456884 -0.1641652 -0.9553378 -0.2457234 -0.1641637 -0.955354 -0.2897848 -0.05765038 -0.9553494 -0.2898035 -0.05763363 -0.9553512 -0.1641519 -0.2456792 -0.9553486 -0.0576114 -0.2898105 -0.8264433 0.3127856 -0.4681417 -0.5481222 0.4646891 -0.6954324 -0.8264484 0.1098487 -0.5521923 -0.9553471 0.05765467 -0.2898063 -0.9553488 -0.05764412 -0.2898033 -0.9553435 -0.2898197 0.05764877 -0.9553685 -0.2897404 0.05763369 -0.9553458 -0.2456963 0.1641578 -0.9553374 -0.245713 0.1641814 -0.9553442 -0.1641845 0.2456851 -0.9553512 -0.1641519 0.2456792 -0.9553481 -0.05765408 0.2898034 -0.9553459 -0.05764394 0.289813 0.191482 0.9626376 -0.1914775 -0.5481263 0.6954368 -0.4646776 -0.1914851 0.8160834 -0.5452902 0.1914799 0.9626355 -0.1914901 -0.1914772 0.962638 -0.1914803 0.1914783 0.19148 0.9626379 0.1914816 0.1914775 0.9626377 0.1914816 0.5452911 0.8160837 0.1914796 0.54529 0.8160848 0.1914824 0.8160889 0.5452829 0.191486 0.8160763 0.5453006 0.1914741 0.9626383 0.1914818 0.1914854 0.9626374 0.1914752 -0.1914768 0.1914844 0.9626373 -0.1914773 0.1914817 0.9626377 -0.5481305 0.1631706 0.820322 -0.5481265 0.1631679 0.8203254 -0.8264451 0.1098152 0.5522039 -0.8264401 0.109849 0.5522048 -0.955349 0.0576111 0.289809 -0.9553479 0.05764472 0.2898063 -0.9949969 -0.05548888 -0.08308017 -0.9949984 -0.08304506 -0.05551391 -0.9949952 -0.09800344 -0.01949292 -0.9949952 -0.09800344 0.01949292 -0.994995 -0.01952481 -0.09799921 -0.8264458 0.4681298 -0.312797 -0.5481206 0.6954439 -0.4646736 -0.826443 0.3128041 -0.4681301 -0.9553468 0.05764341 -0.2898101 -0.9553454 0.1641846 -0.24568 -0.9949933 0.01960968 -0.09799844 -0.9949951 -0.08308529 0.05551254 -0.9949946 -0.05553042 0.08307909 -0.9949951 -0.01952457 0.09799814 -0.9949952 0.01952481 0.09799659 -0.5481272 0.8203231 -0.163177 -0.5481214 0.8203276 -0.1631741 -0.1914773 0.9626376 -0.1914817 -0.1914857 0.9626356 0.1914836 -0.1914784 0.9626374 0.1914817 -0.1914776 0.5452926 0.8160836 -0.191479 0.5452879 0.8160865 -0.1914823 0.8160892 0.5452827 -0.1914816 0.8160856 0.545288 -0.5481256 0.464684 0.6954331 -0.5481228 0.4646756 0.695441 -0.8264469 0.312788 0.4681338 -0.8264269 0.312837 0.4681364 -0.9553432 0.1641861 0.2456876 -0.9553503 0.1641535 0.2456817 -0.9949948 0.05552983 0.0830782 -0.9949914 0.08312898 0.05551356 -0.9949954 0.09800142 0.0194925 -0.9949952 0.09800344 -0.01949292 -0.9949949 0.08308702 -0.05551373 -0.9949945 0.05553102 -0.08307993 -0.8264403 0.5522065 -0.1098379 -0.826443 0.4681301 -0.3128041 -0.9553441 0.2456986 -0.1641648 -0.9553469 0.1641547 -0.2456941 -0.5481215 0.8203274 0.1631744 -0.5481213 0.8203278 0.163173 -0.8264361 0.5522128 -0.1098378 -0.8264423 0.5522039 0.1098374 -0.548128 0.6954346 0.464679 -0.5481207 0.6954421 0.4646763 -0.8264439 0.468132 0.3127985 -0.8264346 0.4681469 0.312801 -0.9553475 0.2456859 0.1641635 -0.9553477 0.2456837 0.1641654 -0.9553623 0.2897588 0.05764371 -0.9553439 0.2898182 0.05764847 -0.955354 0.2897838 -0.05765503 -0.9553514 0.2897948 -0.05764484 -0.9553428 0.2457035 -0.1641646 -0.8264459 0.5521979 0.1098391 -0.02604991 0.1950214 -0.9804531 -0.02604871 0.1950237 -0.9804526 -0.02604937 0.5553805 -0.8311883 -0.02604961 0.5553816 -0.8311877 -1 0 0 -1 5.32991e-7 0 -0.06831884 0.1946356 -0.9784935 -0.06831818 0.1946316 -0.9784944 -0.068318 0.5542711 -0.8295277 -0.02604991 -0.1950214 -0.9804531 -0.02604871 -0.1950237 -0.9804526 -0.06831836 -0.1946309 -0.9784945 -1 7.99487e-7 0 -0.02604955 0.8311887 -0.5553798 -0.02604949 0.8311855 -0.5553848 -1 -5.32992e-7 0 -0.0683183 0.5542703 -0.8295283 -0.06831848 0.8295272 -0.5542719 -1 5.3299e-7 0 -1 1.06598e-6 0 -1 -7.99483e-7 0 -1 -1.06598e-6 0 -1 -5.3299e-7 0 -1 5.32993e-7 0 -1 -5.32991e-7 0 0.0338937 0.1949803 -0.9802214 0.03389608 0.1949784 -0.9802217 0.03389501 0.5552484 -0.8309937 0.03389489 0.5552508 -0.8309921 0.03389227 -0.1949805 -0.9802214 -0.06831687 -0.1946367 -0.9784934 -0.02604937 -0.5553806 -0.8311882 -0.02604931 -0.5553795 -0.8311889 -0.06831747 -0.5542744 -0.8295256 -0.06831747 -0.5542713 -0.8295276 -0.02604883 0.9804509 -0.1950321 -0.02604961 0.9804527 -0.195023 -0.0683192 0.8295266 -0.5542727 -0.06831896 0.9784934 -0.1946364 0.03389728 0.8309902 -0.5552534 0.03389632 0.8309922 -0.5552504 -0.02604913 0.9804528 0.195023 -0.02604901 0.9804528 0.1950227 -0.02604895 0.8311864 0.5553832 -0.02604937 0.8311901 0.5553778 -0.0260486 0.5553815 0.8311877 -0.02604925 0.5553836 0.8311863 -0.02604979 0.1950228 0.9804528 -0.0260486 0.1950265 0.980452 -0.02604919 -0.1950237 0.9804526 -0.02604877 -0.1950274 0.9804518 -0.02604895 -0.5553836 0.8311862 -0.02604871 -0.5553796 0.8311889 -0.02604854 -0.8311864 0.5553832 -0.02604973 -0.8311921 0.5553748 -0.02604883 -0.9804517 0.1950289 -0.0260486 -0.9804526 0.1950238 -0.02604907 -0.9804529 -0.1950225 -0.02604889 -0.980452 -0.1950264 -0.02604949 -0.8311902 -0.5553776 -0.02604955 -0.8311882 -0.5553808 0.151476 0.549159 -0.8218755 0.1514768 0.1928417 -0.9694673 0.03389346 -0.1949783 -0.9802218 0.1514748 -0.1928405 -0.9694679 0.1514772 -0.1928391 -0.9694678 0.1514741 0.1928399 -0.9694681 0.1514725 0.5491533 -0.8218801 0.1514742 0.8218746 -0.549161 0.03389418 -0.5552512 -0.8309918 -0.06831687 -0.8295251 -0.5542752 -0.06831759 -0.8295318 -0.5542652 0.0338931 -0.5552518 -0.8309915 0.0338943 -0.8309912 -0.5552521 -0.06831836 0.9784933 -0.1946368 -0.0683183 0.9784935 0.194636 0.03389465 0.9802223 -0.1949759 0.03389638 0.9802214 -0.1949801 0.1514746 0.8218765 -0.5491582 0.1514747 0.9694676 -0.192842 -0.06831866 0.9784938 0.1946344 -0.06831824 0.8295298 0.5542681 -0.06831836 0.8295288 0.5542697 -0.06831878 0.5542733 0.8295262 -0.068318 0.5542699 0.8295285 -0.06831699 0.1946361 0.9784935 -0.0683183 0.194639 0.9784929 -0.06831729 -0.1946369 0.9784933 -0.06831854 -0.1946397 0.9784927 -0.06831747 -0.5542712 0.8295278 -0.06831717 -0.5542702 0.8295285 -0.06831747 -0.8295298 0.5542681 -0.06831824 -0.8295273 0.5542719 -0.06831777 -0.9784933 0.1946372 -0.06831729 -0.9784934 0.1946369 -0.06831794 -0.9784935 -0.1946358 -0.06831771 -0.9784932 -0.1946378 1 9.92568e-7 -2.88635e-6 1 2.48143e-6 -3.40468e-6 0.1514759 -0.5491591 -0.8218756 0.1514761 -0.5491617 -0.8218738 1 0 -3.40468e-6 1 0 -2.88634e-6 1 1.98513e-6 -1.92857e-6 0.03389561 -0.9802215 -0.1949795 0.03389471 -0.8309923 -0.5552503 0.1514752 -0.8218718 -0.5491648 0.1514753 -0.8218764 -0.549158 0.03389406 0.9802216 0.1949793 0.03389483 0.9802228 0.1949728 0.151475 0.9694691 -0.1928346 0.1514748 0.9694689 0.1928355 1 3.97027e-6 -6.77241e-7 0.03389543 0.8309971 0.5552434 0.03389328 0.830991 0.5552526 0.03389364 0.555248 0.8309941 0.03389722 0.5552486 0.8309934 0.03389763 0.1949819 0.980221 0.03389394 0.1949797 0.9802215 0.03389304 -0.1949827 0.980221 0.03389889 -0.1949772 0.9802219 0.03389281 -0.5552482 0.830994 0.03389436 -0.5552484 0.8309937 0.03389608 -0.83099 0.5552538 0.03389489 -0.830994 0.5552479 0.03389394 -0.9802224 0.1949753 0.03389513 -0.9802209 0.1949824 0.03389358 -0.9802215 -0.1949802 1 3.97026e-6 6.77224e-7 1 3.97027e-6 2.88635e-6 1 0 3.40466e-6 1 3.97024e-6 0 1 -1.98514e-6 0 1 0 -8.89687e-6 1 0 -1.92859e-6 1 3.97027e-6 1.9286e-6 1 3.97027e-6 3.40467e-6 1 0 0 0.1514737 -0.9694685 -0.1928381 0.1514759 -0.9694674 -0.1928425 0.151475 0.9694691 0.1928342 0.1514742 0.8218756 0.5491594 0.1514755 0.8218725 0.5491638 0.1514758 0.5491588 0.8218758 0.1514757 0.5491584 0.8218761 0.1514757 0.1928404 0.9694678 0.1514751 0.1928443 0.9694671 0.1514751 -0.1928392 0.9694681 0.1514745 -0.1928387 0.9694683 0.1514743 -0.5491585 0.8218762 0.1514759 -0.5491599 0.8218751 0.1514749 -0.8218737 0.5491623 0.1514733 -0.8218773 0.5491572 0.1514748 -0.9694671 0.1928446 0.1514759 -0.969469 0.1928339 -1 -1.79191e-5 3.90265e-5 -1 4.1065e-6 4.42934e-5 -1 -1.00796e-5 4.42936e-5 -1 -3.88251e-5 2.42542e-5 -1 -4.47979e-5 8.51681e-6 -1 -4.47979e-5 -8.51682e-6 -1 -3.73317e-5 -2.42539e-5 -1 -2.38923e-5 -3.62987e-5 -1 -9.33293e-6 -4.2817e-5 -1 7.46634e-6 -4.2817e-5 -1 2.53856e-5 -3.62985e-5 -1 4.33046e-5 -2.1526e-5 -1 4.47982e-5 -8.81035e-6 -1 4.77848e-5 4.95226e-6 -1 3.88247e-5 2.4254e-5 -1 2.38923e-5 3.62985e-5 -0.03112155 0.5553036 -0.8310652 -0.03112024 0.8310648 -0.5553044 -0.03112137 0.8310685 -0.5552988 -0.03112053 0.1949989 -0.9803096 -0.03112131 0.1949928 -0.9803108 -0.03112089 0.5552957 -0.8310705 -0.03112113 -0.1949927 -0.9803109 -0.03112053 -0.1949988 -0.9803097 -0.03112065 -0.5553022 -0.8310663 -0.03112089 0.98031 -0.1949971 -0.03112047 0.9803091 -0.1950017 -0.03112095 0.9803095 0.1949998 -0.03112083 0.9803107 0.1949939 -0.03112053 0.8310658 0.5553028 -0.03112095 0.831069 0.555298 -0.03112059 0.555297 0.8310697 -0.03112131 0.5553038 0.8310651 -0.03112065 0.1949974 0.98031 -0.03112095 0.1949988 0.9803096 -0.03111994 -0.1949933 0.9803107 -0.03112101 -0.1949986 0.9803097 -0.03112083 -0.555302 0.8310663 -0.03112071 -0.5553024 0.8310661 -0.0311203 -0.8310644 0.5553049 -0.03112047 -0.8310692 0.5552976 -0.03112065 -0.98031 0.1949971 -0.03112024 -0.9803104 0.1949948 -0.03112012 -0.98031 -0.194997 -0.03112071 -0.9803107 -0.1949937 -0.03112107 -0.831067 -0.555301 -0.03112059 -0.8310673 -0.5553006 -0.03112083 -0.5553022 -0.8310662 -0.08154982 0.5537143 -0.8287039 -0.08155059 0.8287023 -0.5537166 -0.08155006 0.8286995 -0.5537208 -0.08154952 0.9775176 -0.194446 -0.08155065 0.9775189 -0.194439 -0.08155041 0.1944398 -0.9775187 -0.08154964 0.1944436 -0.977518 -0.0815497 0.553718 -0.8287015 -0.08154881 -0.1944423 -0.9775183 -0.08154982 -0.1944389 -0.9775189 -0.08154994 -0.5537195 -0.8287005 -0.08155107 0.9775175 0.1944454 -0.08154994 0.977519 0.1944385 -0.08155041 0.828701 0.5537186 -0.08155047 0.8287011 0.5537185 -0.0815494 0.5537195 0.8287005 -0.08155024 0.5537179 0.8287014 -0.08155018 0.1944441 0.9775179 -0.08154988 0.194441 0.9775184 -0.08154886 -0.1944428 0.9775183 -0.08154982 -0.1944414 0.9775184 -0.08154916 -0.5537195 0.8287005 -0.08154916 -0.5537196 0.8287005 -0.08154904 -0.828701 0.5537186 -0.08154904 -0.8287004 0.5537197 -0.08154827 -0.9775177 0.1944462 -0.0815497 -0.9775198 0.1944351 -0.08154892 -0.9775191 -0.1944385 -0.08154898 -0.9775184 -0.1944419 -0.0815491 -0.828701 -0.5537189 -0.08154934 -0.8287006 -0.5537194 -0.08154898 -0.5537201 -0.8287002 0.04049104 0.5551104 -0.8307906 0.0404914 0.8307852 -0.5551186 0.04049211 0.8307884 -0.5551136 0.04048913 0.9799817 -0.1949269 0.04049193 0.9799807 -0.1949314 0.04049134 0.9799811 0.1949297 0.04048931 0.9799821 0.1949254 0.04049062 0.1949291 -0.9799812 0.0404883 0.1949282 -0.9799816 0.04049026 0.555117 -0.8307862 0.04049116 -0.1949281 -0.9799815 0.04048937 -0.5551139 -0.8307883 0.04048943 -0.1949295 -0.9799813 0.04049104 0.8307878 0.5551146 0.04049366 0.830789 0.5551125 0.0404914 0.5551116 0.8307899 0.04049205 0.5551149 0.8307875 0.04049116 0.194931 0.9799808 0.04049164 0.1949316 0.9799807 0.04049062 -0.1949314 0.9799808 0.04049199 -0.1949283 0.9799814 0.04049092 -0.5551144 0.8307879 0.04048925 -0.5551145 0.8307879 0.04049241 -0.8307881 0.5551139 0.04049056 -0.8307871 0.5551156 0.04049009 -0.9799811 0.1949304 0.04049158 -0.9799815 0.1949275 0.04049134 -0.9799816 -0.1949273 0.04049038 -0.9799803 -0.1949343 0.04048973 -0.8307875 -0.5551151 0.04049378 -0.8307889 -0.5551128 0.04049199 -0.5551152 -0.8307873 0.1801099 0.5464841 -0.8178726 0.1801079 0.5464871 -0.817871 0.180108 0.8178725 -0.546485 0.1801093 0.8178722 -0.5464851 0.1801092 0.9647458 -0.1919017 0.1801101 0.9647458 -0.1919014 0.1801091 0.9647464 0.1918988 0.1801097 0.9647459 0.1919006 0.180109 0.817875 0.5464807 0.1801081 0.1918983 -0.9647467 0.1801095 -0.1919033 -0.9647455 0.1801096 -0.1918998 -0.9647461 0.1801093 0.1918999 -0.9647461 0.1801096 -0.5464859 -0.8178715 0.180109 -0.5464853 -0.8178721 0.180109 0.817871 0.5464868 0.1801099 0.5464834 0.8178731 0.1801093 0.5464879 0.8178703 0.180109 0.1919015 0.9647459 0.180109 0.1918985 0.9647464 0.1801098 -0.1918989 0.9647462 0.1801096 -0.1919001 0.9647461 0.1801112 -0.5464844 0.8178722 0.1801095 -0.5464863 0.8178712 0.1801103 -0.8178721 0.5464847 0.1801097 -0.8178738 0.5464824 0.1801115 -0.9647459 0.1918993 0.1801096 -0.9647452 0.1919043 0.1801095 -0.9647455 -0.1919033 0.1801102 -0.9647456 -0.1919017 0.180109 -0.8178737 -0.5464828 0.1801107 -0.8178725 -0.5464841 1 -1.11234e-5 1.20781e-5 1 -1.11234e-5 8.07031e-6 1 -2.78086e-6 1.42471e-5 1 -1.39043e-5 2.83389e-6 1 -1.66851e-5 -2.83389e-6 1 -1.11234e-5 -8.07031e-6 1 1.11234e-5 1.4247e-5 1 0 1.20781e-5 1 1.11235e-5 8.07027e-6 1 -1.11234e-5 -1.20779e-5 1 0 -1.42471e-5 1 0 -1.42469e-5 1 5.5617e-6 -1.20781e-5 1 1.66851e-5 -8.07022e-6 1 1.66851e-5 -2.83398e-6 1 1.39043e-5 2.83399e-6 0.1517091 -0.9180659 0.3662505 0.1517087 -0.9180627 0.3662586 0.08288294 -0.9762621 0.2001072 0 -0.9180703 0.3964175 0 -0.9762616 0.2165949 0 -0.976265 0.2165795 0.08288574 -0.9762634 0.2000997 0.2803224 -0.9180598 0.2803313 0.2803131 -0.9180682 0.2803131 0.1531505 -0.9762628 0.1531538 0.2154645 -0.8264366 0.5201708 0.3981208 -0.8264381 0.3981208 0.3981189 -0.8264434 0.3981113 -5.09655e-6 -0.826439 0.5630263 0 -0.8264384 0.5630273 0.2154605 -0.8264403 0.5201665 -1.18697e-5 -0.9180629 0.396435 0 -0.998747 0.05004566 0.0191425 -0.9987487 0.04620307 -0.1517033 -0.9180666 0.3662511 -0.08288222 -0.9762623 0.2001065 -0.08288735 -0.9762611 0.2001098 -0.01914227 -0.9987487 0.04620254 0.03537094 -0.9987483 0.03536784 0.1531429 -0.9762589 0.1531862 0.3662579 -0.9180669 0.1516857 0.3662579 -0.9180633 0.1517068 0.2001056 -0.9762628 0.08287966 0.5201717 -0.8264371 0.2154606 0.520175 -0.8264365 0.2154548 0.2732039 -0.7002108 0.6595943 0.5048255 -0.7002133 0.5048292 0.5048276 -0.7002153 0.5048245 0.6595714 -0.7002342 0.273199 0.6595905 -0.700213 0.2732073 -0.215463 -0.8264409 0.5201646 -0.2154573 -0.8264355 0.5201757 -0.2732102 -0.7002263 0.6595752 0 -0.7002205 0.7139266 0 -0.7002162 0.7139309 -0.1517052 -0.9180651 0.3662539 0.273213 -0.7002174 0.6595835 0.04622179 -0.9987478 0.01914745 0.05003035 -0.9987477 0 0.04621791 -0.9987478 -0.0191484 0.03537487 -0.9987483 -0.03536564 0.01914608 -0.9987486 -0.04620426 0 -0.998747 -0.05004566 -0.01914536 -0.9987487 -0.04620254 -0.0353766 -0.9987468 -0.03540432 -0.04621905 -0.9987479 -0.01914274 -0.05003035 -0.9987477 0 -0.04622292 -0.9987478 0.01914179 -0.03537219 -0.9987468 0.03540605 -0.280314 -0.9180676 0.280314 -0.1531374 -0.9762673 0.1531374 -0.1531487 -0.9762644 0.1531453 0.2001128 -0.9762621 0.08286952 0.3964247 -0.9180672 0 0.3964226 -0.9180682 0 0.2165899 -0.9762628 0 0.5630322 -0.826435 0 0.5630394 -0.8264301 0 0.7139178 -0.7002295 0 0.7139283 -0.7002189 0 0.3200819 -0.5481165 0.7727328 0.5914176 -0.5481237 0.5914269 0.5914188 -0.5481312 0.5914188 0.7727366 -0.548115 0.3200753 0.7727283 -0.5481261 0.3200764 0.836395 -0.5481272 0 0.8364014 -0.5481176 0 -0.2803203 -0.918062 0.2803262 -0.398123 -0.8264384 0.3981179 -0.398127 -0.8264411 0.3981081 -0.5048284 -0.7002174 0.5048208 -0.2732055 -0.7002203 0.6595835 0 -0.5481186 0.8364008 0 -0.548122 0.8363985 -0.3200754 -0.5481207 0.7727325 0.3200803 -0.548112 0.7727366 0.2165899 -0.9762628 0 0.2001151 -0.9762611 -0.08287495 0.200101 -0.9762636 -0.08287918 0.153158 -0.9762609 -0.153158 0.1531506 -0.9762637 -0.1531473 0.08287537 -0.9762684 -0.2000792 0.0828852 -0.9762624 -0.2001045 0 -0.9762607 -0.216599 0 -0.9762629 -0.2165889 -0.08287817 -0.9762579 -0.2001292 -0.08288753 -0.9762632 -0.2001001 -0.1531586 -0.9762641 -0.1531369 -0.1531487 -0.9762644 -0.1531453 -0.2001024 -0.9762641 -0.0828697 -0.2000995 -0.9762629 -0.082892 -0.2165899 -0.9762628 0 -0.2165892 -0.9762629 0 -0.2000975 -0.9762617 0.08291095 -0.2001022 -0.9762636 0.08287692 -0.3662717 -0.9180574 0.1517091 0.3662651 -0.9180629 -0.1516923 0.366257 -0.9180638 -0.1517064 0.5201694 -0.8264387 -0.2154597 0.5201758 -0.8264359 -0.2154551 0.6595911 -0.7002152 -0.2732003 0.6595736 -0.7002292 -0.2732065 0.7727391 -0.5481091 -0.3200794 0.7727264 -0.5481293 -0.3200752 0.3545503 -0.3763818 0.8559386 0.6551145 -0.3763734 0.6551092 0.6551036 -0.3763828 0.6551148 0.8559388 -0.3763898 0.3545413 0.8559457 -0.376373 0.3545423 0.926472 -0.3763638 0 0.9264622 -0.376388 0 0.8559461 -0.3763751 -0.3545394 0.8559404 -0.3763849 -0.3545426 -0.3662539 -0.9180651 0.1517052 -0.5201749 -0.8264321 0.2154722 -0.6595765 -0.7002227 0.2732163 -0.5201635 -0.826443 0.2154576 -0.5048235 -0.7002213 0.5048204 -0.591429 -0.5481224 0.5914167 -0.3200817 -0.5481143 0.7727345 0 -0.3763825 0.9264644 0.354542 -0.3763863 0.8559402 0 -0.3763817 0.9264647 -0.3545419 -0.3763736 0.8559457 0.2803186 -0.9180649 -0.2803186 0.2803196 -0.9180642 -0.2803196 0.1517118 -0.9180639 -0.3662545 0.1517087 -0.9180623 -0.3662599 0 -0.9180632 -0.3964341 0 -0.9180639 -0.3964325 -0.1517116 -0.9180631 -0.3662564 -0.1517112 -0.9180659 -0.3662497 -0.2803201 -0.9180611 -0.280329 -0.2803212 -0.9180633 -0.2803212 -0.3662596 -0.9180625 -0.1517078 -0.3662619 -0.9180614 -0.1517085 -0.3964295 -0.9180651 0 -0.3964323 -0.9180639 0 0.3981249 -0.8264317 -0.3981299 0.3981154 -0.8264431 -0.3981154 0.5048173 -0.7002199 -0.5048285 0.5048246 -0.7002129 -0.5048308 0.5914207 -0.548127 -0.5914207 0.5914152 -0.5481302 -0.5914233 0.6551043 -0.3763882 -0.655111 0.6551113 -0.3763755 -0.6551113 0.3756009 -0.1914844 0.9067843 0.6940186 -0.1914883 0.6940248 0.6940191 -0.1914839 0.6940256 0.9067873 -0.1914748 0.3755984 0.9067807 -0.1915084 0.3755972 0.9814963 -0.1914818 0 0.981494 -0.1914933 0 0.9067856 -0.1914855 -0.375597 0.906783 -0.1914927 -0.3755998 0.6940245 -0.1914797 -0.6940214 0.6940116 -0.191471 -0.6940366 -0.5630285 -0.8264376 0 -0.5630245 -0.8264403 0 -0.7139395 -0.7002074 0 -0.6595869 -0.700217 0.2732058 -0.772738 -0.5481145 0.3200728 -0.5914248 -0.5481122 0.5914303 -0.6551072 -0.3763871 0.6551086 -0.3545507 -0.3763875 0.8559358 0 -0.1914788 0.9814968 0.3756067 -0.1914876 0.9067811 0 -0.191481 0.9814963 -0.3756003 -0.1914829 0.9067849 0.2154638 -0.826435 -0.5201735 0.2154662 -0.8264406 -0.5201638 0 -0.8264293 -0.5630405 -3.78708e-6 -0.8264401 -0.5630248 -0.215464 -0.8264356 -0.5201726 -0.2154608 -0.8264343 -0.5201759 -0.3981208 -0.8264381 -0.3981208 -0.3981252 -0.8264411 -0.39811 -0.5201658 -0.8264409 -0.2154603 -0.5201699 -0.8264376 -0.2154625 0.2732148 -0.700212 -0.6595884 0.2732078 -0.70022 -0.6595829 0.3200814 -0.5481187 -0.7727315 0.3200784 -0.5481196 -0.7727321 0.3545454 -0.3763797 -0.8559415 0.3545424 -0.3763867 -0.8559397 0.3756007 -0.1914806 -0.9067851 0.3756052 -0.1914784 -0.9067838 0.3823074 -0.04361486 0.9230054 0.7064121 -0.04362279 0.7064552 0.7064391 -0.0435881 0.7064304 0.9230071 -0.04348635 0.3823177 0.9229991 -0.04365801 0.3823177 0.999048 -0.04362553 0 0.9990496 -0.04358905 0 0.923012 -0.04355704 -0.3822978 0.9229964 -0.04358881 -0.382332 0.7064347 -0.04366004 -0.7064304 0.7064239 -0.04358899 -0.7064455 0.3823332 -0.04362666 -0.9229942 -0.6595832 -0.7002167 -0.2732152 -0.7139283 -0.7002189 0 -0.8364025 -0.5481159 0 -0.7727318 -0.5481219 0.3200752 -0.6551066 -0.3763853 0.6551103 -0.8559373 -0.3763925 0.354542 -0.6940189 -0.1914846 0.6940256 -0.3756055 -0.191487 0.9067818 0.3823254 -0.0436055 0.9229984 0 -0.04364222 0.9990473 -0.3823124 -0.0436238 0.9230028 -0.3823196 -0.04362279 0.923 -4.30373e-6 -0.04361152 0.9990487 0 -0.7002174 -0.7139297 0 -0.700217 -0.7139302 -0.2732093 -0.7002205 -0.6595817 -0.2732067 -0.7002235 -0.6595795 -0.504821 -0.7002252 -0.5048173 -0.5048221 -0.7002187 -0.5048252 -0.659582 -0.7002222 -0.2732043 0 -0.5481277 -0.8363947 0 -0.5481249 -0.8363965 0 -0.3763801 -0.9264653 0 -0.3763776 -0.9264664 0 -0.1914789 -0.9814968 0 -0.1914791 -0.9814968 0.3823164 -0.04358851 -0.9230028 0 -0.04362863 -0.9990478 0.3826771 0 0.9238822 0.7071121 0 0.7071015 0.7071042 0 0.7071095 0.9238771 0 0.3826891 0.9238779 0 0.3826872 0.9238779 0 -0.3826872 0.7071015 0 -0.7071121 0.7071042 0 -0.7071095 0.3826817 0 -0.9238803 -0.772737 -0.5481161 -0.3200724 -0.8364017 -0.5481171 0 -0.9264606 -0.3763921 0 -0.8559414 -0.3763847 0.3545405 -0.9067844 -0.1914873 0.3755993 -0.6940188 -0.1914921 0.6940236 -0.7064282 -0.04358953 0.7064412 -0.7064402 -0.04362231 0.7064273 0.3826846 0 0.9238791 0 1 3.809e-6 0 1 0 -0.3200754 -0.5481207 -0.7727325 -0.3200764 -0.5481241 -0.7727297 -0.591431 -0.5481181 -0.5914187 -0.5914269 -0.5481225 -0.5914187 -0.7727285 -0.5481231 -0.320081 -0.3545405 -0.3763828 -0.8559422 -0.3545477 -0.3763771 -0.8559417 -0.3756 -0.1914728 -0.9067871 -0.3756044 -0.1914793 -0.9067839 0 -0.04362678 -0.999048 -0.3823292 -0.04364395 -0.922995 0 1 -1.9045e-6 0.3823228 0.04361486 0.9229989 0.7064375 0.04363328 0.7064293 0.7064363 0.04357701 0.7064338 0.9230032 0.04349845 0.3823258 0.9230045 0.04364192 0.3823063 0.9230044 0.04356437 -0.3823156 0.9230028 0.04360252 -0.3823147 0.99905 0.04357999 0 0.9990474 0.04364055 0 0.7064235 0.04364478 -0.7064425 0.7064537 0.04359704 -0.7064152 0.3823221 0.04362112 -0.922999 -0.8559425 -0.37638 -0.3545428 -0.9264619 -0.3763885 0 -0.9814963 -0.1914812 0 -0.9067869 -0.1914759 0.375599 -0.9230046 -0.0435912 0.3823119 -0.9230049 -0.04362243 0.3823077 0.3823153 0.04360759 0.9230025 0 -1 1.90452e-6 -4.30374e-6 0.04364264 0.9990473 5.93405e-7 -1 -1.05783e-6 -0.6551149 -0.3763935 -0.6550974 -0.6551048 -0.3763806 -0.6551148 -0.8559365 -0.3763948 -0.3545418 -0.69402 -0.191483 -0.6940249 -0.6940206 -0.1914722 -0.6940272 -0.3823196 -0.04362279 -0.923 -0.7064336 -0.04362571 -0.7064336 0 0.04362589 -0.9990479 0 0.04362678 -0.9990479 0.3823363 0.04359054 -0.9229946 0 -1 0 0.3755998 0.1914877 0.9067841 0.6940153 0.1914791 0.6940308 0.6940218 0.1914875 0.6940218 0.9067839 0.1914943 0.375597 0.9067847 0.1914855 0.3755995 0.9814938 0.1914938 0 0.9814967 0.1914794 0 0.9067819 0.1915045 -0.3755965 0.6940169 0.1914737 -0.6940306 0.6940225 0.191478 -0.6940237 0.9067865 0.1914722 -0.3756018 0.3756008 0.1914894 -0.9067834 0.3756002 0.1914717 -0.9067872 -0.906786 -0.1914823 -0.375598 -0.9814973 -0.1914761 0 -0.9990495 -0.04359108 0 -0.9990511 -0.04355466 0 0.3756024 0.1914789 0.9067848 0 0.1914787 0.9814969 0 0.04361152 0.9990487 1.90847e-6 -1 -3.3784e-6 -4.05589e-7 -1 -2.3746e-6 -0.3823158 0.04362905 0.9230013 -0.9230024 -0.04358911 -0.3823173 -0.7064251 -0.04362326 -0.7064423 -0.9230093 -0.04362595 -0.3822967 -0.9067863 -0.1914736 -0.3756015 0 0.1914798 -0.9814966 -0.3756026 0.191476 -0.9067854 -0.3755987 0.1914796 -0.9067862 -0.3823233 0.04363381 -0.9229978 0 0.1914801 -0.9814966 -0.3823259 0.04362452 -0.9229973 0.354551 0.3763829 0.8559378 0.6551113 0.3763755 0.6551113 0.6551045 0.3763802 0.6551153 0.8559419 0.3763856 0.3545383 0.855942 0.3763865 0.3545372 0.9264622 0.376388 0 0.9264645 0.3763822 0 0.8559432 0.3763778 -0.3545433 0.8559378 0.3764001 -0.3545328 0.6551085 0.3763852 -0.6551085 0.65511 0.3763799 -0.65511 0.3545401 0.3763868 -0.8559406 0.3545398 0.3763875 -0.8559405 0 0.3763849 -0.9264634 0 0.3763853 -0.9264633 0 0.3763836 0.926464 0.3545384 0.3763833 0.8559429 0 0.1914778 0.9814971 -0.3755959 0.1914773 0.9067879 -0.3823211 0.04362875 0.9229989 -0.7064282 0.04361945 0.7064394 -0.7064425 0.04358947 0.7064269 -0.9230029 0.04362434 0.3823124 -0.9230049 0.04358822 0.3823114 -0.999051 0.04355627 0 -0.9990492 0.04359883 0 -0.9230085 0.04358053 -0.3823037 -0.9229997 0.04363709 -0.3823184 -0.7064483 0.04361152 -0.7064198 -0.7064262 0.04362046 -0.7064414 -0.3545416 0.3763834 -0.8559415 -0.3545391 0.3763841 -0.8559423 -0.6940184 0.1914799 -0.6940274 -0.6940252 0.1914787 -0.6940209 -0.6551086 0.3763936 -0.6551036 -0.6551147 0.3763776 -0.6551066 0.3200803 0.5481185 0.772732 0.5914153 0.5481299 0.5914234 0.5914213 0.5481307 0.5914167 0.7727354 0.5481179 0.3200731 0.7727313 0.5481221 0.3200762 0.8364038 0.548114 0 0.8364007 0.5481186 0 0.7727357 0.5481175 -0.3200732 0.7727343 0.5481154 -0.32008 0.591414 0.5481342 -0.5914208 0.5914238 0.5481237 -0.5914207 0.3200787 0.5481184 -0.7727328 0.3200812 0.5481214 -0.7727295 0 0.5481248 -0.8363966 0 0.5481209 -0.8363991 -0.3200816 0.5481222 -0.7727288 -0.3200706 0.5481231 -0.7727327 0 0.3763798 0.9264655 -0.3756032 0.1914867 0.9067828 -0.3545421 0.376379 0.8559433 0 0.5481263 0.8363956 0.3200804 0.548117 0.772733 -0.6940237 0.1914848 0.6940207 -0.9067879 0.1914771 0.3755961 -0.6940124 0.1914864 0.6940315 -0.9814976 0.1914749 0 -0.9067841 0.1914821 0.3756025 -0.9067863 0.1914746 -0.3756011 -0.9814965 0.1914805 0 -0.906785 0.1914765 -0.3756031 -0.5914296 0.5481224 -0.5914161 -0.5914198 0.5481222 -0.591426 -0.8559377 0.3763952 -0.3545386 -0.8559404 0.3763831 -0.3545446 -0.7727265 0.5481308 -0.3200725 -0.7727382 0.5481111 -0.320078 0.2597254 0.7344262 0.6270254 0.4799017 0.7344282 0.4799059 0.6270238 0.7344278 0.2597251 0.4799004 0.7344326 0.4799004 0.6270281 0.734427 0.2597167 0.6786836 0.7344307 0 0.6786835 0.7344309 0 0.6270245 0.7344285 -0.2597212 0.6270194 0.7344312 -0.259726 0.4799052 0.7344291 -0.4799011 0.2597261 0.7344281 -0.6270229 0.4799025 0.73443 -0.4799025 0.2597118 0.7344328 -0.6270233 0 0.7344328 -0.6786814 0 0.7344254 -0.6786894 -0.2597177 0.7344327 -0.627021 -0.2597218 0.7344304 -0.627022 -0.4799025 0.7344354 -0.4798942 0 0.5481191 0.8364003 -0.3545507 0.3763822 0.8559382 -0.3200786 0.5481236 0.7727292 -0.6551052 0.3763837 0.6551126 0.2597225 0.7344307 0.6270214 0 0.7344287 0.6786859 0 0.7344283 0.6786863 -0.8559402 0.376388 0.3545401 -0.6551099 0.3763896 0.6551045 -0.9264619 0.3763885 0 -0.8559391 0.3763893 0.3545414 -0.9264606 0.3763921 0 -0.4799056 0.734426 -0.4799056 -0.627023 0.7344316 -0.2597161 -0.8364025 0.5481157 0 -0.8363995 0.5481204 0 -0.6270211 0.7344312 -0.2597219 -0.6786814 0.7344328 0 0.1831265 0.8780682 0.4421096 0.3383823 0.8780665 0.3383736 0.3383796 0.8780677 0.3383733 0.4421099 0.8780689 0.183123 0.4421044 0.8780711 0.1831253 0.4785292 0.8780716 0 0.4785384 0.8780667 0 0.4421072 0.8780676 -0.1831359 0.4421172 0.8780652 -0.1831228 0.3383828 0.8780677 -0.3383698 0.3383763 0.8780629 -0.3383889 0.1831345 0.8780652 -0.4421124 0.1831248 0.8780688 -0.4421095 0 0.8780687 -0.4785346 0 0.8780694 -0.4785336 -0.1831317 0.8780639 -0.4421162 -0.1831259 0.8780685 -0.4421093 -0.3383813 0.878064 -0.3383813 -0.3383822 0.8780656 -0.3383759 -0.2597224 0.7344301 0.6270223 -0.2597255 0.7344333 0.6270171 -0.3200765 0.5481164 0.7727351 -0.5914295 0.5481168 0.5914214 0 0.8780687 0.4785346 0 0.8780719 0.4785287 0.1831304 0.8780653 0.4421141 -0.1831258 0.8780649 0.4421166 -0.7727366 0.5481142 0.3200767 -0.5914219 0.5481211 0.591425 -0.7727284 0.548129 0.3200713 -0.4421218 0.87806 -0.1831366 -0.4420987 0.8780724 -0.183133 -0.6786863 0.7344283 0 -0.6270262 0.734427 0.2597215 -0.4785465 0.8780623 0 -0.4785402 0.8780658 0 0.2423379 0.9394319 0.2423639 0.1311534 0.9394322 0.3166481 0.2423462 0.9394384 0.2423304 0.3166375 0.9394348 0.1311604 0.3166273 0.9394419 0.1311343 0.3427159 0.9394391 0 0.3427317 0.9394334 0 0.316631 0.9394376 -0.131156 0.3166398 0.9394369 -0.1311395 0.2423338 0.9394329 -0.2423642 0.24234 0.9394348 -0.2423505 0.1311534 0.9394322 -0.3166481 0.1311475 0.939444 -0.3166156 0 0.9394266 -0.3427501 0 0.9394326 -0.3427338 -0.1311491 0.9394327 -0.3166483 -0.1311587 0.9394447 -0.316609 -0.2423398 0.9394387 -0.2423354 -0.2423447 0.9394322 -0.2423553 -0.316641 0.9394325 -0.1311689 -0.4798963 0.734438 0.4798963 -0.3383803 0.8780613 0.3383889 -0.1831263 0.878071 0.4421042 -0.4799027 0.7344297 0.4799027 -0.1311534 0.9394358 0.3166376 -0.1311578 0.9394384 0.3166279 0 0.9394435 0.3427039 0 0.9394273 0.3427482 0.1311474 0.9394432 0.316618 -0.627021 0.734435 0.2597114 -0.3166394 0.9394356 -0.1311499 -0.3427271 0.939435 0 -0.4421091 0.8780672 0.1831331 -0.4421122 0.8780646 0.1831385 -0.3427181 0.9394384 0 -0.3166207 0.9394418 0.1311517 -2.05548e-6 1 -4.75295e-6 -3.79827e-6 1 0 -4.96256e-6 1 0 -5.37156e-6 1 0 -4.96265e-6 1 0 -3.79823e-6 1 9.50625e-6 -2.05552e-6 1 4.75303e-6 0 1 9.50643e-6 2.05552e-6 1 0 3.7982e-6 1 1.90123e-5 4.96258e-6 1 0 -0.3383866 0.8780671 0.3383678 -0.2423439 0.9394378 0.2423352 -0.2423363 0.9394408 0.242331 3.79823e-6 1 0 2.05559e-6 1 0 0 1 -9.50643e-6 5.37151e-6 1 0 -0.3166342 0.9394359 0.1311604 4.96249e-6 1 0 -0.8176848 0.5395174 -0.2007801 -0.8176923 0.5395085 -0.2007734 -0.9126734 0.3417732 -0.2240948 -0.9126744 0.3417683 -0.2240978 -0.8176913 0.53951 0.2007739 -0.9126737 0.3417694 0.2240992 -0.912676 0.3417593 0.2241055 -0.6922814 0.7013228 -0.1699792 -0.6922792 0.7013226 -0.1699886 -0.6922794 0.7013229 0.1699868 -0.8176817 0.5395203 0.200785 -0.5672119 0.6777896 -0.4678375 -0.5672054 0.6777918 -0.4678424 -0.6613857 0.5147607 -0.5455185 -0.6613903 0.5147562 -0.5455173 -0.7302121 0.3225586 -0.6022843 -0.7666686 0.1111061 -0.6323565 -0.7302118 0.3225482 -0.6022902 -0.9643131 0.1184733 -0.2367794 -0.9643124 0.1184808 -0.236778 -0.9643121 0.1184741 0.236783 -0.661384 0.5147669 0.5455148 -0.7302139 0.3225343 0.6022951 -0.7302145 0.3225468 0.6022877 -0.7666745 0.1111074 0.6323492 -0.7666676 0.1110987 0.6323592 -0.9643112 0.1184794 0.2367839 -0.5485886 0.8251708 -0.1346989 -0.548599 0.8251634 0.1347025 -0.6922786 0.7013244 0.1699839 -0.5485979 0.8251644 -0.1347003 -0.4550949 0.8074567 -0.3753696 -0.4550976 0.8074567 -0.3753666 -0.6613947 0.5147476 0.54552 -0.5672024 0.6777981 0.4678369 -0.3624617 0.6482289 -0.6696424 -0.2953408 0.7842551 -0.5456354 -0.2953414 0.7842554 -0.5456344 -0.3624643 0.6482386 -0.6696315 -0.416307 0.4849293 -0.7691112 -0.4163149 0.4849251 -0.7691096 -0.4540725 0.3001774 -0.8388753 -0.766666 0.111099 -0.6323609 0 -1 1.68322e-6 0 -1 -3.26697e-6 -0.4735105 0.1026921 -0.8747812 -0.4540746 0.3001708 -0.8388764 0 -1 3.26699e-6 -0.4163079 0.4849328 0.7691085 -0.4540694 0.300165 0.8388814 -0.4540755 0.3001655 0.8388779 -0.4735045 0.1027132 0.874782 -0.4735068 0.1026941 0.874783 0 -1 -1.68322e-6 -0.5485896 0.8251704 0.1346969 -0.3954827 0.9133256 0.09710758 -0.395481 0.9133262 -0.09710913 -0.4550937 0.807457 0.3753708 -0.5671992 0.6778061 0.4678291 -0.3314743 0.9029768 -0.2734189 -0.3314704 0.9029849 -0.2733964 -0.3954786 0.9133284 -0.09709912 -0.2180345 0.8889338 -0.4028123 -0.2180368 0.8889347 -0.4028092 -0.3624702 0.6482371 0.6696299 -0.4163154 0.4849078 0.7691203 -0.1016954 0.7690057 -0.6311009 -0.1016979 0.7690023 -0.6311047 -0.1236055 0.6295256 -0.767085 -0.07573944 0.8793907 -0.4700379 -0.07574665 0.8793854 -0.4700466 -0.1236099 0.6295309 -0.76708 -0.1406994 0.4667083 -0.8731478 -0.1523972 0.286896 -0.945762 -0.1406971 0.4667066 -0.8731492 -0.4735111 0.1027061 -0.8747792 0 -1 2.04901e-6 0 -1 -2.04901e-6 -0.1583203 0.09779483 -0.9825329 -0.1523947 0.2868949 -0.9457628 -0.1406973 0.4667043 0.8731504 -0.1524 0.2868959 0.9457617 -0.1524014 0.286889 0.9457635 -0.1583234 0.09779477 0.9825324 -0.1583285 0.09778982 0.9825322 -0.4550909 0.8074606 0.3753662 -0.3314716 0.9029822 0.2734038 -0.3954834 0.9133258 0.09710311 -0.2007816 0.978395 -0.04929542 -0.2007781 0.9783955 0.04930067 -0.3624629 0.6482409 0.6696301 -0.2953424 0.784258 0.5456303 -0.2953408 0.7842551 0.5456354 -0.1825281 0.9756082 -0.121951 -0.1810716 0.9720619 -0.149361 -0.2057063 0.9777579 -0.04092091 -0.1395816 0.9679234 -0.2089054 -0.1285315 0.9628608 -0.2374421 -0.05578255 0.9582394 -0.2804739 -0.04672437 0.9558957 -0.2899658 -0.1236034 0.6295314 0.7670806 -0.1406977 0.4667035 0.8731507 0.1150698 0.8760634 -0.468265 0.1150727 0.8760619 -0.468267 0.154044 0.7637779 -0.6268284 0.1866222 0.6232436 -0.7594339 0.154029 0.7637894 -0.6268181 0.08772057 0.9532466 -0.2891818 0.07008659 0.9558994 -0.285209 0.2118126 0.4606989 -0.8619119 0.1866256 0.6232418 -0.7594344 0.2289103 0.2825716 -0.9315328 0.2118044 0.4607077 -0.8619092 -0.1583234 0.09779495 -0.9825325 0.07914173 0.0987522 0.9919601 0.0791496 0.0987336 0.9919613 0.2375352 0.09621012 -0.9666027 0.07452708 0.3490682 -0.9341291 0.3181347 0 0.9480456 0.3181254 0 0.9480487 0.3165406 0.0996896 0.9433261 0.3181301 0 -0.9480472 0.3181254 0 -0.9480487 0.3048163 0.2862043 -0.908391 0.2289188 0.2825728 -0.9315304 0.07019907 0.4702352 0.8797449 0.07019984 0.4702208 0.8797525 0.07612991 0.2894421 0.9541633 0.07613837 0.2894372 0.9541642 -0.2180387 0.8889325 0.4028127 -0.3314732 0.9029784 0.273415 -0.1756765 0.9737251 0.1449044 -0.2057122 0.9777568 0.04091465 0 1 8.68961e-6 0 1 -8.67664e-6 -0.1236063 0.6295293 0.7670819 -0.101694 0.7690026 0.6311049 -0.1016961 0.7690085 0.6310974 -0.07574623 0.8793799 0.470057 -0.2180359 0.8889321 0.4028154 0 1 8.67815e-6 0.06156766 0.6331876 0.7715458 0.0615586 0.6331965 0.7715392 0.08461147 0.956576 -0.2789325 0.06905704 0.9572173 -0.2810094 0.115081 0.8760589 -0.4682705 0.1540346 0.7637885 -0.6268178 0.1150724 0.8760627 -0.4682656 0.1540402 0.7637764 -0.6268312 0.1866216 0.6232468 -0.7594313 0 1 1.20827e-5 0.1866251 0.6232445 -0.7594323 0.2118011 0.4607068 -0.8619105 0.2118142 0.4606907 -0.8619159 0.2289179 0.2825711 -0.9315312 0.3042544 0.2919927 0.9067357 0.316537 0.09967696 0.9433286 0.2289083 0.2825846 -0.9315294 0.2375269 0.0962035 -0.9666053 0.6258741 -0.1066607 0.7725964 0.3165429 -0.09967547 0.9433268 0.6294701 0 0.7770248 0.6294592 0 0.7770336 0.6258766 0.1066634 0.7725939 0.3165347 -0.0996893 0.9433282 0.07915514 -0.09874838 0.9919593 0.07914113 -0.09873574 0.9919617 0 1 2.04864e-6 0.3165343 -0.09967517 -0.9433297 0.2268939 -0.3098959 -0.9233005 0 1 -2.04864e-6 0.07452851 -0.3490675 -0.9341293 0.6258797 -0.1066738 -0.77259 0.6258788 -0.1066433 -0.7725951 0.6294701 0 -0.7770248 0.625878 0.1066403 -0.7725961 0.6258766 0.106676 -0.7725923 0.6294609 0 -0.7770323 0.2801579 0.4737544 0.8349062 0.3042604 0.2920008 0.9067311 0.2452744 0.6368216 0.7309575 0.2801494 0.4737479 0.8349128 -0.1245064 0.9651919 0.2300063 -0.1943387 0.9723008 0.1298603 0 1 -8.71581e-6 0 1 -8.84439e-6 0.0505464 0.7720165 0.6335894 0.05054879 0.7720254 0.6335783 -0.07574301 0.8793867 0.4700449 0.03758043 0.8813012 0.4710584 -0.04609143 0.9571092 0.2860378 -0.1499175 0.9629023 0.2243746 0.2010407 0.7750037 0.5991259 0.2452705 0.6368247 0.730956 0.1776519 0.9679228 -0.1776667 0.1536268 0.9697629 -0.1896282 0.2796776 0.8958743 -0.3452389 0.3813436 0.7956006 -0.4707408 0.2796756 0.8958745 -0.3452399 0.3813387 0.7956089 -0.4707308 0.4714916 0.6625248 -0.582028 0.5454331 0.4991747 -0.6732959 0.4714966 0.6625251 -0.5820237 0.5454386 0.499168 -0.6732965 0.598299 0.3107714 -0.7385523 0.6258754 0.1066406 0.7725982 0.5982969 0.3107586 0.7385594 0.5983037 0.3107609 -0.7385529 0.8844165 -0.1153531 0.4522179 0.8903613 0 0.4552548 0.890365 0 0.4552477 0.625879 -0.1066458 0.7725945 0.598301 -0.3107596 0.7385556 0.5982993 -0.3107604 0.7385567 0.3042601 -0.2919954 0.9067329 0.8844145 0.1153579 0.4522206 0.3042505 -0.292 0.9067347 0.07613575 -0.2894363 0.9541646 0.07613903 -0.2894396 0.9541633 -0.1583265 -0.09779471 0.982532 -0.1524001 -0.2868947 0.9457619 -0.1583266 -0.09779024 0.9825323 0 1 -1.8733e-6 0 1 2.34162e-6 0.2289192 -0.2825797 -0.9315282 0.2289134 -0.2825831 -0.9315286 0.598302 -0.3107674 -0.7385516 0.228908 -0.2825751 -0.9315323 0.2289136 -0.2825788 -0.9315299 0.2375277 -0.09621137 -0.9666044 -0.1583223 -0.0977962 -0.9825325 0.88442 -0.1153244 -0.4522187 0.8844161 -0.1153563 -0.452218 0.8903613 0 -0.4552548 0.5982998 -0.3107557 -0.7385582 0.8393314 -0.3336732 -0.4291679 0.8844148 0.1153504 -0.452222 0.8393421 0.3336432 -0.4291705 0.8393316 0.3336777 -0.429164 0.8844207 0.115328 -0.4522163 0.890365 0 -0.4552477 0.5982993 0.3107604 0.7385567 0.5454407 0.4991642 0.6732977 0.4714966 0.6625251 0.5820237 0.5454357 0.499177 0.6732921 0.2028081 0.9756088 -0.08400189 0.1911964 0.9766712 -0.09776175 0.2047939 0.9788052 0 0.2047966 0.9788046 0 0.1937764 0.9777573 0.08025848 0.1955739 0.9755769 0.1000033 0.165271 0.9723019 0.165271 0.1588608 0.9676294 0.1961038 0.0883305 0.9606777 0.2632416 0.1094309 0.95824 0.2641986 -0.05764412 0.9553528 0.2897901 0.02858197 0.9565458 0.290178 0.02307748 0.95699 0.2892017 0.1492174 0.8831712 0.444683 0.2010418 0.775013 0.5991137 0.03758406 0.8813002 0.4710599 0.3813378 0.7956072 0.4707345 0.4714949 0.6625235 0.5820269 0.3708264 0.9091416 -0.1896034 0.5122299 0.8179401 -0.2619059 0.3708249 0.9091402 -0.1896125 0.5122293 0.8179378 -0.2619143 0.6430826 0.6916089 -0.3288189 0.6430884 0.6916034 -0.3288193 0.7554886 0.5291663 -0.3862901 0.7554744 0.5291879 -0.3862885 0.8844179 0.1153356 0.4522197 0.8393316 0.3336777 0.429164 0.9928172 -0.119642 0 0.8844171 -0.1153329 0.4522222 0.83933 -0.3336874 0.4291598 0.839339 -0.333653 0.4291689 0.9928174 0.1196394 0 0.7554744 -0.5291879 0.3862885 0.7554838 -0.5291778 0.3862839 0.5454384 -0.499162 0.6733011 0.545432 -0.4991661 0.6733033 0.2801578 -0.4737492 0.8349092 0.2801532 -0.4737553 0.8349074 0.07019293 -0.4702312 0.8797476 0.07019883 -0.4702337 0.8797457 -0.1524012 -0.2868925 0.9457624 -0.1406959 -0.4667088 0.8731482 -0.4735068 -0.1027106 0.8747811 -0.4540732 -0.300166 0.8388791 -0.4735033 -0.1026939 0.8747849 -0.9643113 -0.118483 0.2367815 -0.9643121 -0.1184874 -0.236776 -0.9643127 -0.1184743 -0.2367802 -0.7666704 -0.1111012 0.6323553 -0.9643118 -0.1184724 0.2367849 -0.7666745 -0.111105 0.6323496 -0.473511 -0.1027069 -0.8747792 -0.1583192 -0.0977962 -0.982533 -0.7666692 -0.1110984 -0.6323572 -0.4735104 -0.1026961 -0.8747808 -0.7666696 -0.1111027 -0.6323559 0.2118064 -0.4607071 -0.861909 0.2118076 -0.4606978 -0.8619137 0.211809 -0.4607099 -0.8619068 0.2118059 -0.4606889 -0.8619189 0.5454339 -0.4991638 -0.6733034 -0.1523937 -0.2868929 -0.9457635 -0.1406961 -0.466716 -0.8731442 -0.1406984 -0.4667061 -0.8731491 -0.1523969 -0.2868912 -0.9457635 0.9928179 -0.1196359 0 0.8393392 -0.3336544 -0.4291673 0.9386968 -0.344744 0 0.5454331 -0.4991747 -0.6732959 0.7554787 -0.5291776 -0.3862941 0.9928183 0.1196323 0 0.9386966 0.3447443 0 0.9386956 0.3447473 0 0.8395408 0.5432966 0 0.8395363 0.5433039 0 0.7554821 0.5291776 0.3862874 0.8393362 0.3336642 0.4291657 0.6430862 0.6916078 0.3288145 0.755474 0.5291885 0.3862884 0.403883 0.9148107 0 0.4038773 0.9148133 0 0.3708272 0.9091377 0.1896206 0.3708291 0.9091402 0.1896044 0.2796769 0.8958719 0.3452453 0.2796769 0.8958728 0.3452432 0.1492151 0.8831694 0.4446873 0.3813416 0.7956039 0.4707367 0.6430928 0.691595 0.3288285 0.5122255 0.8179416 0.2619102 0.5610918 0.8277537 0 0.5610884 0.827756 0 0.7093737 0.7048326 0 0.7093827 0.7048236 0 0.9386966 -0.3447443 0 0.8395351 -0.5433054 0 0.8395419 -0.5432949 0 0.709379 -0.7048273 0 0.7093737 -0.7048326 0 0.6430892 -0.6916043 0.3288161 0.6430843 -0.6916029 0.3288285 0.4714887 -0.6625376 0.5820157 0.4715022 -0.6625175 0.5820278 0.2452778 -0.6368238 0.7309544 0.2452728 -0.6368204 0.7309589 0.0615431 -0.6331943 0.7715423 0.06156176 -0.6331942 0.7715409 -0.1236043 -0.6295326 0.7670794 -0.1406958 -0.4667116 0.8731467 -0.4163129 -0.4849229 0.7691121 -0.4540693 -0.300167 0.8388807 -0.7302132 -0.3225572 0.6022836 -0.9126763 -0.3417627 -0.2240991 -0.9126732 -0.3417683 0.2241028 -0.9126782 -0.3417543 0.2241039 -0.9126796 -0.3417536 -0.2240999 -0.7302134 -0.3225545 -0.6022849 -0.7302168 -0.3225356 0.6022908 -0.4540748 -0.3001671 -0.8388777 -0.4540736 -0.3001678 -0.8388782 -0.730211 -0.3225433 -0.6022938 0.186618 -0.6232454 -0.7594333 0.1866256 -0.6232418 -0.7594344 0.1866258 -0.623238 -0.7594375 -0.1236087 -0.6295245 -0.7670854 -0.1236096 -0.6295229 -0.7670865 0.1866267 -0.6232462 -0.7594306 0.4714958 -0.6625288 -0.5820201 -0.4163113 -0.4849404 -0.7691019 -0.4163134 -0.4849163 -0.7691161 -0.3624688 -0.648227 -0.6696403 -0.3624614 -0.6482372 -0.6696345 0.7554838 -0.5291778 -0.3862839 0.4714939 -0.6625279 -0.5820226 0.6430827 -0.6916118 -0.3288127 0.5122353 0.817934 0.2619141 0.6430867 -0.691601 -0.3288275 0.5122299 -0.8179386 -0.2619104 0.5122218 -0.8179439 -0.2619097 0.5610884 -0.827756 0 0.5610882 -0.8277562 0 0.5122293 -0.8179378 0.2619143 0.512227 -0.8179397 0.2619125 0.3813377 -0.7956147 0.4707215 0.3813436 -0.7956006 0.4707408 0.2010366 -0.7750111 0.5991178 0.2010349 -0.7750026 0.5991294 0.05055916 -0.7720347 0.6335664 0.05055332 -0.7720205 0.633584 -0.1236016 -0.6295174 0.7670923 -0.1016911 -0.7689981 0.6311109 -0.4163106 -0.4849267 0.769111 -0.3624598 -0.6482434 0.6696294 -0.6613817 -0.514765 0.5455194 -0.8176848 -0.5395174 -0.2007801 -0.8176848 -0.5395188 -0.2007766 -0.8176826 -0.5395203 0.2007812 -0.8176903 -0.5395082 0.2007824 -0.6613947 -0.5147476 0.54552 -0.6613879 -0.5147543 -0.5455219 -0.6613829 -0.5147624 -0.5455203 0.1540403 -0.7637932 -0.6268106 0.1540325 -0.7637856 -0.6268218 0.1540349 -0.7637932 -0.6268121 -0.1016947 -0.7690117 -0.6310937 -0.1016954 -0.7690057 -0.6311009 -0.2953354 -0.7842658 -0.5456227 -0.2953462 -0.7842494 -0.5456404 0.154037 -0.7637801 -0.6268275 0.3813391 -0.7956101 -0.4707283 -0.5672048 -0.6777938 -0.4678401 -0.5672016 -0.6777989 -0.4678366 -0.4550951 -0.8074594 -0.3753637 -0.4550958 -0.8074583 -0.3753651 0.3813396 -0.7956025 -0.470741 0.2796776 -0.8958709 -0.3452475 0.2796781 -0.8958784 -0.3452275 0.3708252 -0.9091426 -0.189601 0.3708259 -0.9091404 -0.1896106 0.4038816 -0.9148114 0 0.4038854 -0.9148096 0 0.3708301 -0.909139 0.1896088 0.3708259 -0.9091404 0.1896106 0.2796779 -0.8958738 0.3452396 0.2796807 -0.8958753 0.3452337 0.1492116 -0.883174 0.4446794 0.1492075 -0.8831748 0.4446791 0.03759151 -0.8812976 0.4710642 0.03759479 -0.8812969 0.4710652 -0.1016958 -0.7690036 0.6311033 -0.07574099 -0.8793908 0.4700376 -0.3624667 -0.6482316 0.669637 -0.2953468 -0.7842566 0.5456297 -0.5671994 -0.677803 0.4678332 -0.6922794 -0.7013229 -0.1699868 -0.6922791 -0.7013249 -0.1699797 -0.6922756 -0.7013264 0.1699877 -0.6922786 -0.7013244 0.1699839 -0.5672073 -0.6777942 0.4678364 0.1150734 -0.8760567 -0.4682765 0.1150754 -0.876056 -0.4682774 0.1150649 -0.8760639 -0.4682653 -0.07574176 -0.8793858 -0.4700468 -0.07574611 -0.8793843 -0.4700489 -0.2180363 -0.8889329 -0.4028133 -0.2180373 -0.8889305 -0.402818 -0.3314722 -0.9029829 -0.2734009 -0.3314661 -0.902984 -0.2734048 0.115078 -0.8760606 -0.4682681 -0.5485962 -0.8251655 -0.1347007 -0.5485896 -0.8251704 -0.1346969 -0.3954851 -0.9133244 -0.09710949 0.0711587 -0.9545169 -0.2895413 0.0711565 -0.9545127 -0.2895553 0.170542 -0.9625992 -0.2105191 0.1705453 -0.9625973 -0.2105254 0.2240383 -0.9678245 -0.1145543 0.2240417 -0.9678229 -0.114561 0.2430414 -0.970016 0 0.2430452 -0.970015 0 0.2240351 -0.9678254 0.1145527 0.2240454 -0.9678223 0.1145593 0.1705492 -0.962596 0.210528 0.1705268 -0.9626017 0.2105202 0.09180486 -0.9574556 0.2735886 0.02315676 -0.9566852 0.2902023 0.02315801 -0.9566802 0.2902182 0.09180009 -0.9574561 0.2735882 -0.07573992 -0.8793852 0.4700479 -0.04672455 -0.9558955 0.2899668 -0.2953431 -0.7842512 0.5456396 -0.2180328 -0.888939 0.4028016 -0.4550963 -0.8074542 0.3753736 -0.5485933 -0.8251674 0.134701 -0.5485938 -0.8251662 0.1347059 -0.4550968 -0.8074659 0.3753479 0.07114946 -0.9545166 -0.2895442 0.07115554 -0.954514 -0.2895513 -0.04672509 -0.9558965 -0.2899632 -0.0467472 -0.9558916 -0.2899759 -0.1336063 -0.959804 -0.2468315 -0.1335854 -0.9598073 -0.2468297 -0.2011275 -0.965415 -0.1658972 -0.2011218 -0.9654188 -0.1658813 -0.3954781 -0.9133284 -0.09709995 -0.2382341 -0.9694445 -0.05849796 -0.3954815 -0.9133256 0.09711313 -0.3954843 -0.9133255 0.0971015 -2.63694e-6 -1 0 -2.63749e-6 -1 9.7877e-6 -6.30227e-6 -1 7.14429e-6 -8.26455e-6 -1 0 -8.96634e-6 -1 0 -8.28971e-6 -1 0 -6.3374e-6 -1 -7.18411e-6 -3.42016e-6 -1 -7.16435e-6 -0.04672753 -0.9558944 0.2899697 -8.60918e-7 -1 -1.40142e-5 1.73321e-6 -1 -1.4243e-5 -0.2180367 -0.8889282 0.4028235 -0.1336047 -0.9598068 0.2468213 -0.3314683 -0.9029843 0.2734013 -0.3314745 -0.902982 0.2734013 -2.09623e-5 -1 1.41339e-5 2.08932e-5 -1 -7.04379e-6 7.29277e-6 -1 -3.51509e-6 -0.2382362 -0.9694446 -0.05848747 8.60047e-6 -1 5.27174e-6 -0.2382325 -0.9694454 0.05848842 -0.2382327 -0.9694443 0.05850636 -0.2011253 -0.9654162 0.1658924 -0.2011245 -0.9654178 0.1658837 4.9134e-6 -1 -7.08918e-6 7.32407e-6 -1 3.53028e-6 8.61309e-6 -1 -7.03948e-6 -0.1335977 -0.9598001 0.2468509 -0.2202031 0.918094 -0.3295665 -0.2201973 0.9180921 -0.3295757 -0.07732599 0.9180983 -0.3887368 1.27184e-5 1 0 -0.1098407 0.8264372 -0.5522106 -0.312798 0.8264361 -0.4681462 -0.3127985 0.8264365 -0.4681453 -0.07732695 0.918092 -0.3887515 -0.3295741 0.9180896 -0.2202101 -0.4681431 0.8264383 -0.3127973 -0.4681423 0.8264338 -0.3128101 -0.3295676 0.9180918 -0.2202103 4.46627e-6 1 0 0.07732689 0.9180964 -0.3887411 5.26828e-6 1 1.90122e-5 5.26825e-6 1 0 4.46633e-6 1 9.50636e-6 2.98415e-6 1 0 1.04795e-6 1 -9.50631e-6 -1.04795e-6 1 -9.50634e-6 -2.98422e-6 1 0 -4.46636e-6 1 0 -5.26825e-6 1 0 -5.26829e-6 1 0 -4.46632e-6 1 0 -1.27187e-5 1 0 -0.1392822 0.7002146 -0.7002142 -0.1098433 0.8264407 -0.5522049 -0.3966383 0.7002201 -0.5936075 -0.3966449 0.7002087 -0.5936166 0.07732707 0.9180918 -0.388752 0.1098412 0.8264423 -0.552203 -0.5936139 0.7002111 -0.3966447 -0.593608 0.7002207 -0.3966366 -0.3887491 0.9180933 -0.07732415 -0.5522136 0.8264343 -0.1098481 -0.552206 0.8264412 -0.1098337 -0.7002133 0.7002164 -0.1392778 -0.7002174 0.7002099 -0.1392903 -0.3887546 0.9180909 -0.07732427 0.2201922 0.9180945 -0.3295724 -0.3887515 0.9180921 0.07732576 -0.3887478 0.9180938 0.07732468 -0.3295612 0.918094 0.2202114 -0.3295882 0.9180827 0.2202182 -0.2201995 0.9180935 0.3295701 -0.2202179 0.9180843 0.3295834 -0.07732719 0.9180881 0.3887605 -0.07733333 0.9180906 0.3887537 0.07733356 0.9180899 0.388755 0.07732772 0.9180871 0.3887631 0.2202147 0.9180924 0.3295632 0.2202216 0.9180846 0.3295802 0.3295725 0.9180886 0.2202169 0.3295755 0.918092 0.2201979 0.3887498 0.9180911 0.0773462 0.3887538 0.9180902 0.07733696 0.3887519 0.9180909 -0.07733952 0.38875 0.9180912 -0.07734328 0.3295679 0.9180947 -0.220198 0.3295862 0.9180836 -0.2202168 0.2202126 0.9180898 -0.329572 -0.163168 0.5481169 -0.8203318 -0.1392833 0.7002159 -0.7002128 -0.4646828 0.5481216 -0.695437 -0.464683 0.5481191 -0.6954389 0.1392856 0.7002117 -0.7002165 0.1098452 0.8264396 -0.5522063 -0.6954393 0.5481204 -0.4646807 -0.695441 0.54811 -0.4646906 0.3128032 0.8264364 -0.4681422 -0.8203336 0.5481086 -0.1631863 -0.8203235 0.5481297 -0.1631658 -0.5522049 0.8264403 0.1098471 -0.552213 0.8264362 0.1098371 -0.7002158 0.7002127 0.1392839 -0.7002093 0.7002187 0.1392865 -0.8203213 0.5481283 0.1631822 -0.8203351 0.5481107 0.1631723 -0.4681452 0.8264355 0.3128012 -0.4681353 0.8264381 0.3128088 -0.3128001 0.8264378 0.4681417 -0.3127917 0.826439 0.4681453 -0.1098392 0.8264392 0.5522081 -0.1098431 0.8264419 0.5522034 0.1098444 0.8264421 0.5522026 0.1098408 0.8264439 0.5522006 0.3128 0.8264369 0.4681434 0.3128054 0.8264439 0.4681276 0.4681331 0.8264425 0.3128007 0.468129 0.8264426 0.3128064 0.5522022 0.8264439 0.1098334 0.5522104 0.826435 0.1098595 0.5522148 0.8264343 -0.1098427 0.5521948 0.8264473 -0.1098442 0.4681317 0.8264446 -0.3127972 0.4681445 0.8264377 -0.3127962 0.3127996 0.8264384 -0.468141 -0.1807498 0.3763853 -0.9086604 -0.1631743 0.5481286 -0.8203226 -0.5147171 0.3763864 -0.7703243 -0.5147167 0.37639 -0.7703229 0.1631753 0.5481246 -0.8203251 0.1392834 0.7002155 -0.7002131 -0.7703238 0.3763949 -0.5147119 -0.7703183 0.3763985 -0.5147172 0.3966417 0.7002145 -0.5936119 -0.9086557 0.3764022 -0.1807384 -0.9086662 0.3763682 -0.1807563 -0.9086688 0.3763699 0.1807395 -0.9086519 0.3764022 0.1807572 -0.5936127 0.7002149 0.3966398 -0.5936151 0.700212 0.3966414 -0.6954434 0.5481129 0.4646835 -0.6954397 0.5481194 0.4646815 -0.7703231 0.3763946 0.5147131 -0.7703265 0.3763918 0.5147101 -0.3966397 0.7002178 0.5936095 -0.3966366 0.7002207 0.593608 -0.1392824 0.7002153 0.7002134 -0.1392828 0.7002183 0.7002105 0.1392832 0.7002163 0.7002124 0.1392837 0.700214 0.7002145 0.3966338 0.7002182 0.593613 0.3966349 0.7002176 0.5936129 0.5936182 0.7002151 0.396631 0.593617 0.7002011 0.3966578 0.7002234 0.7002017 0.1393012 0.7002077 0.7002227 0.1392744 0.7002075 0.7002198 -0.1392906 0.7002313 0.7001973 -0.1392837 0.5936245 0.7002051 -0.3966394 0.5936045 0.7002165 -0.3966494 0.3966367 0.7002126 -0.5936174 -0.1807447 0.3763832 -0.9086623 -0.1914863 0.1914727 -0.9626377 -0.5452897 0.1914709 -0.8160871 -0.5452939 0.1914823 -0.8160815 0.1807498 0.3763847 -0.9086606 0.1631804 0.5481224 -0.8203257 -0.8160851 0.1914833 -0.5452884 -0.816085 0.1914657 -0.5452946 0.4646762 0.5481261 -0.6954379 -0.9626383 0.1914659 -0.1914897 -0.9626355 0.1914948 -0.1914749 -0.9626319 0.1914951 0.1914927 -0.9626411 0.1914647 0.1914771 -0.8160865 0.1914663 0.5452923 -0.8160893 0.1914815 0.5452826 -0.4646747 0.5481234 0.695441 -0.4646785 0.5481196 0.6954414 -0.5147086 0.3763888 0.7703289 -0.514718 0.3763895 0.7703222 -0.5452864 0.1914814 0.8160868 -0.545292 0.1914789 0.8160836 -0.1631748 0.548115 0.8203316 -0.1631747 0.5481258 0.8203245 0.1631747 0.5481258 0.8203245 0.1631762 0.5481171 0.82033 0.4646736 0.5481262 0.6954395 0.464681 0.5481245 0.6954359 0.6954383 0.5481224 0.4646801 0.695441 0.5481345 0.4646618 0.8203206 0.5481341 0.1631669 0.8203368 0.5481015 0.1631945 0.8203382 0.5481063 -0.1631709 0.8203179 0.5481321 -0.1631862 0.6954324 0.5481301 -0.4646797 0.695448 0.5481215 -0.4646665 0.46468 0.5481192 -0.6954408 0.1807504 0.3763953 -0.9086561 -0.1914789 0.1914747 -0.9626387 0.1914874 0.1914738 -0.9626373 0.1914788 0.1914749 -0.9626387 -0.5550456 0.04364776 -0.8306741 -0.1949031 0.04364353 -0.9798511 -0.1949024 0.04360103 -0.9798531 -0.5550467 0.0436092 -0.8306754 -0.8306778 0.04359209 -0.5550445 0.5147096 0.3763887 -0.7703284 -0.9798474 0.04366427 -0.1949167 -0.8306801 0.04366058 -0.5550355 -0.9798501 0.04359048 0.1949196 -0.9798533 0.04358822 -0.1949039 -0.8306818 0.04364848 0.5550339 -0.9798499 0.04365986 0.1949052 -0.5550433 0.0435844 0.8306789 -0.8306875 0.04358333 0.5550305 -0.1807442 0.3763889 0.9086599 -0.1914787 0.1914824 0.9626372 -0.1807447 0.3763837 0.9086621 -0.1914821 0.1914827 0.9626364 -0.194902 0.0435965 0.9798533 -0.5550395 0.04360723 0.8306802 0.1807464 0.3763855 0.908661 0.1807444 0.376388 0.9086604 0.5147135 0.3763825 0.7703287 0.5147138 0.3763917 0.7703239 0.7703291 0.3763951 0.5147038 0.7703242 0.3763907 0.514714 0.9086586 0.3763926 0.1807435 0.9086582 0.3763967 0.1807369 0.9086574 0.3763979 -0.1807388 0.9086579 0.3763971 -0.1807385 0.7703197 0.3764027 -0.5147123 0.7703235 0.3763957 -0.5147117 0.5147191 0.376393 -0.7703199 0.5452899 0.1914772 -0.8160855 0.1949016 0.04363471 -0.9798518 0.1949057 0.04360324 -0.9798524 0.5452937 0.1914747 -0.8160836 0.5550421 0.04364168 -0.8306766 0.5550423 0.04361522 -0.830678 -0.5555757 0 -0.831466 -0.2902791 0 -0.956942 -0.2902888 0 -0.9569391 0 -1 5.29576e-7 0 -1 1.779e-6 -0.5555623 0 -0.831475 -0.8314693 0 -0.5555708 -0.9807861 0 -0.1950865 -0.8314644 0 -0.5555781 -0.9807859 0 0.1950876 -0.9807855 0 -0.1950896 -0.9807848 0 0.1950926 -0.8314644 0 0.5555781 -0.5555794 0 0.8314636 -0.831466 0 0.5555757 0.1914822 0.1914822 0.9626366 0.1914801 0.191485 0.9626364 0.1949042 0.04360044 0.9798528 -0.2324372 0.5990681 0.7662184 -0.09792882 0.04423964 0.9942097 -0.5555659 0 0.8314725 -0.2902926 0 0.956938 0.5452896 0.1914821 0.8160846 0.5452893 0.1914723 0.8160871 0.8160883 0.1914691 0.5452887 0.8160879 0.1914665 0.5452899 0.9626385 0.1914702 0.1914845 0.9626371 0.1914832 0.1914782 0.9626371 0.1914785 -0.1914833 0.9626405 0.19147 -0.1914749 0.8160852 0.1914691 -0.5452932 0.816085 0.1914657 -0.5452946 0.8306739 0.04360419 -0.5550493 0.83068 0.04364049 -0.5550374 -0.5550215 -0.04364401 -0.8306903 -0.5550541 -0.04361051 -0.8306702 -0.1949071 -0.04364252 -0.9798502 -5.93407e-7 -1 0 0 1 -1.77874e-6 1.84449e-7 -1 0 -1.46298e-6 -1 3.34206e-6 6.62731e-7 -1 1.33633e-6 0 -1 3.55801e-6 -0.8306803 -0.04359012 -0.5550408 -0.8306792 -0.04365652 -0.5550371 -0.979847 -0.04366695 -0.1949182 -0.9798538 -0.04358881 -0.1949017 -0.979852 -0.04359132 0.1949099 -0.9798488 -0.04365783 0.194911 -0.8306887 -0.04365187 0.5550234 -0.8306731 -0.04357171 0.5550531 -0.5550564 -0.04356217 0.8306712 -0.5550293 -0.04360955 0.830687 0.5550556 0.04360646 0.8306695 0.1949093 0.04359912 0.9798518 -0.2902791 0 0.956942 -0.2900039 -0.04423886 0.9560024 0.8306848 0.04361933 0.5550318 0.5550383 0.04362565 0.8306801 0.9798508 0.04360955 0.1949117 0.8306816 0.04361289 0.555037 0.9798502 0.04364168 -0.1949079 0.97985 0.04362291 0.194913 0.9798516 0.04359167 -0.1949118 -0.1914823 -0.1914784 -0.9626373 -0.191486 -0.1914724 -0.9626379 -0.5452883 -0.1914714 -0.8160879 -0.5452902 -0.1914864 -0.8160831 -0.1949024 -0.04360044 -0.9798531 -0.8160812 -0.1914845 -0.5452937 -0.8160887 -0.1914697 -0.5452876 0.1949057 -0.04360383 -0.9798524 -0.1812516 -0.3699175 0.9112129 -0.09791523 -0.04424107 0.994211 0 1 1.77874e-6 0 1 2.67586e-6 0 1 -2.90853e-6 0 1 2.90855e-6 0 1 -2.67589e-6 -0.9626412 -0.1914657 -0.1914756 -0.9626327 -0.191497 -0.1914875 -0.9626352 -0.1914967 0.1914744 -0.9626378 -0.1914662 0.1914924 -0.8160889 -0.1914654 0.5452889 -0.8160848 -0.1914857 0.5452882 -0.5452937 -0.1914847 0.8160812 -0.5452823 -0.1914788 0.8160902 -0.1914802 -0.1914802 0.9626374 0.1949063 -0.04363483 -0.9798508 0.1914823 -0.1914787 -0.9626373 -0.1807447 -0.3763845 -0.9086617 -0.1807494 -0.3763839 -0.908661 0.1807464 -0.3763855 -0.908661 0.1914881 -0.1914745 -0.962637 -0.5147138 -0.3763864 -0.7703266 -0.5147199 -0.3763898 -0.7703209 -0.7703243 -0.3763934 -0.5147122 -0.770321 -0.3763984 -0.5147133 -0.9086523 -0.3764029 -0.1807535 -0.9086684 -0.3763702 -0.180741 0.5550381 -0.04361355 -0.8306807 -0.1914812 -0.1914806 0.9626371 0.1914831 -0.1914818 0.9626365 0.1914804 -0.1914816 0.962637 0.1949049 -0.04360407 0.9798524 0.1949057 -0.04359954 0.9798526 0.8306878 -0.04363971 -0.5550256 0.5550376 -0.04364097 -0.8306797 0.9798516 -0.04358756 -0.1949133 0.8306717 -0.04360693 -0.5550523 0.9798501 -0.04362368 0.1949121 0.9798504 -0.0436424 -0.1949068 0.8306716 -0.04361462 0.5550521 0.9798513 -0.04360854 0.1949098 0.555029 -0.04362243 0.8306865 0.8306896 -0.04362601 0.5550241 0.5550583 -0.04360944 0.8306676 -0.9086648 -0.3763698 0.1807598 -0.908657 -0.3763998 0.1807371 -0.7703257 -0.3763942 0.5147096 -0.7703251 -0.3763956 0.5147094 -0.5147096 -0.3763887 0.7703284 -0.5147165 -0.3763896 0.7703232 -0.1807446 -0.3763886 0.9086601 0.5452913 -0.1914772 -0.8160846 -0.163169 -0.5481273 -0.8203246 -0.1631787 -0.548119 -0.8203283 0.1631782 -0.5481232 -0.8203255 0.1807498 -0.3763841 -0.9086608 -0.4646846 -0.5481225 -0.6954351 -0.4646843 -0.5481142 -0.6954419 0.5452879 -0.191475 -0.8160873 0.514714 -0.3763804 -0.7703295 -0.6954397 -0.5481212 -0.4646795 -0.6954445 -0.548111 -0.4646842 -0.8203389 -0.548105 -0.1631722 -0.8203213 -0.5481274 -0.1631852 -0.8203246 -0.5481273 0.163169 -0.8203333 -0.5481083 0.1631889 -0.1807447 -0.3763845 0.9086617 0.1807446 -0.3763851 0.9086615 0.1807462 -0.3763881 0.9086599 0.51471 -0.376381 0.7703317 0.5147103 -0.3763813 0.7703314 0.5452903 -0.191484 0.8160836 0.5452868 -0.1914668 0.81609 0.8160867 -0.1914693 -0.545291 0.9626385 -0.1914715 -0.1914834 0.8160839 -0.1914678 -0.5452955 0.9626364 -0.1914803 0.1914851 0.9626383 -0.1914805 -0.1914755 0.8160857 -0.1914752 0.5452904 0.9626386 -0.1914746 0.1914795 0.816091 -0.1914622 0.545287 -0.6954444 -0.5481125 0.4646826 -0.6954411 -0.5481203 0.4646783 -0.4646806 -0.5481179 0.6954415 -0.4646796 -0.5481202 0.6954403 -0.1631793 -0.5481168 0.8203296 -0.1392847 -0.7002168 -0.7002116 -0.1392764 -0.7002208 -0.7002092 0.1392776 -0.7002145 -0.7002153 0.163175 -0.5481268 -0.8203238 -0.3966298 -0.7002238 -0.593609 -0.3966432 -0.7002164 -0.5936086 0.4646791 -0.548132 -0.6954314 0.5147172 -0.3763877 -0.7703238 -0.5936123 -0.7002149 -0.3966403 -0.5936075 -0.700219 -0.3966404 0.7703238 -0.3763949 -0.5147119 -0.7002098 -0.7002196 -0.1392795 -0.7002131 -0.7002162 -0.1392803 -0.7002152 -0.7002133 0.1392839 -0.7002084 -0.7002208 0.1392806 -0.5936079 -0.70022 0.3966378 -0.5936088 -0.7002186 0.3966392 -0.1631693 -0.5481246 0.8203263 0.1631714 -0.5481275 0.820324 0.1631776 -0.5481117 0.8203333 0.464677 -0.548124 0.6954391 0.4646759 -0.5481269 0.6954374 0.6954295 -0.5481346 0.4646788 0.6954528 -0.5481079 0.4646753 0.7703317 -0.3763836 0.5147082 0.7703278 -0.376392 0.5147079 0.9086578 -0.3763981 -0.1807363 0.7703197 -0.3764019 -0.5147128 0.9086578 -0.3763973 0.1807383 0.9086576 -0.376397 -0.1807398 0.9086585 -0.3763942 0.180741 -0.3966412 -0.7002154 0.5936111 -0.3966372 -0.7002197 0.5936088 -0.1392772 -0.7002165 0.7002134 -0.1098402 -0.8264389 -0.5522083 -0.1098474 -0.8264392 -0.5522063 0.1098487 -0.8264399 -0.5522052 0.139286 -0.7002174 -0.7002108 -0.3127946 -0.8264353 -0.4681497 -0.3128041 -0.8264362 -0.4681419 0.3966388 -0.7002193 -0.5936082 0.4646814 -0.5481157 -0.6954426 -0.4681375 -0.8264357 -0.312812 -0.468142 -0.826435 -0.3128072 0.6954386 -0.5481172 -0.4646857 -0.5522128 -0.8264361 -0.1098386 -0.5522094 -0.826439 -0.1098332 -0.5522067 -0.8264397 0.1098425 -0.5522149 -0.8264345 0.1098408 -0.4681423 -0.8264338 0.3128101 -0.4681448 -0.8264338 0.312806 -0.312797 -0.8264325 0.4681532 -0.3128055 -0.8264409 0.4681327 -0.1392769 -0.7002197 0.7002103 0.1392785 -0.7002186 0.700211 0.1392773 -0.7002157 0.7002142 0.3966425 -0.7002195 0.5936054 0.3966304 -0.7002217 0.593611 0.5936022 -0.7002227 0.3966416 0.5936048 -0.70022 0.3966427 0.7002097 -0.700221 0.1392729 0.7002055 -0.7002241 0.1392787 0.820338 -0.5481054 0.1631748 0.8203393 -0.5481043 0.1631726 0.8203365 -0.5481078 -0.1631747 0.6954467 -0.5481082 -0.4646841 0.8203405 -0.5481029 -0.1631709 -0.1098355 -0.8264417 0.5522052 -0.07732766 -0.9180679 -0.388808 -0.0773437 -0.9180567 -0.3888314 0.07733726 -0.9180634 -0.388817 0.1098412 -0.8264354 -0.5522132 -0.2202509 -0.9180636 -0.3296192 -0.2202398 -0.9180667 -0.3296179 0.3128011 -0.8264366 -0.4681432 0.3966313 -0.7002208 -0.5936114 -0.329621 -0.9180632 -0.2202498 0.5936022 -0.7002232 -0.396641 -0.3296139 -0.9180671 -0.2202444 -0.3888056 -0.9180687 -0.07733112 -0.388811 -0.9180664 -0.0773319 -0.3888114 -0.9180669 0.07732343 -0.3888061 -0.9180679 0.07733923 -0.3296145 -0.9180678 0.2202404 -0.3296171 -0.9180643 0.2202512 -0.2202422 -0.9180672 0.329615 -0.2202467 -0.9180603 0.3296312 -0.0773434 -0.9180613 0.388821 -0.1098406 -0.8264374 0.5522103 0.1098402 -0.8264322 0.5522183 0.1098377 -0.8264452 0.5521993 0.3128062 -0.8264371 0.468139 0.3128045 -0.8264389 0.468137 0.4681447 -0.8264356 0.3128015 0.4681326 -0.8264424 0.3128016 0.5521955 -0.8264458 0.109853 0.5522149 -0.8264345 0.1098408 0.5522165 -0.8264315 -0.1098551 0.5521997 -0.8264472 -0.1098214 0.7002041 -0.7002272 -0.1392701 0.7002118 -0.700218 -0.1392775 0.5936058 -0.7002172 -0.396646 0.04225146 -0.9762617 -0.2124336 0.0773397 -0.9180639 -0.3888152 -0.04224997 -0.9762634 -0.2124262 -0.120343 -0.9762624 -0.1800813 -0.1203333 -0.9762627 -0.1800867 -0.04224759 -0.9762651 -0.2124184 0.2202453 -0.9180626 -0.329626 0.3128069 -0.8264362 -0.46814 -0.1800751 -0.9762668 -0.1203172 -0.1800891 -0.976263 -0.1203271 0.4681347 -0.8264362 -0.3128149 -0.2124208 -0.9762639 -0.0422635 -0.2124301 -0.9762619 -0.04226386 -0.2124382 -0.97626 0.04226696 -0.2124265 -0.9762627 0.04226452 -0.1800903 -0.9762637 0.1203201 -0.1800844 -0.9762639 0.1203262 -0.1203339 -0.9762591 0.1801055 -0.1203317 -0.9762633 0.1800843 -0.07734876 -0.9180628 0.3888162 -0.04225432 -0.9762621 0.212431 0.07734906 -0.918062 0.3888177 0.07734328 -0.9180626 0.3888176 0.2202516 -0.9180663 0.3296113 0.2202479 -0.9180637 0.3296211 0.329611 -0.9180666 0.2202513 0.3296291 -0.9180623 0.2202414 0.3888242 -0.9180597 0.0773459 0.3888056 -0.9180668 0.07735395 0.3888146 -0.9180648 -0.07733339 0.3888136 -0.9180629 -0.07736033 0.3296219 -0.9180618 -0.2202542 0.329625 -0.918064 -0.2202406 0.4681318 -0.8264448 -0.3127963 0.04224658 -0.9762685 -0.2124026 0.009755671 -0.9987471 -0.04908329 -0.00975579 -0.9987471 -0.04908388 0.1203342 -0.976261 -0.1800946 0.2202442 -0.9180688 -0.3296092 -0.02779686 -0.9987478 -0.04159832 -0.041597 -0.9987475 -0.0278052 -0.04906404 -0.9987483 -0.009737074 -0.04906737 -0.9987481 0.00973773 -0.04159468 -0.9987476 0.02780574 -0.02779775 -0.9987476 0.04159969 -0.04226744 -0.9762663 0.2124093 -0.009759068 -0.9987469 0.04908478 0.04226803 -0.9762655 0.2124125 0.04225432 -0.9762621 0.212431 0.1203445 -0.9762598 0.1800944 0.1203317 -0.9762636 0.1800826 0.1800764 -0.9762631 0.1203451 0.1800878 -0.9762626 0.120333 0.2124183 -0.9762656 0.04223752 0.2124308 -0.976262 0.04225564 0.2124221 -0.9762649 -0.042234 0.2124274 -0.9762629 -0.04225492 0.1800897 -0.9762605 -0.1203468 0.1800836 -0.9762633 -0.1203324 0.1203445 -0.9762658 -0.1800619 0.02779656 -0.9987478 -0.0415979 0.009759008 -0.9987471 0.04908466 0.02779763 -0.9987477 0.04159945 0.04159545 -0.998748 0.02779394 0.04906886 -0.9987478 0.009756505 0.04906582 -0.998748 -0.009755909 0.04159778 -0.9987478 -0.0277934 -0.0233941 0.5736761 0.8187481 -0.02339339 0.5736661 0.8187551 -0.1163132 0.8289653 0.547072 -0.1456835 0.5375455 0.8305549 -0.2399442 0.7965217 0.5549595 -0.2399436 0.7965258 0.554954 0.09801483 0.2401143 0.9657838 0.09801703 0.2401056 0.9657857 -0.1456864 0.5375486 0.8305523 -0.02253407 0.1991818 0.9797036 -0.02252268 0.1991809 0.9797039 0.9397009 0.3419977 0 0.9396891 0.3420299 -4.39002e-6 -0.1163097 0.8289684 0.5470681 0.9396932 0.3420186 8.46655e-6 -0.1665989 0.96713 0.1921054 -0.2909527 0.9366797 0.194879 -0.2909537 0.9366796 0.1948775 -0.2302662 0.506869 0.8306993 -0.3245424 0.7658883 0.5550562 -0.3245412 0.7658871 0.5550586 -0.3755668 0.9060683 0.1949096 -0.3755617 0.9060705 0.1949096 0.1107744 -0.1670691 0.9797025 0.2294254 -0.1209337 0.9657842 0.9396948 0.3420143 0 0.2294223 -0.1209307 0.9657853 -0.1070874 0.1684366 0.9798783 -0.2302662 0.5068624 0.8307033 -0.1070913 0.1684403 0.9798772 0.02623552 -0.1978676 0.9798777 0.02623516 -0.1978638 0.9798784 0.1107738 -0.1670588 0.9797043 0.9396921 0.3420218 -2.50859e-6 0.9396914 0.3420236 -5.01717e-6 0.939688 0.3420328 4.70363e-6 0.939695 0.3420138 1.88146e-6 0.9396924 0.3420209 -1.25431e-6 0.9396885 0.3420315 3.76289e-6 0.9396914 0.3420239 -8.46656e-6 0.9396944 0.3420154 -7.52586e-6 0.9396912 0.3420242 3.76292e-6 0.9396885 0.3420315 -3.76289e-6 0.9397017 0.3419952 -6.27155e-7 0.9396944 0.3420154 7.52586e-6 -0.1665986 0.96713 0.1921057 -0.1665989 0.96713 -0.1921054 -0.2909502 0.9366812 -0.1948748 -0.2909559 0.9366794 -0.1948755 -0.375565 0.9060693 -0.1949087 -0.375565 0.9060689 -0.1949105 -0.9396923 -0.3420212 -5.05151e-6 -0.9396936 -0.3420176 -3.03095e-6 -0.9396905 -0.342026 -5.89342e-7 -0.9396907 -0.3420256 5.89342e-7 0.3508282 -0.4544841 0.8187575 0.3508301 -0.4544948 0.8187507 0.2339261 -0.5054259 0.830556 -0.9396884 -0.342032 0 -0.9396965 -0.3420096 0 0.149415 -0.5362992 0.8306976 0.1494113 -0.5362918 0.8307031 -0.9396893 -0.3420292 -2.02061e-6 0.233928 -0.5054284 0.8305539 0.4437491 -0.7097841 0.5470771 0.4437461 -0.7097923 0.547069 0.4940359 -0.8479521 0.1921085 0.4940344 -0.8479536 0.1921064 0.4940348 -0.8479535 -0.1921057 0.4940332 -0.8479543 -0.192106 0.4437462 -0.7097886 -0.5470735 0.4437482 -0.7097889 -0.5470715 0.3508284 -0.4544904 -0.8187539 0.3508281 -0.4544946 -0.8187517 0.2294188 -0.1209335 -0.9657858 0.2294307 -0.1209318 -0.9657831 0.09801852 0.2401085 -0.9657848 0.09801495 0.2401092 -0.965785 -0.02338868 0.5736703 -0.8187524 -0.02339297 0.5736654 -0.8187557 -0.116311 0.8289683 -0.547068 -0.1163126 0.8289638 -0.5470746 -0.1665993 0.9671298 -0.1921057 -0.2399432 0.796523 -0.5549579 -0.2399418 0.7965217 -0.5549606 -0.3245406 0.7658894 -0.5550559 -0.3245412 0.7658866 -0.5550591 -0.939694 -0.3420165 5.05152e-6 -0.9396963 -0.34201 -7.40899e-6 -0.9396923 -0.3420212 -9.26111e-6 -0.9396905 -0.342026 1.07765e-5 -0.9396948 -0.3420143 -1.01031e-6 -0.939687 -0.3420355 -1.68383e-6 -0.9397001 -0.3419995 0 -0.9396926 -0.3420204 0 -0.9396893 -0.3420292 -3.70444e-6 0.3281904 -0.7644007 0.5549618 0.2436889 -0.7953182 0.5550538 0.2436878 -0.7953168 0.5550563 0.328189 -0.7644074 0.5549535 0.3791994 -0.9045621 0.1948727 0.379201 -0.9045609 0.194875 0.3792037 -0.9045603 -0.194873 0.3792028 -0.9045612 -0.1948697 0.3281901 -0.7644039 -0.5549576 0.3281919 -0.7644042 -0.5549561 0.2339302 -0.5054294 -0.8305528 0.2339312 -0.5054281 -0.8305532 0.1107741 -0.1670649 -0.9797033 0.1107751 -0.1670634 -0.9797035 -0.02253216 0.199184 -0.979703 -0.02252435 0.1991809 -0.9797039 -0.1456817 0.5375456 -0.8305551 -0.1456853 0.5375527 -0.8305498 -0.2302663 0.5068666 -0.8307008 -0.2302681 0.506871 -0.8306975 0.2947103 -0.9354954 0.1949211 0.29471 -0.9354977 0.194911 0.2947109 -0.935497 -0.1949124 0.2947109 -0.9354977 -0.1949095 0.24369 -0.7953189 -0.5550525 0.2436894 -0.7953183 -0.5550535 0.1494128 -0.536296 -0.8307001 0.1494112 -0.536292 -0.8307028 0.0262379 -0.197874 -0.9798763 0.02623659 -0.1978698 -0.9798771 -0.1070912 0.1684431 -0.9798768 -0.1070874 0.1684389 -0.979878 0.2007768 -0.817682 -0.5395228 0.2007713 -0.8176836 -0.5395225 0.2241005 -0.9126788 -0.3417549 0.2240941 -0.9126787 -0.3417593 -0.2007751 -0.8176906 -0.5395106 -0.2240949 -0.9126816 -0.3417512 -0.2241046 -0.9126732 -0.3417673 -0.1699858 -0.6922804 -0.7013222 0.1699861 -0.6922895 -0.7013131 0.1699873 -0.6922689 -0.7013331 -0.200776 -0.8176878 -0.5395145 0.4678379 -0.5671974 -0.6778015 0.46784 -0.567211 -0.6777886 0.5455238 -0.6613823 -0.5147594 0.5455238 -0.6613811 -0.5147611 0.6022983 -0.7302104 -0.3225361 0.6323677 -0.7666589 -0.1111103 0.6022893 -0.7302182 -0.3225355 0.2367743 -0.9643129 -0.1184848 0.2367768 -0.9643132 -0.1184775 -0.236784 -0.9643099 -0.1184891 -0.5455203 -0.6613926 -0.5147499 -0.6022928 -0.7302199 -0.3225252 -0.6022967 -0.730212 -0.3225356 -0.6323624 -0.766663 -0.1111109 -0.6323563 -0.7666661 -0.1111249 -0.2367815 -0.9643112 -0.1184842 0.134701 -0.5486065 -0.8251585 -0.1699855 -0.692287 -0.7013158 -0.1347017 -0.5485994 -0.8251632 -0.1346999 -0.5485929 -0.8251677 -0.5455188 -0.6613764 -0.5147723 -0.4678425 -0.5671916 -0.6778032 0.1347008 -0.548584 -0.8251735 0.3753694 -0.4551005 -0.8074537 0.3753745 -0.4550876 -0.8074586 0.6696369 -0.3624621 -0.6482343 0.5456299 -0.2953616 -0.784251 0.5456542 -0.2953422 -0.7842413 0.6696192 -0.3624675 -0.6482497 0.7691065 -0.4163194 -0.4849263 0.7691085 -0.4163234 -0.4849196 0.8388778 -0.4540719 -0.3001712 0.6323606 -0.7666608 -0.1111372 0 1.63683e-6 1 -3.95303e-6 0 1 0.8747734 -0.473516 -0.1027336 0.8388755 -0.4540789 -0.3001673 -3.38831e-6 0 1 -0.7691111 -0.416295 -0.4849399 -0.8388867 -0.4540577 -0.3001679 -0.8388761 -0.4540831 -0.3001595 -0.8747744 -0.4735209 -0.102702 -0.8747822 -0.4735061 -0.1027055 0 0 1 1.72345e-6 0 1 -0.09710854 -0.3954761 -0.9133284 0.09710961 -0.3954865 -0.9133237 -0.3753786 -0.4550964 -0.8074517 -0.4678411 -0.5672013 -0.677796 -0.3753721 -0.4550862 -0.8074604 -0.2734013 -0.3314574 -0.9029883 -0.09711021 -0.3954732 -0.9133295 -0.669632 -0.362458 -0.6482416 -0.7691126 -0.4163227 -0.4849136 0.2733865 -0.3314794 -0.9029846 0.2734044 -0.331466 -0.9029842 0.09711468 -0.395473 -0.913329 0.4028202 -0.2180421 -0.8889283 0.4028065 -0.2180346 -0.8889364 0.6311144 -0.1016907 -0.7689953 0.6311109 -0.1016999 -0.7689969 0.7670664 -0.1236163 -0.6295461 0.4700356 -0.0757355 -0.8793923 0.4700403 -0.07574021 -0.8793893 0.7670735 -0.1235921 -0.6295421 0.873153 -0.1406998 -0.4666984 0.9457614 -0.1524006 -0.2868964 0.873156 -0.140702 -0.4666922 0.8747759 -0.4735144 -0.1027199 -1.72343e-6 9.2546e-7 1 0 2.70607e-7 1 0 0 1 -1.24568e-6 -1.01827e-6 1 0.9825314 -0.1583194 -0.09781146 0.9457601 -0.152404 -0.2868986 -0.8731541 -0.1406874 -0.4667001 -0.9457616 -0.1524006 -0.2868955 -0.9457601 -0.152404 -0.2868986 -0.9825308 -0.1583374 -0.09778767 -0.9825341 -0.1583133 -0.09779429 0.04930329 -0.2007828 -0.9783944 -0.04930692 -0.2007899 -0.9783927 -0.6696269 -0.3624761 -0.6482368 -0.5456368 -0.295352 -0.7842499 -0.5456325 -0.2953387 -0.7842578 -0.4028152 -0.2180393 -0.8889313 -0.2734003 -0.3314853 -0.9029784 -0.1449103 -0.1756799 -0.9737235 -0.04091459 -0.2057096 -0.9777575 -0.7670831 -0.1236109 -0.6295267 -0.873151 -0.1406994 -0.4667022 0.1219796 -0.1825226 -0.9756058 0.1493524 -0.1810827 -0.9720612 0.04091548 -0.2057307 -0.9777529 0.2088909 -0.1395716 -0.9679279 0.237468 -0.1285327 -0.9628543 0.2804722 -0.05580854 -0.9582384 0.2899907 -0.04672455 -0.9558882 0.4710603 0.03759336 -0.8812996 0.6335876 0.05056333 -0.7720169 0.6335825 0.05055254 -0.772022 0.7715319 0.061535 -0.6332077 0.7715329 0.06159293 -0.6332008 0.471075 0.03757166 -0.8812928 0.2902201 0.02315872 -0.9566797 0.8797549 0.07017832 -0.4702196 0.8797479 0.07024204 -0.4702231 0.9541609 0.0761469 -0.2894458 0.9541657 0.07614302 -0.2894309 0.9825346 -0.1583134 -0.09778863 -0.9919606 0.0791434 -0.09874486 -0.991962 0.0791471 -0.09872806 0.991965 0.0791127 -0.09872502 7.85035e-7 -1 0 7.85034e-7 -1 0 -0.9662367 0.2374521 -0.1000161 -0.9662382 0.2374404 -0.1000304 -0.9711029 0.2386613 0 -0.9711043 0.2386555 0 0.9919579 0.0791766 -0.09874618 0.9662355 0.2374512 -0.1000301 0.9711144 0.2386145 0 0.9711072 0.2386437 0 -0.8797507 0.07017791 -0.4702275 -0.8797484 0.07017922 -0.4702317 -0.9541621 0.07611459 -0.2894498 -0.9541623 0.07614684 -0.2894407 0 0 -1 -7.9405e-6 0 -1 -0.7670885 -0.1236066 -0.6295211 -0.6310951 -0.1016998 -0.76901 -0.6311057 -0.1016893 -0.7690027 -0.4700379 -0.07573986 -0.8793907 -0.4028129 -0.2180429 -0.8889315 -0.2300264 -0.1245011 -0.9651877 -0.1298426 -0.1943468 -0.9723016 -0.7715467 0.06156671 -0.6331866 -0.7715458 0.06155568 -0.6331888 -1.03148e-5 0 -1 0.2877413 0.02835494 -0.9572885 0.4542722 0.1116194 -0.8838427 0.6124343 0.150516 -0.7760601 0.6124427 0.1504659 -0.7760631 0.747676 0.1837311 -0.6381407 0.7476728 0.183723 -0.6381468 0.8545534 0.2099903 -0.4750187 0.8545604 0.2099839 -0.4750087 0.4542673 0.1116322 -0.8838437 0.2765232 0.06794458 -0.9586024 0.9285169 0.2281676 -0.2929094 0.9285139 0.2281644 -0.2929216 0.9662457 0.2374079 -0.1000347 -0.9285126 0.2281662 -0.2929244 0.9919607 0.07914316 0.09874463 0.9662385 0.2374392 0.1000289 0.9662419 0.2374225 0.1000367 -2.47881e-6 0 -1 2.97303e-7 0 -1 -0.9662359 0.2374498 0.1000285 -0.9919602 0.0791465 0.09874659 -0.9919624 0.079144 0.09872674 -0.8747822 0.4735061 -0.1027055 -0.8794292 0.4760298 0 -0.8747741 0.4735208 -0.102706 -0.83888 0.4540672 -0.3001725 -0.9285081 0.2281912 -0.2929192 -0.8747842 0.4735026 0.1027038 -0.9662392 0.2374413 0.1000171 -0.8794406 0.4760089 0 0.8747738 0.4735162 -0.1027295 0.8747699 0.4735272 -0.1027112 0.8794288 0.4760306 0 0.8747695 0.4735278 0.1027128 0.8747794 0.4735058 0.1027303 -0.8545536 0.2099902 -0.4750184 -0.7476869 0.1837314 -0.6381278 -0.8545553 0.2100139 -0.4750049 -1.07398e-5 0 -1 1.01583e-5 0 -1 7.98782e-6 0 -1 -8.08146e-6 0 -1 1.08298e-5 0 -1 -0.6335789 0.05054599 -0.7720252 -0.6335749 0.05055218 -0.7720281 -0.4700501 -0.07573378 -0.8793847 -0.4710719 0.03754621 -0.8812955 -0.286041 -0.046108 -0.9571074 -0.2243627 -0.1499316 -0.9629029 -0.6124308 0.1504961 -0.7760667 -0.7476814 0.1837489 -0.6381292 0.2660044 0.08071392 -0.9605868 0.5456429 0.2953687 -0.7842392 0.4028066 0.2180395 -0.8889352 0.4028109 0.218037 -0.8889339 0.669618 0.3624519 -0.6482595 0.545645 0.2953373 -0.7842497 0.6696334 0.3624752 -0.6482307 0.769118 0.4163091 -0.4849169 0.7691027 0.4163311 -0.4849224 0.8388791 0.4540686 -0.3001728 0.2243657 0.1499047 -0.9629064 0.2300244 0.1245082 -0.9651873 0.8388725 0.4540811 -0.3001723 0.9825349 -0.1583122 0.09778791 0.9919621 0.07914644 0.09872728 0.9541656 0.07614749 0.2894298 0.9285165 0.2281674 0.2929111 0.928514 0.2281656 0.2929204 0.8388736 0.4540779 0.3001738 2.26669e-6 0 -1 -2.04205e-6 0 -1 -5.66672e-7 0 -1 -0.9285238 0.2281403 0.2929089 -0.9285051 0.2281957 0.292925 -0.954164 0.07611441 0.2894439 -0.9541602 0.07614737 0.2894476 -0.9825332 -0.1583222 0.09778791 -0.9457609 -0.1524031 0.2868968 -0.9825322 -0.1583259 0.09779363 -0.636314 0.7714302 0 -0.6323605 0.7666643 -0.1111142 -0.6323579 0.7666646 -0.1111263 -0.6022981 0.7302138 -0.3225288 -0.8388816 0.454074 -0.3001576 -0.7691192 0.4163102 -0.4849142 -0.6362903 0.7714497 0 -0.6323633 0.766662 0.1111127 -0.8747806 0.4735088 0.1027057 -0.838877 0.4540835 0.3001563 -0.8388775 0.4540758 0.3001663 0.6323611 0.7666615 -0.1111284 0.6022889 0.7302151 -0.3225432 0.6022967 0.730212 -0.3225356 0.6323708 0.7666559 -0.1111129 0.6362875 0.7714521 0 0.6362972 0.771444 0 0.632365 0.7666615 0.1111074 0.632362 0.7666605 0.111131 0.8388756 0.4540748 0.3001731 0.60229 0.7302191 0.3225321 -0.6696355 0.36246 -0.6482369 -0.7691072 0.4163032 -0.4849391 -0.2722488 0.08256518 -0.9586781 -0.2892043 0.02306163 -0.9569896 -0.2901697 0.02859324 -0.9565479 -0.2738088 0.0672996 -0.9594267 -0.2089048 0.1396107 -0.9679193 -0.2374486 0.1285194 -0.9628608 0.1298611 0.1943327 -0.972302 0.1449003 0.1756971 -0.9737219 0.04091137 0.2057232 -0.9777547 -0.03996437 0.2008732 -0.9788017 0.04931169 0.2007793 -0.9783947 -0.04990291 0.2032248 -0.9778596 -0.1219512 0.1825193 -0.9756099 -0.1493534 0.1810791 -0.9720617 -0.2898141 -0.05762308 -0.9553468 -0.4542704 0.1116411 -0.8838409 -0.6124259 0.1505076 -0.7760683 -0.4710613 0.03760546 -0.8812986 -0.5456378 0.2953525 -0.7842489 -0.6696196 0.3624721 -0.6482466 0.3753734 0.4550929 -0.8074561 0.2733976 0.3314998 -0.9029738 0.2733967 0.3314568 -0.9029899 0.3753727 0.4551051 -0.8074496 0.4678403 0.5671941 -0.6778026 0.4678379 0.5672032 -0.6777966 0.5455301 0.6613725 -0.5147654 0.5455203 0.6613926 -0.5147499 0.8747776 -0.4735108 0.1027211 0.9825311 -0.1583207 0.09781223 0.9457609 -0.1524031 0.2868968 0.9457616 -0.1524006 0.2868955 0.9541607 0.07614219 0.2894472 0.8797489 0.07020604 0.4702266 0.8545596 0.2099815 0.4750113 0.8545528 0.2100172 0.4750078 0.7691207 0.416307 0.4849143 -0.2367858 -0.9643095 0.1184889 0.2367811 -0.9643114 0.1184829 0.2367743 -0.9643129 0.1184848 -0.6323524 -0.7666695 0.1111232 -0.236782 -0.9643111 0.1184842 -0.8747838 -0.4735026 0.1027055 -0.6323539 -0.7666705 0.1111086 -0.8747813 -0.4735081 0.1027038 0.6323487 -0.766671 0.1111342 0.8747775 -0.4735077 0.1027371 0.6323652 -0.7666605 0.1111121 -0.7691062 0.4163141 0.4849311 -0.7691216 0.416302 0.4849171 -0.8545501 0.2100144 0.4750139 -0.8545591 0.2099811 0.4750124 -0.8797516 0.07021021 0.4702209 -0.8797524 0.07014924 0.4702287 -0.9457661 -0.1523894 0.2868869 -0.8731554 -0.1406853 0.4666985 -0.838877 -0.4540835 0.3001563 -0.2367702 0.9643122 -0.1184985 -0.2384538 0.9711539 0 -0.2367835 0.9643124 -0.1184706 -0.2240961 0.912679 -0.3417574 -0.6022889 0.7302151 -0.3225432 -0.5455136 0.6613846 -0.5147673 -0.236773 0.9643115 0.118498 -0.6323549 0.766667 0.111127 -0.6022967 0.730212 0.3225356 -0.6022905 0.730217 0.3225359 -0.5455201 0.6613987 0.5147423 -0.5455275 0.6613762 0.5147634 0.2367722 0.9643137 -0.1184826 0.2241019 0.9126759 -0.3417618 0.2240929 0.9126816 -0.3417524 0.2007784 0.8176795 -0.5395258 0.2007742 0.8176869 -0.5395165 0.2367701 0.9643145 -0.1184799 0.2384536 0.9711539 0 0.2384538 0.9711539 0 0.2367735 0.9643136 0.1184802 0.2367725 0.9643129 0.1184889 0.6022909 0.7302111 0.3225485 0.2241013 0.9126759 0.3417623 0.7691045 0.4163303 0.4849198 0.545526 0.6613838 0.5147553 -0.5455262 0.6613854 -0.514753 -0.4678406 0.5671944 -0.6778022 -0.4542664 0.1116319 -0.8838441 -0.4028294 0.2180331 -0.8889264 -0.4028055 0.2180461 -0.8889341 -0.2734 0.3314795 -0.9029805 -0.27341 0.3314605 -0.9029845 0.09710758 0.3954629 -0.9133341 0.09710806 0.3954866 -0.9133238 -0.09711009 0.3954761 -0.9133282 -0.09710508 0.3954708 -0.9133309 -0.5456364 0.2953408 -0.7842543 -0.3753801 0.4550983 -0.8074501 -0.4678435 0.567198 -0.6777971 0.1347004 0.5486018 -0.8251618 0.134708 0.5485942 -0.8251655 0.1699861 0.6922789 -0.7013236 0.1699858 0.6922804 -0.7013222 0.8388725 -0.4540811 0.3001723 0.8388788 -0.4540724 0.3001678 0.7691056 -0.4163286 0.4849196 0.7691213 -0.4163064 0.4849138 0.8731523 -0.1407146 0.4666953 0.873159 -0.1406994 0.4666873 0.8797562 0.07021069 0.4702121 0.7715312 0.06159818 0.6332025 0.7476719 0.1837245 0.6381474 0.7476677 0.1837306 0.6381506 0.669614 0.3624572 0.6482607 0.2240973 -0.9126834 0.341745 -0.2241019 -0.9126783 0.3417552 -0.2241061 -0.9126761 0.3417586 0.2241052 -0.9126724 0.341769 0.6022959 -0.7302111 0.322539 -0.6022974 -0.7302129 0.3225322 -0.6022869 -0.7302225 0.3225303 -0.8388794 -0.4540768 0.3001595 0.6022912 -0.730218 0.3225324 -0.4678385 0.5671972 0.6778013 -0.4678379 0.5671974 0.6778015 -0.6696247 0.3624629 0.6482464 -0.6696292 0.362472 0.6482368 -0.7476818 0.183734 0.638133 -0.7476857 0.1837028 0.6381375 -0.7715392 0.061594 0.6331931 -0.7715349 0.06156736 0.633201 -0.767076 -0.1236098 0.6295357 -0.8731497 -0.1406979 0.4667052 -0.7691134 -0.416314 0.4849199 -0.2241019 0.9126759 -0.3417618 -0.2007735 0.8176921 -0.5395089 -0.2367775 0.9643142 0.1184685 -0.2241007 0.9126734 0.3417693 -0.2241007 0.91268 0.3417515 -0.2007756 0.8176839 0.5395203 -0.2007747 0.8176915 0.5395094 -0.1699836 0.6922717 0.7013314 -0.1699773 0.6922853 0.7013193 -0.2007762 0.81768 -0.5395261 -0.1699824 0.6922847 -0.7013187 -0.1699847 0.692276 -0.7013267 0.2240949 0.9126816 0.3417512 0.5455355 0.6613806 0.5147493 0.2007706 0.8176887 0.539515 0.6696354 0.3624754 0.6482284 0.4678399 0.5671989 0.6777989 -0.375374 0.4550886 -0.8074582 -0.1347017 0.5486003 -0.8251627 -0.1347067 0.5485991 -0.8251626 0.5455249 -0.6613824 0.5147582 0.5455287 -0.6613777 0.5147602 0.4678285 -0.5672022 0.6778039 0.4678425 -0.5671889 0.6778054 0.6696249 -0.3624914 0.6482304 0.6696268 -0.3624374 0.6482585 0.7670664 -0.1236082 0.6295478 0.7670693 -0.1236168 0.6295425 0.7715293 0.06155586 0.6332089 0.6335858 0.05054563 0.7720195 0.6124318 0.1505098 0.7760633 0.61244 0.1504819 0.7760622 0.5456485 0.2953444 0.7842445 0.2007749 -0.8176836 0.539521 0.200775 -0.8176899 0.5395116 -0.2007751 -0.817698 0.5394994 -0.2007802 -0.8176773 0.5395289 -0.5455123 -0.6613893 0.5147626 -0.5455367 -0.6613821 0.5147461 -0.7691121 -0.4163014 0.4849328 -0.1347042 0.5485993 0.8251629 -0.1347038 0.5485956 0.8251653 -0.3753745 0.4550876 0.8074586 -0.3753686 0.4550896 0.8074601 -0.5456326 0.2953453 0.7842552 -0.545628 0.2953487 0.7842572 -0.6124271 0.1504864 0.7760714 -0.6124315 0.150509 0.7760636 -0.6335938 0.05052846 0.7720142 -0.6335821 0.05056363 0.7720214 -0.7670863 -0.1236008 0.6295248 -0.6311058 -0.1016912 0.7690022 -0.6696265 -0.362464 0.648244 0.2007777 0.8176854 0.5395175 0.1699804 0.6922765 0.7013273 0.169981 0.6922795 0.7013242 0.1347002 0.5485832 0.8251742 0.1347131 0.5485949 0.8251643 0.4678354 0.5671883 0.6778108 0.5456301 0.2953529 0.7842541 0.3753696 0.4551014 0.807453 0.1699804 -0.6922765 0.7013273 0.1699848 -0.6922843 0.7013186 0.134703 -0.5485947 0.8251661 0.1347023 -0.5485839 0.8251733 0.3753665 -0.4551075 0.8074511 0.3753643 -0.4550893 0.8074623 0.5456408 -0.2953306 0.784255 0.5456386 -0.2953697 0.7842419 0.6311121 -0.1017016 0.7689958 0.6311057 -0.1016893 0.7690027 0.6335812 0.05057525 0.7720214 0.4710574 0.03759241 0.8813011 0.4542742 0.1115663 0.8838484 0.4542757 0.1116409 0.8838382 0.4028115 0.218034 0.8889342 -0.169981 -0.6922787 0.701325 -0.1699835 -0.6922792 0.7013239 -0.4678345 -0.5671923 0.6778082 -0.467845 -0.5672 0.6777945 -0.6696228 -0.3624738 0.6482424 0.09711378 0.395491 0.9133214 0.09710842 0.3954662 0.9133326 -0.09711319 0.395476 0.913328 -0.0971046 0.395487 0.9133241 -0.2734131 0.3314691 0.9029804 -0.2734022 0.3314822 0.9029788 -0.4028189 0.2180289 0.8889322 -0.4028218 0.218043 0.8889274 -0.454268 0.1116405 0.8838422 -0.4542698 0.1116328 0.8838423 -0.4710673 0.03760528 0.8812955 -0.4710612 0.03754627 0.8813012 -0.6310999 -0.1016884 0.7690076 -0.470059 -0.07573938 0.8793793 -0.54563 -0.2953535 0.7842539 0.3753567 0.4551004 0.8074596 0.273396 0.3314806 0.9029814 0.2734099 0.3314628 0.9029837 0.4028034 0.2180378 0.8889371 -0.1347006 -0.5485948 0.8251664 -0.1346997 -0.548599 0.8251639 0.09710401 -0.3954891 0.9133233 0.09710878 -0.3954678 0.9133319 -0.09710496 -0.3954867 0.9133241 -0.09710836 -0.3954749 0.9133289 0.273404 -0.331458 0.9029872 0.2733932 -0.3314945 0.9029771 0.4028126 -0.2180346 0.8889335 0.4028034 -0.2180378 0.8889371 0.4700541 -0.0757386 0.8793822 0.4700489 -0.07575368 0.8793835 0.47106 0.03763961 0.8812978 0.2901997 0.02315843 0.9566859 0.2793571 0.06860399 0.9577333 0.2793672 0.06864655 0.9577274 0.2468239 0.1336022 0.9598065 -0.3753703 -0.4550884 0.8074601 -0.3753775 -0.4550852 0.8074585 -0.5456321 -0.2953418 0.7842569 0.1658888 0.2011289 0.965416 0.1658915 0.2011115 0.9654192 0.05849206 0.2382215 0.969448 0.05849438 0.2382271 0.9694464 -0.05849146 0.2382278 0.9694464 -0.05849808 0.2382248 0.9694468 -0.1658852 0.2011069 0.9654213 -0.1658821 0.2011346 0.965416 -0.2468221 0.1335924 0.9598083 -0.2468242 0.1336166 0.9598044 -0.2793563 0.06864386 0.9577307 -0.2902159 0.0231682 0.9566807 -0.2901998 0.02314132 0.9566863 -0.2793424 0.06866759 0.9577332 -0.4700356 -0.0757355 0.8793923 -0.2899619 -0.04672414 0.955897 -0.4028115 -0.218034 0.8889342 0.2468191 0.1336139 0.9598061 -0.2734172 -0.3314667 0.90298 -0.2733936 -0.3314772 0.9029833 0.05849272 -0.238224 0.9694472 0.1658891 -0.2011204 0.9654178 0.05848574 -0.2382272 0.9694469 -0.05848896 -0.2382268 0.9694468 -0.05849933 -0.2382297 0.9694454 -0.1658906 -0.2011169 0.9654183 -0.1658806 -0.2011155 0.9654203 0.1658909 -0.2011281 0.9654158 0.2468256 -0.1336071 0.9598054 0.2468177 -0.1336006 0.9598082 0.2899668 -0.04672491 0.9558955 0.2899429 -0.04668909 0.9559045 0.2902068 0.02313393 0.9566844 0.09802585 0.007808446 0.9951533 0.09426534 0.02315902 0.9952778 0.08313 0.04499876 0.9955223 -0.4028255 -0.2180321 0.8889285 0.05556219 0.06738764 0.9961786 0.01954632 0.07952278 0.9966414 -0.01954799 0.07952958 0.9966409 -0.05556124 0.06738644 0.9961787 -0.08313286 0.04500031 0.995522 -0.0942614 0.02315807 0.9952782 -0.09801656 -0.01578396 0.9950597 -0.09802591 0.007808446 0.9951533 -0.2899539 -0.04672372 0.9558995 -0.2468273 -0.1335952 0.9598066 -0.2468171 -0.1336128 0.9598067 0.05556172 -0.06738704 0.9961786 0.01954632 -0.07952278 0.9966414 -0.01954793 -0.07952922 0.9966409 -0.055561 -0.0673862 0.9961788 -0.08313494 -0.04500144 0.9955217 0.08313 -0.04499876 0.9955223 0.09801822 -0.01578426 0.9950595 0.1649162 0.2001557 0.9657849 0.1649117 0.2001554 0.9657857 -0.01547068 0.1945738 0.9807659 -0.01546871 0.194567 0.9807673 0.1480765 0.554722 0.8187533 -0.03256803 0.5546379 0.8314542 0.003037452 -0.1951584 0.980767 0.003037154 -0.1951586 0.9807671 0.1831364 -0.1836197 0.9657872 0.998875 0.04742246 0 0.9988749 0.04742628 0 0.1831396 -0.1836234 0.9657859 0.1480785 0.5547176 0.8187559 0.998873 0.04746425 3.83299e-7 -0.4021191 0.160419 0.9014245 -0.4021281 0.1604034 0.9014231 -0.3851143 -0.1977972 0.901423 -0.4178451 0.4913455 0.7641893 -0.4178464 0.4913489 0.7641862 -0.03256738 0.5546394 0.8314533 0.135188 0.8260948 0.5470755 0.1351891 0.8260993 0.5470684 -0.04565459 0.8302252 0.5555555 0.02013665 -0.5552295 0.8314534 -0.3694053 -0.5287317 0.7641875 -0.3851211 -0.1977893 0.9014217 0.1999791 -0.538192 0.8187539 0.0201354 -0.5552311 0.8314524 0.9988742 0.04744011 -4.81866e-6 0.9988746 0.04742962 9.63732e-6 0.998875 0.0474224 -9.56883e-6 0.9988737 0.0474506 4.7639e-6 0.9988747 0.04742944 0 0.9988737 0.04745024 -3.28542e-7 0.9988743 0.04743683 -1.20467e-6 0.9988743 0.04743659 2.1903e-6 0.9988746 0.0474295 1.20466e-6 0.9988747 0.04742926 1.09514e-6 0.9988749 0.04742294 -1.31419e-6 0.9988743 0.04743593 -2.19027e-6 0.1999754 -0.5381952 0.8187526 -0.9988752 -0.04741895 -2.36072e-6 -0.9988737 -0.04744851 -9.21259e-7 -0.9988738 -0.04744887 -2.36124e-6 -0.04565423 0.8302211 0.5555617 -0.4298713 0.7446352 0.5106165 -0.429862 0.7446435 0.5106121 -0.9988745 -0.04743379 2.30315e-6 0.1282174 0.9729627 0.1921035 0.1282161 0.9729601 0.1921176 -0.05273658 0.9793671 0.1950873 0.0332219 -0.8308086 0.5555658 -0.3694031 -0.5287175 0.7641985 -0.35737 -0.782018 0.5106219 -0.9988752 -0.04741913 -2.82136e-6 0.2128665 -0.809565 0.5470763 0.2128639 -0.8095672 0.5470739 0.03322333 -0.8308151 0.5555561 0.2198362 -0.9564341 0.1921088 0.2198363 -0.9564345 -0.192107 0.2198348 -0.9564349 -0.1921067 0.2198338 -0.9564348 0.1921082 0.2128605 -0.8095688 -0.5470731 0.1999784 -0.5381975 -0.8187503 0.2128648 -0.8095689 -0.5470712 0.1831435 -0.1836315 -0.9657837 0.1831382 -0.1836309 -0.9657847 0.1999816 -0.5381912 -0.8187537 0.164919 0.2001646 -0.9657825 0.1480766 0.5547226 -0.8187528 0.1649137 0.2001602 -0.9657843 0.1351901 0.8260946 -0.5470753 0.1351904 0.8260958 -0.5470736 0.148081 0.5547162 -0.8187565 0.1282184 0.9729619 -0.1921076 0.1282173 0.9729624 -0.1921054 -0.9988743 -0.04743832 -4.83658e-6 -0.9988745 -0.04743379 4.83662e-6 -0.9988744 -0.04743349 -2.18798e-6 -0.9988738 -0.04744815 9.21253e-7 -0.9988752 -0.04741877 2.36022e-6 -0.9988738 -0.04744815 2.36071e-6 -0.9988744 -0.04743349 5.18205e-6 -0.9988748 -0.04742646 -4.83662e-6 -0.9988749 -0.0474261 1.84251e-6 -0.9988749 -0.0474261 -1.84251e-6 -0.9988744 -0.04743349 -3.4547e-7 -0.0527364 0.9793666 0.1950898 -0.4363739 0.8817206 0.1792952 -0.4363842 0.8817135 0.1793051 -0.05273675 0.9793673 -0.195086 0.04030537 -0.9799594 0.1950774 -0.3573729 -0.7820165 0.510622 -0.3508579 -0.9191037 0.1792963 0.04030513 -0.9799574 0.1950876 0.04030573 -0.9799586 -0.1950812 0.03322285 -0.8308178 -0.555552 0.03322315 -0.8308126 -0.5555599 0.04030531 -0.9799583 -0.1950829 0.02013641 -0.5552244 -0.8314569 0.02013647 -0.5552312 -0.8314523 0.003038346 -0.195169 -0.9807649 -0.01546889 0.1945789 -0.9807649 -0.01546931 0.1945741 -0.9807658 0.003038525 -0.1951627 -0.9807662 -0.03256756 0.5546348 -0.8314564 -0.03256714 0.554636 -0.8314555 -0.04565387 0.8302208 -0.555562 -0.05273652 0.9793678 -0.1950836 -0.04565441 0.8302203 -0.555563 -0.4363786 0.8817186 -0.1792931 -0.429867 0.7446392 -0.5106143 -0.4363861 0.8817123 -0.1793063 -0.4178441 0.4913495 -0.7641872 -0.42987 0.7446383 -0.510613 -0.402135 0.1604087 -0.9014193 -0.4178423 0.4913487 -0.7641888 -0.3851175 -0.1977987 -0.9014212 -0.4021223 0.1604071 -0.9014252 -0.3694068 -0.5287319 -0.7641866 -0.3851214 -0.1977849 -0.9014226 -0.3573768 -0.7820243 -0.5106074 -0.3694068 -0.5287351 -0.7641845 -0.3508619 -0.9191014 -0.1793004 -0.3573784 -0.7820146 -0.5106213 -0.3508657 -0.9190988 0.1793066 -0.3508623 -0.9191006 -0.1793037 -0.05969119 -0.5788828 -0.813223 -0.05968326 -0.5788803 -0.8132254 0.03966951 -0.2392852 -0.9701387 -0.1515627 -0.5469829 -0.8233095 -0.1515687 -0.5469736 -0.8233146 -0.04419577 -0.2044304 -0.9778829 0.03966981 -0.2392889 -0.9701378 0.414354 -0.3710892 -0.8310256 0.4143505 -0.3711125 -0.8310169 0.2943027 -0.6482428 -0.7022588 0.2943052 -0.6482192 -0.7022794 -0.1318675 -0.8336762 -0.536279 0.2047623 -0.8598132 -0.467754 -0.1318698 -0.8336783 -0.5362752 -0.2303813 -0.8064771 -0.5445356 -0.2303802 -0.8064851 -0.5445244 0.1513282 0.1344617 -0.9792956 0.07533848 0.1688716 -0.9827545 -0.04420018 -0.2044236 -0.9778841 -0.3355076 -0.766961 -0.5469967 -0.3354998 -0.7669614 -0.5470011 -0.224686 -0.5174102 -0.8257136 -0.2246863 -0.5174167 -0.8257095 -0.0763126 -0.1905831 -0.9787004 0.1513362 0.134469 -0.9792934 0.5466045 -0.07063263 -0.8344067 0.5465901 -0.0706318 -0.8344163 0.6655679 -0.4302359 -0.6098495 0.6655606 -0.430212 -0.6098745 0.7617073 -0.21175 -0.6123432 0.5782894 -0.6317282 -0.5162373 0.5783032 -0.6317215 -0.5162299 0.2047715 -0.8598076 -0.4677602 0.5131711 -0.785582 -0.3457118 0.5131735 -0.7855786 -0.3457158 -0.1669408 -0.9688561 -0.1828897 0.1593236 -0.9736459 -0.1631861 -0.1669434 -0.9688575 -0.1828804 -0.2691774 -0.9451365 -0.1850962 -0.2691739 -0.9451369 -0.1850995 -0.391881 -0.9012223 -0.1850077 -0.3918818 -0.9012209 -0.1850126 0.2734684 0.40435 -0.8727636 0.257694 0.4833156 -0.83666 0.08032286 0.1260815 -0.9887627 0.2637271 0.4093882 -0.8734124 -0.0756638 -0.1173906 -0.9901992 0.08986216 0.1191754 -0.9887983 -0.4257918 -0.8858312 -0.1844034 -0.4257943 -0.8858287 -0.1844097 -0.3708957 -0.7510354 -0.546244 -0.3708961 -0.7510338 -0.5462458 -0.2628129 -0.5004628 -0.8249039 -0.2679588 -0.3190326 -0.9090744 -0.1123597 -0.09516471 -0.9891001 0.6709005 0.2074412 -0.7119415 0.6708953 0.2074627 -0.7119402 0.8521165 -0.009556591 -0.523265 0.7617442 -0.2117236 -0.6123063 0.9151377 -0.4028963 -0.01406508 0.915131 -0.4029117 -0.01405811 0.9151346 -0.4029036 -0.01405715 0.9151265 -0.4029219 -0.01404953 0.159322 -0.9736447 -0.163195 0.4801406 -0.8683442 -0.1242713 0.4801172 -0.8683594 -0.1242566 0.9151349 -0.4029023 -0.01406908 -0.1604896 -0.9674176 0.195822 0.1649101 -0.9723981 0.1650659 -0.1604876 -0.9674187 0.1958186 -0.262598 -0.9436672 0.2013317 -0.2625906 -0.9436686 0.2013353 -0.3852373 -0.899738 0.2050952 -0.3852369 -0.8997396 0.2050885 -0.4191485 -0.8843483 0.2055308 -0.419149 -0.8843482 0.2055299 0.419337 0.6837271 -0.5972218 0.01536363 0.9998639 -0.006008386 0.00772804 0.999635 -0.02589005 0.47602 0.6794983 -0.5582894 0.7683593 0.4208062 -0.4822308 0.7683593 0.4208142 -0.4822238 0.01818972 0.9997372 -0.01395654 0.01446348 0.9997971 -0.01402592 -0.5252376 -0.8259008 0.2049716 -0.52525 -0.8258922 0.2049744 -0.531814 -0.8273641 -0.1806726 -0.5318197 -0.8273567 -0.1806896 -0.4635588 -0.7024213 -0.540109 -0.4772269 -0.6188732 -0.6238995 -0.2974992 -0.2963685 -0.9075571 0.02907532 0.999152 -0.02915441 0.92299 0.1455779 -0.3562254 0.8521148 -0.009563922 -0.5232675 0.9151292 -0.4029155 -0.0140649 0.9151297 -0.4029147 -0.01404792 0.9151317 -0.4029099 -0.01405775 0.9151345 -0.4029035 -0.01406055 0.9151278 -0.4029188 -0.01405817 0.9151283 -0.4029176 -0.01406025 0.9151292 -0.4029154 -0.01406264 0.9151347 -0.4029031 -0.01406013 0.9151312 -0.4029113 -0.0140528 0.9151332 -0.4029061 -0.01406508 0.9151321 -0.4029091 -0.01405888 0.1649096 -0.9723976 0.1650693 0.4841989 -0.8674429 0.1144309 0.4841873 -0.8674488 0.1144353 -0.1134192 -0.8295639 0.5467721 0.2206866 -0.8562607 0.467028 -0.1134206 -0.8295587 0.5467799 -0.2115918 -0.8022898 0.5581757 -0.2115923 -0.8022896 0.5581756 -0.3165817 -0.7627381 0.5639207 -0.316573 -0.7627404 0.5639226 -0.3519772 -0.7468108 0.5642569 -0.3519809 -0.7468176 0.5642454 -0.4868484 -0.6726917 0.5571935 -0.4096741 -0.6426922 0.6473902 0.5390836 0.8090742 -0.2340682 0.01649779 0.9998639 3.98953e-4 0.02688312 0.9996381 -9.63897e-4 0.02589589 0.9996427 -0.006619215 0.03672641 0.9990573 0.02314853 0.02015256 0.9997067 0.01343441 0.008117556 0.9988847 0.0465123 0.01629567 0.9998045 -0.01120328 0.02677142 0.9996124 -0.007649183 0.03032028 0.9989957 -0.03298962 0.02631086 0.9995681 0.01309537 0.02004063 0.9997071 0.01357537 0.6008539 0.7732701 -0.2025539 0.8241354 0.5369449 -0.1802528 0.82414 0.5369345 -0.1802632 0.9635401 0.2300315 -0.13666 0.9229903 0.1455726 -0.3562267 -0.4458801 -0.6217491 0.6439092 -0.5575971 -0.7919672 0.248744 -0.5369992 -0.8183652 0.20472 -0.543553 -0.8198286 -0.1800871 -0.5656387 -0.7937645 -0.2235865 -0.4668048 -0.6255247 -0.6251498 0.5247638 -0.7829875 0.3339968 0.5247665 -0.7829872 0.3339927 0.5956244 -0.6278624 0.5010194 0.5956233 -0.6278601 0.5010235 0.6860135 -0.4256739 0.5900741 0.686 -0.425665 0.5900961 0.782163 -0.2071817 0.5876197 0.8694483 -0.005687594 0.4939914 0.7821669 -0.2071722 0.5876178 0.8694508 -0.005655229 0.4939873 0.9345607 0.1481869 0.3234764 0.9345656 0.1481583 0.3234755 0.9676018 0.2309503 0.1020237 0.9676018 0.2309547 0.1020143 0.9635298 0.2300637 -0.1366787 0.2206817 -0.8562628 0.4670266 -0.03188186 -0.5726766 0.8191613 0.3181536 -0.6428893 0.696758 -0.03188401 -0.5726794 0.8191592 -0.1233617 -0.540687 0.8321295 -0.1233626 -0.540691 0.8321267 -0.1963659 -0.5110841 0.8367996 -0.1963627 -0.5110874 0.8367983 -0.1718056 -0.359793 0.9170778 -0.3315344 -0.446137 0.8312923 -0.2616908 -0.2934871 0.9194474 0.6004968 0.7649853 0.2328113 -0.07692152 -0.08832979 0.9931168 -0.01665651 -0.125652 0.9919346 -0.08111625 -0.1663044 0.9827325 0.1217166 0.1267696 0.9844362 0.09880465 0.1442829 0.9845914 0.1346317 0.1647489 0.977104 0.2955212 0.41839 0.8588463 0.2702237 0.4297929 0.8615435 0.3261286 0.469865 0.8202847 0.4564185 0.6097653 0.6479726 0.4270226 0.7228406 0.5432801 0.5474145 0.8173007 0.1798806 0.8297259 0.5381936 0.1479958 0.8297346 0.5381789 0.1480008 0.3181524 -0.6429125 0.6967371 0.4424582 -0.3648331 0.8192239 0.4424577 -0.3648291 0.8192258 0.57469 -0.06436377 0.8158362 0.574703 -0.06434494 0.8158287 0.6947506 0.2127676 0.6870601 0.6947281 0.2127759 0.6870803 0.7843014 0.4243426 0.4525537 0.7842957 0.4243416 0.4525645 0.07272458 -0.2319071 0.9700155 0.07272326 -0.2319074 0.9700157 -0.01083129 -0.1969787 0.980348 -0.01083767 -0.1969829 0.9803471 0.1845815 0.1418865 0.9725215 0.1845869 0.1418823 0.972521 -0.3486063 0.07734817 -0.9340723 -0.3485916 0.07729905 -0.9340819 -0.5158662 0.1098303 -0.8495996 -0.5158783 -0.1098257 -0.8495928 -0.5158712 -0.1098314 -0.8495965 -0.3485978 -0.07730931 -0.9340786 -0.5158683 0.1098254 -0.8495989 -0.4318744 0.3128018 -0.8459549 -0.2894622 0.2202236 -0.9315113 -0.2894785 0.2201838 -0.9315156 0.04332363 -6.40276e-7 -0.9990611 0.04333645 6.7982e-6 -0.9990606 -0.3485964 -0.07735979 -0.934075 0.04334115 -6.76891e-6 -0.9990603 -0.6692207 0.1392762 -0.7298945 -0.6692227 -0.1392903 -0.72989 -0.6692108 -0.1392794 -0.7299029 -0.5627299 -0.3966359 -0.725269 -0.5626996 -0.3966353 -0.7252928 -0.4318842 -0.3128076 -0.8459477 -0.4318773 -0.3127975 -0.845955 -0.2894717 -0.2202073 -0.9315122 -0.6692209 0.13929 -0.7298916 -0.4318813 0.3128052 -0.8459501 -0.5627172 0.3966587 -0.7252663 -0.2766978 0.4681133 -0.8392307 -0.1802148 0.3295814 -0.926768 -0.1802316 0.3295597 -0.9267724 0.0433219 -1.37012e-5 -0.9990612 0.04337364 6.67431e-6 -0.9990589 0.04330617 4.09864e-6 -0.999062 0.04336363 -8.36383e-6 -0.9990594 0.04331123 7.06592e-6 -0.9990617 0.04332238 1.64316e-5 -0.9990612 0.0433219 -1.48382e-5 -0.9990612 0.04333662 -6.97e-6 -0.9990606 0.04334187 8.19731e-6 -0.9990604 0.0433166 -4.00462e-6 -0.9990615 0.04336124 -6.52461e-6 -0.9990595 0.04331827 1.34457e-5 -0.9990614 0.04332602 6.32386e-7 -0.999061 0.04333454 1.35629e-5 -0.9990607 -0.2894917 -0.2202062 -0.9315062 -0.7958022 0.1631803 -0.5831562 -0.7958033 -0.163175 -0.5831563 -0.7957988 -0.1631824 -0.5831604 -0.6710357 -0.4646669 -0.5777506 -0.6710445 -0.4646769 -0.5777324 -0.3659274 -0.5936147 -0.7167418 -0.440489 -0.695446 -0.5677362 -0.3659102 -0.5936145 -0.7167508 -0.2766941 -0.4681338 -0.8392205 -0.2766988 -0.468138 -0.8392167 -0.1802061 -0.3295764 -0.9267714 -0.7958033 0.163175 -0.5831563 -0.6710358 0.4646709 -0.5777474 -0.5627122 0.3966193 -0.7252919 -0.3659122 0.5936309 -0.7167361 -0.2766954 0.468153 -0.8392095 -0.07392525 0.5521951 -0.8304311 -0.03746914 0.3887442 -0.9205836 -0.03746587 0.3887782 -0.9205693 0.1170318 0.3887404 -0.9138844 0.117029 0.3887559 -0.913878 0.2598176 0.3295597 -0.9076813 0.2598051 0.3295748 -0.9076794 0.3690426 0.2202085 -0.9029484 0.3690334 0.2202306 -0.9029468 0.4141691 0.1136927 -0.9030714 0.4141924 0.113646 -0.9030666 0.4291483 0.03839325 -0.9024177 0.4291576 0.03836441 -0.9024146 0.4281789 -0.07735896 -0.9003769 0.4281878 -0.0773074 -0.9003771 0.3690394 -0.2202065 -0.9029502 0.3690436 -0.2202327 -0.9029421 0.2597829 -0.3295661 -0.907689 0.2597887 -0.329571 -0.9076855 0.1170327 -0.3887634 -0.9138744 0.11704 -0.3887483 -0.9138799 -0.03744643 -0.3887634 -0.9205764 -0.0374822 -0.3887547 -0.9205786 -0.1802305 -0.3295774 -0.9267662 -0.8915101 0.1807342 -0.4153854 -0.8915073 -0.1807439 -0.4153869 -0.8915003 -0.1807465 -0.4154009 -0.7532993 -0.5147107 -0.4094058 -0.7532894 -0.5147313 -0.4093983 -0.4979241 -0.7703322 -0.3983214 -0.4979361 -0.7703204 -0.3983294 -0.4404917 -0.6954344 -0.5677482 -0.1392688 -0.8203285 -0.5546758 -0.1392602 -0.8203269 -0.5546805 -0.1088109 -0.7002135 -0.7055929 -0.1088083 -0.7002181 -0.7055887 -0.07391309 -0.5521999 -0.830429 -0.07392442 -0.5522119 -0.8304199 -0.8915012 0.1807541 -0.4153958 -0.7533032 0.5147055 -0.4094051 -0.671042 0.4646797 -0.5777331 -0.4404885 0.6954469 -0.5677355 -0.3659182 0.5935945 -0.7167631 -0.1088159 0.7001954 -0.70561 -0.07393002 0.5522162 -0.8304166 0.1455578 0.5521855 -0.8209166 0.1455554 0.5522035 -0.820905 0.3483087 0.4681293 -0.8121182 0.3483273 0.4681518 -0.8120973 0.5035143 0.3128057 -0.8053733 0.5035081 0.3128095 -0.8053756 0.5689122 0.1617823 -0.8063284 0.568892 0.1618316 -0.8063327 0.5902138 0.05460554 -0.805398 0.5901918 0.05465978 -0.8054106 0.5874975 -0.109846 -0.8017359 0.5875015 -0.109828 -0.8017356 0.5035124 -0.312808 -0.8053736 0.5035223 -0.3128051 -0.8053685 0.348321 -0.468138 -0.8121079 0.1455386 -0.5521995 -0.8209106 0.3483256 -0.4681439 -0.8121026 0.1455542 -0.552199 -0.8209083 -0.9534354 0.1914713 -0.2330229 -0.9534373 -0.191463 -0.2330219 -0.8070204 -0.5452914 -0.2266615 -0.8070198 -0.5452883 -0.2266713 -0.9534364 -0.1914708 -0.2330192 -0.5364814 -0.8160826 -0.2149352 -0.5364792 -0.8160822 -0.2149417 -0.1830062 -0.962636 -0.1996016 -0.182998 -0.9626367 -0.1996053 -0.1642678 -0.9086614 -0.3838627 -0.1642645 -0.9086675 -0.3838499 0.196882 -0.9086675 -0.3681863 0.1968916 -0.9086567 -0.3682076 0.1867764 -0.8203241 -0.5405396 0.1867679 -0.8203318 -0.5405308 0.1694862 -0.7002167 -0.6935209 0.1694943 -0.7002118 -0.6935237 -0.9534382 0.191461 -0.2330197 -0.8070142 0.545295 -0.2266747 -0.7532925 0.5147271 -0.4093979 -0.4979299 0.7703208 -0.3983361 -0.4404966 0.6954339 -0.567745 -0.1392723 0.8203305 -0.5546723 -0.1088102 0.7002227 -0.7055838 0.1695011 0.7002137 -0.6935202 0.1694906 0.70021 -0.6935265 0.4266037 0.5936138 -0.6823723 0.4266142 0.5936035 -0.6823748 0.6233868 0.3966367 -0.6738459 0.6233989 0.3966423 -0.6738314 0.7082267 0.2057031 -0.6753528 0.7081944 0.2057898 -0.6753602 0.7352832 0.06944942 -0.6741924 0.7352982 0.06947588 -0.6741734 0.7298943 -0.139289 -0.6692181 0.7298927 -0.1392736 -0.6692231 0.6233893 -0.3966391 -0.6738422 0.6233974 -0.3966341 -0.6738376 0.4266172 -0.5936149 -0.682363 0.426609 -0.5936059 -0.6823759 -0.8943331 0.1812479 -0.4090449 -0.9913586 0.09788107 -0.08733528 -0.9770438 -0.194889 -0.08604592 -0.9770415 -0.19489 -0.08606904 -0.828001 -0.5550468 -0.07960879 -0.552626 -0.8306825 -0.06761038 -0.5526404 -0.830671 -0.06763309 -0.8280097 -0.555037 -0.07958579 -0.1928418 -0.9798508 -0.05200731 -0.1928304 -0.979852 -0.05202472 0.1995996 -0.9626351 -0.183013 0.1966141 -0.9798504 -0.03515768 0.196609 -0.979852 -0.03514289 0.1995953 -0.9626383 -0.1830015 0.5530772 -0.8160819 -0.1676784 0.5530788 -0.8160781 -0.1676917 0.5305482 -0.770323 -0.3537248 0.5305415 -0.7703266 -0.3537266 0.4879928 -0.6954471 -0.5274623 0.4880004 -0.6954325 -0.5274744 -0.8280152 0.5550297 -0.0795809 -0.8070213 0.545291 -0.2266594 -0.9531901 0.2899923 -0.08563381 -0.5364775 0.816087 -0.2149281 -0.4979311 0.7703294 -0.3983182 -0.1642612 0.9086617 -0.3838649 -0.1392713 0.8203312 -0.5546714 0.1867692 0.8203235 -0.5405431 0.1867765 0.8203366 -0.5405205 0.4880121 0.6954393 -0.5274545 0.4879902 0.6954391 -0.5274752 0.7185438 0.4646704 -0.517471 0.71853 0.4646878 -0.5174747 0.8200911 0.2417274 -0.5186701 0.8200988 0.2417286 -0.5186572 0.85192 0.08160907 -0.517274 0.8519033 0.08162087 -0.5172997 0.8432989 -0.1631592 -0.5120801 0.8433076 -0.1631769 -0.5120602 0.7185341 -0.4646754 -0.51748 0.7185335 -0.4646831 -0.517474 -0.9560428 0.290278 -0.04148322 -0.04332101 2.07848e-6 0.9990612 -0.04333341 -2.38508e-6 0.9990608 0 -1 -1.40642e-6 -0.04333573 2.0415e-6 0.9990606 -0.04333221 -2.27659e-6 0.9990608 -0.04333269 5.79447e-6 0.9990608 -0.04332292 0 0.9990612 -0.04333281 0 0.9990607 0.5564162 -0.8306757 -0.01946562 0.5564011 -0.8306843 -0.01953929 -0.04333621 -2.89725e-6 0.9990606 0.8236135 -0.5452902 -0.1559466 0.823611 -0.54529 -0.1559608 0.831804 -0.5550176 -0.007593929 0.8317751 -0.5550621 -0.007499814 0.7859117 -0.5147243 -0.3426395 0.7859093 -0.514737 -0.342626 -0.8279992 0.5550539 -0.07957679 -0.5364872 0.8160791 -0.2149336 -0.5526066 0.8306913 -0.06766116 -0.8306906 0.555568 -0.03602135 -0.9560375 0.2903001 -0.04145228 -0.1642675 0.908664 -0.3838566 -0.1829992 0.9626355 -0.1996101 0.1968912 0.9086533 -0.368216 0.1968809 0.9086643 -0.3681946 0.5305505 0.7703204 -0.3537271 0.5305414 0.7703245 -0.3537319 0.78591 0.5147142 -0.3426588 0.7859153 0.5147266 -0.3426278 0.9004174 0.2683497 -0.3423991 0.9003937 0.268413 -0.3424116 0.9357265 0.09065002 -0.340879 0.9357346 0.09059464 -0.3408718 0.9241229 -0.1807426 -0.3366441 0.9241288 -0.1807281 -0.3366354 -0.04324144 -6.82472e-6 0.9990647 0.04333317 3.77871e-6 -0.9990607 0.04333364 -6.80363e-7 -0.9990608 -0.04333233 1.05074e-6 0.9990608 -0.04333126 -1.16658e-6 0.9990608 -0.04334539 4.59787e-6 0.9990602 0.9951944 0.0979138 -0.001121699 0.9951946 0.0979107 -0.001098752 0.956043 0.2902781 0.04148137 0.9560416 0.290287 0.04144966 0 -1 1.77651e-6 0.9570218 0.290003 -0.002768158 0.9700281 -0.1914806 -0.1496022 0.9700276 -0.1914946 -0.149587 0.9808187 -0.1949192 -0.001084566 0.9808239 -0.1948932 -0.001107275 -0.8306918 0.5555649 -0.03603881 -0.5550448 0.8314718 -0.02408576 -0.5526636 0.8306573 -0.06761354 -0.1830016 0.9626407 -0.1995834 -0.1928213 0.9798541 -0.05201983 -0.8317893 0.5550407 0.00752151 -0.8318012 0.5550224 0.007541775 -0.9808233 0.1948961 0.001051902 0.1996012 0.962638 -0.1829956 0.1995882 0.9626401 -0.1829993 0.553075 0.8160824 -0.1676833 0.5530742 0.8160851 -0.1676732 0.8236336 0.5452606 -0.155945 0.8236111 0.5452914 -0.1559553 0.9462539 0.2847597 -0.1533477 0.9462527 0.2847704 -0.1533352 0.9837402 0.09613078 -0.1517043 0.9837386 0.096147 -0.1517041 0.9913538 0.0979157 0.08735233 0.9531822 0.2900262 0.08560717 0.9531947 0.2899621 0.08568459 0.04332917 7.39997e-6 -0.9990609 -0.9808175 -0.1949255 0.001082956 0.04333126 -9.48047e-7 -0.9990608 -0.980824 0.1948927 0.00108546 0.04333257 -3.85546e-6 -0.9990608 0.04333531 -4.14423e-7 -0.9990606 0.04333078 0 -0.9990609 0.04332315 0 -0.9990612 0.04333841 3.72979e-6 -0.9990605 0.04333299 0 -0.9990608 0.04333138 -4.81318e-6 -0.9990608 0.9570175 0.2900173 -0.002762794 0.8307082 0.555544 0.03598552 0.8306789 0.5555841 0.03604209 0.8317791 0.5550554 -0.00755465 0.828019 0.5550295 0.07954132 -0.5563877 0.8306949 0.01946252 -0.5564131 0.8306744 0.01960939 -0.5550445 0.8314712 -0.02411103 -0.1949044 0.980786 -0.008446156 -0.1928318 0.9798502 -0.05205184 0.1966084 0.979851 -0.03517377 -0.9700299 0.1914738 0.1495988 -0.8236045 0.5453045 0.155945 -0.8236226 0.5452756 0.1559501 -0.5530709 0.8160858 0.16768 0.5564145 0.8306756 -0.01952558 0.1966054 0.9798531 -0.03513348 0.8317922 0.5550367 -0.007498443 0.5564299 0.8306654 -0.01951539 0.9770449 -0.1949098 0.08598577 0.9770435 -0.1949073 0.08600664 0.9913626 0.0979247 0.08724135 0.929436 0.2847288 0.2346876 0.9294271 0.2847649 0.2346789 0.9669116 0.09614533 0.2363013 0.8280011 0.5550483 0.07959759 0.8070246 0.5452787 0.2266772 0.8070161 0.5453008 0.2266545 -0.970032 0.1914747 0.1495836 -0.9808239 -0.1948927 0.001158177 -0.9700334 -0.191469 0.1495831 -0.9700309 -0.1914831 0.1495808 -0.8317887 -0.5550399 0.007638692 -0.5564323 -0.8306648 0.01947337 -0.8317981 -0.5550272 0.007541 -0.196619 -0.9798509 0.03511947 -0.5563954 -0.830687 0.01957905 0.1928359 -0.979849 0.05205976 -0.1966137 -0.979851 0.03514522 0.552665 -0.8306509 0.06768113 0.1928353 -0.9798498 0.05204951 0.8279986 -0.5550515 0.0796011 0.5526199 -0.8306843 0.06763803 0.8280068 -0.5550425 0.07957875 0.5550615 0.8314609 0.02407687 0.5550451 0.8314721 0.02406626 0.552611 0.8306861 0.06768876 -0.5530759 0.8160818 0.1676831 -0.1966062 0.9798519 0.03516501 -0.1996003 0.9626361 0.1830067 -0.1966078 0.9798532 0.03511923 -0.1948975 0.9807872 -0.008458554 0.1949011 0.9807867 0.008434593 -0.9241188 0.1807416 0.3366557 -0.9241142 0.1807394 0.3366692 -0.7859188 0.5147038 0.342654 -0.5305372 0.7703357 0.3537133 -0.7859172 0.5147194 0.342634 0.1948964 0.9807875 0.00845611 0.9669062 0.09617429 0.2363111 0.9534311 -0.1915003 0.2330167 0.9534398 -0.1914517 0.2330213 0.8070108 -0.5453067 0.226659 0.7533015 0.5147051 0.4094088 0.7532982 0.5147089 0.40941 0.8673699 0.268389 0.4190904 0.8673579 0.2684135 0.4190999 0.9026971 0.0906167 0.4206266 0.5526478 0.8306678 0.06761258 0.5364789 0.8160861 0.2149279 0.4979285 0.7703243 0.3983314 0.4979216 0.7703369 0.3983155 0.536487 0.816079 0.2149345 -0.9241145 -0.1807433 0.3366667 -0.9241195 -0.1807503 0.336649 -0.8236281 -0.5452733 0.1559293 -0.8236119 -0.5452924 0.1559477 -0.7859208 -0.5147106 0.3426392 -0.7859193 -0.5147089 0.3426451 -0.5530612 -0.8160926 0.1676793 -0.5530685 -0.8160884 0.1676753 -0.1996011 -0.9626373 0.1829999 -0.1995995 -0.9626347 0.1830151 0.1830008 -0.9626367 0.1996031 0.1830092 -0.9626376 0.1995909 0.5364746 -0.8160878 0.2149325 0.5364753 -0.8160907 0.2149196 0.8070343 -0.5452702 0.2266632 0.1928305 0.9798502 0.05205827 -0.5305407 0.7703279 0.3537253 -0.1968852 0.9086692 0.3681802 -0.199594 0.9626387 0.1829998 0.1928313 0.9798494 0.05207043 0.182999 0.9626405 0.199586 -0.8433129 0.1631779 0.5120513 -0.8433095 -0.1631863 0.5120539 -0.8433091 -0.1631576 0.5120638 -0.8433049 0.1631603 0.51207 -0.718523 0.4646858 0.517486 -0.718544 0.4646567 0.5174833 -0.4879795 0.6954447 0.5274778 0.9027006 0.09060323 0.4206219 0.8914977 -0.1807533 0.4154038 0.8914951 -0.1807485 0.4154112 0.7532913 -0.514717 0.4094126 0.4405015 0.6954342 0.5677409 0.4404812 0.6954436 0.5677452 0.6710346 0.4646809 0.5777406 0.6710375 0.4646817 0.5777366 0.7721195 0.2417072 0.5877152 0.8039284 0.08164387 0.5890955 0.7721036 0.2417276 0.5877279 0.1830034 0.9626358 0.1996052 0.1642618 0.9086576 0.3838742 0.1392722 0.8203314 0.5546709 0.1642624 0.9086664 0.3838533 -0.7185308 -0.4646871 0.5174741 -0.7185306 -0.4646566 0.5175018 -0.5305302 -0.7703402 0.3537142 -0.5305386 -0.7703256 0.3537337 -0.4879803 -0.6954424 0.5274801 -0.4879796 -0.6954456 0.5274764 -0.1968873 -0.9086611 0.3681988 -0.196883 -0.9086626 0.3681975 0.1642577 -0.9086682 0.3838511 0.1642649 -0.9086645 0.3838568 0.4979344 -0.7703287 0.3983154 0.4979138 -0.7703335 0.3983318 0.7533085 -0.514696 0.4094072 -0.4879915 0.6954395 0.5274736 -0.1867652 0.8203285 0.5405368 -0.1968792 0.9086539 0.368221 -0.7298923 -0.1392886 0.6692205 -0.7298961 -0.1392855 0.6692169 -0.7298994 0.1392848 0.6692135 -0.6234022 -0.396625 0.6738386 -0.6233984 -0.3966486 0.6738282 -0.6233873 0.3966394 0.6738438 -0.7298861 0.1392883 0.6692272 -0.6234192 0.3966296 0.6738201 -0.4266146 0.5936136 0.6823656 0.803916 0.08163589 0.5891135 0.7957928 -0.1631996 0.5831636 0.7958078 -0.1631598 0.5831543 0.6710393 -0.4646767 0.5777385 0.1088106 0.700199 0.7056073 0.1088019 0.700228 0.7055798 0.1392561 0.8203268 0.5546818 0.3659205 0.5935982 0.716759 0.3659184 0.5936173 0.7167443 0.5627133 0.3966341 0.7252829 0.6471011 0.2057383 0.7341199 0.5627231 0.3966289 0.7252781 0.6470754 0.2057682 0.7341341 0.6741636 0.06947737 0.7353069 -0.1867851 0.8203213 0.5405408 -0.4266116 -0.5936195 0.6823624 -0.4266065 -0.5936303 0.6823562 -0.1867782 -0.8203215 0.5405431 -0.1867743 -0.8203272 0.5405353 -0.169485 -0.7002172 0.6935206 -0.1694954 -0.7002153 0.6935199 0.1392561 -0.8203306 0.5546762 0.1392641 -0.8203239 0.5546839 0.440495 -0.6954381 0.5677413 0.4404791 -0.6954399 0.5677514 0.6710316 -0.46468 0.5777449 -0.4266149 0.5936176 0.6823619 -0.1694999 0.7002203 0.6935138 -0.5035107 -0.3128263 0.8053675 -0.5035009 -0.3128024 0.8053829 -0.5874893 -0.1098474 0.8017419 -0.5875147 -0.1098223 0.8017266 -0.5874925 0.1098443 0.8017399 -0.3483417 -0.4681121 0.8121141 -0.3483244 -0.4681423 0.8121041 -0.5875215 0.1098117 0.8017231 -0.5035263 0.3128129 0.8053629 -0.5034849 0.3127945 0.805396 -0.3483106 0.4681237 0.8121206 0.6741709 0.06944894 0.735303 0.6692107 -0.1392878 0.7299013 0.6692366 -0.1392563 0.7298836 0.5627166 -0.3966388 0.7252777 -0.1694978 0.7002169 0.6935178 -0.1455476 0.5521999 0.8209089 0.07392102 0.5522126 0.8304198 0.07393628 0.552192 0.8304321 0.2766905 0.4681447 0.8392158 0.4318951 0.312803 0.8459438 0.2766935 0.468129 0.8392235 0.4318848 0.3128239 0.8459414 0.4969453 0.1617977 0.852565 0.4969328 0.1617766 0.8525762 0.5182442 0.0546239 0.8534865 -0.1455505 -0.5522012 0.8209075 -0.1455518 -0.5522069 0.8209033 0.1088013 -0.7002106 0.7055972 0.1088024 -0.7002177 0.70559 0.07391303 -0.5522124 0.8304207 0.07393079 -0.552205 0.830424 0.3659018 -0.5936145 0.7167551 0.365935 -0.5936131 0.7167393 0.5627213 -0.3966276 0.7252801 -0.3483404 0.4681332 0.8121025 -0.1455502 0.5521978 0.8209097 -0.2598206 -0.3296406 0.907651 -0.2598285 -0.3295925 0.9076662 -0.3690947 -0.2202567 0.9029154 -0.4282457 -0.07732582 0.900348 -0.3690797 -0.220254 0.9029222 -0.4282431 0.07732534 0.9003493 -0.4282463 -0.07732385 0.9003478 -0.1170526 -0.3888424 0.9138383 -0.1170343 -0.388812 0.9138536 -0.4282309 0.07732111 0.9003553 -0.3690903 0.2202541 0.9029178 -0.3690963 0.2202639 0.902913 -0.2598336 0.3296124 0.9076575 0.5182413 0.05469655 0.8534836 0.5158742 -0.1098455 0.8495928 0.5158804 -0.1098322 0.8495908 0.4318747 -0.3128036 0.845954 -0.1170541 0.3888075 0.9138529 -0.1170458 0.3888194 0.9138489 0.03748232 0.3888107 0.9205549 0.03748583 0.3888061 0.9205568 0.1802488 0.3296162 0.9267489 0.1802465 0.329613 0.9267506 0.2895255 0.2202443 0.9314867 0.2895262 0.2202307 0.9314897 0.3345012 0.1136674 0.9355153 0.3344955 0.1136827 0.9355155 0.3494563 0.03840607 0.9361652 0.03748673 -0.3888155 0.9205528 0.03748232 -0.3887975 0.9205605 0.2766972 -0.4681581 0.839206 0.2766902 -0.4681271 0.8392255 0.1802674 -0.3296148 0.9267458 0.1802376 -0.3296201 0.9267497 0.43189 -0.3128193 0.8459405 -0.2598118 0.3296096 0.9076648 -0.08449876 -0.2124152 0.9735193 -0.1625223 -0.1801357 0.9701225 -0.1625106 -0.180084 0.970134 -0.2222546 -0.1202642 0.9675431 -0.2222194 -0.1203452 0.967541 -0.2544887 -0.04229438 0.9661505 -0.2545454 -0.04224473 0.9661377 -0.2545352 0.04234266 0.9661361 -0.25454 0.04222875 0.9661399 0 -0.2124202 0.9771785 -6.03964e-5 -0.2124293 0.9771764 -0.08466517 -0.2124401 0.9734994 -0.2222288 0.1203121 0.967543 -0.2222263 0.1203339 0.9675409 -0.1624725 0.1801546 0.9701273 -0.1625009 0.1800816 0.9701361 0.3494455 0.03837305 0.9361705 0.3486595 -0.07735097 0.9340522 0.3486676 -0.07732027 0.9340516 0.2895326 -0.2202279 0.9314885 -0.08464235 0.2123633 0.9735182 -0.08449459 0.2124369 0.973515 -4.86651e-5 0.2124017 0.9771825 -9.4368e-5 0.2124289 0.9771766 0.0779429 0.1800699 0.980561 0.07792651 0.1800862 0.9805592 0.13756 0.1203984 0.9831488 0.137599 0.1203396 0.9831505 0.1618712 0.06201875 0.9848612 0.1618914 0.06190031 0.9848653 0.1700409 0.02090871 0.9852152 0.07791256 -0.1800964 0.9805585 0.2895242 -0.2202422 0.9314876 0.1375961 -0.1203296 0.9831522 0.0779125 -0.1800317 0.9805704 -0.05303102 -0.04904693 0.9973877 -0.07101035 -0.04161864 0.996607 -0.08482724 -0.02779155 0.996008 -0.09229707 -0.009795844 0.9956833 -0.09229069 0.009795129 0.995684 -0.08485352 0.02779108 0.9960058 -0.01545178 -0.0415709 0.9990161 -0.03357458 -0.04905456 0.9982317 -0.07100242 0.0416221 0.9966074 -0.05307859 0.04904615 0.9973852 0.1700527 0.020967 0.9852119 0.1699146 -0.0422241 0.9845539 0.1699239 -0.04224759 0.9845513 0.1375591 -0.120422 0.983146 -0.0335322 0.04905325 0.9982332 -0.01545286 0.04157376 0.9990159 -0.001742959 0.02786052 0.9996103 0.003907501 0.01419359 0.9998916 0.005726039 0.004928886 0.9999715 -0.001770675 -0.0278607 0.9996103 0.005755126 -0.009744167 0.999936 -0.04906004 0.004802882 0.9987844 -0.2125709 0.02089399 0.9769223 -0.212584 0.02101713 0.9769168 -0.04905396 -0.00975269 0.9987486 -0.2124234 -0.04223889 0.9762645 -0.04716569 0.01432877 0.9987843 -0.02782052 0.04161328 0.9987464 -0.009773731 0.04906928 0.9987476 0.009773731 0.04906928 0.9987476 0.02782058 0.04159945 0.9987471 0.04158222 0.02779066 0.9987486 0.04905462 0.009766638 0.9987484 0.04905396 -0.009766519 0.9987484 0.04161214 -0.02779215 0.9987473 0.02776414 -0.04159778 0.9987486 0.009773552 -0.04906857 0.9987476 -0.009773552 -0.04906857 0.9987476 -0.02776414 -0.04161161 0.9987481 -0.04161214 -0.02779215 0.9987473 -0.04158222 0.02779066 0.9987486 -0.2044034 0.06189769 0.9769278 -0.3897066 0.03841322 0.9201377 -0.2044008 0.06202852 0.9769201 -0.3747611 0.113641 0.9201304 -0.3896868 0.0383526 0.9201485 -0.3888283 -0.07731992 0.9180601 -0.2124333 -0.04224658 0.9762619 -0.1800664 -0.1203362 0.976266 -0.180091 0.1202877 0.9762675 -0.1800968 0.1203413 0.9762598 -0.1202963 0.1801038 0.976264 -0.04214411 0.212424 0.9762684 -0.04227697 0.2124419 0.9762588 -0.120324 0.1800858 0.976264 0.04224157 0.2124734 0.9762535 0.04224663 0.2124261 0.9762635 0.1203414 0.1800985 0.9762595 0.12031 0.1800875 0.9762654 0.180107 0.1203471 0.9762572 0.1800845 0.1203231 0.9762643 0.2124335 0.04224091 0.9762621 0.2124302 0.04224598 0.9762627 0.2124118 -0.04223901 0.976267 0.2124406 -0.04224652 0.9762604 0.1800482 -0.1202917 0.9762749 0.1800941 -0.1203396 0.9762605 0.1202963 -0.1801038 0.976264 0.1203231 -0.1800845 0.9762643 0.04214388 -0.2124227 0.9762687 0.04227697 -0.2124419 0.9762588 -0.04224061 -0.2124683 0.9762546 -0.04224693 -0.2124277 0.9762632 -0.12035 -0.1801113 0.976256 -0.1203064 -0.1800822 0.9762668 -0.1800858 -0.120324 0.976264 -0.3747121 0.1136929 0.920144 -0.5334163 0.16183 0.8302278 -0.5547366 0.0546506 0.8302292 -0.3296139 0.22024 0.9180682 -0.3296329 0.2202398 0.9180614 -0.5522024 -0.1098449 0.8264423 -0.5522108 -0.109833 0.8264383 -0.3888202 -0.07735067 0.918061 -0.5547345 0.0546267 0.8302323 -0.3296332 -0.2202264 0.9180645 -0.220259 0.3296125 0.9180641 -0.2202438 0.3296456 0.9180558 -0.07735878 0.3888235 0.9180588 -0.0773257 0.3888156 0.9180649 0.07733827 0.3888205 0.9180618 0.07733684 0.3888044 0.9180687 0.2202406 0.3296347 0.9180606 0.220218 0.3296337 0.9180663 0.3296006 0.2202246 0.9180766 0.3296211 0.2202407 0.9180654 0.3887938 0.0773409 0.9180729 0.3888277 0.07733881 0.9180588 0.3888058 -0.07734131 0.9180677 0.3888068 -0.07733732 0.9180676 0.3295976 -0.2202225 0.9180781 0.329627 -0.2202402 0.9180633 0.220255 -0.3296464 0.9180528 0.2202244 -0.3296299 0.9180662 0.07735806 -0.3888199 0.9180604 0.07733732 -0.3888068 0.9180676 -0.0773403 -0.3888108 0.9180657 -0.07733738 -0.3888206 0.9180619 -0.2202555 -0.3296272 0.9180596 -0.2202474 -0.3296378 0.9180577 -0.3296141 -0.2202494 0.9180658 -0.533424 0.1618011 0.8302285 -0.4681496 0.3128097 0.8264299 -0.4681313 0.3128193 0.8264365 -0.7054041 0.06948465 0.7053915 -0.6782858 0.2057688 0.7053989 -0.6782953 0.2057684 0.70539 -0.3127933 0.4681709 0.8264238 -0.3128013 0.4681085 0.8264562 -0.7053926 0.06944912 0.7054064 -0.700207 -0.1392717 0.7002239 -0.4681407 -0.3128037 0.8264371 -0.4681395 -0.3128247 0.8264297 -0.5936207 -0.3966315 0.7002128 -0.7002226 -0.1392883 0.7002052 -0.1098319 0.5522055 0.8264418 -0.1098478 0.5522002 0.8264433 0.1098332 0.5522121 0.8264373 0.1098267 0.5521966 0.8264485 0.3128052 0.4681429 0.8264353 0.3128051 0.4681143 0.8264515 0.4681408 0.3127961 0.82644 0.4681372 0.3128061 0.8264382 0.5522028 0.1098337 0.8264434 0.5521847 0.1098439 0.8264542 0.5522096 -0.1098293 0.8264395 0.5521916 -0.1098427 0.8264496 0.4681574 -0.3127843 0.8264349 0.4681231 -0.3128166 0.8264421 0.3128063 -0.4681217 0.8264469 0.3127955 -0.4681296 0.8264465 0.1098446 -0.5521889 0.8264513 0.1098014 -0.5522148 0.8264397 -0.1098459 -0.5521954 0.8264467 -0.1098382 -0.5522116 0.826437 -0.3127937 -0.46812 0.8264525 -0.3127932 -0.4681475 0.8264371 -0.593623 0.3966472 0.700202 -0.5936177 0.396631 0.7002156 -0.3966421 0.5936069 0.7002184 -0.3966426 0.5936144 0.7002118 -0.8286998 0.08163899 0.5537073 -0.7968438 0.2417766 0.5537006 -0.6954428 0.4646613 0.5481325 -0.6954347 0.4646701 0.5481355 -0.7968446 0.241727 0.553721 -0.1392924 0.7002092 0.7002177 -0.1392859 0.7002141 0.7002141 -0.8287113 0.08157217 0.5537001 -0.820342 -0.163159 0.5481042 -0.3966385 -0.5936142 0.7002144 -0.5936189 -0.396641 0.7002089 -0.6954447 -0.4646532 0.548137 -0.8203186 -0.1631992 0.5481274 0.1392775 0.7002276 0.7002022 0.1392846 0.7002072 0.7002211 0.3966439 0.5936267 0.7002006 0.3966428 0.5936042 0.7002205 0.5936087 0.3966433 0.7002164 0.5936114 0.3966499 0.7002104 0.7002257 0.1392754 0.7002045 0.7002167 0.1392767 0.7002133 0.7002258 -0.1392746 0.7002046 0.7002098 -0.1392767 0.7002202 0.5936036 -0.3966342 0.7002258 0.5936104 -0.3966562 0.7002076 0.3966447 -0.5936276 0.7001996 0.3966456 -0.5936084 0.7002152 0.1392709 -0.7002198 0.7002114 0.1392717 -0.7002268 0.7002041 -0.1392777 -0.7002202 0.7002096 -0.1392729 -0.7002189 0.7002119 -0.3966364 -0.5936154 0.7002146 -0.4646787 0.6954517 0.5481066 -0.4646762 0.6954454 0.5481168 -0.1631756 0.820328 0.5481202 -0.1631792 0.8203188 0.5481327 -0.9200814 0.0906037 0.3811053 -0.8847306 0.2683458 0.3811069 -0.7703191 0.514729 0.376381 -0.5147253 0.7703135 0.3763978 -0.5147133 0.7703258 0.3763889 -0.7703275 0.5147209 0.376375 -0.8847219 0.2683743 0.381107 0.1631715 0.8203355 0.5481102 0.1631736 0.820321 0.5481312 -0.9200736 0.09059494 0.3811265 -0.9086667 -0.1806941 0.3763971 -0.4646724 -0.6954526 0.5481108 -0.6954475 -0.4646725 0.5481171 -0.7703197 -0.5147284 0.3763806 -0.9086626 -0.1807515 0.3763792 0.4646751 0.695434 0.5481319 0.4646854 0.6954396 0.5481161 0.6954317 0.4646793 0.5481315 0.6954225 0.4646964 0.5481287 0.8203274 0.1631838 0.5481187 0.8203272 0.1631286 0.5481353 0.8203294 -0.1631538 0.5481246 0.8203275 -0.1631542 0.5481274 0.6954329 -0.4646871 0.5481233 0.6954296 -0.4646889 0.548126 0.4646709 -0.6954434 0.5481237 0.4646792 -0.6954348 0.5481275 0.1631618 -0.8203209 0.5481351 0.163174 -0.8203231 0.548128 -0.1631705 -0.82033 0.5481187 -0.163176 -0.820309 0.5481485 -0.4646789 -0.695445 0.5481148 -0.1807465 0.9086686 0.3763671 -0.1807408 0.9086576 0.3763966 0.180747 0.9086623 0.3763821 0.1807449 0.9086561 0.3763983 -0.9387359 0.2847233 0.1941849 -0.976239 0.09617668 0.1941843 -0.8160795 0.5452932 0.1914932 -0.8160719 0.5453119 0.1914719 -0.5452988 0.8160823 0.1914656 -0.5452919 0.8160793 0.1914975 -0.1914764 0.9626405 0.191468 -0.9387304 0.2847324 0.1941979 0.5147143 0.7703257 0.3763874 0.5147084 0.7703268 0.3763936 -0.9626402 -0.1914764 0.1914694 -0.9626397 -0.1914824 0.1914664 -0.9762401 0.09618777 0.1941735 -0.5147294 -0.7703196 0.3763796 -0.770322 -0.5147276 0.3763771 -0.8160775 -0.5452994 0.1914842 -0.8160729 -0.5453125 0.1914667 0.7703323 0.5147126 0.3763762 0.7703241 0.5147196 0.3763839 0.9086644 0.1807444 0.3763784 0.9086625 0.1807537 0.3763782 0.9086635 -0.1807649 0.3763706 0.9086625 -0.1807345 0.3763874 0.7703231 -0.5147236 0.3763802 0.7703342 -0.5147059 0.3763818 0.514716 -0.770339 0.3763579 0.5147233 -0.7703183 0.3763906 0.1807505 -0.9086644 0.3763754 0.1807476 -0.9086694 0.3763647 -0.1807473 -0.9086727 0.3763567 -0.1807447 -0.9086633 0.3763808 -0.5147176 -0.7703322 0.3763697 -0.1914803 0.9626363 0.1914857 0.1914792 0.9626406 0.1914653 0.1914824 0.962637 0.1914798 0.5452857 0.8160904 0.1914682 -0.9942079 0.09791749 0.04430645 -0.9559977 0.290013 0.04428464 -0.9560105 0.2899866 0.04417765 -0.8306794 0.5550463 0.04353833 -0.555039 0.8306781 0.04365557 -0.8306874 0.5550228 0.04368472 -0.5550385 0.830682 0.04358774 -0.1948994 0.9798513 0.04365342 0.5452921 0.8160851 0.1914724 0.8160821 0.545295 0.191477 -0.8306841 -0.55503 0.04365491 -0.8306895 -0.5550242 0.04362684 -0.9798504 -0.1949117 0.04362004 -0.9942086 0.0979197 0.04428446 -0.9798489 -0.1949139 0.0436424 -0.5452848 -0.8160836 0.1914997 -0.5453025 -0.8160738 0.1914905 -0.5550408 -0.8306809 0.0435782 -0.5550376 -0.8306806 0.04362636 0.8160926 0.5452737 0.1914927 0.9626345 0.1914886 0.1914865 0.9626379 0.1914661 0.1914916 0.9626352 -0.191484 0.1914874 0.9626389 -0.1914865 0.1914665 0.816092 -0.5452793 0.1914794 0.816096 -0.545276 0.1914722 0.5452688 -0.8160986 0.1914812 0.5452846 -0.8160899 0.1914736 0.1914826 -0.9626348 0.1914909 0.1914832 -0.9626356 0.1914859 -0.1914868 -0.9626347 0.1914868 -0.1914724 -0.9626394 0.1914778 -0.1949039 0.9798533 0.04358917 0.1949064 0.9798534 0.04357743 0.1949044 0.9798498 0.0436666 0.555029 0.8306826 0.0436936 -0.9569247 0.2903363 0 -0.9569511 0.2902495 0 0 -2.34406e-7 -1 1.18576e-6 -1.77506e-6 -1 -0.8314673 0.5555738 0 -0.8314746 0.5555628 0 -0.5555793 0.8314636 0 -0.5555628 0.8314746 0 -0.1950878 0.9807858 0 -0.1950764 0.9807881 0 0.5550108 0.8306984 0.04362732 0.8306561 0.5550704 0.04367482 3.00598e-6 1.98918e-6 -1 3.7628e-6 3.72651e-6 -1 4.76084e-6 5.53116e-7 -1 -0.1949069 -0.9798498 0.04365509 -0.1948962 -0.9798532 0.04362607 9.80196e-6 0 -1 0.8307132 0.5549948 0.0435487 0.9559952 0.2900394 0.04416459 0.9112226 0.1812242 0.369907 0.9942057 0.09795033 0.04428207 0.9798491 -0.1949114 0.04364907 0.9798533 -0.1948994 0.04361015 0.8306791 -0.5550405 0.04361587 0.8306754 -0.5550406 0.04368615 0.5550474 -0.8306715 0.04367262 0.555046 -0.8306738 0.04364639 0.1949095 -0.9798493 0.04365569 0.194901 -0.9798523 0.0436272 0.1950867 0.9807861 0 0.5555628 0.8314746 0 0.5555793 0.8314636 0 -0.8306838 0.5550349 -0.04359835 -0.8306891 0.5550197 -0.04368948 -0.9559903 0.2900428 -0.04424571 -0.9942068 0.09792649 -0.04430949 -0.9560036 0.2899898 -0.04430621 3.99693e-6 2.34439e-7 1 -3.56498e-6 0 1 0.956949 0.290256 0 -3.99639e-6 0 -1 4.76086e-6 0 -1 -3.76283e-6 0 -1 -0.5550359 0.8306782 -0.04369193 -0.5550221 0.8306914 -0.04361629 -0.1949027 0.9798502 -0.04366648 -0.1948928 0.9798555 -0.04358953 0.1949072 0.9798531 -0.04357826 0.1948942 0.9798524 -0.04365336 0.8314673 0.5555738 0 0.8314746 0.5555628 4.04e-5 0.9569379 0.2902929 5.58724e-5 0.5550686 0.8306599 -0.0436275 0.5550357 0.8306819 -0.04362398 0.8306672 0.5550535 -0.0436781 0.8306848 0.5550324 -0.04361087 -0.8160736 0.5453093 -0.1914722 -0.8160861 0.5452827 -0.191495 -0.5452719 0.8160977 -0.1914761 -0.9387227 0.2847694 -0.1941808 -0.9387374 0.2847238 -0.1941769 -0.9942052 0.09795445 -0.04428374 -0.9798422 -0.1949473 -0.04364496 -5.94901e-6 -5.52927e-7 1 -0.9762423 0.09614527 -0.194183 -4.75925e-6 5.53005e-7 1 0 6.48074e-6 1 -8.68614e-6 0 1 0 3.71811e-6 1 -3.00235e-6 1.9867e-6 1 0 -2.34441e-7 1 0.7662367 0.2324098 -0.5990552 0.9942086 0.0979197 -0.04428446 -0.5453148 0.8160686 -0.1914784 -0.1914758 0.9626408 -0.1914677 -0.1914727 0.9626354 -0.1914977 0.1914793 0.9626372 -0.191482 0.191473 0.9626374 -0.191487 0.5452855 0.8160843 -0.1914952 0.9798555 0.1948859 -0.04362028 0.5452942 0.8160866 -0.1914601 0.8160851 0.5452921 -0.1914724 0.8160795 0.5452932 -0.1914932 0.9626351 0.1914815 -0.1914902 0.9626413 0.1914516 -0.1914892 -0.8847267 0.2683691 -0.3810995 -0.8847012 0.2684295 -0.3811162 -0.7703176 0.5147283 -0.376385 -0.7703385 0.5147087 -0.3763692 -0.5147141 0.7703338 -0.3763712 -0.9762402 0.09613257 -0.1942001 -0.9200893 0.09055066 -0.3810989 -0.962635 -0.1914815 -0.1914909 -0.9798547 -0.1948897 -0.0436207 -0.8306932 -0.5550189 -0.04362189 0.8306921 -0.5550273 -0.04353517 0.8306738 -0.5550428 -0.04368811 0.9798494 -0.1949377 -0.04352718 0.9798569 -0.1948742 -0.04364395 -0.8306692 -0.5550521 -0.04365831 -0.555026 -0.8306882 -0.04362612 -0.555036 -0.8306805 -0.04364728 -0.1948993 -0.979853 -0.0436173 -0.1949089 -0.9798493 -0.04365569 0.1949172 -0.979849 -0.04362875 0.1949041 -0.9798508 -0.04364496 0.555043 -0.8306764 -0.04363501 0.5550419 -0.8306752 -0.04367303 0.9626355 -0.1914795 -0.1914902 -0.5147205 0.7703153 -0.3764002 -0.1807357 0.9086681 -0.3763736 -0.1807436 0.9086691 -0.3763673 0.1807401 0.908668 -0.3763716 0.1807467 0.9086607 -0.3763859 0.514719 0.7703258 -0.3763808 0.514721 0.7703222 -0.3763856 0.7703209 0.5147305 -0.3763754 0.770336 0.5147087 -0.3763743 0.9086689 0.1807291 -0.3763748 0.9086648 0.1807643 -0.3763676 0.9626411 -0.1914521 -0.1914897 0.9086683 -0.180729 -0.3763759 -0.9200791 0.09064984 -0.3810998 -0.828707 0.08152598 -0.5537133 -0.7968231 0.2418336 -0.5537053 -0.7968585 0.2416858 -0.5537189 -0.6954428 0.4646704 -0.5481247 -0.6954321 0.4646841 -0.5481268 -0.4646745 0.6954475 -0.5481153 -0.9086589 -0.1807271 -0.3763999 -0.9086651 -0.180764 -0.3763672 -0.9626459 -0.1914526 -0.1914651 -0.8160825 -0.5452867 -0.1914986 -0.8160722 -0.5453106 -0.1914747 0.8160825 -0.5452905 -0.1914879 0.8160784 -0.5453 -0.1914788 0.5452781 -0.8160947 -0.1914713 -0.5453017 -0.816078 -0.1914758 -0.5452821 -0.8160865 -0.1914948 -0.1914818 -0.9626367 -0.1914818 -0.1914797 -0.962637 -0.1914824 0.1914888 -0.9626367 -0.1914754 0.1914807 -0.9626339 -0.1914974 0.545284 -0.8160881 -0.1914827 -0.4646876 0.6954373 -0.5481171 -0.1631724 0.8203245 -0.5481263 -0.1631743 0.8203319 -0.5481147 0.1631746 0.8203354 -0.5481094 0.163178 0.8203153 -0.5481386 0.4646854 0.6954396 -0.5481161 0.4646769 0.6954317 -0.5481334 0.6954312 0.4646772 -0.5481338 0.6954365 0.4646779 -0.5481264 0.8203185 0.1631827 -0.5481323 0.8203384 0.1631563 -0.5481103 0.9086646 -0.1807639 -0.3763685 0.8203392 -0.1631565 -0.5481093 0.7703313 -0.5147151 -0.376375 -0.8286888 0.08169317 -0.5537159 -0.8203243 -0.1631803 -0.5481243 -0.8203229 -0.1631857 -0.5481249 -0.7053778 0.06950569 -0.7054156 -0.6782748 0.2057136 -0.7054256 -0.6782853 0.2057653 -0.7054004 -0.5936 0.3966284 -0.7002321 -0.5936157 0.3966536 -0.7002046 -0.3966388 0.5936087 -0.7002189 -0.7703214 -0.5147135 -0.3763974 -0.6954468 -0.4646649 -0.5481244 -0.6954315 -0.464693 -0.54812 -0.7703303 -0.5147294 -0.3763574 -0.5147311 -0.7703204 -0.3763755 -0.5147179 -0.7703357 -0.376362 0.7703261 -0.5147182 -0.3763816 0.5147289 -0.7703184 -0.3763825 -0.1807447 -0.9086633 -0.3763808 -0.1807404 -0.9086775 -0.3763486 0.1807506 -0.9086708 -0.3763597 0.1807436 -0.9086691 -0.3763673 0.5147072 -0.7703438 -0.3763602 -0.3966477 0.593594 -0.7002263 -0.1392743 0.7002083 -0.7002222 -0.1392785 0.7002009 -0.7002287 0.1392869 0.7001916 -0.7002364 0.1392841 0.7002227 -0.7002058 0.3966382 0.5936042 -0.7002231 0.3966484 0.593612 -0.7002106 0.5936116 0.3966361 -0.7002179 0.593607 0.3966365 -0.7002216 0.7002149 0.1392775 -0.7002149 0.7002056 0.1393009 -0.7002195 0.8203144 -0.163184 -0.5481382 0.7002013 -0.1393001 -0.7002239 0.6954351 -0.4646717 -0.5481334 -0.7054061 0.06948357 -0.7053894 -0.7001996 -0.1392746 -0.7002308 -0.7002265 -0.1392892 -0.700201 -0.5936029 -0.3966304 -0.7002285 -0.5936047 -0.3966576 -0.7002116 -0.5334174 0.1618326 -0.8302266 -0.5547422 0.05465972 -0.830225 -0.5334293 0.1618305 -0.8302193 -0.4681388 0.3127732 -0.8264496 -0.4681585 0.3128079 -0.8264254 -0.3128113 0.4681491 -0.8264293 -0.4646745 -0.6954475 -0.5481153 -0.4646769 -0.6954317 -0.5481334 -0.3966421 -0.5935996 -0.7002246 -0.396646 -0.5936085 -0.7002149 -0.1631719 -0.8203218 -0.5481306 -0.1631664 -0.8203266 -0.548125 0.6954419 -0.4646814 -0.5481167 0.4646824 -0.6954349 -0.5481246 0.1631709 -0.8203229 -0.5481294 0.163173 -0.8203181 -0.5481358 0.4646714 -0.6954441 -0.5481225 -0.3127963 0.4681296 -0.8264462 -0.1098313 0.5522175 -0.826434 -0.1098152 0.5522029 -0.8264458 0.1098425 0.5522074 -0.8264392 0.1098368 0.5522158 -0.8264344 0.3128039 0.4681338 -0.8264409 0.312794 0.468172 -0.826423 0.4681578 0.3127916 -0.8264319 0.4681507 0.3127799 -0.8264403 0.5522111 0.1098466 -0.8264362 0.5522212 0.1098568 -0.8264281 0.7002139 -0.1392765 -0.7002161 0.5522142 -0.1098438 -0.8264345 0.5936101 -0.3966351 -0.7002196 -0.5521965 -0.1098607 -0.826444 -0.5522049 -0.1098318 -0.8264424 -0.5547263 0.05460393 -0.8302392 -0.4681587 -0.3127751 -0.8264377 -0.4681385 -0.3128022 -0.8264389 -0.3127987 -0.4681218 -0.8264496 -0.312794 -0.468172 -0.826423 -0.3746584 0.1136518 -0.9201709 -0.389639 0.03839099 -0.9201673 -0.3746597 0.1136529 -0.9201702 -0.3295566 0.2202214 -0.9180932 -0.3295674 0.2202089 -0.9180923 -0.2202262 0.3295534 -0.9180932 -0.1392716 -0.7002016 -0.7002294 -0.1392711 -0.7002186 -0.7002125 -0.1098245 -0.5522218 -0.8264319 -0.1098471 -0.5522099 -0.8264369 0.1392814 -0.7002095 -0.7002195 0.1392771 -0.7002065 -0.7002235 0.5936162 -0.3966314 -0.7002167 0.3966361 -0.5936116 -0.7002179 0.3966388 -0.5936105 -0.7002173 -0.07733821 0.3887397 -0.9180961 -0.07732319 0.3887606 -0.9180884 -0.2201827 0.329598 -0.9180876 0.077358 0.3887389 -0.9180946 0.07732319 0.3887606 -0.9180884 0.2202215 0.3295965 -0.9180787 0.2202122 0.3295524 -0.9180968 0.3295671 0.2202085 -0.9180925 0.3295664 0.2202171 -0.9180907 0.3887522 0.0773189 -0.9180924 0.3887578 0.07733595 -0.9180885 0.5522173 -0.1098549 -0.8264309 0.3887636 -0.07733905 -0.9180859 0.3887521 -0.07732015 -0.9180924 0.4681437 -0.3127765 -0.8264456 -0.3887487 -0.07731819 -0.9180939 -0.3887555 -0.07733547 -0.9180896 -0.3295684 -0.2202184 -0.9180896 -0.3896313 0.03835511 -0.9201719 -0.3295848 -0.2202071 -0.9180865 -0.2201908 -0.3295603 -0.9180991 -0.2202256 -0.3296026 -0.9180757 -0.07732439 -0.3887666 -0.9180858 2.18778e-5 0 -1 0.1098487 -0.5522069 -0.8264386 0.1098558 -0.5522073 -0.8264375 -0.07733821 -0.3887397 -0.9180961 0.07735103 -0.3887533 -0.9180892 0.3127982 -0.468155 -0.8264311 0.3127915 -0.4681453 -0.8264391 0.4681451 -0.3128067 -0.8264334 4.28444e-5 -5.96878e-7 -1 0 6.63532e-6 -1 0 4.38705e-6 -1 1.0397e-5 1.52935e-6 -1 0 -1.52417e-6 -1 0.3295715 -0.2202247 -0.9180871 0.3295794 -0.2202079 -0.9180882 2.07475e-5 -4.34477e-6 -1 -6.86029e-7 0 -1 1.08913e-5 0 -1 -2.15499e-5 0 -1 0 -6.53905e-6 -1 2.10525e-5 5.86577e-7 -1 0.07733917 -0.3887245 -0.9181023 0.2202126 -0.3295931 -0.9180822 0.220193 -0.3295538 -0.9181009 0.9860115 0.1666778 0 0.9848005 0.1734424 0.009252548 0.9848427 -0.1734498 0 0.9848428 0.1734495 0 0.9847666 -0.173435 0.01245713 0.9823716 -0.1869388 0 0.9859724 -0.1666721 0.008890032 0.9860116 0.1666769 0 0.9860113 -0.1666783 0 0.8685478 0.4932155 0.04861336 0.8603355 0.5090042 0.02715724 0.8695746 0.4938018 0 0.8695741 0.4938026 0 0.8600776 0.5088529 0.03654175 0.9822834 0.1869201 0.0134257 0.8603367 -0.5090026 0.0271514 0.8586941 -0.5080344 0.06742107 0.841929 -0.538202 0.03865629 0.970426 0.1846647 0.155475 0.9718468 -0.1849359 0.1459885 0.972807 -0.1713348 0.1558562 0.8340873 -0.533187 0.1414572 0.849021 -0.5023082 0.1638599 0.8685472 -0.4932168 0.04861068 0.9860116 -0.1666769 0 0.8695746 -0.4938018 0 0.9834203 0.1662335 -0.07246285 0.9834203 0.1662398 -0.07244855 0.9834195 -0.1662397 -0.07246178 0.8658698 0.4916936 -0.09223359 0.8658684 0.491695 -0.09223949 0.614928 0.7821242 0.1007246 0.6005102 0.7957614 0.07842928 0.6180688 0.7861242 0 0.6180699 0.7861233 0 0.8404145 0.5372338 0.07129842 0.5990117 0.7937801 0.1053478 0.6127473 0.7793561 -0.1309388 0.6127447 0.7793557 -0.1309536 0.974447 0.1716236 0.1449088 0.8310654 0.5312569 0.1646099 0.6005102 -0.7957614 0.07842928 0.5966808 -0.7906792 0.1371076 0.5692353 -0.8150281 0.1081677 0.5652192 -0.8092784 0.159987 0.5924729 -0.785106 0.1805116 0.9510995 -0.167511 0.2595187 0.9510983 -0.1675291 0.2595109 0.9511011 0.1675112 0.2595126 0.8231467 -0.4870023 0.2919903 0.8231548 -0.4869835 0.2919989 0.5641036 -0.7475111 0.3507341 0.5641008 -0.7475086 0.3507437 0.8695741 -0.4938026 0 0.6149301 -0.7821241 0.1007127 0.6180688 -0.7861242 0 0.8658711 -0.4916914 -0.09223425 0.9834212 -0.1662353 -0.07244747 0.9798435 -0.1656297 -0.1116849 0.9798434 0.1656305 -0.1116849 0.9798431 0.1656278 -0.1116915 0.8607754 0.488812 -0.1418751 0.8607815 0.4888053 -0.141861 0.6055566 0.770213 -0.2001829 0.6055598 0.7702094 -0.200187 0.3325216 0.9430958 0 0.3325152 0.943098 0 0.3300925 0.9362174 0.1205658 0.3163281 0.934702 0.1620768 0.3178133 0.9390767 0.1308808 0.5669017 0.8116735 0.1407434 0.3076909 0.9354457 -0.1739761 0.3258714 0.9242462 -0.1989398 0.5628956 0.8059424 0.1833178 0.8525875 0.5044165 0.1365968 0.2763121 0.9231706 -0.2672225 0.2979032 0.9057025 -0.3015902 0.8231475 0.4869965 0.2919976 0.9510951 0.1675273 0.2595238 0.3156123 -0.9326038 0.1750404 0.2948984 -0.941479 0.1632555 0.318207 -0.940259 0.1210681 0.2885081 -0.921079 0.2614891 0.2156217 -0.9499571 0.226028 0.1981565 -0.8730126 0.4456264 0.1553893 -0.8925841 0.4232585 0.9391427 -0.1654203 0.3010767 0.8149036 -0.4821013 0.3217304 0.8148959 -0.48212 0.3217218 0.9391411 -0.1654062 0.3010892 0.9391396 0.1654214 0.3010861 0.5624054 -0.745254 0.3581854 0.5624032 -0.7452461 0.3582052 0.1558232 -0.8950796 0.4177941 0.1232352 -0.9083009 0.3997533 0.6127537 -0.7793535 -0.1309242 0.8658677 -0.4916979 -0.0922296 0.6180757 -0.7861186 0 0.3325216 -0.9430958 0 0.3296877 -0.9350512 0.1303288 0.9798417 -0.1656321 -0.1116971 0.8607787 -0.4888085 -0.1418678 0.9803425 -0.1657159 -0.1070829 0.9803417 0.16572 -0.1070845 0.9803423 0.1657128 -0.1070895 0.8614852 0.4892091 -0.13608 0.861493 0.4892054 -0.1360439 0.6065477 0.771476 -0.1921581 0.6065497 0.7714692 -0.1921795 0.277123 0.9258618 -0.2568713 -0.9999998 5.54721e-4 0 -0.9999999 4.76411e-4 -1.02497e-4 -0.9999999 6.03346e-4 8.40739e-5 0.2942198 0.9393362 0.176301 0.2919179 0.9319901 0.2148917 0.5953488 0.7889237 0.152182 -0.9999998 6.16406e-4 1.27646e-4 -1 4.34294e-4 -1.44832e-4 0.8231559 0.4869884 0.2919876 0.5640957 0.7475116 0.3507454 0.2500931 0.9223909 -0.2943615 -1 4.40878e-4 -1.40475e-4 0.9391477 0.1654024 0.3010708 0.8149021 0.4821047 0.3217291 -0.9999998 -6.16406e-4 1.27644e-4 -0.999861 -0.002266585 -0.01652508 -0.9999999 -6.03348e-4 8.40786e-5 -0.999808 0.01600682 0.01130688 -0.9999998 -5.59728e-4 2.61229e-4 0.7621123 -0.4508925 0.4646301 0.7621086 -0.450897 0.4646314 0.8742526 -0.1539758 0.4604064 0.532159 -0.7051616 0.468566 0.5321489 -0.7051737 0.468559 0.8742504 0.1539738 0.460411 0.8742498 -0.1539765 0.4604112 0.1194083 -0.880079 0.459568 0.1052668 -0.885482 0.4525932 -0.9999999 -5.24309e-4 2.73274e-4 0.612749 -0.7793531 -0.1309482 0.6055591 -0.7702071 -0.2001984 0.8607771 -0.4888079 -0.1418793 0.3325248 -0.9430945 0 0.3275736 -0.9290533 -0.1719175 -0.9999998 -5.54721e-4 0 0.9803417 -0.1657186 -0.1070873 0.8614888 -0.4892065 -0.1360664 0.7998106 0.1352081 -0.5848263 0.7997618 0.1351978 -0.5848955 0.7998008 -0.135203 -0.5848411 0.6401335 0.3634928 -0.6768325 0.6401099 0.3634868 -0.676858 0.3748774 0.4767895 -0.7950716 0.37487 0.4768106 -0.7950624 0.1091446 0.4663126 -0.8778611 0.1141855 0.4211519 -0.8997738 -1 0 2.91263e-4 -1 -1.10473e-4 -3.66397e-4 -1 1.10473e-4 -3.66393e-4 -1 -4.34297e-4 -1.44833e-4 -0.9999999 -4.76404e-4 -1.02496e-4 -0.9998608 0.002268135 -0.01653921 -0.9998077 -0.01602107 0.01131618 -0.9999998 5.59728e-4 2.61229e-4 -0.9999999 5.24309e-4 2.73271e-4 -0.9999999 -5.74011e-4 2.6582e-4 -0.9999999 5.74011e-4 2.65824e-4 -1 -4.40878e-4 -1.40475e-4 -1 0 -4.34175e-4 0.2133999 0.9401908 0.2655216 0.2009397 0.8852812 0.419405 0.5641008 0.7475086 0.3507437 0.8148903 0.4821197 0.3217366 0.5624014 0.7452536 0.3581925 0.8742604 0.1539753 0.4603917 0.7621102 0.4508941 0.4646318 0.7667724 -0.4536538 0.4541568 0.5384652 -0.7136484 0.4480639 0.5385211 -0.7136229 0.4480373 0.7667925 -0.4536771 0.4540995 0.8769931 -0.1544618 0.4549998 0.09198021 -0.9067028 0.4116184 0.1072956 -0.9025162 0.417076 0.876997 -0.1544634 0.4549915 0.8769964 0.1544559 0.4549953 0.3013969 -0.9163377 -0.2636004 0.6055597 -0.7702108 -0.2001819 0.3061153 -0.9306776 -0.2003313 0.8614916 -0.4892091 -0.1360394 0.606551 -0.7714707 -0.1921686 0.6401014 -0.3634819 -0.6768686 0.7997574 -0.1352006 -0.5849009 0.9860094 -0.1666895 0 0.9860101 -0.1666862 0 0.9860101 0.1666862 0 0.9860094 0.1666895 0 0.8695779 0.4937958 0 0.8695786 0.4937947 0 0.6180708 0.7861225 0 0.6180747 0.7861194 0 0.2278982 0.973685 0 0.2278954 0.9736857 0 -1.52249e-5 -1.93775e-5 1 -5.98632e-5 0 1 0 1.93966e-5 1 0.09169846 0.9039323 0.4177295 0.09873193 -0.4218564 -0.9012709 0.2278985 -0.9736849 0 0.227895 -0.9736858 0 0.1269277 -0.4681177 -0.8745028 0.250092 -0.922387 -0.2943744 0.277123 -0.925862 -0.2568709 0.2731803 -0.9126931 -0.3039145 0.1531608 0.8798009 0.4499912 0.1572116 0.9030544 0.3997216 0.1220244 0.8993768 0.4197993 0.1197441 0.8825746 0.4546686 0.1047958 0.8815413 0.4603289 0.1074283 0.9037107 0.4144471 0.5624088 0.7452467 0.3581952 0.5321602 0.7051633 0.4685619 0.7620976 0.4509061 0.4646409 0.8769962 0.1544752 0.4549893 0.7667677 0.4536628 0.4541558 8.74986e-5 -1.42428e-5 1 3.86414e-5 -1.88278e-5 1 4.71265e-5 -5.38744e-6 1 9.42851e-5 5.38928e-6 1 0.6065515 -0.7714732 -0.1921573 0.3748496 -0.4767842 -0.7950878 0.6401242 -0.3634876 -0.6768441 0.8695786 -0.4937947 0 0.8695779 -0.4937958 0 0.9837201 -0.1663023 -0.06810653 0.9846606 -0.1624102 -0.06377029 0.8666816 -0.4921532 -0.08153593 0.9839872 0.1663444 -0.06402355 0.9843732 0.1623713 -0.06815421 0.867392 0.4925562 -0.07084852 0.8719276 0.4828655 -0.081137 0.6156076 0.7829837 -0.08924078 0.6244421 0.7746422 -0.1000077 0.2261272 0.966134 -0.1243047 0.2225754 0.9664983 -0.1278339 -1 -3.11922e-6 1.7001e-5 0.2261282 -0.9661342 -0.1243011 0.2225791 -0.9664972 -0.1278353 4.37819e-5 1.42534e-5 1 3.86802e-5 1.88467e-5 1 0.5384814 0.713644 0.4480513 0.6180787 -0.7861163 0 0.3748885 -0.4768042 -0.7950575 0.6180747 -0.7861194 0 0.6149321 -0.7821195 -0.1007363 0.6251813 -0.7755064 -0.08796709 0.5321565 0.7051655 0.4685629 0.5385261 0.7136115 0.4480494 0.7667794 0.4536613 0.4541378 0.8726911 -0.4832519 -0.06984126 0.9866837 0.1626513 0 0.9866836 0.1626517 0 0.9866837 -0.1626511 0 0.9866836 -0.1626518 0 0.8749327 -0.4842447 0 0.8749333 0.4842435 0 0.874934 0.4842424 0 0.6277822 0.7783892 0 0.6277815 0.7783896 0 0.2246348 0.974443 0 0.224635 0.9744431 0 -1 -3.07035e-6 0 -1 -3.07035e-6 0 0.2246385 -0.9744423 0 0.2246386 -0.9744422 0 0.627785 -0.7783869 0 0.6277851 -0.7783868 0 0.8749319 -0.484246 0 0.920888 0.1556794 0.3573922 0.9146334 0.1513322 0.3748924 0.786306 0.4367501 0.4370036 0.9141729 -0.1545476 0.3747039 0.9218457 -0.1524938 0.3562949 0.7814913 -0.4437965 0.4385384 0.8046997 -0.4467519 0.3909875 0.7987577 0.4535881 0.3952772 0.5350737 0.6654949 0.5203967 0.5417022 0.6889973 0.4814991 0.174576 0.762077 0.6235077 0.1807249 0.7721735 0.6091688 -1 0 -1.02686e-4 -1 -3.12114e-6 2.4837e-6 0.1769785 -0.7723928 0.6099902 0.1782472 -0.7615752 0.6230819 0.5509619 -0.6850046 0.4766652 0.5268403 -0.6700859 0.5228999 0.98601 0.1666864 0 0.9860098 0.1666879 0 0.9860098 -0.1666879 0 0.8695791 0.4937937 0 0.8695787 0.4937945 0 0.8695791 -0.4937937 0 0.8695787 -0.4937945 0 0.618079 -0.7861161 0 0.618076 0.7861185 0 0.6180725 0.7861212 0 0.2278956 0.9736857 0 0.2278953 0.9736857 0 0.2278953 -0.9736857 0 0.2278956 -0.9736857 0 0.6180754 -0.7861188 0 -5.47969e-6 0 -1 2.15161e-6 0 -1 -5.47947e-6 0 -1 4.30302e-6 0 -1 1.26016e-6 0 -1 -4.31486e-6 0 -1 0.9860112 0.166679 0 0.9848009 0.1734411 0.009251177 0.9848427 -0.1734502 0 0.9848425 0.173451 0 0.9847666 -0.173435 0.01245605 0.9823719 -0.1869372 0 0.9859729 -0.166669 0.008889913 0.9860112 0.1666793 0 0.9860114 -0.1666779 0 0.868552 0.4932087 0.04860794 0.8603398 0.5089977 0.02714568 0.8695791 0.4937938 0 0.8695796 0.493793 0 0.8600805 0.5088474 0.03654861 0.8603394 -0.5089984 0.02714568 0.8586975 -0.508028 0.06742602 0.8419324 -0.5381968 0.03865438 0.9704249 0.184666 0.1554802 0.9718465 -0.1849348 0.1459915 0.9728077 -0.1713273 0.1558601 0.8340883 -0.5331869 0.1414518 0.84903 -0.5022948 0.1638534 0.8685523 -0.4932081 0.04860788 0.8695791 -0.4937938 0 0.9834199 0.1662434 -0.07244604 0.9834198 0.1662412 -0.07245355 0.9834206 -0.1662399 -0.07244634 0.865873 0.4916876 -0.09223496 0.8658743 0.4916863 -0.09222996 0.6149311 0.7821224 0.1007184 0.6005111 0.7957615 0.07842355 0.6180751 0.7861191 0 0.6180693 0.7861237 0 0.8404197 0.5372256 0.07129883 0.5990139 0.7937785 0.1053481 0.6127482 0.7793557 -0.1309368 0.6127439 0.7793546 -0.1309632 0.9744484 0.1716167 0.1449072 0.8310674 0.5312532 0.1646119 0.6005117 -0.7957603 0.07842946 0.5966776 -0.7906814 0.1371089 0.5692391 -0.8150255 0.108168 0.5652222 -0.8092753 0.1599921 0.592467 -0.7851113 0.1805088 0.9511069 -0.1675042 0.2594959 0.9511048 -0.1675116 0.2594985 0.9511069 0.1675065 0.2594947 0.8231558 -0.4869925 0.2919809 0.8231548 -0.4869948 0.29198 0.5640962 -0.7475137 0.3507406 0.5640875 -0.7475196 0.3507419 0.8695774 -0.4937968 0 0.6149338 -0.7821211 0.1007124 0.6180693 -0.7861237 0 0.8658735 -0.4916869 -0.09223449 0.9834191 -0.1662449 -0.07245355 0.9798429 -0.165638 -0.1116781 0.9798422 0.1656448 -0.1116749 0.9798407 0.1656389 -0.1116963 0.8607875 0.4887901 -0.1418771 0.860787 0.4887976 -0.1418545 0.6055608 0.7702094 -0.2001843 0.6055587 0.7702184 -0.2001559 0.3325269 0.9430938 0 0.330102 0.9362146 0.1205607 0.3163335 0.9346995 0.1620804 0.3178123 0.9390758 0.1308895 0.5668914 0.811679 0.1407531 0.307691 0.935448 -0.1739637 0.3258782 0.9242379 -0.1989668 0.5628879 0.8059486 0.1833145 0.8525958 0.5044043 0.1365908 0.2763043 0.9231763 -0.2672107 0.297903 0.9057 -0.3015981 0.8231576 0.4869903 0.2919796 0.9511049 0.1675111 0.2594987 0.3156158 -0.9326025 0.1750405 0.2948918 -0.9414809 0.1632563 0.318208 -0.9402574 0.1210767 0.2885024 -0.9210827 0.2614823 0.2156272 -0.9499562 0.2260268 0.1981642 -0.8730133 0.4456219 0.1553823 -0.8925849 0.4232593 0.9391415 -0.1654028 0.3010902 0.8148943 -0.4821072 0.3217455 0.8148815 -0.4821366 0.3217337 0.9391446 -0.1653927 0.3010862 0.9391415 0.165404 0.3010898 0.562385 -0.7452617 0.3582015 0.5624108 -0.74524 0.358206 0.1558185 -0.8950818 0.417791 0.1232442 -0.908297 0.3997593 0.6127521 -0.7793515 -0.1309434 0.8658739 -0.4916869 -0.09223026 0.6180751 -0.7861191 0 0.3325269 -0.9430938 0 0.329691 -0.93505 0.1303284 0.9798467 -0.1656297 -0.1116574 0.8607897 -0.4887991 -0.1418331 0.9803419 -0.1657153 -0.1070908 0.9803417 0.1657159 -0.1070914 0.9803428 0.1657323 -0.1070559 0.8614903 0.4892119 -0.1360374 0.8614978 0.4891907 -0.1360661 0.6065536 0.7714685 -0.19217 0.6065542 0.7714689 -0.192166 0.2771077 0.9258687 -0.2568627 -0.9999998 5.55961e-4 0 -0.9999999 4.77144e-4 -1.02779e-4 -0.9999999 6.0504e-4 8.43033e-5 0.2942163 0.9393357 0.1763103 0.2919135 0.9319903 0.214897 0.5953445 0.7889265 0.1521841 -0.9999998 6.14229e-4 1.15311e-4 -1 4.36242e-4 -1.45228e-4 0.823154 0.4869943 0.2919833 0.5640968 0.7475144 0.3507382 0.2500956 0.9223873 -0.2943703 -1 4.41064e-4 -1.40854e-4 0.9391445 0.1653953 0.3010848 0.8148989 0.4821063 0.3217349 -0.9999998 -6.14229e-4 1.15308e-4 -0.9998609 -0.002263069 -0.0165261 -0.9999998 -6.05046e-4 8.43087e-5 -0.9998077 0.01601547 0.01131457 -0.9999998 -5.61387e-4 2.61942e-4 0.7621008 -0.4509156 0.4646261 0.7621105 -0.4508832 0.4646417 0.8742547 -0.1539657 0.4604058 0.5321593 -0.7051646 0.4685611 0.5321297 -0.7051944 0.4685497 0.8742541 0.1539649 0.4604069 0.8742528 -0.153959 0.4604116 0.1194164 -0.8800783 0.4595673 0.1052734 -0.8854845 0.4525869 -0.9999998 -5.24712e-4 2.74017e-4 0.6127396 -0.7793589 -0.1309574 0.605556 -0.7702149 -0.200178 0.8607823 -0.488803 -0.1418647 0.3275721 -0.9290525 -0.1719241 -0.9999999 -5.55954e-4 0 0.9803421 -0.1657159 -0.1070873 0.861491 -0.489203 -0.136065 0.7997772 0.1351925 -0.5848757 0.7997795 0.1351898 -0.584873 0.7997795 -0.1351898 -0.584873 0.6400988 0.3634975 -0.6768627 0.6401254 0.3635017 -0.6768353 0.3748701 0.4767897 -0.7950749 0.3748511 0.476778 -0.7950909 0.1091356 0.4662743 -0.8778826 0.1142 0.4211534 -0.8997712 -1 0 2.92061e-4 -1 -1.5689e-4 -3.35972e-4 -1 1.5689e-4 -3.35973e-4 -1 -4.36236e-4 -1.45232e-4 -1 -4.77154e-4 -1.02781e-4 -0.999861 0.002263069 -0.0165261 -0.9998077 -0.01601541 0.01131457 -0.9999998 5.61385e-4 2.61944e-4 -0.9999998 5.24712e-4 2.74014e-4 -0.9999998 -5.76007e-4 2.66545e-4 -0.9999998 5.76003e-4 2.66548e-4 -1 -4.41068e-4 -1.40849e-4 -1 0 -4.31824e-4 0.2134144 0.9401905 0.265511 0.2009484 0.8852841 0.4193949 0.564085 0.7475212 0.3507426 0.8148744 0.4821373 0.3217508 0.562381 0.7452594 0.3582123 0.8742511 0.1539668 0.4604123 0.7621065 0.4509049 0.4646274 0.7667868 -0.4536455 0.454141 0.5385002 -0.7136287 0.4480533 0.5385085 -0.7136325 0.4480373 0.7668129 -0.4535754 0.4541669 0.8769955 -0.1544477 0.4549998 0.09196686 -0.9067047 0.4116171 0.1072957 -0.9025146 0.4170792 0.8770122 -0.1543805 0.4549905 0.876995 0.1544476 0.4550008 0.301414 -0.916337 -0.2635836 0.6055638 -0.7702131 -0.2001609 0.3061347 -0.9306727 -0.200325 0.8614886 -0.4892059 -0.1360695 0.6065585 -0.7714657 -0.1921656 0.6401254 -0.3635017 -0.6768353 0.7997772 -0.1351925 -0.5848757 0.9860123 -0.1666722 0 0.9860121 -0.1666741 0 0.9860121 0.1666741 0 0.9860123 0.1666722 0 0.869575 0.493801 0 0.618063 0.7861286 0 0.618067 0.7861256 0 0.2278985 0.9736849 0 -1.52239e-5 -1.93777e-5 1 -2.99316e-5 0 1 0 1.93971e-5 1 0.09168064 0.903929 0.4177407 0.0987364 -0.4218454 -0.9012756 0.2278954 -0.9736857 0 0.126922 -0.4680998 -0.8745132 0.2500956 -0.9223873 -0.2943703 0.277113 -0.9258676 -0.256861 0.2731656 -0.9126893 -0.3039389 0.1531591 0.8797986 0.4499966 0.1572092 0.9030543 0.3997228 0.1220285 0.8993781 0.4197955 0.1197476 0.8825738 0.4546692 0.1048097 0.8815398 0.4603288 0.1074379 0.9037085 0.4144492 0.5321628 0.7051667 0.4685539 0.7621105 0.4508955 0.4646299 0.8770178 0.1543942 0.4549751 0.7667785 0.4536436 0.4541565 8.75082e-5 -1.42403e-5 1 1.93211e-5 -1.88269e-5 1 9.42563e-5 -5.38476e-6 1 4.71448e-5 5.38666e-6 1 0.6065439 -0.7714729 -0.1921827 0.3748812 -0.476794 -0.795067 0.6401335 -0.3634928 -0.6768325 0.869575 -0.493801 0 0.9837234 -0.1662861 -0.06809777 0.9846625 -0.1624 -0.06376612 0.8666828 -0.4921525 -0.08152931 0.9839895 0.1663329 -0.06401568 0.9843759 0.16236 -0.06814199 0.8673934 0.4925571 -0.07082623 0.8719313 0.4828591 -0.08113485 0.6156007 0.7829919 -0.08921599 0.6244407 0.7746432 -0.1000096 0.2261305 0.966135 -0.1242915 0.2225744 0.9664995 -0.1278256 0.2225782 -0.9664986 -0.1278255 8.75714e-5 1.42506e-5 1 -1.93394e-5 1.88448e-5 1 0.5385333 0.7136183 0.4480299 0.618067 -0.7861256 0 0.3748427 -0.4767792 -0.7950941 0.614924 -0.782127 -0.100727 0.6251733 -0.7755135 -0.08796185 0.5321255 0.7051874 0.4685651 0.5385062 0.7136321 0.4480406 0.7668219 0.4535847 0.4541424 0.8726972 -0.483244 -0.06982207 0.9866854 0.1626408 0 0.9866858 0.1626389 0 0.9866857 -0.1626386 0 0.9866856 -0.1626394 0 0.8749356 -0.4842393 0 0.874935 0.4842404 0 0.8749361 0.4842385 0 0.6277789 0.7783918 0 0.6277775 0.7783929 0 0.224632 0.9744437 0 0.2246319 0.9744437 0 0.2246376 -0.9744424 0 0.224637 -0.9744426 0 0.6277762 -0.778394 0 0.627777 -0.7783934 0 0.8749355 -0.4842396 0 0.9209075 0.1556698 0.3573464 0.9146517 0.1513238 0.3748513 0.7863182 0.4367491 0.4369828 0.9141931 -0.1545326 0.3746607 0.9218539 -0.1524857 0.3562775 0.7815054 -0.4437972 0.4385128 0.8047314 -0.4467707 0.3909006 0.7987961 0.4536099 0.3951746 0.5350782 0.6654899 0.5203984 0.5417241 0.6890386 0.4814155 0.1745818 0.7621055 0.6234713 0.180739 0.7721918 0.6091415 0.1769812 -0.7723982 0.6099826 0.1782581 -0.7616038 0.623044 0.550956 -0.6850322 0.4766324 0.5268511 -0.6701151 0.5228516 0.986012 0.1666747 0 0.9860122 0.1666733 0 0.9860125 -0.1666719 0 0.8695766 0.4937984 0 0.9860122 -0.1666733 0 0.869577 -0.4937975 0 0.6180674 -0.7861252 0 0.6180645 0.7861275 0 0.618065 0.786127 0 0.2278977 0.9736852 0 0.2278991 0.9736848 0 0.618068 -0.7861247 0 6.43147e-6 0 -1 -4.30315e-6 0 -1 5.4795e-6 0 -1 -8.60587e-6 0 -1 -0.02605015 0.1950249 -0.9804522 -0.02604877 0.195029 -0.9804516 -0.02604925 0.5553804 -0.8311885 -0.02604979 0.5553751 -0.8311918 -0.06831741 0.1946365 -0.9784935 -0.06831735 0.1946329 -0.9784942 -0.06831741 0.5542719 -0.8295273 -0.02604931 -0.1950261 -0.9804521 -0.02604895 -0.1950271 -0.980452 -0.06831896 -0.1946364 -0.9784934 -1 -1.06598e-6 0 -0.02604961 0.8311871 -0.5553823 -0.02604937 0.8311852 -0.5553849 -0.06831765 0.5542667 -0.8295307 -0.06831836 0.8295233 -0.5542776 -1 -6.66239e-7 0 -1 6.66239e-7 0 -1 5.32992e-7 0 0.03389525 0.1949819 -0.9802211 0.03389269 0.1949808 -0.9802214 0.03389304 0.5552446 -0.8309962 0.03389215 0.5552449 -0.8309961 0.03389269 -0.1949803 -0.9802214 -0.06831669 -0.1946354 -0.9784937 -0.02604925 -0.5553791 -0.8311893 -0.02604907 -0.5553868 -0.8311842 -0.06831741 -0.5542728 -0.8295266 -0.06831711 -0.5542714 -0.8295277 -0.02604955 0.9804528 -0.1950227 -0.02604919 0.980452 -0.1950266 -0.06831812 0.8295299 -0.5542678 -0.068318 0.9784936 -0.1946355 0.03389346 0.8309888 -0.5552559 0.03389406 0.8309971 -0.5552434 -0.02604949 0.9804527 0.195023 -0.02604955 0.980452 0.1950269 -0.02604877 0.8311879 0.5553812 -0.02604943 0.8311853 0.555385 -0.02604949 0.5553804 0.8311885 -0.02604955 0.5553818 0.8311874 -0.02604925 0.1950223 0.9804529 -0.02604901 0.1950237 0.9804526 -0.02604836 -0.1950215 0.9804531 -0.02604955 -0.1950253 0.9804522 -0.02604842 -0.5553803 0.8311884 -0.02604967 -0.5553798 0.8311887 -0.02604877 -0.8311879 0.5553812 -0.02604877 -0.8311853 0.555385 -0.02604901 -0.9804527 0.195023 -0.02604901 -0.9804537 0.1950186 -0.02604883 -0.9804525 -0.1950239 -0.02604901 -0.9804534 -0.1950194 -0.02604842 -0.8311856 -0.5553845 -0.02604877 -0.831188 -0.5553812 0.151474 0.5491542 -0.8218792 0.1514739 0.19284 -0.9694681 0.03389412 -0.1949796 -0.9802216 0.151477 -0.1928385 -0.9694679 0.1514743 -0.19284 -0.9694681 0.1514763 0.1928381 -0.9694681 0.1514769 0.5491598 -0.8218749 0.1514763 0.8218729 -0.5491629 0.03389495 -0.5552487 -0.8309934 -0.06831735 -0.8295271 -0.5542721 -0.068318 -0.8295282 -0.5542704 0.03389233 -0.5552519 -0.8309914 0.03389167 -0.8309909 -0.5552528 -0.06831842 0.9784945 -0.194631 -0.06831759 0.9784952 0.1946278 0.033894 0.9802223 -0.1949756 0.03389203 0.9802223 -0.1949763 0.1514747 0.8218796 -0.5491534 0.1514757 0.9694673 -0.192843 -0.06831812 0.9784931 0.1946383 -0.06831699 0.8295236 0.5542774 -0.06831908 0.8295297 0.5542682 -0.06831741 0.5542746 0.8295255 -0.06831747 0.5542696 0.8295288 -0.06831729 0.194635 0.9784938 -0.06831854 0.1946399 0.9784927 -0.0683189 -0.194635 0.9784936 -0.06831717 -0.1946385 0.978493 -0.06831717 -0.5542728 0.8295267 -0.06831663 -0.5542695 0.829529 -0.06831717 -0.8295255 0.5542744 -0.06831735 -0.8295271 0.5542721 -0.06831741 -0.9784936 0.1946358 -0.06831753 -0.9784935 0.1946366 -0.06831741 -0.9784934 -0.1946366 -0.06831735 -0.9784933 -0.1946372 1 9.92564e-7 0 1 -2.97771e-6 0 0.1514755 -0.5491604 -0.8218748 0.1514744 -0.5491579 -0.8218767 1 7.94054e-6 0 1 -3.97027e-6 0 0.0338943 -0.9802215 -0.1949796 0.03389459 -0.8309937 -0.5552483 0.1514756 -0.8218752 -0.5491596 0.151475 -0.8218745 -0.549161 0.03389292 0.9802224 0.1949752 0.03389334 0.9802224 0.1949753 0.1514742 0.9694673 -0.1928438 0.1514753 0.9694675 0.192842 1 6.37956e-7 0 0.03389495 0.8309902 0.5552535 0.03389489 0.830992 0.5552507 0.03389167 0.555252 0.8309913 0.03389459 0.5552535 0.8309902 0.03389418 0.1949824 0.980221 0.0338959 0.1949778 0.9802218 0.03389507 -0.194982 0.980221 0.03389889 -0.1949795 0.9802213 0.03389221 -0.5552497 0.8309929 0.03389233 -0.5552509 0.8309921 0.03389543 -0.8309912 0.5552521 0.0338934 -0.8309919 0.5552511 0.03389668 -0.9802216 0.1949787 0.03389519 -0.9802227 0.1949736 0.03389668 -0.9802227 -0.1949732 1 1.98513e-6 0 0.1514746 -0.9694693 -0.1928338 0.1514752 -0.9694681 -0.1928394 0.1514746 0.9694675 0.1928425 0.1514754 0.8218794 0.5491535 0.1514747 0.821876 0.5491586 0.1514762 0.5491611 0.8218742 0.1514748 0.5491595 0.8218754 0.151474 0.1928387 0.9694684 0.1514746 0.1928368 0.9694687 0.1514757 -0.1928387 0.9694681 0.1514742 -0.1928377 0.9694685 0.1514753 -0.5491578 0.8218765 0.1514753 -0.5491616 0.821874 0.1514748 -0.8218762 0.5491585 0.1514755 -0.8218739 0.5491617 0.1514744 -0.9694696 0.1928327 0.1514748 -0.9694672 0.1928438 -1 -2.53855e-5 3.37955e-5 -1 6.7197e-6 3.98643e-5 -1 -2.98655e-6 3.98641e-5 -1 -3.43451e-5 2.25811e-5 -1 -3.58384e-5 7.92933e-6 -1 -3.58385e-5 -7.92935e-6 -1 -3.58383e-5 -1.90167e-5 -1 -1.79192e-5 -3.52715e-5 -1 -1.04529e-5 -3.83877e-5 -1 4.4798e-6 -3.83878e-5 -1 2.38923e-5 -3.25434e-5 -1 3.58383e-5 -1.90167e-5 -1 3.88252e-5 -7.92939e-6 -1 3.58382e-5 4.07124e-6 -1 2.68789e-5 2.53093e-5 -1 1.79191e-5 3.37951e-5 -0.03112083 0.5553026 -0.831066 -0.03112137 0.8310701 -0.5552963 -0.03112059 0.8310623 -0.5553081 -0.03112024 0.1949944 -0.9803105 -0.03112077 0.194997 -0.98031 -0.03112053 0.5553008 -0.8310671 -0.03112077 -0.1949987 -0.9803097 -0.03112059 -0.1949946 -0.9803104 -0.03112024 -0.5553031 -0.8310655 -0.03112131 0.9803118 -0.1949887 -0.03112149 0.9803085 -0.1950045 -0.03112077 0.9803102 0.1949963 -0.03112155 0.980311 0.1949917 -0.03112071 0.8310689 0.555298 -0.0311203 0.8310683 0.5552992 -0.03112035 0.5553034 0.8310654 -0.03112089 0.5552998 0.8310678 -0.03112083 0.1949933 0.9803107 -0.03112095 0.1949973 0.98031 -0.03112059 -0.1949933 0.9803107 -0.03112095 -0.1949986 0.9803097 -0.03112059 -0.5553015 0.8310667 -0.03112012 -0.5552999 0.8310678 -0.03112041 -0.8310654 0.5553033 -0.03112018 -0.8310678 0.5552999 -0.03112041 -0.9803108 0.1949931 -0.03112035 -0.9803099 0.1949979 -0.03112053 -0.9803094 -0.1950004 -0.03112053 -0.9803113 -0.1949903 -0.03112047 -0.8310673 -0.5553005 -0.03112077 -0.8310652 -0.5553036 -0.03112041 -0.5553008 -0.8310673 -0.08155077 0.5537208 -0.8286996 -0.08155012 0.8286977 -0.5537237 -0.08155006 0.8286985 -0.5537223 -0.08155024 0.977519 -0.1944385 -0.08154946 0.9775173 -0.1944475 -0.08154988 0.1944415 -0.9775184 -0.0815494 0.1944379 -0.9775192 -0.08154988 0.553718 -0.8287015 -0.0815497 -0.1944394 -0.9775189 -0.08154958 -0.1944398 -0.9775187 -0.08155006 -0.5537237 -0.8286977 -0.08155083 0.9775187 0.1944398 -0.08154976 0.9775184 0.1944411 -0.08155024 0.828703 0.5537157 -0.08155059 0.8287009 0.5537186 -0.08154994 0.5537195 0.8287004 -0.0815494 0.5537168 0.8287023 -0.08154958 0.1944438 0.9775179 -0.08154952 0.1944441 0.977518 -0.08154785 -0.1944397 0.9775189 -0.08154952 -0.1944444 0.9775179 -0.08154881 -0.5537199 0.8287003 -0.08154946 -0.5537205 0.8286997 -0.08154875 -0.8287002 0.55372 -0.08154946 -0.8286992 0.5537213 -0.08154946 -0.9775182 0.1944423 -0.08154922 -0.9775184 0.1944414 -0.08154946 -0.977519 -0.1944386 -0.08154916 -0.9775179 -0.1944444 -0.08154928 -0.8286974 -0.5537243 -0.08154892 -0.828701 -0.5537188 -0.08154875 -0.5537193 -0.8287007 0.04049128 0.5551135 -0.8307885 0.04048919 0.8307882 -0.5551141 0.04048848 0.8307855 -0.5551182 0.04048991 0.9799796 -0.1949372 0.04048836 0.979982 -0.1949257 0.04049038 0.9799821 0.194925 0.04048979 0.9799811 0.1949301 0.04048734 0.1949287 -0.9799814 0.04048818 0.1949312 -0.9799809 0.04048711 0.5551133 -0.8307889 0.04048806 -0.1949307 -0.979981 0.04048764 -0.5551168 -0.8307865 0.04049062 -0.194931 -0.9799809 0.04048985 0.8307879 0.5551146 0.04049122 0.8307888 0.555113 0.04049128 0.5551181 0.8307855 0.04048979 0.5551114 0.8307899 0.04048788 0.1949341 0.9799804 0.04049164 0.194931 0.9799808 0.04048776 -0.1949345 0.9799804 0.04049187 -0.1949312 0.9799808 0.04048877 -0.5551125 0.8307893 0.04049235 -0.5551171 0.8307861 0.04049032 -0.830787 0.5551157 0.04048937 -0.8307886 0.5551137 0.04049074 -0.9799819 0.1949258 0.04049128 -0.9799802 0.1949338 0.04049015 -0.9799803 -0.194934 0.04049158 -0.979982 -0.1949254 0.04048883 -0.8307878 -0.5551146 0.04049003 -0.8307887 -0.5551134 0.04048961 -0.5551156 -0.8307871 0.1801112 0.5464813 -0.8178741 0.1801106 0.5464872 -0.8178704 0.1801093 0.8178686 -0.5464904 0.1801118 0.817877 -0.546477 0.1801097 0.9647456 -0.1919022 0.1801106 0.9647462 -0.1918984 0.1801097 0.9647468 0.1918959 0.1801109 0.964745 0.1919043 0.1801095 0.8178745 0.5464814 0.1801095 0.1918982 -0.9647465 0.18011 -0.1918957 -0.9647469 0.1801096 -0.1919016 -0.9647457 0.1801108 0.1918995 -0.9647459 0.1801105 -0.5464856 -0.8178715 0.1801093 -0.5464863 -0.8178713 0.18011 0.8178731 0.5464832 0.1801108 0.5464861 0.817871 0.1801093 0.5464822 0.817874 0.180109 0.1919011 0.9647459 0.18011 0.1919053 0.9647449 0.1801086 -0.1919023 0.9647458 0.1801113 -0.1919032 0.9647451 0.1801093 -0.5464832 0.8178734 0.1801105 -0.5464849 0.8178719 0.180108 -0.8178682 0.5464912 0.1801119 -0.8178753 0.5464795 0.1801102 -0.9647462 0.1918988 0.1801096 -0.9647458 0.1919014 0.18011 -0.9647463 -0.1918988 0.1801099 -0.9647459 -0.1919003 0.1801109 -0.8178724 -0.546484 0.180108 -0.8178705 -0.5464878 1 -1.11234e-5 1.3286e-5 1 -1.11234e-5 8.87729e-6 1 -1.39043e-6 1.56716e-5 1 -1.24788e-5 3.11726e-6 1 -1.25489e-5 -3.11726e-6 1 -1.66852e-5 -8.87723e-6 1 0 1.56717e-5 1 1.11234e-5 1.32858e-5 1 1.11234e-5 8.8772e-6 1 -1.11234e-5 -1.32859e-5 1 0 -1.56717e-5 1 0 -1.56716e-5 1 5.5617e-6 -1.44937e-5 1 1.66851e-5 -9.68427e-6 1 1.66852e-5 -3.40072e-6 1 1.6685e-5 -3.22145e-7 0.1517054 0.9180615 -0.3662628 0.1517077 0.9180683 -0.3662451 0.08288526 0.9762638 -0.2000981 0 0.9180604 -0.3964408 0 0.9762643 -0.2165828 0 0.9762628 -0.2165899 0.08288586 0.9762624 -0.2001045 0.280317 0.9180685 -0.2803081 0.2803126 0.9180666 -0.2803186 0.1531543 0.9762652 -0.1531341 0.2154573 0.8264398 -0.5201688 0.3981163 0.8264399 -0.3981214 0.3981183 0.8264422 -0.3981145 0 0.8264334 -0.5630344 0 0.8264434 -0.56302 0.2154586 0.8264403 -0.5201674 0 0.9180701 -0.396418 0 0.9987483 -0.05002111 0.01913726 0.9987475 -0.04622995 -0.1517032 0.9180658 -0.366253 -0.08288204 0.9762601 -0.2001168 -0.08288866 0.9762631 -0.2000995 -0.0191363 0.9987477 -0.04622769 0.03536611 0.9987494 -0.0353415 0.153151 0.9762597 -0.1531727 0.3662554 0.9180651 -0.1517024 0.366247 0.9180657 -0.1517191 0.2001065 0.9762615 -0.08289074 0.520164 0.8264401 -0.2154676 0.5201669 0.8264425 -0.2154514 0.2732136 0.7002163 -0.6595844 0.5048321 0.700212 -0.5048245 0.504829 0.7002087 -0.5048321 0.6595981 0.7002084 -0.2732007 0.6595773 0.7002199 -0.2732215 -0.2154589 0.8264354 -0.520175 -0.2154563 0.8264467 -0.5201581 -0.2732059 0.7002118 -0.6595923 0 0.7002058 -0.7139412 0 0.7002219 -0.7139253 -0.1517115 0.9180675 -0.3662453 0.2732068 0.7002051 -0.659599 0.04620373 0.9987493 -0.01911199 0.05000638 0.9987489 0 0.04620337 0.9987493 0.01911056 0.0353648 0.9987493 0.03534322 0.01913607 0.9987477 0.04622709 0 0.9987483 0.05002111 -0.01913607 0.9987477 0.04622709 -0.03536522 0.9987494 0.0353437 -0.04620558 0.9987484 0.0191484 -0.05000758 0.9987488 0 -0.04620707 0.9987483 -0.01915031 -0.03536701 0.9987493 -0.03534239 -0.2803097 0.9180649 -0.2803274 -0.153151 0.9762597 -0.1531727 -0.1531519 0.9762638 -0.1531452 0.200095 0.9762689 -0.08283227 0.3964338 0.9180634 0 0.3964201 0.9180692 0 0.216596 0.9762614 0 0.5630204 0.826443 0 0.5630341 0.8264338 0 0.7139374 0.7002096 0 0.7139281 0.700219 0 0.3200719 0.5481222 -0.7727328 0.5914241 0.5481231 -0.591421 0.5914163 0.5481278 -0.5914244 0.7727342 0.5481175 -0.3200764 0.7727237 0.5481322 -0.3200768 0.8363967 0.5481247 0 0.8363897 0.5481354 0 -0.2803241 0.918067 -0.2803063 -0.398113 0.8264381 -0.3981283 -0.3981201 0.8264423 -0.3981125 -0.504835 0.700216 -0.5048161 -0.2732051 0.7002068 -0.6595979 0 0.5481241 -0.8363971 0 0.5481244 -0.8363968 -0.3200724 0.5481292 -0.7727278 0.3200765 0.5481294 -0.7727258 0.2166036 0.9762597 0 0.2000982 0.9762651 0.08286792 0.2001022 0.9762636 0.08287692 0.1531286 0.9762718 0.1531177 0.1531612 0.9762615 0.1531512 0.08287501 0.9762643 0.2001 0.08288532 0.9762634 0.2000995 0 0.9762605 0.2166002 0 0.9762644 0.2165824 -0.08288961 0.9762656 0.2000874 -0.082883 0.9762623 0.2001054 -0.153148 0.9762657 0.1531372 -0.1531529 0.976262 0.1531562 -0.2000996 0.9762612 0.08291184 -0.2000983 0.9762646 0.08287525 -0.2165933 0.9762619 0 -0.2165935 0.9762619 0 -0.2000963 0.9762653 -0.08287161 -0.2001035 0.9762634 -0.08287745 -0.3662436 0.9180665 -0.1517225 0.3662453 0.9180663 0.1517195 0.3662548 0.9180644 0.151708 0.5201651 0.826442 0.2154579 0.5201731 0.8264375 0.2154555 0.6595954 0.7002042 0.2732179 0.6595754 0.7002253 0.273212 0.7727261 0.548129 0.3200766 0.7727252 0.5481321 0.3200737 0.3545467 0.3763756 -0.8559427 0.6551057 0.3763761 -0.6551165 0.6551139 0.3763729 -0.6551101 0.8559395 0.3763816 -0.3545483 0.8559425 0.3763744 -0.3545489 0.9264643 0.3763827 0 0.9264701 0.3763685 0 0.8559458 0.3763648 0.354551 0.8559371 0.3763888 0.3545466 -0.3662626 0.9180631 -0.1516969 -0.5201666 0.8264414 -0.2154564 -0.6595916 0.7002115 -0.2732087 -0.5201665 0.8264424 -0.2154529 -0.5048326 0.7002013 -0.5048388 -0.5914281 0.5481144 -0.591425 -0.3200776 0.5481204 -0.7727319 0 0.376384 -0.9264639 0.354545 0.3763864 -0.8559387 -9.93704e-6 0.376378 -0.9264662 -0.3545414 0.3763784 -0.8559437 0.2803277 0.9180594 0.2803277 0.2803125 0.9180722 0.2803006 0.1517022 0.9180599 0.3662684 0.1517081 0.9180713 0.3662374 0 0.9180604 0.3964408 0 0.918072 0.3964138 -0.1516993 0.91806 0.3662693 -0.1517108 0.9180752 0.3662265 -0.2803179 0.9180626 0.2803267 -0.2803197 0.918066 0.2803137 -0.3662587 0.91806 0.1517251 -0.3662534 0.9180669 0.1516956 -0.3964286 0.9180657 0 -0.3964366 0.9180622 0 0.3981172 0.8264365 0.3981274 0.3981221 0.8264422 0.3981107 0.5048367 0.700208 0.5048254 0.5048195 0.7002158 0.5048319 0.591418 0.5481294 0.5914211 0.5914189 0.5481279 0.5914217 0.6551034 0.3763819 0.6551155 0.655116 0.3763676 0.655111 0.3756009 0.1914869 -0.9067838 0.6940191 0.1914934 -0.6940229 0.6940283 0.191484 -0.6940163 0.9067859 0.1914578 -0.3756107 0.9067832 0.1914957 -0.3755978 0.9815005 0.1914598 0 0.9814991 0.1914667 0 0.9067813 0.1914824 0.3756092 0.9067882 0.1914653 0.3756014 0.6940169 0.1914964 0.6940243 0.6940293 0.1914719 0.6940186 -0.5630286 0.8264374 0 -0.5630245 0.8264403 0 -0.7139347 0.7002124 0 -0.6595931 0.7002084 -0.2732131 -0.7727307 0.5481273 -0.3200687 -0.5914226 0.5481228 -0.5914226 -0.6551024 0.3763921 -0.6551105 -0.3545429 0.3763796 -0.8559426 -9.91655e-6 0.191475 -0.9814975 0.3756043 0.1914804 -0.9067838 0 0.1914873 -0.9814952 -0.3755974 0.1914864 -0.9067853 0.2154647 0.826428 0.5201844 0.2154554 0.8264507 0.5201521 0 0.8264291 0.5630409 0 0.8264403 0.5630245 -0.215458 0.8264431 0.5201632 -0.2154605 0.8264403 0.5201665 -0.3981171 0.8264366 0.3981273 -0.3981227 0.8264433 0.3981076 -0.520175 0.8264373 0.2154518 -0.5201721 0.8264342 0.2154703 0.2732143 0.7002034 0.6595978 0.2732142 0.7002083 0.6595927 0.3200637 0.548131 0.7727301 0.3200752 0.5481379 0.7727204 0.3545441 0.3763705 0.8559462 0.3545404 0.3763818 0.8559427 0.3755916 0.1914798 0.9067891 0.3756039 0.1914886 0.9067822 0.3823193 0.04358386 -0.9230019 0.7064358 0.04362344 -0.7064315 0.7064273 0.043621 -0.7064402 0.9230042 0.04362344 -0.3823094 0.9229994 0.04365599 -0.3823173 0.9990481 0.04362368 0 0.9990482 0.04362136 0 0.9230075 0.04365855 0.3822971 0.9229946 0.04365533 0.3823289 0.7064498 0.04365909 0.7064153 0.7064069 0.04365444 0.7064586 0.382332 0.04362505 0.9229947 -0.659592 0.7002152 0.2731982 -0.7139336 0.7002135 0 -0.8363901 0.5481346 0 -0.7727305 0.5481227 -0.3200769 -0.6551172 0.3763808 -0.6551023 -0.8559355 0.37639 -0.3545494 -0.6940176 0.1914868 -0.6940262 -0.3755989 0.1914849 -0.906785 0.382303 0.04365175 -0.9230054 0 0.04364299 -0.9990472 -0.3823249 0.04360795 -0.9229985 -0.3823062 0.04361981 -0.9230056 -4.30356e-6 0.04360961 -0.9990487 0 0.7002181 0.7139291 0 0.7002089 0.7139381 -0.2732094 0.7002132 0.6595895 -0.2732092 0.7002013 0.6596021 -0.5048382 0.7002139 0.5048156 -0.5048288 0.7002046 0.5048381 -0.6595887 0.7002131 0.2732113 0 0.5481306 0.8363929 0 0.5481339 0.8363906 0 0.3763723 0.9264686 0 0.376376 0.9264671 0 0.1914793 0.9814967 0 0.1914836 0.9814958 0.3823023 0.04363709 0.9230065 0 0.04364216 0.9990473 0.3826801 0 -0.923881 0.7071095 0 -0.7071042 0.7070989 0 -0.7071148 0.9238771 0 -0.3826891 0.9238839 0 -0.3826729 0.9238839 0 0.3826729 0.7071095 0 0.7071042 0.7070962 0 0.7071174 -0.7727273 0.5481306 0.3200709 -0.8363987 0.5481217 0 -0.9264597 0.3763943 0 -0.8559425 0.3763787 -0.3545439 -0.9067804 0.1914882 -0.3756085 -0.694029 0.1914834 -0.6940159 -0.7064358 0.04362344 -0.7064315 -0.7064273 0.043621 -0.7064402 0.3826921 0 -0.9238759 0 -1 -3.80903e-6 -0.3200784 0.5481259 0.7727274 -0.320068 0.5481403 0.7727217 -0.5914251 0.5481241 0.5914189 -0.5914208 0.5481238 0.5914235 -0.7727328 0.5481208 0.3200747 -0.354544 0.3763836 0.8559404 -0.3545402 0.3763769 0.8559449 -0.3755966 0.1914711 0.9067889 -0.3756012 0.1914789 0.9067854 0 0.04364031 0.9990474 -0.382328 0.04364234 0.9229956 0.382683 0 0.9238797 0 -1 1.90452e-6 0.3823264 -0.04359871 -0.9229982 0.7064254 -0.04361176 -0.7064427 0.7064474 -0.04362869 -0.7064197 0.9229962 -0.04361659 -0.3823296 0.9230041 -0.04364782 -0.3823065 0.9229941 -0.04364949 0.3823307 0.9230047 -0.04365193 0.3823048 0.9990479 -0.04362976 0 0.9990477 -0.04363209 0 0.7064183 -0.04366105 0.7064467 0.706448 -0.04364591 0.7064179 0.38233 -0.04365694 0.922994 -0.8559433 0.3763762 0.354545 -0.9264637 0.3763843 0 -0.9815003 0.1914607 0 -0.9067901 0.1914741 -0.3755924 -0.9230068 0.04369282 -0.3822951 -0.9229966 0.04358679 -0.3823315 0 -1 1.82906e-6 0.3823055 -0.04363816 -0.9230051 0 1 -1.90452e-6 -4.30369e-6 -0.04364186 -0.9990473 0 -1 -1.82905e-6 -0.6551039 0.3763965 0.6551066 -0.6551081 0.3763821 0.6551106 -0.855938 0.3763951 0.3545375 -0.6940183 0.1914728 0.6940295 -0.6940262 0.1914775 0.6940202 -0.3823054 0.04367136 0.9230036 -0.7064326 0.04365807 0.7064326 0 -0.04363965 0.9990474 0 -0.04364198 0.9990473 0.3823042 -0.04360508 0.9230071 0.3755928 -0.1914889 -0.9067866 0.6940263 -0.1914678 -0.6940228 0.6940227 -0.1915106 -0.6940146 0.9067873 -0.1914703 -0.3756007 0.9067829 -0.1914843 -0.3756045 0.9814997 -0.1914635 0 0.9814999 -0.1914631 0 0.9067841 -0.1914857 0.3756006 0.6940241 -0.1914817 0.6940211 0.6940238 -0.1914867 0.6940201 0.9067867 -0.1914614 0.3756068 0.375597 -0.1914935 0.906784 0.3756008 -0.1914757 0.9067862 -0.9067857 0.1914851 0.3755974 -0.9814972 0.1914771 0 -0.9990466 0.04365813 0 -0.9990467 0.04365569 0 0.3756101 -0.1914767 -0.9067821 0 -0.1914774 -0.9814971 0 -0.04360991 -0.9990487 0 1 2.96823e-7 0 1 7.29614e-6 0 1 -3.64806e-6 0 1 3.75378e-7 -0.3823291 -0.04363048 -0.9229956 -0.9229994 0.04365599 0.3823173 -0.7064241 0.04365551 0.7064413 -0.9230042 0.04362344 0.3823094 -0.9067903 0.1914703 0.3755936 0 -0.1914809 0.9814963 -0.375602 -0.1914686 0.9067872 -0.3756001 -0.191484 0.9067846 -0.3823024 -0.04363834 0.9230063 0 -0.1914829 0.981496 -0.3823253 -0.04367738 0.922995 0.3545448 -0.3763812 -0.8559412 0.655116 -0.3763676 -0.655111 0.6551057 -0.3763832 -0.6551125 0.8559369 -0.3763893 -0.3545466 0.8559439 -0.3763749 -0.3545448 0.9264625 -0.3763872 0 0.9264646 -0.3763822 0 0.8559439 -0.3763728 0.3545474 0.8559368 -0.3763916 0.3545441 0.6551133 -0.3763751 0.6551095 0.6551067 -0.376382 0.6551121 0.354538 -0.3763771 0.8559458 0.3545463 -0.3763779 0.8559419 0 -0.3763727 0.9264684 0 -0.3763747 0.9264676 -9.93699e-6 -0.376381 -0.926465 0.354547 -0.3763813 -0.8559402 -9.91671e-6 -0.1914867 -0.9814952 -0.3755933 -0.1914833 -0.9067878 -0.3822962 -0.04360443 -0.9230105 -0.7064505 -0.04362267 -0.7064168 -0.7064129 -0.04362368 -0.7064544 -0.9230068 -0.04358565 -0.3823072 -0.9229996 -0.04368317 -0.3823136 -0.9990463 -0.04366499 0 -0.9990462 -0.04366737 0 -0.9230043 -0.04364693 0.3823063 -0.9230016 -0.04363304 0.3823143 -0.7064359 -0.04364651 0.70643 -0.706421 -0.04367083 0.7064433 -0.3545386 -0.3763824 0.8559432 -0.3545432 -0.3763749 0.8559446 -0.6940176 -0.1914663 0.6940319 -0.6940236 -0.1914834 0.6940211 -0.6551046 -0.3763987 0.6551046 -0.6551098 -0.3763875 0.6551058 0.3200775 -0.5481284 -0.7727261 0.5914135 -0.5481278 -0.591427 0.591425 -0.5481209 -0.591422 0.7727325 -0.5481194 -0.3200777 0.7727289 -0.5481229 -0.3200803 0.8364009 -0.5481183 0 0.8363952 -0.548127 0 0.7727241 -0.5481336 0.3200737 0.7727307 -0.5481185 0.3200836 0.5914134 -0.5481224 0.5914323 0.5914212 -0.5481358 0.5914119 0.3200684 -0.5481436 0.7727191 0.3200795 -0.5481308 0.7727238 0 -0.5481308 0.8363927 0 -0.5481331 0.8363912 -0.3200812 -0.5481282 0.7727248 -0.3200616 -0.5481368 0.7727268 0 -0.3763796 -0.9264656 -0.3756077 -0.1914904 -0.9067803 -0.3545382 -0.3763747 -0.8559467 0 -0.5481245 -0.8363969 0.3200739 -0.5481287 -0.7727276 -0.6940194 -0.1914792 -0.6940265 -0.9067834 -0.1914903 -0.3756002 -0.6940257 -0.1914908 -0.6940171 -0.981498 -0.1914728 0 -0.9067873 -0.1914713 -0.3756001 -0.9067842 -0.19148 0.3756033 -0.9814994 -0.1914652 0 -0.9067915 -0.191475 0.3755882 -0.5914279 -0.5481173 0.5914225 -0.5914251 -0.5481241 0.5914189 -0.855946 -0.3763759 0.3545387 -0.8559296 -0.3764086 0.3545438 -0.772727 -0.5481259 0.3200799 -0.772735 -0.5481198 0.320071 0.2597247 -0.7344292 -0.6270222 0.479901 -0.7344291 -0.4799052 0.6270183 -0.7344331 -0.2597231 0.4799088 -0.7344253 -0.4799031 0.6270188 -0.7344334 -0.2597215 0.6786859 -0.7344287 0 0.6786808 -0.7344334 0 0.6270159 -0.734435 0.2597239 0.6270236 -0.7344275 0.2597264 0.4799072 -0.7344238 0.4799072 0.2597256 -0.7344235 0.6270285 0.4799064 -0.7344247 0.4799064 0.2597212 -0.734424 0.6270297 0 -0.7344271 0.6786876 0 -0.7344225 0.6786925 -0.2597231 -0.7344281 0.6270241 -0.2597275 -0.7344256 0.6270253 -0.4799039 -0.7344253 0.4799081 0 -0.5481252 -0.8363963 -0.3545429 -0.3763877 -0.855939 -0.3200801 -0.5481317 -0.7727228 -0.6551117 -0.3763892 -0.655103 0.2597218 -0.7344227 -0.6270311 0 -0.7344307 -0.6786837 0 -0.7344199 -0.6786954 -0.8559393 -0.3763804 -0.35455 -0.6551085 -0.3763803 -0.6551112 -0.926464 -0.3763838 0 -0.855939 -0.3763881 -0.3545427 -0.9264597 -0.3763943 0 -0.4799035 -0.7344286 0.4799035 -0.6270273 -0.734427 0.2597186 -0.8363968 -0.5481245 0 -0.8363948 -0.5481277 0 -0.6270286 -0.7344275 0.259714 -0.6786836 -0.7344307 0 0.1831248 -0.8780738 -0.4420993 0.3383733 -0.8780701 -0.3383733 0.3383826 -0.878063 -0.3383826 0.4421116 -0.8780657 -0.1831341 0.4421119 -0.8780671 -0.1831259 0.4785371 -0.8780673 0 0.4785445 -0.8780633 0 0.4421113 -0.8780672 0.1831272 0.4421194 -0.8780602 0.1831415 0.3383749 -0.8780672 0.3383792 0.3383833 -0.8780648 0.338377 0.1831235 -0.8780714 0.4421046 0.1831284 -0.8780681 0.4421091 0 -0.8780669 0.478538 0 -0.8780651 0.4785413 -0.183129 -0.8780679 0.4421094 -0.1831208 -0.8780745 0.4420997 -0.3383762 -0.878068 0.3383762 -0.338377 -0.8780648 0.3383833 -0.2597254 -0.7344312 -0.6270197 -0.2597233 -0.734424 -0.6270289 -0.3200683 -0.5481113 -0.7727422 -0.5914233 -0.5481154 -0.5914288 0 -0.8780632 -0.478545 0 -0.8780638 -0.4785437 0.1831368 -0.8780654 -0.442111 -0.1831275 -0.8780698 -0.442106 -0.7727325 -0.5481194 -0.3200777 -0.5914283 -0.548124 -0.591416 -0.7727268 -0.5481299 -0.3200733 -0.4421137 -0.8780677 0.1831195 -0.4421086 -0.8780671 0.1831344 -0.6786894 -0.7344254 0 -0.6270281 -0.7344278 -0.2597147 -0.4785416 -0.8780649 0 -0.4785437 -0.8780638 0 0.2423319 -0.9394428 -0.2423275 0.1311505 -0.9394431 -0.316617 0.2423301 -0.9394372 -0.2423511 0.31663 -0.9394384 -0.1311523 0.3166044 -0.9394474 -0.1311503 0.3427121 -0.9394404 0 0.3427177 -0.9394385 0 0.3166196 -0.9394425 0.131148 0.3166252 -0.9394403 0.1311506 0.2423276 -0.9394427 0.242332 0.2423303 -0.9394385 0.2423461 0.1311526 -0.9394411 0.3166222 0.1311479 -0.9394322 0.3166505 0 -0.9394378 0.3427195 0 -0.93944 0.3427134 -0.1311484 -0.9394451 0.3166118 -0.1311466 -0.9394334 0.3166473 -0.2423328 -0.9394456 0.2423154 -0.2423349 -0.9394347 0.2423559 -0.3166339 -0.9394372 0.1311521 -0.4798913 -0.7344332 -0.4799085 -0.3383731 -0.8780653 -0.3383861 -0.183135 -0.8780695 -0.4421036 -0.4799122 -0.7344253 -0.4798998 -0.1311505 -0.9394431 -0.316617 -0.1311466 -0.9394334 -0.3166473 0 -0.9394443 -0.3427019 0 -0.939435 -0.3427271 0.1311522 -0.9394315 -0.3166503 -0.6270304 -0.7344238 -0.2597205 -0.3166122 -0.939444 0.1311557 -0.3427083 -0.9394419 0 -0.4421088 -0.8780709 -0.1831157 -0.4421158 -0.8780624 -0.18314 -0.3427041 -0.9394434 0 -0.3166189 -0.9394404 -0.1311651 0 -1 9.50615e-6 0 -1 -9.50625e-6 0 -1 4.75303e-6 0 -1 -9.50643e-6 0 -1 1.90127e-5 -0.3383796 -0.8780677 -0.3383733 -0.2423318 -0.9394418 -0.2423318 -0.2423411 -0.9394382 -0.2423357 0 -1 4.75321e-6 0 -1 -4.75303e-6 -0.3166174 -0.9394438 -0.1311451 -0.8176915 -0.5395065 0.2007817 -0.8176823 -0.5395247 0.2007709 -0.9126768 -0.3417617 0.2240983 -0.9126756 -0.3417662 0.2240964 -0.8176932 -0.5395068 -0.2007744 -0.9126735 -0.341768 -0.2241019 -0.9126737 -0.3417668 -0.2241034 -0.6922766 -0.7013267 0.1699823 -0.6922758 -0.7013267 0.1699859 -0.6922773 -0.7013244 -0.1699891 -0.8176845 -0.5395172 -0.2007819 -0.5672121 -0.6777881 0.4678397 -0.6613872 -0.5147563 0.545521 -0.6613892 -0.5147499 0.5455244 -0.730211 -0.322533 0.6022993 -0.7666642 -0.111107 0.6323618 -0.7302175 -0.3225382 0.6022886 -0.9643137 -0.1184739 0.2367766 -0.9643114 -0.1184825 0.2367816 -0.9643119 -0.1184746 -0.2367835 -0.6613884 -0.5147573 -0.5455185 -0.7302092 -0.322547 -0.602294 -0.7302162 -0.322546 -0.602286 -0.766669 -0.1110931 -0.6323584 -0.76667 -0.1111007 -0.6323558 -0.9643126 -0.118476 -0.23678 -0.5485941 -0.8251665 0.1347023 -0.5485988 -0.8251631 -0.1347045 -0.6922741 -0.7013286 -0.1699849 -0.5486024 -0.8251605 0.1347067 -0.4550981 -0.8074533 0.3753732 -0.4550955 -0.807462 0.3753574 -0.661388 -0.514748 -0.5455276 -0.5671994 -0.677803 -0.4678332 -0.3624636 -0.6482324 0.669638 -0.2953437 -0.7842496 0.5456416 -0.2953481 -0.7842549 0.5456316 -0.3624628 -0.6482495 0.6696219 -0.4163169 -0.4849221 0.7691105 -0.4163155 -0.4849222 0.7691112 -0.4540744 -0.3001622 0.8388797 -0.7666714 -0.1111003 0.632354 0 1 -9.33424e-7 -0.4735096 -0.1027121 0.8747795 -0.4540816 -0.3001697 0.8388732 0 1 1.86685e-6 -0.4163194 -0.4849356 -0.7691004 -0.4540777 -0.3001561 -0.8388801 -0.4540731 -0.3001814 -0.8388735 -0.473505 -0.1026991 -0.8747834 -0.4735118 -0.102693 -0.8747805 -0.5486013 -0.8251614 -0.1347051 -0.3954749 -0.9133298 -0.09709924 -0.3954749 -0.9133298 0.09709924 -0.4551048 -0.8074548 -0.3753616 -0.5672034 -0.6777945 -0.4678409 -0.3314723 -0.9029814 0.2734056 -0.3314659 -0.9029864 0.2733969 -0.3954717 -0.9133297 0.09711426 -0.2180365 -0.8889347 0.4028093 -0.2180344 -0.8889352 0.4028094 -0.3624643 -0.6482386 -0.6696315 -0.4163104 -0.4849156 -0.7691179 -0.1016955 -0.768989 0.6311212 -0.1016978 -0.7690092 0.6310963 -0.1236095 -0.6295337 0.7670777 -0.0757392 -0.8793877 0.4700435 -0.07573837 -0.8793915 0.4700366 -0.1236039 -0.6295275 0.7670837 -0.1406967 -0.4667033 0.8731508 -0.1523993 -0.2868948 0.9457622 -0.1406994 -0.4667134 0.8731452 -0.4735086 -0.1027063 0.8747807 0 1 -2.049e-6 0 1 2.049e-6 -0.1583204 -0.09778529 0.9825339 -0.1523947 -0.2868949 0.9457628 -0.1406952 -0.4667162 -0.8731443 -0.1523936 -0.2868923 -0.9457637 -0.1523976 -0.2868922 -0.9457631 -0.1583202 -0.09779798 -0.9825326 -0.1583254 -0.09778988 -0.9825326 -0.455094 -0.8074551 -0.375374 -0.3314694 -0.9029859 -0.2733947 -0.3954746 -0.9133291 -0.09710747 -0.2007787 -0.9783962 0.04928314 -0.2007787 -0.9783959 -0.04928928 -0.3624526 -0.6482437 -0.669633 -0.2953439 -0.7842541 -0.5456351 -0.2953437 -0.7842496 -0.5456416 -0.1825221 -0.9756103 0.1219448 -0.1810773 -0.9720616 0.1493564 -0.2057147 -0.9777561 0.04092133 -0.1395834 -0.9679209 0.2089155 -0.1285262 -0.9628607 0.2374456 -0.05579096 -0.958239 0.2804738 -0.04672372 -0.955897 0.2899618 -0.1236066 -0.6295312 -0.7670802 -0.1407001 -0.4667006 -0.8731518 0.1150674 -0.8760634 0.4682657 0.1150731 -0.8760647 0.4682617 0.1540417 -0.7637803 0.6268261 0.186625 -0.6232421 0.7594343 0.1540341 -0.7637888 0.6268176 0.08771681 -0.9532543 0.2891576 0.07009106 -0.9558938 0.2852269 0.211808 -0.4607024 0.8619111 0.1866195 -0.6232514 0.7594281 0.2289161 -0.282569 0.9315322 0.211809 -0.460701 0.8619116 -0.1583254 -0.09779304 0.9825323 0.07914781 -0.09873628 -0.9919611 0.07914328 -0.09873676 -0.9919615 0.2375353 -0.09620493 0.9666032 0.07453399 -0.3490654 0.9341296 0.318112 0 -0.9480532 0.3181245 0 -0.948049 0.3165392 -0.0996719 -0.9433284 0.3181143 0 0.9480525 0.3048161 -0.2861974 0.9083932 0.228918 -0.2825853 0.9315268 0.07019394 -0.4702284 -0.879749 0.07019215 -0.4702258 -0.8797504 0.07612311 -0.2894444 -0.9541631 0.07613354 -0.2894398 -0.9541637 -0.21803 -0.8889377 -0.402806 -0.331464 -0.9029836 -0.2734091 -0.1756787 -0.9737244 -0.1449062 -0.2057087 -0.9777569 -0.04093068 0 -1 1.30344e-5 0 -1 -1.30145e-5 -0.1236104 -0.6295266 -0.7670833 -0.1017031 -0.769001 -0.6311054 -0.1016946 -0.7690019 -0.6311057 -0.07574146 -0.8793891 -0.4700407 -0.2180365 -0.8889347 -0.4028093 0.06156188 -0.633195 -0.7715402 0.0615592 -0.6331874 -0.7715467 0.08460265 -0.9565775 0.2789298 0.06905716 -0.9572142 0.2810195 0.1150733 -0.8760605 0.4682694 0.1540324 -0.7637909 0.6268154 0.1150694 -0.8760657 0.4682604 0.1540395 -0.7637786 0.6268286 0.1866276 -0.6232544 0.7594236 0.1866226 -0.6232466 0.7594312 0.2118085 -0.4606988 0.8619128 0.2118106 -0.4607037 0.8619097 0.2289084 -0.2825725 0.931533 0.3042632 -0.2919985 -0.9067309 0.3165359 -0.09968209 -0.9433285 0.2289192 -0.2825797 0.9315282 0.2375324 -0.09620922 0.9666034 0.6258745 0.1066703 -0.7725946 0.3165321 0.09968352 -0.9433295 0.6294718 0 -0.7770233 0.625882 -0.1066638 -0.7725895 0.3165353 0.0996719 -0.9433298 0.07914489 0.09873557 -0.9919615 0.07914829 0.09874004 -0.9919607 0 -1 -2.04863e-6 -1.84534e-6 -1 -1.38093e-6 0.3165366 0.0996825 0.9433283 0.2268899 0.3098882 0.923304 -2.14535e-7 -1 0 0.07453334 0.3490625 0.9341307 0.6258738 0.1066504 0.772598 0.6258798 0.1066678 0.7725908 0.6294718 0 0.7770233 0.6258711 -0.1066695 0.7725977 0.6258797 -0.1066496 0.7725934 0.2801592 -0.4737516 -0.8349074 0.3042554 -0.291996 -0.9067343 0.2452757 -0.6368318 -0.7309481 0.2801539 -0.4737443 -0.8349133 -0.124506 -0.9651889 -0.230019 -0.1943367 -0.9723042 -0.1298382 0 -1 8.85144e-6 0 -1 -8.87847e-6 0 -1 -8.64895e-6 0.05055356 -0.7720243 -0.6335794 0.0505582 -0.7720203 -0.6335839 -0.07574349 -0.8793851 -0.4700478 0.0375806 -0.8813 -0.4710604 -0.04609525 -0.9571084 -0.2860397 -0.1499232 -0.9629041 -0.2243633 0.2010407 -0.7750037 -0.5991259 0.2452741 -0.6368241 -0.7309553 0.1776493 -0.9679278 0.1776419 0.1536223 -0.9697631 0.1896308 0.2796857 -0.8958707 0.3452415 0.3813461 -0.7955952 0.4707478 0.2796724 -0.8958804 0.3452271 0.3813397 -0.7956106 0.4707271 0.4714939 -0.6625279 0.5820226 0.5454306 -0.4991723 0.6732998 0.4714993 -0.6625248 0.5820218 0.5454406 -0.4991611 0.6732999 0.598303 -0.3107463 0.7385597 0.6258686 -0.1066551 -0.7726017 0.598301 -0.3107596 -0.7385556 0.5983037 -0.3107609 0.7385529 0.8844124 0.1153601 -0.4522244 0.8903603 0 -0.4552568 0.6258783 0.1066583 -0.7725934 0.5983003 0.3107576 -0.7385571 0.5982985 0.3107584 -0.7385582 0.3042622 0.2920088 -0.9067279 0.8844196 -0.1153591 -0.4522103 0.3042554 0.291996 -0.9067343 0.07612347 0.2894399 -0.9541645 0.07613343 0.2894448 -0.9541622 -0.1583211 0.09780132 -0.9825322 -0.1523973 0.2868974 -0.9457616 -0.1583233 0.09779208 -0.9825327 0 -1 -2.37304e-6 0 -1 1.87331e-6 0 -1 1.68767e-6 4.92235e-7 -1 -2.37304e-6 1.68519e-6 -1 -2.8529e-6 -3.51979e-6 -1 -8.43833e-6 0.2289131 0.2825801 0.9315295 0.2289177 0.2825741 0.9315303 0.5982984 0.3107582 0.7385584 0.2289185 0.2825769 0.9315292 0.2289173 0.2825785 0.931529 0.2375353 0.09620493 0.9666032 -0.1583254 0.09779304 0.9825323 0.8844153 0.1153414 0.4522232 0.8844187 0.1153528 0.4522137 0.8903603 0 0.4552568 0.5982965 0.310759 0.7385596 0.8393391 0.3336626 0.4291611 0.8844179 -0.1153507 0.452216 0.8393339 -0.3336647 0.4291697 0.8393345 -0.333675 0.4291604 0.8844205 -0.1153448 0.4522126 0.890359 0 0.4552592 0.5983034 -0.3107593 -0.7385538 0.5454384 -0.499162 -0.6733011 0.471495 -0.6625326 -0.5820165 0.5454393 -0.4991599 -0.6733019 0.2028195 -0.9756068 0.08399748 0.191191 -0.9766724 0.09776061 0.2047963 -0.9788046 0 0.2047941 -0.9788051 0 0.1937778 -0.9777578 -0.08025026 0.1955739 -0.9755769 -0.1000033 0.1652647 -0.9723064 -0.165251 0.158864 -0.9676288 -0.1961037 0.08833032 -0.960676 -0.263248 0.1094312 -0.9582422 -0.2641908 -0.05763655 -0.9553542 -0.2897871 0.02859914 -0.9565476 -0.2901706 0.02307099 -0.9569858 -0.2892161 0.1492143 -0.8831746 -0.4446772 0.2010409 -0.7750024 -0.5991277 0.03759205 -0.8813015 -0.4710569 0.3813436 -0.7956107 -0.4707238 0.4714942 -0.6625202 -0.5820311 0.370825 -0.9091415 0.1896064 0.5122343 -0.8179367 0.2619082 0.3708221 -0.909142 0.1896098 0.5122354 -0.8179343 0.2619131 0.643081 -0.6916118 0.3288161 0.643087 -0.6916059 0.3288168 0.7554816 -0.5291762 0.3862903 0.7554821 -0.5291776 0.3862874 0.884417 -0.1153512 -0.4522175 0.8393358 -0.3336626 -0.4291676 0.9928165 0.1196479 0 0.8844205 0.1153474 -0.4522118 0.8393345 0.333675 -0.4291604 0.8393365 0.333652 -0.4291744 0.9928173 -0.1196404 0 0.7554816 0.5291796 -0.3862856 0.7554799 0.5291777 -0.3862913 0.5454372 0.4991736 -0.6732934 0.5454407 0.4991503 -0.673308 0.280162 0.4737563 -0.8349037 0.2801561 0.4737491 -0.8349098 0.07019191 0.4702244 -0.8797512 0.07019412 0.4702296 -0.8797482 -0.1523939 0.2868869 -0.9457653 -0.1406985 0.4667115 -0.8731464 -0.4735139 0.1027008 -0.8747783 -0.4540778 0.3001651 -0.8388769 -0.473506 0.1026964 -0.8747832 -0.9643109 0.1184839 -0.2367828 -0.9643118 0.1184816 0.2367802 -0.9643131 0.1184762 0.2367779 -0.7666662 0.1111075 -0.6323593 -0.9643127 0.1184703 -0.2367826 -0.7666726 0.1110925 -0.632354 -0.4735113 0.1027027 0.8747795 -0.1583195 0.09778553 0.982534 -0.7666628 0.111105 0.6323638 -0.4735121 0.1027144 0.8747777 -0.7666711 0.1111124 0.6323524 0.2118091 0.4607006 0.8619118 0.2118121 0.460707 0.8619077 0.2118051 0.4606922 0.8619172 0.2118101 0.4607024 0.8619106 0.5454362 0.4991629 0.6733023 -0.1523966 0.2868895 0.9457641 -0.1406998 0.4667087 0.8731476 -0.1406962 0.4667086 0.8731483 -0.1523972 0.2868999 0.9457609 0.9928193 0.1196244 0 0.8393336 0.3336632 0.4291712 0.9386925 0.3447558 0 0.5454331 0.4991714 0.6732985 0.7554786 0.5291839 0.3862856 0.9928201 -0.1196172 0 0.9386975 -0.344742 0 0.9386925 -0.3447558 0 0.8395408 -0.5432966 0 0.8395383 -0.5433007 0 0.7554835 -0.5291762 -0.3862864 0.8393339 -0.3336647 -0.4291697 0.6430857 -0.6916083 -0.3288143 0.7554768 -0.5291807 -0.3862935 0.403883 -0.9148107 0 0.4038729 -0.9148151 0 0.3708218 -0.9091428 -0.1896067 0.3708199 -0.9091429 -0.1896101 0.2796825 -0.8958778 -0.3452256 0.2796742 -0.8958739 -0.3452425 0.1492106 -0.8831714 -0.4446846 0.3813411 -0.7955951 -0.470752 0.6430801 -0.6916108 -0.3288199 0.5122359 -0.8179352 -0.2619093 0.5610954 -0.8277512 0 0.561099 -0.8277487 0 0.7093673 -0.7048391 0 0.9386975 0.344742 0 0.8395431 0.5432932 0 0.7093772 0.7048291 0 0.7093694 0.7048369 0 0.643085 0.6916075 -0.3288176 0.6430852 0.6916038 -0.3288246 0.4714914 0.6625366 -0.5820147 0.4714939 0.6625279 -0.5820226 0.2452726 0.6368323 -0.7309487 0.2452729 0.6368288 -0.7309517 0.06157326 0.6332051 -0.7715311 0.0615552 0.6331803 -0.7715529 -0.1236026 0.6295211 -0.7670891 -0.1406964 0.4667059 -0.8731495 -0.4163143 0.4849269 -0.7691089 -0.4540774 0.3001766 -0.838873 -0.7302117 0.3225579 -0.602285 -0.9126756 0.3417662 0.2240964 -0.9126749 0.3417659 -0.2240996 -0.9126777 0.3417568 -0.224102 -0.9126782 0.3417543 0.2241039 -0.7302162 0.3225363 0.6022912 -0.7302079 0.3225449 -0.6022968 -0.4540824 0.3001644 0.8388746 -0.4540791 0.3001653 0.838876 -0.7302033 0.3225443 0.6023024 0.1866215 0.6232521 0.759427 0.1866236 0.6232411 0.7594354 0.1866186 0.6232492 0.75943 -0.1236061 0.6295351 0.767077 -0.1236076 0.6295284 0.7670824 0.1866288 0.623248 0.7594286 0.471495 0.6625326 0.5820165 -0.4163194 0.4849356 0.7691004 -0.4163182 0.4849071 0.7691192 -0.3624672 0.6482378 0.6696307 -0.3624545 0.6482472 0.6696286 0.755481 0.5291785 0.3862882 0.471499 0.6625187 0.5820289 0.6430819 0.6916109 0.3288159 0.5122297 -0.8179377 -0.2619138 0.6430861 0.6916048 0.3288208 0.5122329 0.8179369 0.2619098 0.5122374 0.8179333 0.2619124 0.561099 0.8277487 0 0.512229 0.8179406 -0.2619057 0.5122385 0.8179308 -0.2619183 0.3813431 0.7956093 -0.4707263 0.3813479 0.795599 -0.4707399 0.2010373 0.7750064 -0.5991237 0.201042 0.7749959 -0.5991358 0.05055022 0.7720086 -0.6335989 0.05056107 0.7720377 -0.6335625 -0.1236108 0.6295327 -0.7670782 -0.1016967 0.7690017 -0.6311056 -0.4163154 0.4849176 -0.7691141 -0.3624608 0.6482398 -0.6696323 -0.661384 0.5147669 -0.5455148 -0.8176859 0.5395155 0.2007813 -0.8176823 0.5395247 0.2007709 -0.8176848 0.5395172 -0.20078 -0.8176899 0.539508 -0.2007842 -0.6613947 0.5147476 -0.54552 -0.6613884 0.5147573 0.5455185 -0.6613811 0.51476 0.5455249 0.1540371 0.7637876 0.6268184 0.1540354 0.7637844 0.6268227 0.1540389 0.7637794 0.6268278 -0.1017028 0.7690025 0.6311035 -0.1016891 0.7689974 0.6311119 -0.2953445 0.7842609 0.5456249 -0.29535 0.7842461 0.5456432 0.1540355 0.7637797 0.6268284 0.3813446 0.7956047 0.4707331 -0.5672006 0.6777945 0.4678442 -0.5672057 0.6777971 0.4678344 -0.4550928 0.8074572 0.3753714 -0.4550979 0.8074516 0.3753772 0.3813447 0.7956027 0.470736 0.2796739 0.8958753 0.3452391 0.2796747 0.8958794 0.3452279 0.3708208 0.9091429 0.1896079 0.3708218 0.9091428 0.1896067 0.4038805 0.9148118 0 0.4038768 0.9148135 0 0.3708221 0.909142 -0.1896098 0.3708186 0.9091441 -0.189607 0.2796738 0.8958767 -0.3452358 0.2796781 0.8958784 -0.3452275 0.1492156 0.8831724 -0.4446812 0.1492115 0.8831771 -0.444673 0.0375775 0.881301 -0.471059 0.03758525 0.8813013 -0.4710578 -0.1016914 0.7690099 -0.6310965 -0.07574295 0.8793922 -0.4700344 -0.3624656 0.6482358 -0.6696336 -0.2953494 0.7842583 -0.5456261 -0.5671976 0.6778008 -0.4678387 -0.6922775 0.7013247 0.1699873 -0.6922771 0.7013273 0.1699781 -0.6922756 0.7013264 -0.1699877 -0.6922741 0.7013286 -0.1699849 -0.5672085 0.6777955 -0.4678332 0.1150749 0.8760679 0.4682552 0.1150731 0.8760647 0.4682617 0.1150664 0.8760656 0.4682615 -0.07574081 0.8793913 0.4700366 -0.07573586 0.8793947 0.4700309 -0.2180324 0.8889373 0.4028058 -0.2180393 0.8889315 0.4028145 -0.3314672 0.9029867 0.2733949 -0.3314602 0.902988 0.2733986 0.1150669 0.8760592 0.4682734 -0.5485943 0.8251668 0.1347003 -0.5486016 0.8251619 0.1347 -0.3954756 0.9133297 0.09709811 0.07115441 0.9545164 0.2895441 0.07115632 0.95451 0.2895642 0.1705399 0.9626018 0.2105093 0.1705431 0.9625963 0.2105314 0.2240351 0.9678254 0.1145527 0.2240352 0.9678236 0.1145685 0.2430449 0.9700151 0 0.243035 0.9700175 0 0.2240346 0.9678245 -0.1145616 0.2240418 0.9678233 -0.1145575 0.1705479 0.9625975 -0.2105219 0.1705409 0.9626008 -0.2105128 0.09180343 0.9574549 -0.2735915 0.0231567 0.9566814 -0.290215 0.02315032 0.9566828 -0.2902104 0.09180277 0.9574557 -0.2735891 -0.07574373 0.8793842 -0.4700493 -0.04672503 0.9558945 -0.2899698 -0.2953414 0.7842534 -0.5456373 -0.2180309 0.8889413 -0.4027976 -0.4551016 0.8074564 -0.3753623 -0.5485988 0.8251631 -0.1347045 -0.5485978 0.825164 -0.1347029 -0.4550981 0.8074533 -0.3753732 0.07115375 0.9545171 0.2895414 0.07115536 0.9545114 0.2895602 -0.0467239 0.9558967 0.2899628 -0.04672765 0.9558963 0.2899632 -0.1336089 0.9598041 0.2468297 -0.1335999 0.9598024 0.246841 -0.2011277 0.9654161 0.1658902 -0.2011216 0.9654183 0.1658849 -0.3954743 0.9133284 0.09711492 -0.2382323 0.9694445 0.05850481 -0.3954706 0.9133319 -0.09709686 -0.3954795 0.9133254 -0.09712177 0 1 -9.78785e-6 0 1 -7.14429e-6 0 1 3.58526e-6 0 1 -3.59609e-6 0 1 7.18391e-6 -0.04672825 0.9558909 -0.2899811 -0.2180373 0.8889308 -0.4028174 -0.1336042 0.9598034 -0.2468349 -0.3314659 0.9029864 -0.2733969 -0.3314679 0.9029843 -0.273402 -0.2382398 0.9694439 0.05848485 0 1 -7.02869e-6 -0.2382323 0.9694448 -0.05849939 -0.2382261 0.9694465 -0.05849754 -0.2011247 0.9654159 -0.1658949 -0.2011238 0.9654201 -0.1658711 0 1 -7.06085e-6 0 1 1.23191e-5 -0.1336105 0.9598045 -0.2468271 -0.2202108 -0.9180911 0.3295693 -0.2202061 -0.9180936 0.3295657 -0.07732635 -0.9180901 0.3887562 -0.1098409 -0.8264433 0.5522015 -0.3127996 -0.8264384 0.468141 -0.3128049 -0.8264387 0.468137 -0.07732635 -0.9180884 0.3887602 -0.3295661 -0.9180899 0.2202206 -0.4681324 -0.8264383 0.3128128 -0.4681286 -0.8264417 0.3128095 -0.3295637 -0.9180946 0.2202048 0 -1 -1.90127e-5 0.07733517 -0.9180894 0.3887561 0 -1 1.90126e-5 0 -1 1.90123e-5 0 -1 -1.90123e-5 -0.1392825 -0.700213 0.7002158 -0.1098355 -0.8264379 0.5522108 -0.396641 -0.7002232 0.5936022 -0.3966379 -0.7002152 0.5936136 0.07732087 -0.9180929 0.3887506 0.1098409 -0.8264435 0.5522012 -0.5936078 -0.7002245 0.3966303 -0.593614 -0.7002062 0.3966532 -0.3887478 -0.9180946 0.07731437 -0.5522063 -0.8264405 0.109838 -0.5521961 -0.8264492 0.1098235 -0.7002224 -0.7002069 0.1392796 -0.7002298 -0.7001996 0.1392796 -0.3887556 -0.9180898 0.07733285 0.220207 -0.9180912 0.3295714 -0.3887518 -0.918092 -0.07732701 -0.3887541 -0.918092 -0.07731312 -0.3295542 -0.9180938 -0.2202225 -0.3295796 -0.9180899 -0.2202007 -0.2202147 -0.9180881 -0.3295751 -0.2202035 -0.9180957 -0.3295617 -0.07732778 -0.9180906 -0.3887546 -0.07733213 -0.9180882 -0.3887595 0.07733237 -0.9180876 -0.3887608 0.07732588 -0.9180911 -0.3887538 0.2202108 -0.9180911 -0.3295693 0.2202061 -0.9180936 -0.3295657 0.3295724 -0.9180867 -0.2202248 0.3295677 -0.9180946 -0.2201986 0.3887465 -0.9180942 -0.07732599 0.3887663 -0.9180854 -0.077331 0.3887591 -0.9180886 0.0773285 0.388743 -0.9180955 0.07732814 0.3295653 -0.9180904 0.22022 0.3295837 -0.9180863 0.2202093 0.2202085 -0.9180898 0.3295747 -0.1631748 -0.5481101 0.8203349 -0.1392805 -0.7002181 0.7002111 -0.4646827 -0.5481153 0.6954421 -0.4646745 -0.548119 0.6954446 0.1392803 -0.7002094 0.7002198 0.1098432 -0.8264362 0.5522117 -0.6954417 -0.5481131 0.464686 -0.6954416 -0.5481262 0.4646704 0.3128003 -0.82644 0.4681378 -0.820325 -0.5481263 0.1631705 -0.8203196 -0.5481353 0.1631674 -0.552196 -0.8264479 -0.1098352 -0.5522124 -0.8264381 -0.1098258 -0.7002323 -0.7001982 -0.1392742 -0.7002246 -0.7002038 -0.1392846 -0.8203219 -0.5481314 -0.1631688 -0.820325 -0.5481266 -0.1631685 -0.4681309 -0.8264386 -0.3128144 -0.4681336 -0.826439 -0.3128094 -0.3128011 -0.8264366 -0.4681432 -0.3127993 -0.8264412 -0.4681363 -0.1098408 -0.8264436 -0.5522009 -0.1098429 -0.8264371 -0.5522103 0.1098423 -0.8264394 -0.5522071 0.1098408 -0.8264439 -0.5522006 0.3127967 -0.8264421 -0.4681366 0.3128003 -0.82644 -0.4681378 0.4681397 -0.8264427 -0.3127899 0.468141 -0.8264367 -0.3128041 0.5522145 -0.8264339 -0.1098464 0.5522072 -0.8264403 -0.1098349 0.5522066 -0.8264392 0.1098456 0.5522164 -0.8264337 0.1098378 0.4681456 -0.8264381 0.3127939 0.4681319 -0.8264461 0.312793 0.3127958 -0.82644 0.4681409 -0.1807546 -0.3763896 0.9086577 -0.1631761 -0.5481311 0.8203207 -0.5147194 -0.3763919 0.7703202 -0.5147103 -0.3763798 0.7703321 0.1631702 -0.5481367 0.8203182 0.139285 -0.7002134 0.7002149 -0.7703317 -0.3763811 0.51471 -0.7703225 -0.376379 0.5147254 0.3966331 -0.7002144 0.5936178 -0.9086616 -0.3763864 0.1807416 -0.908662 -0.3763831 0.1807463 -0.9086612 -0.3763867 -0.180743 -0.9086624 -0.3763828 -0.1807448 -0.5936241 -0.7002081 -0.3966349 -0.5935932 -0.7002245 -0.3966519 -0.6954375 -0.5481206 -0.4646831 -0.6954443 -0.548116 -0.4646784 -0.7703294 -0.3763828 -0.5147123 -0.7703223 -0.3763843 -0.5147217 -0.3966401 -0.7002199 -0.5936066 -0.3966372 -0.7002197 -0.5936088 -0.1392828 -0.7002153 -0.7002134 -0.1392751 -0.7002152 -0.7002152 0.1392756 -0.7002128 -0.7002174 0.1392824 -0.7002137 -0.7002151 0.3966502 -0.7002223 -0.5935969 0.3966415 -0.7002084 -0.5936191 0.5936169 -0.7002146 -0.3966343 0.5936111 -0.7002155 -0.3966413 0.7002156 -0.7002156 -0.1392709 0.7002192 -0.7002079 -0.1392911 0.7002213 -0.7002089 0.1392763 0.7002065 -0.7002216 0.1392863 0.5936104 -0.7002213 0.396632 0.5936209 -0.7002105 0.3966351 0.3966435 -0.7002184 0.593606 -0.1807435 -0.3763734 0.9086665 -0.1914801 -0.1914845 0.9626366 -0.5452834 -0.1914785 0.8160896 -0.5452952 -0.1914924 0.8160784 0.1807538 -0.3763731 0.9086645 0.1631811 -0.5481168 0.8203293 -0.8160786 -0.1914912 0.5452952 -0.816086 -0.1914823 0.5452874 0.4646797 -0.5481164 0.6954432 -0.9626366 -0.191487 0.1914774 -0.9626398 -0.1914678 0.1914802 -0.9626404 -0.1914715 -0.1914739 -0.9626362 -0.1914855 -0.1914805 -0.8160821 -0.1914874 -0.5452912 -0.8160858 -0.1914845 -0.5452868 -0.464675 -0.5481225 -0.6954415 -0.4646868 -0.5481122 -0.6954418 -0.5147211 -0.3763893 -0.7703202 -0.5147111 -0.3763927 -0.7703253 -0.545286 -0.1914849 -0.8160862 -0.545293 -0.1914706 -0.8160851 -0.1631669 -0.5481134 -0.8203343 -0.1631769 -0.5481249 -0.8203246 0.1631765 -0.5481277 -0.8203227 0.1631664 -0.5481108 -0.8203361 0.4646884 -0.54812 -0.6954345 0.4646704 -0.5481141 -0.6954513 0.6954413 -0.5481198 -0.4646785 0.6954451 -0.5481197 -0.4646728 0.8203288 -0.548118 -0.1631793 0.8203217 -0.5481325 -0.1631666 0.8203198 -0.5481318 0.1631786 0.8203327 -0.5481152 0.1631687 0.6954431 -0.5481196 0.4646761 0.6954476 -0.5481154 0.4646745 0.4646736 -0.5481163 0.6954475 0.1807445 -0.3763848 0.9086617 -0.1914804 -0.191481 0.9626371 0.1914817 -0.1914742 0.9626383 0.191485 -0.1914805 0.9626363 -0.5550271 -0.04363 0.8306874 -0.1949039 -0.0436269 0.9798517 -0.5550516 -0.04366886 0.8306689 -0.830656 -0.04367536 0.5550704 0.5147141 -0.3763853 0.770327 -0.9798491 -0.04367429 0.194906 -0.8306851 -0.04366564 0.5550275 -0.9798521 -0.04362332 -0.1949025 -0.9798551 -0.04361295 0.1948894 -0.8306547 -0.04366052 -0.5550734 -0.9798524 -0.04366087 -0.1948929 -0.5550388 -0.04366487 -0.8306776 -0.8306857 -0.04366636 -0.5550268 -0.1807392 -0.3763939 -0.9086589 -0.1914771 -0.1914721 -0.9626395 -0.1807367 -0.3763878 -0.908662 -0.1914759 -0.1914809 -0.9626381 -0.1948946 -0.04364055 -0.9798529 -0.5550485 -0.04364478 -0.8306722 0.1807432 -0.3763893 -0.9086601 0.1807429 -0.3763803 -0.9086639 0.5147181 -0.3763871 -0.7703233 0.5147141 -0.3763853 -0.770327 0.7703279 -0.376387 -0.5147113 0.7703223 -0.3763843 -0.5147217 0.9086603 -0.3763883 -0.1807438 0.9086606 -0.3763852 -0.1807488 0.9086612 -0.3763867 0.180743 0.9086578 -0.3763912 0.1807503 0.7703235 -0.3763895 0.5147162 0.7703296 -0.3763799 0.514714 0.5147181 -0.3763772 0.7703282 0.5452972 -0.1914733 0.8160815 -0.1949096 -0.04363316 0.9798502 0.1949076 -0.04366403 0.9798493 0.1949096 -0.04363238 0.9798503 0.5452838 -0.1914851 0.8160877 0.5550264 -0.04359722 0.8306896 0.5550535 -0.04365336 0.8306685 -0.5555647 0 0.8314734 -0.290285 0 0.9569404 -0.2902888 0 0.9569391 -0.5555586 0 0.8314775 -0.8314774 0 0.5555586 -0.9807889 0 0.1950722 -0.9807889 0 -0.1950722 -0.9807869 0 0.1950824 -0.9807869 0 -0.1950824 -0.8314758 0 -0.555561 -0.555572 0 -0.8314685 -0.831466 0 -0.5555757 0.1914758 -0.1914812 -0.962638 0.191483 -0.191483 -0.9626362 0.1948995 -0.04365926 -0.9798511 -0.2324293 -0.5990815 -0.7662102 -0.09794038 -0.04430174 -0.9942058 -0.2902753 0 -0.9569432 0.5452865 -0.1914803 -0.816087 0.5452888 -0.191477 -0.8160862 0.8160837 -0.1914783 -0.5452922 0.8160866 -0.1914798 -0.5452874 0.9626386 -0.1914759 -0.1914783 0.9626404 -0.191464 -0.1914814 0.9626405 -0.1914677 0.1914772 0.9626386 -0.1914736 0.191481 0.8160873 -0.1914744 0.5452882 0.8160789 -0.1914877 0.545296 0 1 -1.05915e-6 0.8306564 -0.04370623 0.5550675 0.8306943 -0.04361379 0.555018 -0.5550408 0.0436322 0.8306781 -0.5550239 0.04366803 0.8306875 -0.2899991 0.04426389 0.9560028 -0.07847964 0.5990563 0.7968516 0 -1 -1.77874e-6 -0.8306839 0.04367542 0.5550288 -0.8306658 0.04366397 0.5550568 -0.9798523 0.04367512 0.1948902 -0.9798542 0.04361295 0.194894 -0.9798545 0.04362344 -0.1948906 -0.979852 0.04366445 -0.1948936 -0.8306826 0.04365843 -0.5550319 -0.830675 0.04366558 -0.5550429 -0.5550469 0.04366827 -0.8306721 -0.5550314 0.04364383 -0.8306837 0.555037 -0.04366683 -0.8306788 0.1949053 -0.04364937 -0.9798503 -0.2899866 0.04428261 -0.9560057 0.8306638 -0.0436486 -0.5550609 0.5550502 -0.04363942 -0.8306715 0.9798476 -0.0437141 -0.1949049 0.830687 -0.04370361 -0.5550217 0.979852 -0.04364079 0.1948988 0.9798543 -0.04365581 -0.1948838 0.9798507 -0.04370981 0.1948901 0 1 1.67101e-6 0 1 1.33634e-6 -0.191484 0.1914843 0.9626359 -0.1914786 0.1914827 0.9626373 -0.5452921 0.1914777 0.8160839 -0.5452905 0.1914941 0.8160811 -0.1949063 0.04363268 0.979851 -0.8160784 0.1914924 0.5452952 -0.8160872 0.1914838 0.545285 0.1948965 0.04362875 0.9798531 0 -1 -2.11901e-6 -0.1812502 0.3699348 -0.9112063 -0.09794038 0.04430186 -0.9942058 0 -1 1.77873e-6 0 -1 2.11899e-6 -0.9626355 0.1914863 0.1914839 -0.9626402 0.1914719 0.1914743 -0.9626387 0.1914706 -0.191483 -0.962637 0.1914885 -0.1914741 -0.8160776 0.1914874 -0.5452979 -0.816087 0.1914861 -0.5452846 -0.5452837 0.1914815 -0.8160886 -0.5452907 0.1914718 -0.8160862 -0.1914765 0.1914729 -0.9626396 0.1949185 0.04366701 0.979847 0.1914885 0.1914843 0.9626349 -0.180748 0.3763816 0.9086623 -0.1807428 0.3763841 0.9086624 0.1807448 0.3763821 0.9086627 0.1914787 0.1914712 0.9626395 -0.5147143 0.3763841 0.7703274 -0.5147218 0.3763812 0.7703238 -0.7703276 0.3763789 0.514718 -0.7703267 0.3763815 0.5147171 -0.9086629 0.3763808 0.1807465 -0.9086617 0.3763848 0.1807445 0.5550272 0.04365503 0.830686 -0.1914783 0.1914823 -0.9626373 0.1914783 0.1914808 -0.9626376 0.1914761 0.1914749 -0.9626392 0.1949085 0.04366219 -0.9798492 0.1948987 0.04364961 -0.9798517 0.8306663 0.04361253 0.55506 0.5550546 0.04359912 0.8306706 0.9798487 0.04370719 0.1949007 0.8306812 0.04371005 0.5550299 0.9798509 0.04365563 -0.1949011 0.9798535 0.04364085 0.1948913 0.8306645 0.04369831 -0.5550559 0.9798505 0.04370975 -0.1948907 0.5550475 0.04364079 -0.8306732 0.8306922 0.04365146 -0.5550183 0.555031 0.04366701 -0.8306828 -0.9086633 0.3763814 -0.1807428 -0.908663 0.3763808 -0.1807463 -0.7703304 0.3763802 -0.5147127 -0.7703303 0.3763759 -0.5147161 -0.5147201 0.376375 -0.770328 -0.5147199 0.3763898 -0.7703209 -0.1807373 0.3763805 -0.9086648 0.5452892 0.1914751 0.8160864 -0.1631692 0.5481257 0.8203256 -0.1631758 0.5481177 0.8203297 0.1631712 0.5481287 0.8203232 0.180746 0.3763802 0.9086632 -0.4646837 0.5481211 0.6954368 -0.4646732 0.5481172 0.6954469 0.5452913 0.1914861 0.8160825 0.5147132 0.3763787 0.7703307 -0.6954527 0.5481129 0.4646697 -0.6954337 0.5481246 0.4646843 -0.8203273 0.548125 0.1631628 -0.8203192 0.5481342 0.1631731 -0.8203217 0.5481325 -0.1631666 -0.8203253 0.5481265 -0.1631678 -0.1807456 0.3763723 -0.9086666 0.1807438 0.3763698 -0.9086681 0.1807401 0.3763814 -0.908664 0.5147265 0.3763852 -0.7703188 0.5147132 0.3763787 -0.7703307 0.5452926 0.1914741 -0.8160845 0.545291 0.1914795 -0.8160842 0.8160879 0.1914886 0.5452823 0.9626384 0.1914787 0.1914764 0.8160841 0.1914765 0.5452923 0.9626422 0.1914633 -0.1914728 0.96264 0.1914649 0.1914823 0.8160849 0.1914806 -0.5452895 0.962637 0.1914802 -0.1914827 0.8160866 0.1914798 -0.5452874 -0.6954377 0.5481231 -0.4646801 -0.6954428 0.5481233 -0.4646723 -0.4646759 0.5481272 -0.6954373 -0.4646754 0.5481215 -0.695442 -0.1631712 0.5481282 -0.8203235 -0.1392824 0.7002134 0.7002153 -0.1392782 0.7002056 0.7002242 0.1392784 0.7002044 0.7002253 0.1631763 0.5481165 0.8203304 -0.3966373 0.7002161 0.5936129 -0.396636 0.7002113 0.5936195 0.464682 0.5481171 0.6954411 0.5147194 0.3763838 0.7703242 -0.5936105 0.700219 0.3966358 -0.5936184 0.7002044 0.3966497 0.7703228 0.3763796 0.5147244 -0.7002241 0.7002052 0.1392804 -0.70023 0.7001991 0.1392812 -0.70023 0.7001979 -0.1392876 -0.7002277 0.700203 -0.1392733 -0.5936115 0.7002064 -0.3966566 -0.5936061 0.7002194 -0.3966416 -0.1631748 0.5481289 -0.8203223 0.1631766 0.5481328 -0.8203193 0.1631692 0.5481281 -0.820324 0.4646802 0.5481308 -0.6954315 0.6954464 0.5481176 -0.4646736 0.6954414 0.5481182 -0.4646803 0.7703288 0.3763849 -0.5147116 0.770326 0.3763837 -0.5147166 0.9086608 0.3763873 0.1807434 0.7703302 0.3763856 0.5147089 0.9086617 0.3763848 -0.1807445 0.9086601 0.3763845 0.1807524 0.9086611 0.3763836 -0.1807494 -0.3966481 0.700222 -0.5935988 -0.3966352 0.7002129 -0.5936182 -0.1392849 0.700208 -0.7002204 -0.1098401 0.8264395 0.5522075 -0.1098365 0.8264442 0.5522012 0.1098433 0.8264462 0.5521968 0.1392898 0.7002278 0.7001996 -0.3127974 0.8264377 0.4681438 -0.3128014 0.8264481 0.4681228 0.3966323 0.7002077 0.5936263 0.4646741 0.5481201 0.695444 -0.4681262 0.8264412 0.3128146 -0.4681339 0.826442 0.3128012 0.6954441 0.5481177 0.4646767 -0.5522065 0.8264393 0.109846 -0.5522073 0.8264401 0.1098362 -0.5522113 0.8264364 -0.1098439 -0.5522055 0.8264413 -0.1098359 -0.4681306 0.82644 -0.3128108 -0.4681364 0.8264388 -0.3128054 -0.312801 0.8264393 -0.4681388 -0.3128053 0.82644 -0.4681343 -0.1392824 0.7002134 -0.7002153 0.1392818 0.7002166 -0.7002124 0.1392861 0.7002075 -0.7002207 0.3966451 0.7002148 -0.5936094 0.3966377 0.7002081 -0.5936221 0.5936194 0.7002139 -0.3966316 0.5936115 0.7002164 -0.3966389 0.700209 0.7002204 -0.1392797 0.7002241 0.7002055 -0.1392787 0.8203297 0.5481204 -0.1631663 0.8203224 0.548129 -0.1631743 0.8203289 0.548119 0.1631751 0.6954452 0.548118 0.464675 0.820321 0.5481331 0.1631677 -0.1098412 0.8264432 -0.5522018 -0.07734602 0.9180539 0.3888378 -0.07733249 0.9180713 0.3887991 0.07733851 0.9180657 0.3888115 0.1098408 0.8264302 0.5522212 -0.2202581 0.9180564 0.3296343 -0.2202455 0.9180666 0.3296145 0.3127938 0.8264392 0.4681436 0.3966434 0.7002211 0.593603 -0.3296122 0.9180687 0.2202399 0.5936166 0.700209 0.3966444 -0.3296143 0.9180626 0.2202624 -0.388803 0.9180681 0.07735234 -0.3888117 0.9180656 0.07733857 -0.388816 0.9180625 -0.07735317 -0.388804 0.918069 -0.07733583 -0.3296143 0.9180626 -0.2202624 -0.3296179 0.9180667 -0.2202398 -0.2202425 0.9180575 -0.3296421 -0.2202458 0.9180706 -0.3296031 -0.07733792 0.9180696 -0.3888024 -0.1098349 0.8264403 -0.5522072 0.1098403 0.8264384 -0.5522089 0.1098421 0.82644 -0.5522062 0.31279 0.826441 -0.4681428 0.3128011 0.8264366 -0.4681432 0.468142 0.8264347 -0.3128082 0.4681496 0.8264375 -0.312789 0.5522189 0.8264324 -0.1098362 0.5522058 0.8264397 -0.1098465 0.5522053 0.8264401 0.1098458 0.552214 0.826435 0.1098414 0.7002182 0.7002106 0.139283 0.7002133 0.7002164 0.1392778 0.5936149 0.7002236 0.3966211 0.04225564 0.9762635 0.2124243 0.07734024 0.9180702 0.3888002 -0.04225331 0.9762662 0.2124126 -0.1203396 0.9762608 0.1800925 -0.120337 0.976262 0.1800872 -0.04225575 0.9762583 0.2124485 0.220246 0.9180737 0.3295946 0.3127999 0.8264333 0.46815 -0.1800885 0.9762621 0.1203352 -0.1800889 0.9762637 0.1203213 0.468147 0.8264377 0.3127923 -0.2124173 0.9762665 0.04222244 -0.2124236 0.9762626 0.04228109 -0.212431 0.97626 -0.04230314 -0.2124218 0.9762641 -0.04225385 -0.1801024 0.9762593 -0.1203371 -0.1800871 0.9762639 -0.1203224 -0.1203318 0.976261 -0.1800969 -0.1203318 0.9762657 -0.180071 -0.07732999 0.9180591 -0.3888285 -0.04225146 0.9762632 -0.2124267 0.07734084 0.9180614 -0.388821 0.07733815 0.9180716 -0.3887977 0.2202371 0.9180616 -0.329634 0.2202423 0.9180649 -0.3296216 0.3296177 0.9180659 -0.220244 0.3296188 0.9180691 -0.2202286 0.3887912 0.9180735 -0.07734555 0.3888197 0.9180623 -0.0773378 0.3888129 0.9180626 0.07736754 0.3888036 0.9180701 0.0773251 0.3296176 0.9180673 0.220238 0.3296171 0.9180691 0.2202314 0.4681415 0.826439 0.3127977 0.04225677 0.9762595 0.2124428 0.009758889 0.9987483 0.04905933 -0.009758472 0.9987484 0.04905712 0.1203297 0.9762641 0.1800814 0.2202345 0.9180572 0.3296478 -0.02778303 0.998749 0.04157602 -0.04158163 0.9987485 0.02779293 -0.04905438 0.9987481 0.009790539 -0.04904955 0.9987484 -0.009789586 -0.04158371 0.9987484 -0.0277943 -0.02778422 0.998749 -0.04157781 -0.04225498 0.9762615 -0.2124336 -0.009758651 0.9987483 -0.04905825 0.04225724 0.9762613 -0.2124342 0.04225236 0.9762636 -0.2124246 0.1203332 0.9762603 -0.1800991 0.1203292 0.9762643 -0.1800805 0.1800949 0.9762616 -0.1203286 0.1800947 0.9762631 -0.1203185 0.2124148 0.9762636 -0.04230153 0.2124317 0.9762618 -0.04225784 0.2124286 0.9762604 0.04230648 0.2124255 0.9762631 0.04225862 0.1800983 0.9762617 0.1203236 0.1800914 0.9762637 0.1203185 0.1203497 0.9762598 0.1800913 0.02778297 0.998748 0.04160064 0.009759187 0.9987481 -0.04906076 0.02778446 0.9987478 -0.04160279 0.04158401 0.9987491 -0.02776986 0.04904896 0.9987489 -0.009746372 0.04905378 0.9987486 0.009747326 0.04158169 0.9987493 0.02776831 -0.03305983 -0.5757344 -0.8169681 -0.03306198 -0.575742 -0.8169627 -0.1274131 -0.8292716 -0.5441275 -0.1550211 -0.5383722 -0.828326 -0.2507396 -0.7955664 -0.5515469 -0.2507385 -0.7955654 -0.5515487 0.09115022 -0.243888 -0.9655104 0.09115499 -0.2438932 -0.9655086 -0.1550216 -0.5383771 -0.8283227 -0.02901804 -0.2017466 -0.9790079 -0.0290175 -0.2017493 -0.9790073 0.936066 -0.35181 -0.003203988 0.9360607 -0.3518239 -0.003203451 -0.1274147 -0.8292703 -0.5441291 0.9360607 -0.3518241 -0.003209769 -0.1775421 -0.9658855 -0.1885318 -0.3015894 -0.9341443 -0.1908358 -0.3015852 -0.9341415 -0.1908563 -0.2392808 -0.5068128 -0.8281821 -0.3350105 -0.7640509 -0.5513569 -0.3350116 -0.7640465 -0.5513621 -0.3858684 -0.9026525 -0.1905891 -0.3858684 -0.9026529 -0.1905875 0.108099 0.1630856 -0.9806721 0.2263227 0.1157575 -0.9671496 0.9360671 -0.3518069 -0.003203451 0.2263202 0.1157604 -0.9671497 -0.1132538 -0.1701248 -0.9788929 -0.2392775 -0.5068156 -0.8281813 -0.1132519 -0.1701224 -0.9788935 0.02388447 0.1947707 -0.980558 0.02388799 0.1947751 -0.9805571 0.1080974 0.1630871 -0.9806721 0.9360662 -0.3518097 -0.003203511 0.9360661 -0.3518097 -0.003203511 0.9360677 -0.3518053 -0.003202199 0.9360671 -0.3518072 -0.003208458 0.9360545 -0.3518404 -0.003208458 0.9360598 -0.3518264 -0.003208458 0.9360603 -0.3518252 -0.003205299 0.9360671 -0.3518072 -0.003221035 0.9360604 -0.3518248 -0.003205955 0.9360625 -0.3518193 -0.003208518 0.9360731 -0.3517913 -0.003207266 0.9360665 -0.3518089 -0.003188431 -0.1775414 -0.9658844 -0.1885378 -0.1758146 -0.9647808 0.1956719 -0.2998266 -0.9330266 0.1989107 -0.2998267 -0.933028 0.198904 -0.3841118 -0.9015351 0.1992301 -0.3841155 -0.9015343 0.1992267 -0.9360718 0.3517944 0.003210067 -0.9360529 0.3518447 0.003201961 -0.9360638 0.3518158 0.003209352 -0.9360644 0.3518141 0.003202319 0.3518565 0.4484528 -0.8216369 0.3518582 0.4484441 -0.8216409 0.2354456 0.5005766 -0.8330597 -0.9360626 0.3518189 0.003203272 -0.9360713 0.351796 0.00320363 0.1512584 0.5323241 -0.8329178 0.1512567 0.5323213 -0.8329199 -0.9360659 0.3518102 0.003206074 0.235448 0.500571 -0.8330624 0.4486611 0.7035452 -0.5511149 0.4486584 0.7035402 -0.5511234 0.5019903 0.8421877 -0.1967889 0.5019829 0.8421942 -0.1967798 0.5037141 0.8432943 0.1874217 0.5037219 0.8432902 0.1874195 0.453589 0.7066805 0.5430099 0.4535921 0.7066791 0.5430092 0.3592358 0.4531543 0.8158438 0.3592339 0.4531486 0.8158476 0.2350223 0.121299 0.9643915 0.2350153 0.1213014 0.964393 0.09984737 -0.2383545 0.9660319 0.09985572 -0.2383487 0.9660325 -0.02568244 -0.5710461 0.8205162 -0.02568775 -0.5710429 0.8205183 -0.1224901 -0.8261326 0.5500012 -0.1224864 -0.826132 0.5500028 -0.1758127 -0.9647814 0.19567 -0.2457364 -0.7923783 0.558346 -0.2457386 -0.7923819 0.5583401 -0.3300084 -0.7608594 0.5587375 -0.3300118 -0.7608643 0.5587287 -0.93606 0.3518261 0.003205299 -0.9360597 0.3518266 0.003208696 -0.9360647 0.3518134 0.003195583 -0.9360646 0.3518139 0.003206014 -0.9360686 0.351803 0.003210067 -0.9360616 0.3518218 0.003208696 -0.9360635 0.3518165 0.003207385 -0.9360629 0.351818 0.003207325 -0.9360674 0.3518062 0.003204703 0.3336428 0.7593355 -0.558652 0.2494699 0.7911282 -0.558463 0.2494702 0.7911379 -0.5584493 0.3336407 0.759345 -0.5586404 0.3877328 0.8999905 -0.1991997 0.3877381 0.8999871 -0.1992047 0.3894882 0.9011084 0.1905325 0.3894894 0.9011085 0.1905302 0.3386377 0.7625293 0.5512474 0.3386428 0.7625238 0.5512518 0.2429299 0.5053385 0.8280207 0.2429262 0.5053383 0.8280218 0.1169196 0.1687079 0.978707 0.1169282 0.168709 0.9787058 -0.02019548 -0.1961255 0.9803708 -0.02018839 -0.196125 0.9803711 -0.147538 -0.5336141 0.8327596 -0.1475426 -0.5336129 0.8327596 -0.2317941 -0.5020493 0.8331975 -0.2318019 -0.5020534 0.833193 0.3035714 0.9318057 -0.1989536 0.3035725 0.9318051 -0.1989551 0.3053279 0.9329245 0.1908582 0.3053289 0.9329251 0.1908537 0.2544702 0.7943212 0.5516328 0.2544695 0.7943148 0.5516424 0.1587411 0.5370885 0.8284547 0.1587403 0.5370905 0.8284536 0.03271007 0.2003924 0.9791695 0.0327112 0.200397 0.9791686 -0.1044288 -0.1645032 0.980833 -0.1044259 -0.1645014 0.9808336 -0.2078624 0.8176931 -0.536816 -0.2078614 0.8176769 -0.536841 -0.2285848 0.9126793 -0.3387708 -0.2285854 0.912674 -0.3387845 0.1936531 0.81768 -0.5421235 0.2195808 0.9126804 -0.3446722 0.2195822 0.9126774 -0.3446792 0.1607378 0.6922708 -0.7035087 -0.1791955 0.692268 -0.6990379 -0.1792088 0.6922851 -0.6990177 0.1936584 0.8176889 -0.5421083 -0.4767168 0.5672058 -0.6715793 -0.4767172 0.5671994 -0.6715845 -0.5522473 0.661387 -0.5075336 -0.5522447 0.6613915 -0.5075305 -0.6064862 0.7302171 -0.3145752 -0.6337674 0.7666643 -0.1027855 -0.6064783 0.7302202 -0.3145834 -0.2383127 0.9643127 -0.1153607 -0.2383168 0.9643139 -0.1153423 0.2352018 0.9643108 -0.1215931 0.5387055 0.6613851 -0.5218873 0.5979917 0.7302171 -0.3304376 0.5979954 0.7302151 -0.3304352 0.6308441 0.7666625 -0.1194335 0.6308432 0.7666659 -0.1194167 0.2352008 0.964311 -0.1215935 -0.1455487 0.5486025 -0.8233171 0.1607272 0.6922872 -0.703495 0.1238239 0.5485949 -0.8268684 0.1238315 0.5485811 -0.8268765 0.5386854 0.6613864 -0.5219064 0.4588774 0.5671976 -0.6838996 -0.1455537 0.5485973 -0.8233195 -0.3859797 0.4550897 -0.802442 -0.3859663 0.4550945 -0.8024457 -0.6781086 0.3624686 -0.6393632 -0.555909 0.2953574 -0.7770002 -0.5559229 0.2953493 -0.7769933 -0.6781126 0.362448 -0.6393706 -0.7754344 0.4163036 -0.4747554 -0.7754223 0.4163253 -0.4747564 -0.8427574 0.4540646 -0.2891114 -0.6337641 0.766669 -0.1027706 0.013161 -1.84574e-6 0.9999134 0.01317036 0 0.9999133 -0.8760568 0.4735087 -0.09118109 -0.8427579 0.4540808 -0.2890846 0.01316857 0 0.9999133 0.7626625 0.416297 -0.495018 0.8348496 0.4540752 -0.3111947 0.8348504 0.454076 -0.311191 0.8733559 0.4735065 -0.1141976 0.8733497 0.4735136 -0.1142165 0.01316523 5.72824e-7 0.9999134 0.01316702 1.72344e-6 0.9999134 0.08507138 0.395481 -0.914526 -0.1091241 0.3954768 -0.9119705 0.3647027 0.4550784 -0.8123396 0.4588813 0.5672079 -0.6838883 0.3647071 0.455104 -0.8123233 0.2614881 0.3314905 -0.9064978 0.08508205 0.3954641 -0.9145323 0.6610324 0.3624714 -0.6570014 0.7626644 0.4163062 -0.495007 -0.2852666 0.3314617 -0.8993087 -0.2852658 0.3314703 -0.8993058 -0.1091219 0.3954674 -0.9119749 -0.4144818 0.21804 -0.8835516 -0.4144685 0.2180476 -0.8835559 -0.6411765 0.101688 -0.7606263 -0.6411733 0.1016961 -0.7606279 -0.7752982 0.1236227 -0.6193789 -0.4815663 0.07573765 -0.873131 -0.4815793 0.07572823 -0.8731247 -0.7753003 0.123606 -0.6193796 -0.8792173 0.1406849 -0.4551755 -0.9494594 0.1523956 -0.2744131 -0.8792251 0.140693 -0.4551581 -0.8760585 0.4735066 -0.09117633 0.01316702 4.0393e-6 0.9999134 0.01316821 2.90379e-6 0.9999133 0.01316815 4.14825e-7 0.9999134 0.01316517 -1.76264e-6 0.9999133 0.01317 -1.33649e-6 0.9999133 0.01316571 5.23881e-7 0.9999133 -0.9837347 0.1583246 -0.08484923 -0.9494526 0.1524124 -0.2744271 0.8669276 0.1406945 -0.4781649 0.9418993 0.152391 -0.2993374 0.9419 0.1524013 -0.2993298 0.9811647 0.1583104 -0.1106964 0.9811608 0.1583303 -0.1107025 -0.06216794 0.2007827 -0.9776612 0.03641271 0.2007907 -0.9789573 0.6610432 0.3624658 -0.6569935 0.5352505 0.2953387 -0.7913799 0.5352602 0.2953525 -0.7913681 0.3910786 0.2180311 -0.8941588 0.2614847 0.3314593 -0.9065101 0.1320599 0.1756944 -0.9755469 0.02806478 0.2056921 -0.9782143 0.7587302 0.123603 -0.6395709 0.8669328 0.1407201 -0.4781481 -0.1347752 0.1825357 -0.9739181 -0.1621444 0.1810674 -0.9700123 -0.05379933 0.2057015 -0.977135 -0.2216361 0.1396009 -0.965085 -0.250113 0.1285175 -0.9596493 -0.2930632 0.05579096 -0.954464 -0.3025348 0.04673194 -0.951992 -0.4826228 -0.03759348 -0.8750212 -0.6436868 -0.05054509 -0.7636181 -0.6436907 -0.05057537 -0.7636128 -0.7798125 -0.06156641 -0.6229785 -0.7798123 -0.06155711 -0.6229796 -0.4826264 -0.03757125 -0.8750202 -0.3027839 -0.02315872 -0.9527779 -0.8858722 -0.0701493 -0.4585952 -0.8858574 -0.07021015 -0.4586144 -0.9578847 -0.07617354 -0.2768653 -0.9578901 -0.07614368 -0.2768552 -0.9837356 0.1583228 -0.08484292 0.9905748 -0.07914334 -0.1117945 0.9905789 -0.07914537 -0.1117569 -0.993179 -0.07911181 -0.08565592 0 1 1.53012e-6 0 1 1.13702e-5 0.9648378 -0.2374544 -0.1127098 0.9648464 -0.2374058 -0.1127383 0.9710214 -0.2386504 -0.01278996 0.9710295 -0.2386204 -0.01274013 -0.9931744 -0.07914501 -0.08567923 -0.9674694 -0.2374503 -0.087296 -0.9710342 -0.2385944 0.01285737 -0.9710235 -0.2386413 0.01279467 0.8734754 -0.07020521 -0.4817801 0.8734862 -0.07020962 -0.4817599 0.9502633 -0.07614266 -0.3019968 0.9502687 -0.07612156 -0.3019851 -0.01316738 -6.3374e-6 -0.9999134 -0.01316678 -5.624e-6 -0.9999133 0.7587313 0.1236018 -0.6395698 0.6209203 0.1017075 -0.7772476 0.6209205 0.1017021 -0.7772482 0.4584295 0.07574975 -0.8854967 0.3910723 0.2180176 -0.8941649 0.2173013 0.1245068 -0.9681314 0.1170203 0.1943299 -0.9739313 -0.01316803 -3.01343e-6 -0.9999134 0.7631441 -0.06153702 -0.6432918 0.7631371 -0.06155627 -0.6432984 -0.0131458 -3.8893e-6 -0.9999136 -0.01317262 -1.17659e-5 -0.9999133 -0.01316648 -3.86341e-6 -0.9999134 -0.3003355 -0.0283147 -0.9534133 -0.01317048 -5.14474e-6 -0.9999133 -0.4658693 -0.1116172 -0.8777856 -0.6225968 -0.1504984 -0.7679346 -0.6226021 -0.1504868 -0.7679327 -0.7560213 -0.1837339 -0.6282308 -0.7560141 -0.1837608 -0.6282315 -0.8607322 -0.2099894 -0.463729 -0.8607311 -0.2099826 -0.4637342 -0.465861 -0.1116007 -0.877792 -0.2890796 -0.06795686 -0.9548901 -0.9322913 -0.22817 -0.2806624 -0.9322939 -0.2281646 -0.2806581 -0.9674729 -0.2374364 -0.08729398 0.9245744 -0.2281866 -0.305112 -0.9905745 -0.07917326 0.1117761 -0.9648399 -0.2374404 0.1127214 -0.9648452 -0.2374235 0.1127116 -0.01316738 1.48631e-6 -0.9999133 -0.01316612 1.04434e-6 -0.9999134 0.9674786 -0.2374286 0.08725237 0.9931788 -0.07914686 0.08562546 0.9931788 -0.079113 0.08565723 -0.01316243 -1.52989e-6 -0.9999134 0.8733624 -0.4734958 -0.114192 0.8793519 -0.4760311 -0.01160097 0.8733464 -0.4735221 -0.1142056 0.8348443 -0.4540804 -0.311201 0.9245767 -0.2281476 -0.3051341 0.8760607 -0.4735026 0.09117525 0.9674659 -0.2374681 0.08728539 0.8793585 -0.4760196 -0.01157605 -0.8760514 -0.4735177 -0.09118783 -0.8760646 -0.4734982 -0.09116178 -0.8793574 -0.4760211 0.01160097 -0.8793468 -0.4760414 0.01157659 -0.8733461 -0.4735261 0.1141911 -0.8733569 -0.4735025 0.1142067 0.8482254 -0.210007 -0.4862208 0.7392125 -0.1837324 -0.6479255 0.8482155 -0.2100078 -0.4862379 -0.01318877 -1.42642e-5 -0.9999131 -0.01317566 1.18802e-5 -0.9999133 -0.01317423 1.22207e-5 -0.9999133 -0.01314979 3.94653e-6 -0.9999136 -0.01317375 6.32395e-6 -0.9999133 -0.0131635 5.72387e-6 -0.9999134 -0.01315087 3.0593e-6 -0.9999136 -0.01316106 1.57266e-5 -0.9999134 -0.01317358 5.03084e-6 -0.9999132 -0.01315891 5.07312e-6 -0.9999135 -0.01314735 -1.55678e-5 -0.9999136 0.6233679 -0.05054628 -0.7802932 0.6233576 -0.05059784 -0.7802982 0.4584122 0.07575088 -0.8855056 0.4594054 -0.03759115 -0.887431 0.2734169 0.04609394 -0.9607907 0.211674 0.1499059 -0.9657756 0.602165 -0.1504848 -0.784061 0.7392265 -0.183726 -0.6479113 -0.2786585 -0.08071732 -0.9569923 -0.555907 -0.2953683 -0.7769975 -0.4144769 -0.2180467 -0.8835523 -0.4144697 -0.218042 -0.8835569 -0.6781054 -0.3624617 -0.6393705 -0.5559162 -0.2953361 -0.7770031 -0.6781126 -0.362448 -0.6393706 -0.7754228 -0.4163183 -0.4747616 -0.7754383 -0.416315 -0.4747393 -0.842761 -0.4540666 -0.2890977 -0.2370337 -0.1498858 -0.9598695 -0.242715 -0.1245145 -0.9620736 -0.8427527 -0.454078 -0.2891039 -0.9811624 0.1583126 0.1107137 -0.990579 -0.0791158 0.1117769 -0.01316529 -7.96363e-7 -0.9999134 -0.9502695 -0.07614755 0.3019758 -0.9245787 -0.2281669 0.3051135 -0.9245746 -0.2281675 0.3051255 -0.8348415 -0.4540882 0.3111974 -0.01316279 0 -0.9999135 -0.01316738 -1.59538e-6 -0.9999134 -0.01316767 2.91264e-6 -0.9999134 -0.01317113 -2.92749e-6 -0.9999133 -0.01316595 -2.91264e-6 -0.9999134 -0.0131632 -2.80785e-6 -0.9999134 -0.01316154 0 -0.9999134 0.9322861 -0.2281964 0.2806585 0.9322836 -0.2281645 0.2806926 0.9578836 -0.07614225 0.2768783 0.9578876 -0.07612156 0.2768699 0.9837358 0.1583207 0.08484351 0.9494507 0.1524206 0.274429 0.9837342 0.1583257 0.08485382 0.6362484 -0.771439 -0.008377432 0.6308425 -0.7666651 -0.1194252 0.6308448 -0.7666634 -0.1194248 0.597989 -0.7302166 -0.3304435 0.8348525 -0.4540646 -0.3112023 0.7626668 -0.4163061 -0.4950038 0.6362514 -0.7714366 -0.00836414 0.6337627 -0.7666692 0.1027771 0.8760542 -0.4735148 0.09117519 0.8427619 -0.4540693 0.2890906 0.8427581 -0.4540745 0.289094 -0.6337585 -0.7666707 -0.1027929 -0.6064816 -0.7302116 -0.3145969 -0.6064938 -0.7302151 -0.3145649 -0.6337687 -0.766664 -0.1027787 -0.6362553 -0.7714332 0.008377552 -0.6362385 -0.7714469 0.008392274 -0.6308386 -0.7666702 0.1194136 -0.6308504 -0.7666575 0.1194332 -0.8348465 -0.4540752 0.3112029 -0.5980041 -0.7302077 0.3304359 0.6610426 -0.3624787 -0.656987 0.762661 -0.4163026 -0.4950156 0.2595702 -0.08256107 -0.9621887 0.2765741 -0.02307802 -0.9607155 0.2775645 -0.02859455 -0.9602814 0.2611767 -0.06726771 -0.9629443 0.1961506 -0.1395729 -0.9705897 0.2247447 -0.1285354 -0.9659029 -0.1426419 -0.194326 -0.9705106 -0.1577122 -0.175679 -0.9717324 -0.05379313 -0.205704 -0.9771347 0.02705222 -0.2008873 -0.9792408 -0.06216257 -0.2007799 -0.9776622 0.03702747 -0.2032119 -0.9784344 0.1090962 -0.1825557 -0.977124 0.1365305 -0.1810673 -0.9739477 0.277196 0.05764228 -0.9590828 0.4425873 -0.1116661 -0.8897457 0.6021329 -0.1505303 -0.784077 0.4594266 -0.03755789 -0.8874213 0.5352576 -0.2953384 -0.7913751 0.6610437 -0.3624467 -0.6570036 -0.3859768 -0.4551011 -0.8024369 -0.2852735 -0.3314697 -0.8993036 -0.285269 -0.331474 -0.8993035 -0.3859675 -0.4550901 -0.8024477 -0.4767078 -0.5672031 -0.671588 -0.4767148 -0.5672051 -0.6715812 -0.5522522 -0.6613928 -0.5075205 -0.5522502 -0.6613886 -0.5075283 -0.8733538 0.473511 0.1141954 -0.9811601 0.1583362 0.1107003 -0.9419002 0.1523939 0.2993327 -0.9418984 0.1523923 0.2993394 -0.950263 -0.07614207 0.301998 -0.8734788 -0.07020533 0.481774 -0.8482234 -0.2099816 0.4862356 -0.8482143 -0.2100164 0.4862365 -0.7626637 -0.4163028 0.4950113 0.2383207 0.9643136 0.1153378 -0.2352008 0.9643133 0.1215747 -0.2352039 0.9643097 0.1215982 0.6337498 0.7666812 0.1027686 0.2383221 0.9643083 0.1153787 0.8760604 0.4735022 0.09118068 0.6337718 0.7666621 0.1027739 0.8760524 0.4735168 0.09118169 -0.6308457 0.7666634 0.1194196 -0.8733506 0.4735152 0.1142027 -0.6308335 0.7666735 0.1194189 0.7754323 -0.4163132 0.4747505 0.7754358 -0.41631 0.474748 0.8607333 -0.2099905 0.4637263 0.8607398 -0.2099858 0.4637165 0.8858562 -0.07021051 0.4586167 0.885865 -0.0701493 0.4586092 0.9494625 0.1523846 0.2744084 0.8792197 0.1407014 0.4551659 0.8427566 0.4540805 0.2890888 0.2351992 -0.9643108 -0.1215973 0.2384348 -0.9711534 -0.003162622 0.2351986 -0.9643144 -0.1215713 0.2195821 -0.9126752 -0.3446853 0.5979952 -0.7302117 -0.3304432 0.5386943 -0.6613968 -0.521884 0.2383229 -0.964311 0.1153545 0.6337582 -0.7666736 0.1027721 0.2384454 -0.971151 -0.003121435 0.6064907 -0.7302103 0.3145823 0.6064757 -0.7302212 0.3145858 0.5522527 -0.6613909 0.5075226 0.5522471 -0.6613836 0.5075381 -0.2383152 -0.9643146 -0.1153397 -0.2285817 -0.9126821 -0.3387651 -0.2285786 -0.9126754 -0.3387852 -0.2078615 -0.8176805 -0.5368353 -0.2078613 -0.8176845 -0.5368295 -0.2383227 -0.96431 -0.1153625 -0.2384381 -0.9711526 0.003163278 -0.2384419 -0.9711518 0.003121376 -0.2352055 -0.9643095 0.1215971 -0.2352016 -0.9643145 0.1215646 -0.5979837 -0.7302147 0.3304573 -0.2195797 -0.9126735 0.344691 -0.7626588 -0.4163147 0.4950087 -0.5386968 -0.6613927 0.5218865 0.538694 -0.6613725 -0.521915 0.4588732 -0.5672111 -0.6838911 0.4426143 -0.1116295 -0.8897368 0.391061 -0.2180335 -0.894166 0.3910795 -0.2180283 -0.8941592 0.2614911 -0.3314674 -0.9065053 0.2614881 -0.3314905 -0.9064978 -0.1091119 -0.3954763 -0.9119722 -0.1091217 -0.3954657 -0.9119756 0.08507359 -0.3954827 -0.914525 0.08508419 -0.3954567 -0.9145354 0.5352581 -0.2953483 -0.7913712 0.3647111 -0.4550927 -0.8123278 0.4588786 -0.5671968 -0.6838994 -0.1455558 -0.5485962 -0.82332 -0.145559 -0.5485961 -0.8233194 -0.179207 -0.6922927 -0.6990106 -0.1792054 -0.6922721 -0.6990313 -0.8348448 0.454081 0.3111986 -0.8348475 0.4540802 0.3111929 -0.7626588 0.4163064 0.4950157 -0.7626641 0.416301 0.4950122 -0.8669294 0.1406933 0.478162 -0.8669286 0.1407231 0.4781547 -0.873481 -0.07020986 0.4817693 -0.7631497 -0.0615676 0.6432824 -0.739221 -0.1837462 0.6479118 -0.7392126 -0.1837499 0.6479203 -0.6610396 -0.3624601 0.6570003 -0.2195816 0.9126805 0.3446715 0.2285867 0.9126781 0.3387724 0.2285845 0.9126771 0.3387768 -0.2195855 0.9126738 0.3446867 -0.5979894 0.7302097 0.3304581 0.6064854 0.7302191 0.314572 0.60648 0.7302098 0.3146041 0.8427655 0.4540636 0.2890892 -0.5980018 0.7302135 0.3304271 0.4767195 -0.5671965 0.6715853 0.4767045 -0.5672115 0.6715833 0.6781011 -0.3624615 0.6393752 0.6781038 -0.3624653 0.6393701 0.756025 -0.1836956 0.6282374 0.7560086 -0.1837409 0.628244 0.7798065 -0.06159269 0.6229833 0.7798154 -0.06153643 0.6229777 0.7753122 0.1236062 0.6193647 0.8792235 0.1406731 0.455167 0.7754367 0.4163087 0.4747474 0.2195828 -0.9126799 -0.344672 0.1936507 -0.8176779 -0.5421277 0.2383203 -0.9643127 0.1153446 0.2285822 -0.9126759 0.3387817 0.2285848 -0.9126797 0.3387696 0.2078636 -0.8176833 0.5368303 0.2078573 -0.8176888 0.5368245 0.1792008 -0.692283 0.6990217 0.1792111 -0.6922755 0.6990265 0.1936559 -0.8176795 -0.5421234 0.1607459 -0.6922796 -0.7034982 0.1607313 -0.6922894 -0.7034919 -0.2195882 -0.912678 0.3446738 -0.5387092 -0.6613759 0.5218949 -0.1936534 -0.817687 0.5421129 -0.6610304 -0.36246 0.6570096 -0.4588686 -0.5671999 0.6839035 0.3646875 -0.4550779 -0.8123467 0.1238241 -0.5486024 -0.8268634 0.1238367 -0.5485748 -0.8268799 -0.5387021 0.6613906 0.5218837 -0.5386974 0.6613844 0.5218966 -0.4588776 0.5671918 0.6839041 -0.4588755 0.5672049 0.6838946 -0.6610333 0.362453 0.6570105 -0.6610364 0.3624731 0.6569963 -0.7587322 0.1236169 0.6395659 -0.7587191 0.1235916 0.6395862 -0.7631334 -0.06153744 0.6433045 -0.6233697 -0.05052715 0.7802932 -0.6021553 -0.150507 0.7840643 -0.602174 -0.1504993 0.7840513 -0.5352588 -0.2953579 0.7913671 -0.1936537 0.8176859 0.5421145 -0.1936563 0.8176836 0.5421169 0.2078698 0.8176928 0.5368135 0.2078647 0.8176842 0.5368285 0.5522369 0.6613976 0.5075311 0.5522682 0.6613914 0.5075049 0.7754212 0.4163187 0.4747639 0.1455613 -0.5486063 0.8233123 0.1455586 -0.5485934 0.8233214 0.3859661 -0.4550961 0.8024448 0.385957 -0.4550992 0.8024474 0.5559083 -0.295332 0.7770103 0.5559078 -0.2953386 0.7770083 0.6225793 -0.1504585 0.7679567 0.6225925 -0.1505203 0.7679339 0.6436908 -0.05055111 0.7636144 0.6436759 -0.05059975 0.7636236 0.7752977 0.1235834 0.6193874 0.6411657 0.1017045 0.7606331 0.6781033 0.3624659 0.6393705 -0.1936554 -0.8176726 0.542134 -0.1607286 -0.6922829 0.7034989 -0.1607404 -0.692295 0.7034844 -0.123827 -0.5485892 0.8268717 -0.1238259 -0.5485836 0.8268755 -0.4588861 -0.5671954 0.6838954 -0.5352662 -0.2953497 0.7913652 -0.3647098 -0.4550991 0.8123249 -0.1607319 0.6922867 0.7034944 -0.1607252 0.6922757 0.7035068 -0.1238223 0.5485918 0.8268706 -0.1238219 0.5485928 0.8268701 -0.3647115 0.4550753 0.8123375 -0.3647072 0.4551037 0.8123235 -0.5352624 0.2953492 0.791368 -0.5352627 0.2953545 0.7913658 -0.6209298 0.1017001 0.7772408 -0.6209289 0.1016614 0.7772467 -0.6233534 -0.05050426 0.7803077 -0.4594207 -0.03759366 0.887423 -0.4425781 -0.1116311 0.8897545 -0.442578 -0.1116402 0.8897535 -0.3910591 -0.2180355 0.8941662 0.1791979 0.6922687 0.6990367 0.1792098 0.6922704 0.6990318 0.476714 0.5671899 0.6715947 0.476706 0.5671991 0.6715925 0.6780914 0.3624793 0.6393754 -0.08506792 -0.3954615 0.9145347 -0.08507359 -0.3954792 0.9145265 0.1091198 -0.3954722 0.9119729 0.1091114 -0.3954659 0.9119767 0.2852721 -0.3314783 0.8993009 0.2852697 -0.3314567 0.8993095 0.4144771 -0.2180305 0.8835561 0.4144779 -0.2180359 0.8835545 0.4658893 -0.1116598 0.8777695 0.4658828 -0.1116116 0.8777792 0.482658 -0.03760755 0.8750013 0.4826238 -0.03757095 0.8750215 0.6411657 0.1016899 0.7606351 0.4815916 0.07573658 0.8731171 0.5559031 0.2953484 0.7770078 -0.3647039 -0.4550744 0.8123413 -0.2615005 -0.3314788 0.9064984 -0.2614752 -0.3314653 0.9065107 -0.3910785 -0.2180466 0.8941551 0.1455646 0.5485991 0.8233165 0.1455466 0.5485973 0.8233209 -0.08506393 0.3954709 0.9145311 -0.08506941 0.3954721 0.9145299 0.1091229 0.3954721 0.9119726 0.1091086 0.3954758 0.9119728 -0.261489 0.3314719 0.9065043 -0.2614836 0.3314703 0.9065064 -0.3910676 0.2180402 0.8941614 -0.3910601 0.2180364 0.8941658 -0.4584195 0.07573032 0.8855035 -0.4584254 0.07574045 0.8854996 -0.4594206 -0.03753781 0.8874254 -0.2775947 -0.0231589 0.9604191 -0.2667157 -0.0686661 0.9613261 -0.2667276 -0.06866103 0.9613231 -0.2341748 -0.1335963 0.9629716 0.3859673 0.4550895 0.802448 0.3859663 0.4551027 0.8024411 0.5559173 0.2953494 0.7769972 -0.1531652 -0.2011194 0.9675182 -0.1531382 -0.201135 0.9675193 -0.04572033 -0.2382271 0.9701327 -0.04574167 -0.2382761 0.9701197 0.07125174 -0.2382273 0.9685922 0.07127016 -0.2382346 0.9685891 0.1785796 -0.2011255 0.96315 0.178604 -0.2011265 0.9631453 0.2594352 -0.1336067 0.9564741 0.2594579 -0.1336207 0.956466 0.2919262 -0.06863039 0.9539754 0.3027725 -0.02313452 0.952782 0.3027839 -0.02315872 0.9527779 0.2919638 -0.06871026 0.9539581 0.4815725 0.07574295 0.8731271 0.3025281 0.04671794 0.9519948 0.4144821 0.2180274 0.8835545 -0.2341861 -0.1335993 0.9629684 0.2852746 0.331474 0.8993016 0.2852666 0.3314615 0.8993088 -0.04571592 0.2382269 0.970133 -0.1531607 0.201128 0.9675172 -0.04575389 0.2382741 0.9701197 0.07123923 0.2382262 0.9685935 0.07126736 0.2382327 0.9685899 0.1785942 0.2011188 0.9631487 0.1785887 0.2011287 0.9631476 -0.1531594 0.2011229 0.9675183 -0.2341725 0.1336037 0.9629712 -0.2341708 0.1335783 0.9629751 -0.2773625 0.04672777 0.9596284 -0.2773626 0.04674553 0.9596275 -0.277575 -0.02316617 0.9604246 -0.08491259 -0.007818281 0.9963577 -0.08112734 -0.02316772 0.9964345 -0.07000023 -0.04500257 0.9965314 0.4144731 0.218051 0.883553 -0.04246652 -0.06737148 0.9968238 -0.006378233 -0.07951414 0.9968134 0.03264808 -0.07951116 0.9962992 0.06870627 -0.0673781 0.9953591 0.09620088 -0.04500049 0.9943442 0.1073428 -0.02317291 0.993952 0.1110978 0.01579159 0.9936841 0.1111124 -0.00780785 0.9937772 0.3025386 0.04673367 0.9519907 0.259439 0.1336042 0.9564735 0.2594195 0.1336187 0.9564767 -0.04248178 0.06736856 0.9968234 -0.006378233 0.07951003 0.9968137 0.03264832 0.07951182 0.9962992 0.06872099 0.06737571 0.9953583 0.09620743 0.04500353 0.9943435 -0.0700038 0.0450049 0.996531 -0.08488237 0.01579183 0.9962659 0.1555979 -0.2069643 -0.965896 0.1555992 -0.2069607 -0.9658966 -0.02468216 -0.1973043 -0.9800316 -0.02468252 -0.1972966 -0.9800331 0.1313789 -0.5605687 -0.8176199 -0.04927581 -0.5563969 -0.8294543 0.002726018 0.1919102 -0.9814088 0.002723813 0.1919028 -0.9814102 0.182585 0.1763073 -0.9672532 0.9975182 -0.0702573 -0.004626452 0.9975178 -0.07026326 -0.00462675 0.1825902 0.1763119 -0.9672513 0.1313819 -0.560586 -0.8176076 0.9975172 -0.07027196 -0.004623293 -0.4100638 -0.1540669 -0.89895 -0.4100623 -0.1540445 -0.8989546 -0.3848685 0.2036632 -0.9002209 -0.4326659 -0.4841076 -0.7605525 -0.4326815 -0.4840865 -0.7605571 -0.04927575 -0.5564033 -0.82945 0.113622 -0.8307163 -0.5449777 0.1136213 -0.8307167 -0.5449771 -0.06731367 -0.8307359 -0.552582 0.02877181 0.5519615 -0.8333732 -0.3609548 0.5345909 -0.7641494 -0.3848781 0.2036651 -0.9002164 0.2082332 0.5308623 -0.8214769 0.02877211 0.5519659 -0.8333702 0.9975185 -0.07025426 -0.004628062 0.9975178 -0.07026302 -0.00463283 0.9975183 -0.07025796 -0.00462234 0.9975162 -0.07028591 -0.004626333 0.9975187 -0.07025128 -0.004631519 0.9975191 -0.07024353 -0.004631996 0.9975172 -0.07027173 -0.004631817 0.9975187 -0.07025051 -0.00463289 0.9975172 -0.07027244 -0.004627704 0.9975187 -0.07025104 -0.004627645 0.9975191 -0.07024407 -0.004632055 0.9975191 -0.07024431 -0.004631161 0.9975178 -0.07026338 -0.004622399 0.2082338 0.5308611 -0.8214775 -0.9975196 0.07023692 0.004632055 -0.9975177 0.0702663 0.00462377 -0.9975165 0.0702812 0.004632174 -0.06731367 -0.8307312 -0.5525891 -0.4492537 -0.7362436 -0.5060797 -0.4492502 -0.7362454 -0.50608 -0.9975181 0.07025945 0.004631161 0.1050217 -0.976247 -0.189506 0.1050198 -0.9762451 -0.1895169 -0.07604718 -0.9785237 -0.1915939 0.04949319 0.8280524 -0.558462 -0.3609319 0.5345943 -0.7641578 -0.3418982 0.7883483 -0.5114808 -0.9975187 0.07025164 0.004623293 0.2286362 0.8027381 -0.5507604 0.2286416 0.8027336 -0.5507647 0.04949384 0.8280553 -0.5584577 0.2406955 0.9505384 -0.1963221 0.2425673 0.9517644 0.1878982 0.2425613 0.9517669 0.1878935 0.2406914 0.9505389 -0.1963253 0.2339637 0.8062299 0.5433731 0.2162023 0.5361028 0.8159967 0.2339656 0.8062356 0.543364 0.1919813 0.1824754 0.9642853 0.1919779 0.1824781 0.9642854 0.2161995 0.5360922 0.8160043 0.1649965 -0.2007943 0.9656385 0.1393488 -0.5553422 0.819864 0.1649929 -0.2007817 0.9656419 0.1189428 -0.8272272 0.5491338 0.118939 -0.827219 0.5491468 0.1393429 -0.5553464 0.8198621 0.1068899 -0.9750208 0.1947023 0.1068896 -0.9750196 0.1947086 -0.9975184 0.07025396 0.004627406 -0.997518 0.07025998 0.004622936 -0.9975165 0.07028144 0.004628896 -0.9975187 0.07025086 0.004627048 -0.9975196 0.07023692 0.004626989 -0.9975166 0.07028043 0.004618227 -0.9975186 0.07025212 0.004630267 -0.9975176 0.07026648 0.004626452 -0.997518 0.07025891 0.004639446 -0.9975186 0.0702508 0.004629254 -0.07604885 -0.9785242 -0.1915906 -0.4572825 -0.872075 -0.1742927 -0.4572756 -0.8720766 -0.174303 -0.0741499 -0.9772769 0.1985742 0.06173622 0.9781542 -0.1985024 -0.3418923 0.7883508 -0.511481 -0.3306398 0.9263077 -0.1806418 0.06173455 0.9781508 -0.1985196 0.06363344 0.9793969 0.191657 0.05489879 0.8316026 0.5526513 0.05489891 0.8316079 0.5526431 0.06363242 0.9793998 0.1916435 0.03686124 0.5572724 0.8295111 0.03686183 0.557282 0.8295047 0.01226788 0.1981812 0.9800887 -0.01513886 -0.1910344 0.9814667 -0.01513832 -0.191025 0.9814684 0.01226758 0.1981721 0.9800905 -0.04118645 -0.5510928 0.833427 -0.04118621 -0.5510954 0.8334252 -0.06190764 -0.8271829 0.5585124 -0.0741499 -0.9772792 0.1985628 -0.06190788 -0.8271797 0.558517 -0.4555381 -0.8709284 0.1843066 -0.4442861 -0.7329777 0.5151249 -0.4555339 -0.8709284 0.1843172 -0.4252293 -0.4792252 0.7678043 -0.4442759 -0.7329872 0.5151201 -0.4013084 -0.1482947 0.9038587 -0.425255 -0.4792266 0.7677892 -0.3761156 0.2094258 0.9025951 -0.4013044 -0.1482838 0.9038621 -0.3535071 0.5394753 0.7641985 -0.3761135 0.2094204 0.9025973 -0.3369306 0.7916114 0.5097346 -0.35351 0.5394872 0.7641887 -0.3288961 0.9274522 0.1779329 -0.3369243 0.7916118 0.5097381 -0.3306361 0.9263044 -0.1806654 -0.3288958 0.9274491 0.1779491 -0.08805537 0.5741867 0.8139753 -0.08804953 0.5741841 0.8139778 0.04091948 0.2437855 0.9689657 -0.1769087 0.5351921 0.8259981 -0.1769102 0.5351852 0.8260022 -0.0397638 0.2024695 0.9784809 0.04092049 0.2437798 0.968967 0.4011175 0.40432 0.8219673 0.4011149 0.4043233 0.8219669 0.2570215 0.6708868 0.695594 0.2570449 0.6708746 0.6955971 -0.1857731 0.8219161 0.5384628 0.1462832 0.8742576 0.4628984 -0.1857767 0.82192 0.5384558 -0.2816499 0.7870757 0.5488033 -0.2816468 0.7870969 0.5487748 0.1817727 -0.1200232 0.9759883 0.1088004 -0.1602856 0.981056 -0.03976804 0.2024648 0.9784818 -0.383269 0.7394397 0.5534743 -0.3832688 0.739434 0.5534821 -0.2474148 0.4999785 0.8299442 -0.2474128 0.4999662 0.8299524 -0.07067549 0.1861411 0.9799779 0.1817669 -0.1200214 0.9759896 0.5566012 0.115148 0.8227613 0.556595 0.1151798 0.8227611 0.6422589 0.4824947 0.595569 0.6422304 0.4825373 0.5955651 0.7552996 0.2722227 0.5961689 0.5374824 0.676321 0.503689 0.5374897 0.676321 0.5036813 0.1462567 0.8742528 0.4629158 0.4569604 0.8241949 0.3344997 0.4569478 0.8242086 0.3344832 -0.2387059 0.9531527 0.1857947 0.0856921 0.9835078 0.1592782 -0.238705 0.9531478 0.1858207 -0.3386849 0.9214842 0.1901566 -0.3386902 0.9214777 0.1901782 -0.4575474 0.8680586 0.192678 -0.4575394 0.8680649 0.1926685 0.3224923 -0.379718 0.8670715 0.3122106 -0.4597558 0.8313537 0.1105388 -0.1172177 0.9869353 0.3131984 -0.3854998 0.8679267 -0.0640341 0.1132597 0.9914999 0.1194992 -0.109587 0.9867678 -0.4901431 0.8500562 0.1927806 -0.4901414 0.8500561 0.1927855 -0.4173133 0.7207787 0.5534688 -0.4173049 0.7207779 0.553476 -0.2840964 0.480077 0.829949 -0.273219 0.2989898 0.9143067 -0.09888929 0.08821642 0.9911805 0.6997979 -0.1525332 0.6978657 0.6997898 -0.1525832 0.6978629 0.8594286 0.07757723 0.5053359 0.7553141 0.2722315 0.5961466 0.8807402 0.47357 -0.005303323 0.8807344 0.4735809 -0.005303382 0.8807451 0.4735611 -0.005303382 0.8807383 0.4735739 -0.005305707 0.0857045 0.9835036 0.1592964 0.4128959 0.9036527 0.1137053 0.4129033 0.9036494 0.1137051 0.8807416 0.4735677 -0.005286812 -0.240038 0.9513934 -0.1929571 0.08455109 0.98198 -0.1690161 -0.2400401 0.9513958 -0.1929426 -0.3400526 0.9196864 -0.1963192 -0.3400505 0.9196876 -0.1963176 -0.4589117 0.8662546 -0.1974924 -0.4589256 0.8662488 -0.1974849 -0.4915249 0.8482416 -0.1972044 -0.4915132 0.8482475 -0.1972087 0.484084 -0.6473735 0.5887023 0.09398984 -0.9955537 0.006241142 0.08677732 -0.9958817 0.02625715 0.5394419 -0.6387903 0.5485886 0.8089061 -0.3581175 0.4662861 0.8089169 -0.3580985 0.466282 0.09696555 -0.9951876 0.01412367 0.09325724 -0.9955399 0.01426583 -0.5926564 0.7816497 -0.1943772 -0.592654 0.7816451 -0.1944023 -0.5912998 0.7834318 0.1913093 -0.5912952 0.783432 0.1913231 -0.5059751 0.6650394 0.549283 -0.5112806 0.5808308 0.6334254 -0.300921 0.274067 0.9134189 0.1080856 -0.9937161 0.02908223 0.9387834 -0.07186281 0.3369297 0.8594272 0.0775758 0.5053386 0.8807438 0.4735634 -0.005301177 0.8807415 0.4735677 -0.005306839 0.8807398 0.473571 -0.005305647 0.8807478 0.4735561 -0.005298852 0.8807364 0.4735772 -0.005307912 0.880745 0.4735613 -0.005298852 0.8807383 0.4735735 -0.005314767 0.880743 0.4735648 -0.005310237 0.8807435 0.4735641 -0.005305647 0.8807377 0.4735748 -0.005298256 0.8807384 0.4735732 -0.005305588 0.08454972 0.9819816 -0.1690076 0.4120698 0.9025367 -0.1250047 0.4120393 0.902551 -0.1250014 -0.1895923 0.8168913 -0.5447416 0.1429764 0.8699162 -0.4720209 -0.1895946 0.8168876 -0.5447464 -0.2855353 0.7819659 -0.5540748 -0.2855396 0.7819681 -0.5540695 -0.3871911 0.7342892 -0.5575863 -0.3871858 0.7342864 -0.5575937 -0.4212307 0.7156277 -0.557173 -0.4212331 0.7156354 -0.5571614 -0.549686 0.6311619 -0.5472476 -0.4722762 0.6071134 -0.6390373 0.6057331 -0.7637267 0.2231795 0.09498935 -0.9954783 -2.01492e-4 0.1053521 -0.9944345 9.37224e-4 0.1044825 -0.9945047 0.006622314 0.114614 -0.9931355 -0.02336078 0.09834539 -0.9950634 -0.01330643 0.08560019 -0.9952614 -0.04612475 0.09502488 -0.9954094 0.01141691 0.1053775 -0.9944031 0.007632076 0.1093925 -0.993454 0.03290319 0.1044836 -0.9944405 -0.01308923 0.09823626 -0.9950724 -0.01343798 0.6638092 -0.7232708 0.1903594 0.8673453 -0.4701654 0.1632688 0.8673536 -0.4701479 0.1632751 0.9812631 -0.1533819 0.1166054 0.9387739 -0.07187622 0.3369531 -0.5066491 0.5834016 -0.6347829 -0.6231439 0.7451879 -0.2374589 -0.6037765 0.773218 -0.1938762 -0.6024177 0.7750025 0.1909555 -0.6214798 0.7473756 0.2349314 -0.501401 0.5882821 0.6344456 0.4545514 0.8210491 -0.3453425 0.4545503 0.8210616 -0.3453142 0.5339001 0.6716012 -0.5137146 0.5339065 0.6715925 -0.5137192 0.6380195 0.4769471 -0.6045269 0.638024 0.4769293 -0.6045361 0.7510758 0.2666869 -0.6039565 0.855848 0.07288986 -0.512066 0.7510856 0.2666776 -0.6039484 0.8558447 0.07282775 -0.5120802 0.9363843 -0.07501715 -0.3428658 0.936379 -0.07501357 -0.3428812 0.9804242 -0.1544629 -0.1221047 0.9804229 -0.1544837 -0.1220895 0.9812636 -0.1533753 0.1166101 0.1429668 0.8699195 -0.4720176 -0.09380871 0.5666071 -0.8186307 0.2520945 0.6643851 -0.7035914 -0.09381198 0.5666154 -0.8186247 -0.1827486 0.5275075 -0.829662 -0.1827432 0.527505 -0.8296648 -0.2532721 0.4922519 -0.8327913 -0.2532773 0.4922623 -0.8327836 -0.2185813 0.343177 -0.9134834 -0.382793 0.4169031 -0.8244158 -0.3030076 0.270011 -0.9139368 0.6537673 -0.7159677 -0.2449054 -0.1042682 0.0798372 -0.9913396 -0.04710435 0.1217853 -0.9914381 -0.1143619 0.157268 -0.9809119 0.110794 -0.1189754 -0.9866964 0.08932912 -0.1382337 -0.9863629 0.1268003 -0.1558055 -0.9796155 0.3095494 -0.3957633 -0.8646102 0.2851716 -0.4091299 -0.8667697 0.3449043 -0.4445935 -0.8266667 0.4893286 -0.573441 -0.6570562 0.4710932 -0.6882617 -0.5516948 0.6060819 -0.772171 -0.1908324 0.8661944 -0.4716808 -0.1649983 0.8661785 -0.4717025 -0.1650198 0.2520893 0.6643947 -0.7035841 0.3952802 0.3966672 -0.8284979 0.3952946 0.3966513 -0.8284988 0.5507765 0.107498 -0.8277013 0.5507755 0.1075052 -0.8277012 0.6948564 -0.1590391 -0.7013425 0.6948721 -0.1590504 -0.7013243 0.8056131 -0.3624386 -0.4686427 0.8056236 -0.3624336 -0.4686283 0.03407847 0.2347818 -0.9714506 0.03407883 0.2347826 -0.9714504 -0.04666864 0.1933791 -0.9800136 -0.04667824 0.1933765 -0.9800136 0.1748821 -0.1290791 -0.9760916 0.1748917 -0.1290786 -0.97609 0.3959856 -0.07729762 -0.9149975 0.3959717 -0.07735687 -0.9149985 0.5586909 -0.1098099 -0.8220744 0.5586938 0.1098294 -0.82207 0.558683 0.1098106 -0.8220797 0.3959965 0.0773105 -0.9149918 0.5586938 -0.1098294 -0.82207 0.4746325 -0.3128071 -0.8227246 0.3367928 -0.2202306 -0.9154611 0.3367834 -0.2202068 -0.9154703 0.007877767 1.73672e-5 -0.9999691 0.00786215 -1.71147e-5 -0.9999692 0.3959616 0.07734084 -0.9150043 0.007867634 1.70389e-5 -0.9999691 0.7057117 -0.1392773 -0.6946746 0.705695 0.1392885 -0.6946894 0.7057247 0.1392716 -0.6946626 0.5991086 0.396637 -0.69552 0.5990828 0.3966422 -0.6955393 0.4746306 0.3128094 -0.8227249 0.4746227 0.3128019 -0.8227321 0.3367838 0.2202158 -0.915468 0.705709 -0.1392858 -0.6946758 0.4746186 -0.3128048 -0.8227335 0.5991104 -0.396683 -0.6954922 0.3193179 -0.4681559 -0.8239333 0.2274366 -0.3295733 -0.9163264 0.227446 -0.3295651 -0.9163271 0.007845044 -7.9925e-6 -0.9999693 0.007899522 4.6719e-6 -0.9999689 0.007852852 3.41549e-6 -0.9999692 0.007873237 2.78798e-6 -0.999969 0.007868587 -7.15424e-6 -0.9999691 0.007879257 7.28164e-6 -0.999969 0.007868051 2.38458e-6 -0.9999691 0.007884383 7.05706e-6 -0.999969 0.007847726 -2.73251e-6 -0.9999693 0.00786513 -3.50408e-6 -0.9999691 0.007889211 -4.56704e-6 -0.9999689 0.007863163 7.84395e-6 -0.9999692 0.007861793 -1.71535e-5 -0.9999691 0.007844865 -1.13449e-5 -0.9999693 0.336805 0.2202148 -0.9154605 0.8246118 -0.1631729 -0.5416549 0.8246205 0.163189 -0.5416368 0.8246153 0.1631753 -0.541649 0.6997383 0.4646686 -0.5426319 0.6997443 0.4646802 -0.5426144 0.4021184 0.5936089 -0.6970863 0.4689862 0.6954616 -0.5444127 0.4021411 0.5936159 -0.6970672 0.3193119 0.468145 -0.823942 0.3192995 0.4681517 -0.8239429 0.2274366 0.3295733 -0.9163264 0.8246192 -0.1631817 -0.5416408 0.6997302 -0.4646788 -0.5426337 0.5990916 -0.3966163 -0.6955465 0.4021381 -0.593607 -0.6970766 0.3193027 -0.4681484 -0.8239435 0.1163462 -0.5522008 -0.8255531 0.08454173 -0.388743 -0.9174593 0.08454185 -0.3887614 -0.9174515 -0.07007765 -0.3887482 -0.9186752 -0.0701195 -0.3887609 -0.9186666 -0.2129962 -0.3295972 -0.9197818 -0.2130014 -0.3295655 -0.9197919 -0.3223077 -0.2202081 -0.9206662 -0.3223317 -0.2202203 -0.9206549 -0.3673825 -0.1136573 -0.9230992 -0.3674141 -0.1136447 -0.9230883 -0.3823959 -0.03839498 -0.9232006 -0.3823864 -0.03836429 -0.9232058 -0.3815426 0.07732278 -0.9211116 -0.381511 0.0773198 -0.9211248 -0.3223226 0.2202115 -0.9206601 -0.3223159 0.2202185 -0.9206608 -0.2130015 0.3295855 -0.9197846 -0.2129849 0.3295532 -0.9198001 -0.07010114 0.3887482 -0.9186733 -0.07008844 0.3887497 -0.9186737 0.08455306 0.3887413 -0.917459 0.0845285 0.3887299 -0.9174661 0.2274042 0.3295621 -0.9163385 0.9115973 -0.1807448 -0.3692175 0.9116017 0.1807464 -0.3692062 0.9115872 0.1807428 -0.3692437 0.773253 0.5147318 -0.370312 0.7732708 0.5147104 -0.3703047 0.5176646 0.7703321 -0.3723064 0.5176722 0.7703294 -0.3723012 0.4689773 0.695429 -0.544462 0.1674825 0.820329 -0.5468181 0.1674783 0.8203204 -0.5468322 0.1447802 0.700199 -0.6991138 0.1448009 0.7002353 -0.6990731 0.1163591 0.552204 -0.8255493 0.1163181 0.5522077 -0.8255524 0.9115951 -0.1807461 -0.3692225 0.7732546 -0.5147359 -0.370303 0.6997491 -0.4646748 -0.5426127 0.46897 -0.6954306 -0.5444661 0.4021257 -0.5936132 -0.6970784 0.1447843 -0.7001794 -0.6991326 0.1163496 -0.5522226 -0.825538 -0.1033267 -0.5521984 -0.8272851 -0.1033485 -0.5522246 -0.8272649 -0.3062804 -0.4681459 -0.8288738 -0.3062841 -0.4681432 -0.8288739 -0.4615911 -0.3128038 -0.8301129 -0.4616385 -0.3127904 -0.8300917 -0.526865 -0.1617825 -0.8344098 -0.5268891 -0.1618011 -0.8343909 -0.5481943 -0.05465072 -0.8345636 -0.5481783 -0.05465686 -0.8345738 -0.5457014 0.1098454 -0.830749 -0.5456955 0.1098283 -0.8307552 -0.461618 0.3128064 -0.830097 -0.4616186 0.3127884 -0.8301035 -0.306304 0.468147 -0.8288645 -0.1033313 0.5522223 -0.8272686 -0.3062875 0.4681354 -0.8288771 -0.1033266 0.5521986 -0.8272849 0.9641122 -0.1914967 -0.1838937 0.9641121 0.1914966 -0.1838937 0.8175778 0.5452786 -0.1850346 0.8175637 0.5452941 -0.1850518 0.9641158 0.1914948 -0.1838767 0.5467982 0.8160752 -0.1871716 0.5467624 0.8160833 -0.1872404 0.1929662 0.9626354 -0.1899924 0.1929913 0.9626337 -0.1899757 0.1837109 0.9086754 -0.3749123 0.1837012 0.9086585 -0.3749581 -0.177788 0.9086627 -0.3777877 -0.1777806 0.9086768 -0.3777574 -0.1588545 0.820316 -0.5494062 -0.1588399 0.8203367 -0.5493794 -0.1337494 0.7002163 -0.7012905 -0.133776 0.7002136 -0.7012881 0.9641145 -0.1915037 -0.1838743 0.8175666 -0.5452951 -0.1850355 0.7732645 -0.5146985 -0.3703344 0.5176616 -0.7703304 -0.372314 0.4689826 -0.6954395 -0.544444 0.1674866 -0.8203269 -0.5468199 0.1448019 -0.7002166 -0.6990917 -0.1337642 -0.7002022 -0.7013017 -0.1337677 -0.7002056 -0.7012977 -0.391108 -0.5936087 -0.7033231 -0.3911157 -0.5936039 -0.7033229 -0.5880765 -0.3966482 -0.7048661 -0.5880804 -0.3966381 -0.7048686 -0.6727188 -0.2057379 -0.7107189 -0.6727151 -0.205771 -0.7107129 -0.6998249 -0.06944811 -0.7109305 -0.6998142 -0.06950438 -0.7109355 -0.6946663 0.1392757 -0.7057203 -0.6946793 0.1392691 -0.7057088 -0.588068 0.3966368 -0.7048797 -0.5880792 0.3966326 -0.7048727 -0.3911139 0.5936112 -0.7033176 -0.391103 0.5936005 -0.7033328 0.9801615 -0.1949079 -0.03597813 0.9801606 0.194916 -0.03595912 0.9801604 0.1949143 -0.03597229 0.8310114 0.5550158 -0.03711587 0.5553954 0.8306653 -0.03913217 0.5553532 0.8306845 -0.03932178 0.8309962 0.5550337 -0.03718787 0.1952303 0.9798522 -0.04212909 0.1952449 0.9798504 -0.04210364 -0.1899585 0.9626386 -0.1929841 -0.1945553 0.9798572 -0.04503577 -0.19455 0.9798458 -0.04530459 -0.1899737 0.962626 -0.1930315 -0.5437612 0.8160783 -0.1958064 -0.5437641 0.8160821 -0.1957824 -0.5117326 0.7703245 -0.3804339 -0.5117466 0.7703393 -0.3803851 -0.4603583 0.6954279 -0.5517702 -0.460363 0.6954622 -0.5517231 0.8309983 -0.5550394 -0.03705859 0.8175801 -0.5452668 -0.1850601 0.9801614 -0.1949164 -0.03593409 0.5467696 -0.8160961 -0.187164 0.5176635 -0.7703152 -0.3723427 0.183697 -0.9086768 -0.3749159 0.1674791 -0.8203123 -0.5468441 -0.158863 -0.8203271 -0.5493872 -0.1588456 -0.8203207 -0.5494017 -0.4603562 -0.6954414 -0.5517551 -0.4603614 -0.6954326 -0.5517618 -0.6911106 -0.4646865 -0.5535636 -0.6911125 -0.4646712 -0.553574 -0.7924687 -0.2417308 -0.5599641 -0.7924578 -0.2417111 -0.5599879 -0.8243042 -0.08161097 -0.5602342 -0.824315 -0.08164536 -0.5602135 -0.81599 0.1631869 -0.5545541 -0.8159915 0.1631776 -0.5545549 -0.6911213 0.4646752 -0.5535597 -0.6911062 0.4646883 -0.5535678 0.007753133 -5.11874e-6 -0.99997 -0.007872104 -8.58534e-6 0.9999691 -0.007868587 6.30639e-6 0.9999691 -0.007873475 7.88049e-7 0.999969 -0.007873773 -3.51806e-6 0.9999691 -0.007877051 0 0.999969 -0.007862269 0 0.9999691 -0.5547115 0.8306679 -0.04781264 -0.554679 0.8306758 -0.04805046 -0.007867157 -3.51806e-6 0.9999691 -0.8145655 0.5452724 -0.1978917 -0.8145357 0.5453099 -0.1979108 -0.8303186 0.5550279 -0.0501523 -0.8303073 0.5550482 -0.05011457 -0.7673427 0.5147153 -0.3824309 -0.7673367 0.5147172 -0.3824404 0.8310053 -0.5550222 -0.03715449 0.5467832 -0.8160848 -0.1871738 0.5553727 -0.8306695 -0.03936499 0.831444 -0.5555702 0.00652641 0.9569069 -0.2902979 0.007515072 0.9569134 -0.2902761 0.007523655 0.1836981 -0.9086586 -0.3749595 0.1929742 -0.9626401 -0.1899609 -0.1777716 -0.9086684 -0.3777818 -0.1777765 -0.9086688 -0.3777785 -0.5117417 -0.7703227 -0.3804255 -0.5117307 -0.7703241 -0.3804373 -0.7673301 -0.5147207 -0.3824492 -0.7673454 -0.514706 -0.3824378 -0.8816868 -0.2683957 -0.3880622 -0.8817019 -0.2683658 -0.3880484 -0.9170584 -0.09060055 -0.3883242 -0.9170407 -0.09063977 -0.3883565 -0.9056683 0.1807412 -0.383533 -0.9056667 0.180751 -0.3835322 -0.007870674 0 0.9999691 0 1 1.62477e-5 -0.007873535 -2.67063e-6 0.9999691 -0.007867395 -1.84102e-6 0.9999691 -0.007876396 0 0.999969 -0.9611019 0.1914862 -0.1990381 -0.9611061 0.1914726 -0.199031 -0.9794781 0.1948953 -0.0513662 -0.9794775 0.1948949 -0.05137914 0.8314567 -0.5555509 0.006554365 0.5555409 -0.8314776 0.00442481 0.555379 -0.8306716 -0.03922945 0.192977 -0.9626345 -0.1899859 0.1952458 -0.9798507 -0.04209148 0.8303195 -0.5550285 0.05013084 0.8303074 -0.5550363 0.05024313 0.9556281 -0.289984 0.05180948 0.7920374 -0.07850462 0.6054039 0.007860004 -6.0698e-6 -0.9999692 0.007870376 2.12613e-6 -0.9999691 -0.1899648 -0.9626377 -0.1929822 -0.1899632 -0.9626352 -0.1929959 -0.5437805 -0.8160816 -0.1957391 -0.5437502 -0.8160901 -0.1957878 -0.8145526 -0.5452851 -0.19791 -0.8145493 -0.5452967 -0.1978918 -0.9371721 -0.2847558 -0.2015506 -0.9371712 -0.2847341 -0.2015854 -0.9746787 -0.09617823 -0.201869 -0.9746865 -0.09614533 -0.2018477 -0.9938287 -0.09793049 -0.05209672 -0.9938279 -0.09792011 -0.05213314 -0.9569042 -0.2903042 -0.007609486 -0.9569241 -0.2902413 -0.007514834 0 1 -1.62472e-5 -0.9556168 -0.2900229 -0.05180162 0.5546727 -0.8306787 0.04807728 0.5546871 -0.8306757 0.04796117 0.5555466 -0.8314741 0.004339873 0.1950807 -0.9807861 0.001518905 0.1952342 -0.9798535 -0.0420829 -0.1945565 -0.9798564 -0.04504901 0.9611029 -0.1914839 0.1990354 0.8145517 -0.5452973 0.1978802 0.9794782 -0.1948943 0.05136984 0.8145539 -0.5452862 0.1979013 0.5437637 -0.8160901 0.1957503 -0.9945237 -0.09795689 0.03643071 -0.956328 -0.2899715 0.03678762 -0.9563273 -0.2899872 0.03668242 0.007875919 -1.17693e-5 -0.9999691 0.9794777 0.194894 0.05137944 0.007873535 4.53959e-6 -0.9999691 0.007870852 3.50502e-7 -0.9999691 0.007873952 2.07209e-7 -0.9999691 0.00786364 0 -0.9999692 0.007881045 0 -0.999969 0.007870614 1.55407e-7 -0.9999691 0.007870793 6.57188e-7 -0.9999691 0.007873535 1.44938e-6 -0.9999691 -0.5546722 -0.8306834 -0.0479995 -0.1945472 -0.979849 -0.04524815 -0.8303211 -0.5550308 -0.05007863 -0.5546799 -0.8306822 -0.04793268 -0.830304 -0.5550441 -0.05021214 -0.955631 -0.2899806 -0.05177551 -0.8314439 -0.5555701 -0.006554424 -0.8314455 -0.5555672 -0.006602227 -0.830994 -0.5550409 0.03712898 0.5437645 -0.8160881 0.1957561 0.1945501 -0.979854 0.04512876 0.1899592 -0.9626365 0.1929932 0.19455 -0.9798517 0.04517805 0.1950818 -0.9807858 0.001555621 -0.1950796 -0.9807862 -0.001555621 0.9056651 -0.1807442 0.3835394 0.9056702 -0.18075 0.3835245 0.9611014 -0.1914827 0.1990444 0.7673372 -0.514706 0.3824546 0.9794719 0.1949239 0.05137765 0.9611002 0.1914915 0.1990414 0.9611017 0.1914815 0.1990439 0.5117408 -0.7703155 0.3804414 0.7673406 -0.5147177 0.3824318 -0.9801679 0.1948828 0.03593921 -0.980162 0.1949099 0.0359506 -0.9945311 -0.09787899 0.03643572 -0.9402202 -0.2847708 0.1867929 -0.9402352 -0.2847164 0.1868008 -0.9777347 -0.09618848 0.186501 -0.830995 -0.5550438 0.03706401 -0.8175664 -0.5452972 0.1850306 -0.817568 -0.5452818 0.1850687 0.8303058 0.5550352 0.0502817 0.554683 0.8306696 0.04811555 0.8303058 0.5550453 0.05017113 0.1945576 0.9798503 0.04517531 0.5546768 0.8306847 0.04792255 -0.1952514 0.9798467 0.04216003 0.1945411 0.9798484 0.04528629 -0.5553544 0.8306849 0.03929519 -0.1952349 0.9798556 0.04202848 -0.8310053 0.5550291 0.03705215 -0.5553879 0.8306726 0.03908067 -0.8309848 0.5550565 0.03710234 -0.1950727 -0.9807877 -0.00152111 -0.5555465 -0.831474 -0.004385292 -0.5555685 -0.8314594 -0.004377186 -0.5553382 -0.8306993 0.03921943 0.5117405 -0.7703329 0.3804063 0.1777777 -0.9086673 0.3777815 0.1899623 -0.9626392 0.1929772 -0.1952461 -0.9798532 0.04203093 -0.1929808 -0.9626321 0.1899948 -0.1952402 -0.979849 0.04215764 0.8159786 -0.1631811 0.5545728 0.9056745 0.1807303 0.3835235 0.8159822 0.1631826 0.5545671 0.8159884 0.1631788 0.554559 0.8159915 -0.1631844 0.5545527 0.6911133 -0.4646707 0.5535735 0.9056652 0.1807616 0.3835309 0.8145399 0.5453056 0.197906 0.8145644 0.5452781 0.1978808 0.7673383 0.5147314 0.3824177 0.767347 0.5147126 0.382426 0.6910999 -0.4646747 0.5535869 0.4603433 -0.6954357 0.5517728 -0.9777395 -0.09617722 0.1864819 -0.9641163 0.1914821 0.1838876 -0.9641124 0.1914944 0.1838943 -0.8175806 0.5452684 0.1850526 -0.773256 -0.5147177 0.3703254 -0.77326 -0.5147067 0.3703323 -0.8876955 -0.2683454 0.3741493 -0.8876874 -0.2683956 0.3741322 -0.9230505 -0.09061706 0.3738536 -0.5553739 -0.8306711 0.0393123 -0.5467778 -0.816087 0.1871796 -0.5176808 -0.7703226 0.3723036 -0.5176618 -0.770314 0.3723475 -0.5467693 -0.8160942 0.1871728 0.5437635 0.8160824 0.1957827 0.5437639 0.8160784 0.1957983 0.1899715 0.9626291 0.1930181 0.1899551 0.9626429 0.1929655 -0.1929888 0.9626354 0.1899695 -0.192974 0.9626313 0.1900055 -0.5467717 0.8160873 0.1871963 -0.5467788 0.8160797 0.1872079 -0.8175525 0.5453107 0.1850527 0.4603605 -0.6954342 0.5517604 0.1588548 -0.8203176 0.5494036 0.1777775 -0.9086732 0.3777674 -0.1836941 -0.908667 0.3749411 -0.192973 -0.9626402 0.1899611 0.6946917 0.1392774 0.7056949 0.6946853 0.1392598 0.7057048 0.6946907 -0.1392748 0.7056964 0.6911151 0.4646872 0.5535575 0.6911007 0.4646623 0.5535962 0.5880612 0.3966521 0.7048767 0.5880827 0.3966419 0.7048645 0.588092 -0.3966505 0.7048519 0.6946746 -0.1392579 0.7057157 0.5117497 0.7703257 0.3804087 0.5117432 0.7703386 0.3803914 0.4603639 0.695441 0.5517491 0.4603441 0.69544 0.5517666 0.5880627 -0.3966588 0.7048717 0.3911159 -0.5935957 0.7033297 -0.92304 -0.09065002 0.3738712 -0.9115943 0.1807582 0.3692186 -0.9115888 0.1807375 0.3692424 -0.7732537 0.514722 0.3703241 -0.4689718 -0.6954404 0.5444521 -0.4689891 -0.6954309 0.5444495 -0.6997361 -0.4646641 0.5426387 -0.6997406 -0.4646951 0.5426064 -0.801187 -0.2417582 0.5474052 -0.8330259 -0.0816437 0.5471765 -0.8011956 -0.2416827 0.547426 -0.1837037 -0.9086774 0.3749112 -0.1674852 -0.8203176 0.5468345 0.1777867 0.908668 0.3777759 0.177787 0.9086624 0.3777889 -0.1837041 0.9086673 0.3749353 -0.1837102 0.9086689 0.3749288 -0.5176586 0.7703303 0.3723185 -0.5176556 0.7703338 0.3723152 -0.7732677 0.5147063 0.3703169 0.3911333 -0.5936044 0.7033126 0.1337504 -0.7002246 0.701282 0.1588412 -0.8203298 0.5493893 -0.16747 -0.8203286 0.5468225 0.4616224 0.3128056 0.8300948 0.4616251 0.3127928 0.8300982 0.5456888 0.1098567 0.8307558 0.5456878 0.1098238 0.830761 0.5456908 -0.1098597 0.8307542 0.3911167 0.5935922 0.7033321 0.3911138 0.5936031 0.7033245 0.3063098 0.4681559 0.8288573 0.306285 0.4681487 0.8288705 0.5456872 -0.1098336 0.83076 0.4616093 -0.3128107 0.8301003 0.1588405 0.8203398 0.5493745 0.1588569 0.8203163 0.5494049 0.1337671 0.7002176 0.7012857 0.1337442 0.7002144 0.7012934 0.4616568 -0.3127944 0.83008 0.3062962 -0.4681487 0.8288665 -0.8330252 -0.08161038 0.5471826 -0.8246062 0.1631789 0.5416616 -0.824624 0.1631678 0.5416378 -0.6997491 0.4646789 0.5426093 -0.1447999 -0.7002138 0.6990949 -0.1447842 -0.7002264 0.6990855 -0.4021387 -0.5936111 0.6970728 -0.4021465 -0.5936158 0.6970642 -0.5991021 -0.3966559 0.6955147 -0.6838132 -0.2057447 0.700049 -0.5991083 -0.3966308 0.6955237 -0.6838309 -0.2057384 0.7000336 -0.7109236 -0.0695042 0.6998264 -0.1674571 0.8203184 0.5468418 -0.1674901 0.8203242 0.546823 -0.4689708 0.6954335 0.5444619 -0.4689779 0.695454 0.5444295 -0.6997337 0.4646732 0.542634 0.3062758 -0.4681444 0.8288764 0.1337723 -0.7002172 0.7012853 0.1033361 -0.5521981 0.8272842 0.103317 -0.5522007 0.8272848 0.2130095 0.3296723 0.9197517 0.2130048 0.3295941 0.9197808 0.3223918 0.2202526 0.9206261 0.3815578 0.07733422 0.9211043 0.3224118 0.2202273 0.9206251 0.3815383 -0.07735037 0.9211111 0.3815585 0.07732248 0.921105 0.103318 0.5522125 0.8272768 0.1033201 0.5522265 0.8272672 0.07009994 0.388823 0.9186418 0.07009631 0.3888167 0.9186447 0.3815931 -0.07730156 0.9210923 0.3223878 -0.2202499 0.9206281 -0.1447808 0.7002204 0.6990922 -0.144776 0.7002204 0.6990934 -0.116337 0.5522117 0.8255472 -0.1163367 0.5522015 0.825554 0.3224148 -0.2202226 0.9206252 0.2130107 -0.32963 0.9197666 -0.7109289 -0.0694831 0.699823 -0.7056964 0.1392748 0.6946907 -0.7057057 0.139272 0.6946818 -0.599093 0.3966428 0.6955301 -0.1163358 -0.5521976 0.8255568 -0.1163552 -0.5521896 0.8255593 -0.319281 -0.4681245 0.8239656 -0.4746145 -0.3127907 0.8227412 -0.3192914 -0.4681505 0.8239467 -0.4746369 -0.3128063 0.8227224 -0.5399437 -0.1618003 0.8260033 -0.5399457 -0.1618325 0.8259958 -0.5612517 -0.05462455 0.8258406 -0.402134 0.5936179 0.6970696 -0.4021334 0.5936069 0.6970794 -0.5991192 0.3966268 0.6955167 0.2129876 -0.3296184 0.9197761 0.07009667 -0.3888186 0.9186439 0.07013821 -0.3888146 0.9186425 -0.0845775 -0.3888325 0.9174181 0.0345726 0.2124288 0.9765648 0.1126185 0.1801105 0.9771783 0.1126371 0.1800915 0.9771796 0.1723757 0.1203205 0.9776552 0.172416 0.1203175 0.9776484 0.2047552 0.04219466 0.9779033 0.2047542 0.04224538 0.9779013 0.2047191 -0.04217541 0.9779118 0.2047731 -0.04225373 0.9778971 -0.08454239 0.3888274 0.9174235 -0.08456361 0.3888167 0.9174261 -0.04992794 0.2124128 0.9759038 -0.04991674 0.2124406 0.9758983 0.03450495 0.212438 0.9765652 0.1723844 -0.1203023 0.977656 0.1724082 -0.1203196 0.9776496 -0.3192944 0.4681549 0.8239431 -0.3192846 0.4681422 0.8239541 -0.2274643 0.3296163 0.916304 -0.2274619 0.3296257 0.9163013 0.1126013 -0.180156 0.9771718 0.1126256 -0.1800898 0.9771812 -0.5612564 -0.0545597 0.8258417 -0.558677 0.1098431 0.8220793 -0.5587067 0.1098085 0.8220639 -0.4746344 0.3127982 0.8227269 -0.08456218 -0.3888071 0.9174304 -0.2274566 -0.3296508 0.9162936 -0.2274616 -0.3295926 0.9163132 -0.3368362 -0.2202492 0.9154407 -0.3368216 -0.2202518 0.9154455 -0.3819539 -0.1136949 0.9171613 -0.3819326 -0.1136302 0.917178 -0.3969286 -0.03835451 0.9170478 -0.4746191 0.312802 0.8227342 0.03459084 -0.2124425 0.9765613 0.03458392 -0.2124288 0.9765644 -0.05002599 -0.2124212 0.9758968 -0.04992812 -0.212434 0.9758992 0.001874446 0.04904615 0.9987949 0.01988905 0.04162585 0.9989354 0.03372848 0.02777838 0.999045 0.04122006 0.009685814 0.9991032 0.04122346 -0.009686589 0.999103 0.03374868 -0.02777218 0.9990444 -0.1280279 0.180072 0.9752861 -0.03568828 0.04158359 0.9984976 -0.128059 0.1801221 0.9752728 -0.01756906 0.04904294 0.9986422 0.01984977 -0.0416305 0.9989359 -0.3368131 0.2202377 0.915452 -0.3368391 0.2202525 0.9154388 -0.1877493 0.1203426 0.9748169 0.001902222 -0.04904884 0.9987947 -0.3969457 -0.03837621 0.9170396 -0.396075 0.07732421 0.9149567 -0.3959872 0.07733708 0.9149935 -0.1279526 -0.1800949 0.9752918 -0.1280462 -0.1800916 0.9752801 -0.1877924 -0.1203284 0.9748104 -0.1877403 -0.1203465 0.9748182 -0.2120804 -0.06197035 0.9752854 -0.2121002 -0.06200581 0.9752788 -0.2202636 -0.02098381 0.9752147 -0.01759672 -0.04904288 0.9986417 -0.03569024 -0.04158586 0.9984973 -0.04943948 -0.02780622 0.9983901 -0.05690759 0.00978899 0.9983316 -0.05498921 -0.01437157 0.9983836 -0.05693006 -0.004830062 0.9983665 -0.04944491 0.02780932 0.9983897 -0.1877722 0.1203467 0.9748119 -0.2201049 0.04224961 0.9745609 -0.2202892 -0.02092188 0.9752102 -0.2200965 0.0423116 0.9745601 0.1215746 -0.00483042 0.9925705 0.2830345 -0.02101272 0.9588795 0.283093 -0.0208283 0.9588664 0.1215559 0.009779691 0.9925364 0.2828359 0.04224222 0.9582378 0.1196143 -0.01432114 0.9927172 0.1003298 -0.04156774 0.9940856 0.08232736 -0.04904782 0.9953977 0.06285434 -0.04905503 0.9968165 0.04493159 -0.04159075 0.998124 0.03115439 -0.02780312 0.9991278 0.02370947 -0.009752094 0.9996714 0.02374237 0.0097543 0.9996705 0.03117859 0.02780002 0.9991272 0.04493159 0.04159075 0.998124 0.06283372 0.04906052 0.9968174 0.08235704 0.04905313 0.995395 0.1003298 0.04156774 0.9940856 0.1140832 0.02778768 0.9930826 0.1141356 -0.0277937 0.9930763 0.2748607 -0.06211173 0.9594758 0.4555213 -0.03848892 0.8893926 0.274879 -0.06202709 0.9594761 0.4406797 -0.1136932 0.8904355 0.4555872 -0.03837847 0.8893636 0.4545263 0.07740259 0.8873639 0.2828559 0.04229432 0.9582296 0.250633 0.1202435 0.9605856 0.2506542 -0.1203626 0.9605652 0.2505882 -0.1203077 0.9605893 0.1910557 -0.1801063 0.9649142 0.1130844 -0.2124468 0.9706072 0.1131198 -0.2124243 0.9706081 0.1909698 -0.1800836 0.9649354 0.02890652 -0.2124682 0.9767404 0.02886962 -0.2124156 0.9767529 -0.04905283 -0.180128 0.9824193 -0.04907089 -0.1800675 0.9824295 -0.1086347 -0.1203888 0.986765 -0.108618 -0.120342 0.9867726 -0.1408898 -0.04223531 0.9891241 -0.1408797 -0.04224652 0.989125 -0.140883 0.04222351 0.9891256 -0.1408955 0.04225653 0.9891223 -0.1087005 0.1202809 0.9867709 -0.1086071 0.1203608 0.9867715 -0.04895871 0.1800668 0.9824352 -0.04907137 0.1800921 0.982425 0.02890717 0.2124242 0.97675 0.02883982 0.2124334 0.9767499 0.1130896 0.2124566 0.9706045 0.1131177 0.2124204 0.9706091 0.1910574 0.1800592 0.9649227 0.1909777 0.1801061 0.9649298 0.2505729 0.1203342 0.96059 0.4406069 -0.1136742 0.890474 0.5923985 -0.1617794 0.7892348 0.6136512 -0.05460643 0.7876867 0.3954939 -0.2202605 0.891667 0.3954818 -0.2202329 0.8916791 0.6108353 0.1098498 0.7841004 0.6108303 0.1098388 0.7841058 0.4545468 0.07733786 0.8873591 0.6136066 -0.05465602 0.787718 0.3955036 0.2201752 0.8916837 0.2864103 -0.3295887 0.8996335 0.2864187 -0.3296215 0.8996188 0.143866 -0.3887824 0.9100281 0.1439033 -0.3888269 0.9100031 -0.01036679 -0.3888251 0.9212534 -0.01038706 -0.3888013 0.9212631 -0.152928 -0.3295931 0.9316552 -0.1529166 -0.3296214 0.9316472 -0.2619906 -0.2202372 0.9396045 -0.2619951 -0.2202583 0.9395982 -0.3210349 -0.07733887 0.9439043 -0.3210358 -0.07731205 0.9439062 -0.3209819 0.07732057 0.9439238 -0.3210594 0.07732468 0.9438971 -0.2619616 0.2202578 0.9396077 -0.2620083 0.2202448 0.9395977 -0.1529241 0.3296048 0.9316517 -0.1529191 0.3296136 0.9316495 -0.01036661 0.3887997 0.921264 -0.01038724 0.3888228 0.921254 0.1438773 0.3888131 0.910013 0.1438862 0.3888168 0.91001 0.2864209 0.329578 0.8996341 0.2864204 0.3296235 0.8996175 0.3954803 0.220255 0.8916743 0.5923762 -0.1618233 0.7892426 0.527001 -0.3128066 0.7902038 0.5269839 -0.3128143 0.7902122 0.7548031 -0.06948071 0.6522613 0.7277663 -0.205768 0.6542291 0.7277999 -0.2057077 0.6542108 0.3720468 -0.4681159 0.8015291 0.3720574 -0.4681349 0.801513 0.7548078 -0.06950616 0.6522531 0.7492613 0.1393272 0.647453 0.5270068 0.312833 0.7901896 0.5269903 0.3128011 0.7902132 0.6429609 0.3966542 0.6551846 0.7492843 0.1392477 0.6474435 0.1696566 -0.552217 0.8162556 0.1696401 -0.5522048 0.8162672 -0.04948854 -0.5522065 0.8322373 -0.04946893 -0.5522246 0.8322264 -0.2518704 -0.4681323 0.8470028 -0.2518771 -0.4681363 0.8469985 -0.4068115 -0.3128262 0.8582798 -0.4068075 -0.3127717 0.8583015 -0.4906554 -0.1098564 0.8644009 -0.4906552 -0.1098267 0.8644047 -0.4906697 0.1098328 0.8643957 -0.4906479 0.109844 0.8644068 -0.4068077 0.3127864 0.858296 -0.4068127 0.3128065 0.8582864 -0.2518804 0.468128 0.8470022 -0.2518953 0.4681398 0.8469911 -0.04944294 0.5522316 0.8322234 -0.04946804 0.5521976 0.8322444 0.1696506 0.5522118 0.8162603 0.1696226 0.5522202 0.8162605 0.3720493 0.4681274 0.8015211 0.3720728 0.4681265 0.8015107 0.6429695 -0.3966256 0.6551935 0.6429514 -0.3966514 0.6551955 0.4465053 -0.5936169 0.6695164 0.4464929 -0.5936218 0.6695202 0.8667729 -0.0816366 0.4919761 0.8350074 -0.2417217 0.4943006 0.7334364 -0.4646996 0.4961102 0.733452 -0.4646512 0.4961326 0.8349882 -0.241744 0.4943225 0.1898344 -0.7002386 0.688207 0.1898173 -0.7002081 0.6882427 0.8667612 -0.08157181 0.4920073 0.8580036 0.1631559 0.4870421 0.4464994 0.5936315 0.6695074 0.6429516 0.3966279 0.6552097 0.7334465 0.4646627 0.49613 0.8580048 0.1631821 0.4870312 -0.08800989 -0.7001973 0.7085041 -0.08799552 -0.7002076 0.7084957 -0.344696 -0.5936346 0.7271744 -0.3446784 -0.5935785 0.7272286 -0.5411305 -0.3966674 0.7415071 -0.5411299 -0.3966593 0.7415118 -0.6474773 -0.1392743 0.7492502 -0.6474348 -0.1392613 0.7492893 -0.6474387 0.1392742 0.7492836 -0.6474605 0.1392623 0.7492671 -0.5411425 0.3966637 0.7415003 -0.5411093 0.3966569 0.7415282 -0.3446915 0.5936293 0.727181 -0.3446952 0.5935935 0.7272083 -0.08798748 0.7002044 0.7084999 -0.08800864 0.7002291 0.7084727 0.1898211 0.700218 0.6882317 0.1898276 0.7002225 0.6882252 0.4464998 0.5936126 0.6695237 0.5032942 -0.6954465 0.5128831 0.5033141 -0.6954103 0.5129128 0.2025766 -0.8203156 0.5348318 0.2025728 -0.8203275 0.5348149 0.9453495 -0.09060108 0.3132184 0.9100977 -0.2683266 0.3157898 0.7956464 -0.5147312 0.3193723 0.5407086 -0.770354 0.3379186 0.5407276 -0.7703223 0.3379607 0.7956644 -0.5147228 0.3193408 0.910092 -0.2683914 0.3157507 -0.1228744 -0.8203365 0.5585248 -0.1228683 -0.8203293 0.5585369 0.9453513 -0.09063631 0.313203 0.93362 0.180767 0.3093171 0.5032882 0.6954707 0.5128563 0.7334527 0.4646887 0.4960964 0.7956426 0.5147448 0.3193598 0.9336304 0.1807279 0.3093082 -0.4236019 -0.6954181 0.5804785 -0.4236004 -0.6954277 0.5804678 -0.6537396 -0.4647004 0.5972254 -0.6537291 -0.4646828 0.5972506 -0.7782977 -0.1631532 0.6063283 -0.778308 -0.163179 0.6063079 -0.7783182 0.1631845 0.6062932 -0.7783002 0.1631543 0.6063247 -0.6537156 0.4646925 0.5972579 -0.6537616 0.4646714 0.5972238 -0.4235903 0.6954438 0.5804561 -0.4235898 0.6954151 0.5804907 -0.1229003 0.8203524 0.5584959 -0.122872 0.8203054 0.5585712 0.2026052 0.8203186 0.5348165 0.2025867 0.8203346 0.5347989 0.5033003 0.6954081 0.5129293 0.2076178 -0.9086662 0.362244 0.2076381 -0.9086735 0.362214 -0.1528898 -0.9086722 0.3885095 -0.152899 -0.9086704 0.3885099 0.9503508 -0.2847872 0.1254185 0.9877776 -0.0961315 0.1226962 0.8278461 -0.5452854 0.1316617 0.8278545 -0.5452759 0.1316486 0.5577512 -0.8160937 0.1513433 0.5577672 -0.816084 0.1513373 0.2048876 -0.9626392 0.1770501 0.9503589 -0.2847486 0.1254445 -0.4860048 -0.7703159 0.4128111 -0.4859918 -0.7703398 0.4127817 0.9740098 0.1914762 0.1210034 0.9740168 0.19147 0.1209567 0.987779 -0.09614622 0.1226733 0.5407104 0.7703368 0.3379549 0.7956584 0.5147047 0.3193852 0.8278397 0.5453007 0.1316385 0.8278436 0.5452902 0.1316576 -0.7409267 -0.5147352 0.4313645 -0.7409238 -0.5147138 0.4313951 -0.8788928 -0.1807447 0.441451 -0.8788954 -0.180729 0.4414522 -0.8789013 0.18072 0.4414439 -0.8788893 0.1807544 0.441454 -0.7409355 0.5147119 0.4313774 -0.7409139 0.5147341 0.4313878 -0.4859734 0.7703434 0.4127968 -0.4860033 0.7703269 0.4127923 -0.1528946 0.9086585 0.3885397 -0.1528928 0.9086668 0.3885208 0.207627 0.9086582 0.3622587 0.2076284 0.9086637 0.362244 0.5407214 0.7703397 0.3379306 0.2048928 -0.9626348 0.1770685 -0.1770507 -0.9626347 0.204909 -0.1770492 -0.9626335 0.2049159 -0.5299252 -0.8160786 0.2306405 0.9948008 -0.09788137 -0.02811807 0.9566956 -0.2899844 -0.02535355 0.9566819 -0.2900238 -0.02541851 0.831641 -0.5550541 -0.01698255 0.5567267 -0.8306897 0.003179073 0.8316375 -0.5550616 -0.01690191 0.5567623 -0.8306661 0.003094375 0.1975765 -0.9798469 0.02938973 -0.5299112 -0.8160922 0.2306244 -0.8000133 -0.5452671 0.2503252 0.8316485 0.5550462 -0.01686477 0.8316549 0.5550345 -0.01694095 0.9804254 0.1949214 -0.02778112 0.9947928 -0.0979551 -0.02814644 0.9804313 0.1948961 -0.02774769 0.5577608 0.8160914 0.1513206 0.5577745 0.816079 0.1513364 0.5567672 0.8306629 0.003101766 0.5567128 0.8306988 0.00324881 -0.7999877 -0.5453004 0.2503342 -0.946157 -0.1915082 0.2609818 -0.9461618 -0.1914803 0.2609851 -0.9461576 0.1915044 0.2609823 -0.9461621 0.1914795 0.2609851 -0.8000133 0.5452671 0.2503252 -0.7999976 0.5452926 0.2503199 -0.5299116 0.8160828 0.2306569 -0.5299282 0.8160805 0.2306271 -0.1770533 0.9626342 0.2049089 -0.1770467 0.9626339 0.204916 0.2048937 0.9626366 0.1770578 0.2048951 0.9626383 0.1770468 0.1975345 -0.9798599 0.02923858 -0.1912075 -0.9798527 0.05769079 -0.1912209 -0.9798537 0.05763214 -0.5504069 -0.8306701 0.08390253 0.9544013 -0.2902999 -0.0696004 0.9544206 -0.2902367 -0.06959956 0 1 -5.44791e-5 0 1 1.51597e-4 -0.072694 -2.49773e-6 -0.9973543 -0.07270932 2.37151e-6 -0.9973532 0.8292582 -0.5555856 -0.06046199 0.8292828 -0.5555464 -0.06048637 0.554104 -0.8314656 -0.040421 0.5540936 -0.8314738 -0.04039418 0.1945858 -0.9807827 -0.01420867 0.194571 -0.9807858 -0.01419091 -0.5504149 -0.8306698 0.08385211 -0.8253303 -0.5550228 0.1038253 -0.07270723 -6.38759e-6 -0.9973534 -0.0727145 6.5851e-6 -0.9973528 -0.0727126 6.84374e-6 -0.997353 0.1975657 0.9798514 0.02931058 0.1975522 0.9798515 0.02939587 -0.07269787 0 -0.9973541 -0.825308 -0.5550369 0.1039274 -0.9502399 -0.2900671 0.1136009 -0.8818709 -0.1812607 0.4352566 -0.9883725 -0.09788143 0.1163583 -0.9740896 0.1949274 0.1146854 -0.9740907 0.1949008 0.1147217 -0.8253079 0.5550404 0.1039098 -0.8253114 0.5550325 0.1039229 -0.5504242 0.8306667 0.08382171 -0.550404 0.8306923 0.08370161 -0.1912157 0.9798557 0.05761575 -0.1912257 0.9798482 0.05770808 -0.1945757 -0.9807854 0.01416075 -0.1945756 -0.9807848 0.01419574 -0.5540937 -0.831474 0.04038971 -0.554093 -0.831473 0.04042023 0.8253184 -0.5550415 -0.1038207 0.8253098 -0.5550361 -0.1039181 0.950259 -0.2900079 -0.1135928 0.9883468 -0.09799873 -0.1164769 0.9502613 -0.2899535 -0.1137122 0.07270383 -9.36776e-7 0.9973536 0.0727086 -1.18832e-6 0.9973533 0 1 6.09935e-5 -0.9544093 -0.2902879 0.06954121 -0.07270991 -6.057e-6 -0.9973532 -0.07270789 2.52921e-6 -0.9973533 -0.07271814 0 -0.9973526 -0.0727033 5.64438e-6 -0.9973536 -0.07270812 2.25447e-6 -0.9973533 0.5504074 -0.8306728 -0.08387297 0.5503864 -0.83069 -0.08383935 0.1912159 -0.9798507 -0.05769932 0.1912099 -0.9798581 -0.05759334 -0.197558 -0.9798541 -0.02927005 -0.1975593 -0.9798533 -0.02928966 -0.8292643 -0.5555737 0.06048673 -0.8292657 -0.5555747 0.0604608 -0.9544156 -0.2902497 0.06961452 -0.5567501 -0.8306738 -0.003207087 -0.5567466 -0.8306766 -0.003155112 -0.8316581 -0.5550312 0.01688736 -0.8316521 -0.5550417 0.01684188 0.7999914 -0.545301 -0.2503213 0.8000032 -0.5452936 -0.2502997 0.5299282 -0.8160805 -0.2306271 0.9221262 -0.2847338 -0.261935 0.9221199 -0.2847706 -0.2619172 0.9883593 -0.09791767 -0.1164388 0.9740852 0.1949059 -0.1147591 0.07271212 -2.37964e-6 0.997353 0.9595293 -0.09618824 -0.2646722 0.07270264 3.56946e-6 0.9973537 0.07270854 3.00238e-6 0.9973533 0.07270747 1.87719e-6 0.9973533 0.07271981 0 0.9973525 0.07270252 0 0.9973537 0.07270586 0 0.9973535 0.07270765 0 0.9973534 0.07271176 1.87355e-7 0.9973531 -0.8077502 -0.2324684 -0.5417547 -0.9948003 -0.09787887 0.02814662 0.5299223 -0.8160858 -0.2306218 0.1770462 -0.962638 -0.2048972 0.1770504 -0.9626321 -0.2049213 -0.2048979 -0.9626342 -0.1770659 -0.2048899 -0.962638 -0.1770545 -0.5577664 -0.8160879 -0.1513186 -0.9804302 -0.1949109 0.02768647 -0.5577639 -0.8160844 -0.1513467 -0.8278433 -0.545293 -0.1316485 -0.8278648 -0.5452643 -0.1316313 -0.9740106 -0.1914815 -0.1209881 -0.9740116 -0.191491 -0.1209657 0.8546719 -0.2683979 -0.4444081 0.8546832 -0.2683177 -0.444435 0.7409192 -0.5147373 -0.4313749 0.7409366 -0.5147054 -0.4313833 0.486 -0.7703223 -0.4128047 0.9595422 -0.09608936 -0.2646614 0.8899501 -0.09059554 -0.4469692 0.9461628 0.1914863 -0.2609773 0.9740865 0.1949208 -0.1147232 0.8253329 0.5550153 -0.1038442 -0.8316577 0.5550338 0.01682257 -0.8316667 0.5550203 0.01682645 -0.9804315 0.1949024 0.02769762 -0.9804272 0.1949184 0.02773964 0.8252893 0.5550554 -0.103976 0.5503802 0.8306835 -0.08394414 0.5504357 0.8306641 -0.08377319 0.1912131 0.9798527 -0.0576741 0.1912189 0.9798552 -0.05761098 -0.1975519 0.9798539 -0.02931928 -0.1975584 0.9798531 -0.02930456 -0.5567349 0.8306845 -0.003101468 -0.5567627 0.8306658 -0.003103435 -0.9740098 0.191487 -0.1209867 0.4859799 -0.7703453 -0.4127855 0.152908 -0.9086689 -0.3885102 0.152889 -0.9086584 -0.3885421 -0.207637 -0.9086657 -0.3622339 -0.2076291 -0.9086571 -0.3622601 -0.5407207 -0.7703335 -0.3379462 -0.5407309 -0.7703283 -0.3379417 -0.7956466 -0.5147348 -0.3193659 -0.7956548 -0.5147174 -0.3193739 -0.9336248 -0.1807282 -0.3093254 -0.9336237 -0.18074 -0.3093214 -0.9740113 0.1914887 -0.1209716 -0.9336243 0.1807309 -0.3093253 0.8899348 -0.09065103 -0.4469882 0.7862263 -0.0816186 -0.6125249 0.7544537 -0.2417163 -0.6102238 0.7544869 -0.2417305 -0.6101769 0.6537382 -0.4646835 -0.59724 0.6537355 -0.4646776 -0.5972476 0.4235805 -0.695423 -0.5804882 0.8788936 0.1807283 -0.4414561 0.8788944 0.180764 -0.4414397 0.946175 0.1914523 -0.2609576 0.7999995 0.5452992 -0.2502991 0.8000054 0.545295 -0.2502892 -0.8278467 0.5452952 -0.1316169 -0.8278682 0.5452593 -0.1316301 -0.5577452 0.8160996 -0.1513342 0.5299375 0.8160733 -0.2306311 0.5299127 0.8160933 -0.2306177 0.177047 0.9626344 -0.2049132 0.1770496 0.9626358 -0.2049045 -0.2048935 0.9626389 -0.1770454 -0.2048952 0.9626369 -0.1770543 -0.5577861 0.8160722 -0.1513304 0.4235973 -0.6954437 -0.580451 0.1228806 -0.8203375 -0.558522 0.1228864 -0.8203228 -0.5585424 -0.202594 -0.8203483 -0.5347751 -0.2025827 -0.8203257 -0.5348142 -0.5032911 -0.6954531 -0.5128775 -0.5033082 -0.6954286 -0.5128938 -0.733468 -0.464675 -0.4960866 -0.7334384 -0.4646751 -0.4961303 -0.85801 -0.1632087 -0.4870131 -0.8580134 -0.1631557 -0.4870249 -0.9336212 0.1807498 -0.3093236 -0.8580144 0.1631491 -0.4870255 -0.7956529 0.5147166 -0.3193796 0.7862407 -0.08158385 -0.612511 0.7782957 0.1631638 -0.606328 0.7783029 0.1631754 -0.6063154 0.6522616 -0.06945103 -0.7548057 0.6252048 -0.2057794 -0.7528439 0.625206 -0.2057521 -0.7528504 0.5411507 -0.3966346 -0.7415099 0.5411145 -0.3966553 -0.7415253 0.3446732 -0.5936284 -0.7271904 0.7409266 0.5147058 -0.4313997 0.6537499 0.4646832 -0.5972275 0.6537382 0.4646708 -0.5972499 0.7409241 0.5147184 -0.431389 0.4860044 0.7703294 -0.4127862 0.4859796 0.7703353 -0.4128044 -0.7956538 0.5147252 -0.3193637 -0.5407207 0.7703335 -0.3379462 0.1528958 0.9086625 -0.3885298 0.1528963 0.9086661 -0.3885212 -0.2076275 0.9086708 -0.362227 -0.2076337 0.9086529 -0.362268 -0.5407264 0.770322 -0.3379631 0.3446869 -0.5935917 -0.7272137 0.08798938 -0.7001972 -0.7085068 0.08800125 -0.7002168 -0.7084859 -0.1898149 -0.7002088 -0.6882427 -0.1898304 -0.7001957 -0.6882518 -0.446493 -0.5935941 -0.6695447 -0.4465109 -0.5936128 -0.6695162 -0.6429498 -0.3966574 -0.6551935 -0.6429563 -0.3966132 -0.6552138 -0.7492614 -0.1392878 -0.6474614 -0.7492603 -0.139261 -0.6474685 -0.8580154 0.1632015 -0.4870062 -0.7492607 0.1392567 -0.6474689 -0.7334565 0.4646843 -0.496095 0.6522303 -0.06948274 -0.7548297 0.6474558 0.1393017 -0.7492638 0.6474552 0.1392726 -0.7492696 0.5411278 0.3966368 -0.7415254 0.5411421 0.3966338 -0.7415167 0.4716392 -0.1617822 -0.8668236 0.4929103 -0.05462479 -0.8683638 0.4716245 -0.1618618 -0.8668167 0.4067776 -0.3127917 -0.8583084 0.4068155 -0.3127979 -0.8582882 0.2519001 -0.4681288 -0.8469958 0.4235647 0.6954436 -0.580475 0.4236039 0.6954243 -0.5804696 0.3446732 0.5936284 -0.7271904 0.3446955 0.5936064 -0.7271978 0.122876 0.8203267 -0.5585389 0.1229 0.8203213 -0.5585414 -0.7334464 0.4646613 -0.4961313 -0.5032953 0.6954468 -0.5128818 -0.2025907 0.8203234 -0.5348148 -0.2026031 0.8203514 -0.534767 -0.5032982 0.6954382 -0.5128906 0.2518731 -0.4681272 -0.8470047 0.04945516 -0.5522265 -0.832226 0.0494998 -0.5522075 -0.8322361 -0.1696501 -0.5522214 -0.816254 -0.1696693 -0.5521817 -0.8162768 -0.3720559 -0.4681373 -0.8015123 -0.3720508 -0.4681407 -0.8015127 -0.5269709 -0.3128209 -0.7902182 -0.5270042 -0.3128039 -0.7902028 -0.6108264 -0.1098589 -0.784106 -0.6108605 -0.1098361 -0.7840826 -0.7492594 0.1392956 -0.6474621 -0.610835 0.1098546 -0.7840999 -0.6429533 0.3966457 -0.6551972 0.490637 0.1098421 -0.8644132 0.4906679 0.1098309 -0.8643971 0.4929156 -0.05460542 -0.868362 0.4068015 0.312814 -0.858289 0.4068089 0.3127786 -0.8582984 0.2518826 0.4681107 -0.8470109 0.2518861 0.4681528 -0.8469867 0.3067499 -0.1136302 -0.9449829 0.3216881 -0.03841561 -0.9460662 0.3067631 -0.1136201 -0.9449799 0.2619518 -0.2202455 -0.9396134 0.2619446 -0.2202141 -0.9396228 0.1528853 -0.3295698 -0.9316706 0.08801358 0.7001957 -0.7085052 0.08799916 0.7002339 -0.7084693 0.04945516 0.5522265 -0.832226 0.04946649 0.5521873 -0.8322514 -0.1898335 0.7001994 -0.6882472 -0.1898155 0.7001891 -0.6882626 -0.642952 0.3966275 -0.6552095 -0.4464985 0.59362 -0.6695182 -0.4465194 0.5936016 -0.6695205 0.01036053 -0.3887704 -0.9212765 0.01038938 -0.3887377 -0.9212899 0.1528995 -0.3295487 -0.9316756 -0.1438812 -0.3887479 -0.9100403 -0.143901 -0.3887486 -0.9100369 -0.2863707 -0.3295819 -0.8996487 -0.286377 -0.3295732 -0.8996499 -0.3954564 -0.2201907 -0.8917009 -0.3954504 -0.2202326 -0.8916931 -0.454437 -0.07731539 -0.8874173 -0.4544963 -0.07731002 -0.8873873 -0.6108567 0.1098393 -0.7840852 -0.4544944 0.07728374 -0.8873907 -0.4544634 0.07733333 -0.8874023 -0.5269978 0.3128028 -0.7902074 0.3209611 0.07732182 -0.9439308 0.320989 0.07735008 -0.9439191 0.2619512 0.2202196 -0.9396196 0.3216887 -0.03843218 -0.9460652 0.2619408 0.2202196 -0.9396224 0.152859 0.3295741 -0.9316732 0.1529317 0.3295489 -0.9316703 0.01037675 0.3887619 -0.9212799 -0.07269942 2.16046e-5 -0.997354 -0.0727052 -3.67655e-5 -0.9973535 -0.07270443 -8.25187e-6 -0.9973536 -0.07270145 2.73478e-6 -0.9973539 -0.1696311 0.5522115 -0.8162645 -0.169656 0.5521987 -0.816268 0.01038044 0.3887717 -0.9212757 -0.1438894 0.3887531 -0.9100368 -0.3720626 0.4681413 -0.8015069 -0.3720548 0.4681228 -0.8015213 -0.5269836 0.3128443 -0.7902006 -0.07270824 3.72481e-6 -0.9973533 -0.07270848 5.35566e-6 -0.9973533 -0.07269108 0 -0.9973545 -0.07272833 1.04751e-5 -0.9973518 -0.07270342 4.22362e-6 -0.9973536 -0.07271242 -5.18116e-6 -0.997353 -0.3954389 0.2202208 -0.8917012 -0.3954583 0.2202067 -0.891696 -0.07271844 -1.29669e-5 -0.9973525 -0.07271498 5.4884e-6 -0.9973528 -0.07270824 5.44549e-6 -0.9973533 -0.07271265 -2.69386e-6 -0.997353 -0.07269513 -3.99248e-6 -0.9973542 -0.07268208 0 -0.9973552 -0.07271701 -4.27639e-6 -0.9973526 -0.1438811 0.3887475 -0.9100406 -0.2863588 0.3295943 -0.899648 -0.286369 0.329563 -0.8996561 0.9689136 -0.137386 -0.2057461 0.968901 -0.1374842 -0.2057403 0.82644 -0.109822 -0.5522102 0.8264347 -0.3128097 -0.468141 0.9689028 -0.04827582 -0.242687 0.9689045 -0.04823678 -0.242688 0.9987478 -0.009759545 -0.04906725 0.9987464 -0.02784717 -0.04159653 0.968898 -0.2057642 -0.1374697 0.9987481 -0.04158949 -0.02779555 0.9689 -0.2057525 -0.1374728 0.8264386 -0.3128013 -0.4681396 0.8264439 -0.4681283 -0.3128039 0.8264381 -0.1098478 -0.5522079 0.968903 0.04827255 -0.242687 0.82644 0.1098226 -0.5522102 0.5481196 -0.163176 -0.8203283 0.5481235 -0.1631678 -0.8203272 0.5481224 -0.4646824 -0.6954366 0.9689011 0.04827207 -0.2426943 0.9987479 0.009759783 -0.04906696 0.9987487 -0.02776205 0.04159754 0.9987474 -0.00980252 0.04906779 0.9987474 0.009802937 0.04906851 0.9987487 0.02776235 0.04159933 0.9987464 0.04163181 0.02779519 0.9987466 0.04909384 0.009759783 0.9987466 0.04909342 -0.009759724 0.9987481 0.04159033 -0.02779614 0.9987463 0.02784711 -0.0415979 0.9987466 -0.04909241 -0.009758174 0.9987464 -0.04163181 0.02779519 0.9987466 -0.04909306 0.009758293 0.9688988 -0.2427049 -0.04826599 0.9689034 -0.2426849 -0.04827207 0.8264358 -0.4681454 -0.3128002 0.8264396 -0.5522071 -0.1098412 0.5481235 -0.4646759 -0.6954402 0.5481229 -0.6954391 -0.4646781 0.5481212 0.1631735 -0.8203278 0.548121 0.1631729 -0.8203281 0.8264368 0.1098482 -0.5522099 0.9689032 0.1374693 -0.2057399 0.826437 0.3128001 -0.4681432 0.8264392 0.3128015 -0.4681385 0.1914803 -0.1914734 -0.9626387 0.1914816 -0.1914795 -0.9626372 0.1914788 0.1914765 -0.9626384 0.1914819 0.1914819 -0.9626367 0.1914799 -0.5452913 -0.8160839 0.9689071 0.1374399 -0.2057409 0.9689013 -0.1374722 0.2057465 0.9689032 -0.1374693 0.2057399 0.9689 -0.04831427 0.2426905 0.9689033 -0.2057344 0.1374762 0.9689028 -0.20574 0.1374724 0.9689035 -0.04826116 0.2426871 0.9688969 0.04835277 0.242695 0.9689041 0.04824692 0.2426873 0.9689103 0.1374132 0.2057439 0.968901 0.1374842 0.2057403 0.9689025 0.2057373 0.1374781 0.9689006 0.2057514 0.1374703 0.9689006 0.2426958 0.04827415 0.9689031 0.2426863 -0.04827231 0.9689028 0.242687 0.04827433 0.9689031 0.2426858 -0.04827409 0.9689046 0.205737 -0.1374635 0.9688997 0.2057528 -0.1374748 0.9689058 -0.2426769 0.04826611 0.9688996 -0.2427003 0.04827225 0.8264386 -0.5522089 -0.10984 0.8264365 -0.5522118 0.1098405 0.8264391 -0.5522077 0.1098414 0.5481261 -0.695436 -0.4646791 0.5481221 -0.8203275 -0.1631717 0.191481 -0.5452912 -0.8160837 0.1914798 -0.8160856 -0.5452887 0.1914811 0.5452901 -0.8160844 0.1914774 0.5452886 -0.8160862 0.5481235 0.4646759 -0.6954402 0.548125 0.4646787 -0.695437 0.8264392 0.4681389 -0.312801 0.8264376 0.4681414 -0.3128015 0.5481239 0.6954386 -0.4646778 0.5481269 0.6954355 -0.4646788 -0.07914507 -0.5538266 -0.8288621 -0.07914239 -0.1944736 -0.9777098 -0.07914394 -0.1944766 -0.9777092 -0.07914233 0.1944794 -0.9777088 -0.07914406 0.1944829 -0.9777079 -0.07914781 0.5538251 -0.8288628 -0.07914137 0.5538269 -0.8288621 0.826438 -0.468139 0.3128038 0.826438 -0.4681408 0.3128011 0.8264374 -0.3128023 0.468141 0.8264394 -0.3127951 0.4681422 0.8264393 -0.109854 0.552205 0.8264377 -0.1098422 0.5522096 0.8264391 0.1098229 0.5522114 0.8264363 0.1098483 0.5522106 0.8264428 0.3127903 0.4681394 0.8264361 0.3128069 0.4681405 0.8264401 0.4681379 0.3128002 0.8264389 0.4681378 0.3128031 0.826438 0.5522088 0.1098443 0.826436 0.5522122 0.1098421 0.826434 0.552216 -0.1098381 0.8264362 0.5522114 -0.1098449 0.5481236 -0.820326 -0.1631748 0.5481193 -0.8203288 0.1631749 0.548123 -0.8203267 0.1631726 0.5481196 -0.6954427 0.4646766 0.1914798 -0.8160853 -0.5452894 0.1914812 -0.9626367 -0.1914829 -0.07914412 -0.5538309 -0.8288592 -0.07914608 -0.8288552 -0.5538368 0.1914783 0.816087 -0.5452871 -0.07914757 0.828855 -0.5538368 -0.07914698 0.8288636 -0.5538238 0.1914815 0.8160795 -0.5452973 0.5481218 0.8203272 -0.1631746 0.5481211 0.8203278 -0.1631733 0.1914808 0.9626372 -0.1914808 0.1914787 0.9626383 -0.1914777 -0.2255572 -0.5412545 -0.8100417 -0.2255569 -0.1900616 -0.9555107 -0.225559 -0.1900622 -0.9555101 -0.2255579 0.1900643 -0.95551 -0.225557 0.1900653 -0.95551 -0.2255575 0.5412559 -0.8100408 -0.2255576 0.541253 -0.8100426 -0.2255576 0.8100413 -0.5412551 -0.2255577 0.8100412 -0.5412551 0.5481271 -0.6954344 0.4646803 0.5481219 -0.4646785 0.6954397 0.5481227 -0.4646772 0.6954399 0.5481208 -0.1631696 0.8203287 0.5481245 0.163176 0.8203251 0.5481214 0.1631746 0.8203275 0.5481226 -0.1631727 0.820327 0.5481256 0.4646826 0.695434 0.5481219 0.4646764 0.6954411 0.5481229 0.6954391 0.4646781 0.5481221 0.6954399 0.4646779 0.5481193 0.8203299 0.1631692 0.5481244 0.8203254 0.1631746 0.1914791 -0.9626377 -0.1914796 0.1914812 -0.9626367 0.1914829 0.1914781 -0.9626373 0.1914833 0.1914784 -0.8160849 0.5452904 -0.07914447 -0.9777082 -0.194481 -0.07914459 -0.8288661 -0.5538204 -0.2255582 -0.5412541 -0.8100417 -0.2255572 -0.8100419 -0.5412542 -0.0791459 0.9777081 -0.194481 -0.07914596 0.9777092 -0.194476 -0.2255572 0.9555107 -0.1900613 -0.2255575 0.95551 -0.1900647 0.1914813 0.962637 0.1914808 0.1914792 0.9626378 0.1914792 -0.07914668 0.9777086 0.1944781 -0.07914519 0.9777086 0.1944789 -1 -2.65777e-6 -2.36154e-6 -1 -1.32888e-6 -2.78564e-6 -1 1.32889e-6 -2.78563e-6 -1 2.65778e-6 -2.36155e-6 -1 0 -1.57795e-6 -1 0 -5.54114e-7 0.1914798 -0.8160853 0.5452894 0.1914829 -0.5452889 0.8160848 0.191477 -0.5452916 0.8160844 0.1914801 -0.1914778 0.9626379 0.1914811 0.1914777 0.9626377 0.1914809 0.5452943 0.8160817 0.1914819 -0.1914819 0.9626367 0.1914815 0.1914815 0.9626369 0.1914821 0.5452901 0.8160842 0.1914818 0.8160805 0.5452957 0.1914803 0.8160832 0.5452922 -0.07914519 -0.9777092 -0.194476 -0.0791459 -0.9777081 0.194481 -0.07913959 -0.8288605 0.5538296 -0.07913994 -0.9777095 0.194476 -0.2255573 -0.9555107 -0.1900614 -0.2255582 -0.8100396 -0.5412572 -1 0 -1.57794e-6 -0.225558 0.9555111 0.1900582 -0.2255572 0.9555087 0.1900718 -1 0 5.54118e-7 -0.0791462 0.8288565 0.5538348 -0.07914388 0.8288626 0.5538261 -0.2255575 0.8100419 0.5412542 -0.2255577 0.8100412 0.5412551 -1 5.31555e-6 1.57793e-6 -1 -7.97338e-6 2.36154e-6 -1 6.64444e-6 2.78564e-6 -1 -1.06311e-5 2.78564e-6 -1 2.65779e-6 2.36156e-6 -1 0 1.57792e-6 -1 0 5.54105e-7 -1 0 -5.54093e-7 -0.07914453 -0.8288573 0.5538337 -0.07914531 -0.5538225 0.8288647 -0.07914841 -0.1944798 0.9777081 -0.07914072 -0.5538283 0.8288614 -0.07914549 0.5538239 0.8288638 -0.07914209 0.1944788 0.9777088 -0.07915312 0.1944799 0.9777078 -0.07914113 -0.1944772 0.9777092 -0.07914394 0.5538295 0.8288601 -0.2255573 -0.9555107 0.1900614 -0.2255581 -0.955511 -0.1900586 -0.2255585 -0.9555095 0.1900659 -0.2255579 -0.8100417 0.5412541 -0.2255572 0.5412528 0.8100429 -0.2255582 0.541257 0.8100398 -0.2255561 0.1900626 0.9555107 -0.2255576 -0.1900625 0.9555104 -0.225558 0.1900634 0.9555101 -0.2255569 -0.1900606 0.955511 -0.2255584 -0.5412511 0.8100436 -0.225558 -0.8100441 0.5412507 -0.2255575 -0.541253 0.8100427 -0.4869319 0.1754778 -0.8556313 -0.6131457 0.3233734 -0.7207511 -0.2539066 -0.1860622 -0.9491641 -0.2498169 0.1915157 -0.9491646 -0.6200018 -0.3100253 -0.7207511 -0.4906163 -0.1648971 -0.8556312 -0.2460419 0.5403523 -0.8046631 -0.2460395 0.5403528 -0.8046635 -0.3652421 0.5199362 -0.7721817 -0.4626942 0.6183659 -0.6352462 -0.2498179 0.1915172 -0.949164 -0.6825631 0.3300022 -0.6520785 -0.7197707 0.330707 -0.6103794 -0.6702967 0.5848399 -0.4567983 -0.6895596 -0.3151569 -0.6520612 0.1166933 -0.1949826 -0.9738401 -0.253903 -0.1860606 -0.9491654 0.1208888 0.1924113 -0.9738397 -0.4940201 -0.4793586 -0.7253686 -0.2576822 -0.5349023 -0.8046612 -0.3831425 -0.6105309 -0.6931477 -0.6828797 -0.5701131 -0.4567783 -0.7268543 -0.3149779 -0.6103048 0.1277301 0.8242444 -0.5516395 0.1277291 0.8242467 -0.5516363 0.1247637 0.5503177 -0.8255814 0.1247643 0.5503156 -0.8255826 -0.2431485 0.8073452 -0.5376549 -0.2431504 0.8073412 -0.5376598 -0.3317309 0.7855075 -0.5224298 -0.3587892 0.8010142 -0.4792147 0.1208881 0.1924104 -0.9738401 -0.7172831 0.6252803 -0.3074566 -0.7002276 0.6383713 -0.3196305 -0.7146126 0.5678727 -0.4084722 -0.00211215 -0.1950793 -0.9807852 0.002111196 0.1950781 -0.9807854 0.006015002 0.5555365 -0.8314705 0.006014406 0.5555367 -0.8314703 0.002111792 0.1950797 -0.9807852 0.1166931 -0.194985 -0.9738397 -0.9999414 0.01082515 0 -0.9999414 0.01082611 0 -0.2576808 -0.534898 -0.8046645 0.1128174 -0.5528886 -0.8255826 0.112819 -0.5528883 -0.8255826 -0.376051 -0.7930585 -0.4792118 -0.3486598 -0.7781418 -0.5224289 -0.2605716 -0.8018903 -0.5376563 -0.7266426 -0.5524135 -0.4084483 -0.7306155 -0.6096668 -0.3074207 -0.7138731 -0.6230559 -0.3196666 -0.002112805 -0.1950792 -0.9807853 -0.006014943 -0.5555368 -0.8314703 -0.9999415 0.01082277 -4.55032e-7 -0.9999415 0.01082545 1.44783e-7 0.129334 0.9724959 -0.1937121 -0.9999415 0.01082539 4.23489e-6 -0.2415852 0.9518353 -0.1888017 0.1293351 0.972496 -0.1937109 -0.2415865 0.9518346 -0.1888039 -0.330209 0.9259086 -0.1834538 -0.3302065 0.9259106 -0.1834481 -0.7107043 0.6902658 -0.135766 -0.7107028 0.6902635 -0.1357858 0.01061832 0.9807271 -0.1950935 0.0106182 0.9807278 -0.1950902 0.009001791 0.8314199 -0.5555717 0.00900197 0.8314198 -0.555572 0.9999414 -0.01082855 6.71915e-6 0.9999414 -0.01082628 1.2629e-6 0.9999414 -0.01082462 2.84174e-6 0.9999415 -0.01082682 0 0.9999414 -0.01082593 -9.1786e-6 -0.9999414 0.01083076 1.62364e-6 -0.9999415 0.01082545 -4.25558e-6 -0.9999414 0.01082545 -1.8615e-7 -0.9999415 0.01082539 4.4469e-7 -0.9999415 0.0108208 0 -0.9999415 0.01082611 0 -0.9999414 0.01083076 -1.64432e-6 -0.9999414 0.01082545 1.9494e-6 -0.9999414 0.01082545 -2.98227e-6 -0.9999415 0.01082545 3.02493e-6 -0.9999414 0.01082813 -1.94423e-6 0.1098517 -0.8268202 -0.551635 -0.2605725 -0.8018904 -0.537656 0.1098538 -0.8268215 -0.5516325 -0.3501787 -0.918542 -0.1834548 -0.3501771 -0.9185432 -0.1834511 -0.725428 -0.6747794 -0.1357466 -0.7254977 -0.6746987 -0.1357754 -0.2621385 -0.9463811 -0.1888027 -0.006014585 -0.5555381 -0.8314693 -0.009001374 -0.8314204 -0.555571 -0.01061844 -0.9807276 -0.1950917 -0.009002208 -0.83142 -0.5555715 0.1293351 0.9724962 0.1937108 0.1293339 0.9724968 0.1937079 -0.241586 0.9518346 0.1888045 -0.2415862 0.9518352 0.1888015 -0.3302085 0.9259091 0.1834526 -0.3302068 0.9259106 0.1834475 -0.710716 0.6902552 0.1357598 -0.710694 0.6902739 0.1357794 0.0106191 0.980728 0.1950892 0.01061809 0.9807278 0.1950902 0.9999414 -0.01082581 2.69785e-7 0.9657327 -0.01045507 0.2593284 0.9657316 -0.0104556 0.2593323 0.9999414 -0.01082497 -2.67678e-7 -0.01061809 -0.9807282 -0.1950885 0.1277288 0.8242461 0.5516375 0.1277293 0.8242468 0.5516363 0.1247634 0.5503193 0.8255804 0.1247653 0.5503169 0.8255817 0.1208882 0.1924111 0.9738398 0.1166964 -0.1949832 0.9738395 0.1166934 -0.1949834 0.9738399 0.1208887 0.1924112 0.9738398 0.112822 -0.5528916 0.82558 0.1128193 -0.5528874 0.825583 0.1098554 -0.8268199 0.5516347 0.1082494 -0.9750688 0.1937087 0.1098535 -0.8268193 0.551636 0.1082491 -0.9750683 -0.1937112 0.1082487 -0.9750686 -0.19371 0.1082487 -0.9750691 0.1937077 -0.2621363 -0.9463819 -0.1888012 -0.3501759 -0.9185437 0.1834508 -0.3501778 -0.9185425 0.1834536 -0.2621384 -0.9463813 0.1888016 -0.7254808 -0.6747207 0.1357564 -0.7255187 -0.6746759 0.1357767 -0.01061797 -0.980728 0.1950891 -0.2431499 0.8073455 0.5376537 -0.2431514 0.8073397 0.5376616 -0.331728 0.7855077 0.522431 -0.3317285 0.7855093 0.5224284 -0.7117592 0.5864517 0.3866178 -0.7118564 0.5863058 0.38666 0.00900197 0.8314213 0.5555696 0.009002089 0.8314204 0.555571 0.6195198 -0.006707489 0.7849524 0.6195203 -0.006707251 0.7849521 -0.01061767 -0.9807277 0.1950913 -0.009001135 -0.831421 0.5555702 -0.009001493 -0.831421 0.55557 -0.2460421 0.540356 0.8046606 -0.249816 0.1915159 0.9491648 -0.2460393 0.5403548 0.8046623 -0.2539048 -0.1860606 0.9491648 -0.2539072 -0.1860612 0.949164 -0.2576827 -0.5349018 0.8046613 -0.2498154 0.1915159 0.9491649 -0.2576823 -0.5348988 0.8046634 -0.260572 -0.8018898 0.5376571 -0.2621362 -0.9463824 0.1887992 -0.2605737 -0.8018886 0.5376578 -0.348657 -0.7781425 0.5224295 -0.72441 -0.5707186 0.3866659 -0.3486563 -0.7781434 0.5224288 -0.724366 -0.5708115 0.3866114 -0.3345372 0.5260803 0.7818723 -0.7138524 0.394384 0.5786848 -0.7139434 0.3942775 0.578645 -0.3345369 0.526085 0.7818694 0.006009995 0.5555426 0.8314663 0.006014108 0.5555405 0.8314678 0.5751757 -0.006227254 0.8180063 0.5751786 -0.006227791 0.8180042 -0.006015479 -0.5555405 0.8314678 -0.006016373 -0.5555297 0.831475 -0.7222765 -0.3788379 0.5786178 -0.3382078 0.187125 0.9222797 -0.3421784 -0.1797588 0.9222802 -0.345848 -0.5187166 0.7818711 -0.342179 -0.1797597 0.9222798 -0.3382064 0.1871247 0.9222802 -0.3458473 -0.5187143 0.7818729 -0.7222834 -0.3788409 0.5786073 -0.7166617 0.1435168 0.6824946 -0.7165814 0.1435623 0.6825695 0.002112567 0.1950787 0.9807853 0.8288075 -0.008975446 0.5594618 0.002126097 0.1950812 0.9807848 -0.002112984 -0.195078 0.9807856 -0.002102673 -0.1950753 0.980786 -0.7195711 -0.1279805 0.6825237 -0.7195849 -0.127986 0.6825081 0.2588653 -0.8031271 -0.5366337 0.258867 -0.8031287 -0.5366305 0.2620083 -0.9465221 -0.1882755 0.006165087 -0.8314533 -0.5555605 0.004073381 -0.980777 -0.1950893 0.004073381 -0.9807773 -0.1950879 0.007011353 -0.5555562 -0.8314495 0.005425572 -0.8303658 -0.5571923 0.256457 -0.5369883 -0.8036626 0.2564561 -0.5369895 -0.803662 1 -2.7752e-6 0 0.2620082 -0.9465225 -0.1882737 0.2653998 -0.9456127 0.1880947 0.001809537 -0.9807838 0.1950893 0.001809298 -0.9807836 0.1950906 -0.08460134 -0.8277605 -0.5546668 -0.08461838 -0.9772688 -0.1943849 -0.0846126 -0.9772691 0.1943856 -0.08463042 -0.9772651 0.1943979 -0.08462446 -0.9772673 -0.1943897 0.007875323 -0.1950839 -0.980755 0.25515 -0.1886321 -0.9483229 0.007011473 -0.5555558 -0.8314498 -0.07040125 -0.5541937 -0.8294053 -0.07039642 -0.8294055 -0.5541939 0.2551515 -0.1886336 -0.9483222 1 3.46901e-7 0 1 1.73451e-6 0 1 1.3876e-6 0 1 -3.12211e-6 0 1 -1.0407e-6 0 1 4.16282e-6 0 1 -1.38761e-6 0 0.265399 -0.9456133 0.1880925 0.2685234 -0.8009321 0.5351664 -0.06324625 -0.8298047 0.5544583 -0.001376032 -0.701071 0.7130903 -0.3274409 -0.6165381 0.716005 -0.07556742 -0.621731 0.779577 -1 1.75498e-6 0 -1 -9.08437e-7 0 -1 -2.51299e-6 0 0.007876276 -0.1950852 -0.9807547 0.007875978 0.1950821 -0.9807553 0.2551514 0.1886313 -0.9483228 0.2551496 0.1886334 -0.9483228 -0.07038402 -0.194611 -0.978352 -0.07036721 -0.5541885 -0.8294116 -1 9.33645e-7 0 0.2564573 0.536989 -0.803662 0.2685219 -0.8009333 0.5351653 0.2709087 -0.5347959 0.8003761 0.2709085 -0.5347943 0.8003772 0.2721972 -0.1877237 0.9437524 0.2721967 -0.1877243 0.9437524 0.2721965 0.1877235 0.9437526 0.2721976 0.1877263 0.9437518 0.270909 0.5347957 0.8003762 0.2709088 0.5347955 0.8003764 0.2685232 0.8009319 0.5351669 0.2685226 0.8009321 0.5351668 0.2653988 0.9456134 0.1880927 0.2653985 0.9456137 0.1880921 0.2620086 0.9465216 -0.1882775 0.2620083 0.9465221 -0.188276 0.258866 0.8031272 -0.5366331 0.2588669 0.8031266 -0.5366336 0.2564557 0.5369882 -0.803663 -0.10552 -0.5524691 0.8268274 -0.09894859 -0.5466657 0.8314841 -0.4423988 -0.02318632 0.8965187 -0.375051 0 0.9270042 -1 2.36969e-7 0 -1 -9.08439e-7 0 -1 1.75497e-6 0 -1 -1.25649e-6 0 -1 1.46776e-6 0 -1 9.33643e-7 0 -1 -9.47882e-7 0 -0.07041966 -0.1945994 -0.9783517 0.00787568 0.1950846 -0.9807548 -0.07040822 0.1946008 -0.9783523 -0.07038998 0.1946066 -0.9783525 0.007012009 0.5555559 -0.8314496 -0.02572244 -0.1950241 0.9804611 -0.1209744 -0.2339216 0.9647 -0.1218476 0.1936373 0.9734773 -0.02510124 0.2912036 0.9563317 -0.0984143 0.5528736 0.8274332 -0.1066179 0.5378457 0.8362743 -2.8259e-4 0.8314713 0.5555679 -0.08462011 0.6871216 0.7215978 0.001809716 0.9807835 0.1950908 0.001809179 0.9807833 0.1950921 0.004073381 0.9807764 -0.1950926 0.00407356 0.9807768 -0.1950907 0.005415678 0.8314566 -0.5555635 0.006173014 0.8303593 -0.5571942 0.007011651 0.5555551 -0.8314501 -0.442519 -0.01097369 0.896692 -0.446311 2.49773e-6 0.894878 -0.08461779 0.9772676 -0.1943911 -0.08464521 0.9772636 -0.1943989 -0.08461546 0.8284829 -0.553585 -0.07041788 0.8286214 -0.5553629 -0.07039505 0.5542106 -0.8293945 -0.07040244 0.5541756 -0.8294172 -0.08464062 0.9772657 0.1943907 -0.07555371 0.6217466 0.7795658 -0.08460491 0.9772697 0.1943864 -0.3274393 0.6165404 0.7160039 -0.3786972 0.145625 0.9139922 -0.4425738 0 0.8967322 -0.4425222 0.01097375 0.8966904 -0.4463096 0 0.8948787 0.8660253 -0.5000002 0 0.8660256 -0.4999998 0 0.8660256 0.4999998 0 0.8660253 0.5000002 0 -0.8660253 0.5000002 0 -0.8660253 -0.5000002 0 -0.8660242 -0.5000022 0 0.8660245 -0.5000018 0 0.8660258 -0.4999994 0 0.8660258 0.4999994 0 -0.8660258 0.4999994 0 -0.8660258 -0.4999994 0 -0.8660249 0.5000011 0 -0.8660249 -0.5000011 0 0.8660247 -0.5000013 0 -0.8660247 -0.5000013 0 0.8660249 -0.5000011 0 0.8660249 0.5000011 0 0.8660238 -0.500003 0 -0.8660238 -0.500003 0 -0.8660268 0.4999977 0 -0.8660268 -0.4999977 0 0.8660286 -0.4999944 0 0.8660286 0.4999944 0 -0.8660286 0.4999944 0 -0.8660286 -0.4999944 0 -0.8660275 -0.4999964 0 0 0.5000011 0.8660249 0 0.4999994 0.8660258 0 0.5000011 -0.8660249 0 -0.5000011 0.8660249 0 -0.4999994 0.8660258 0 -0.5000011 -0.8660249 0 -0.4999994 -0.8660258 0 0.4999994 -0.8660258 0 0.4999992 0.866026 0 0.4999986 0.8660263 0 0.4999967 0.8660274 0 -0.4999986 0.8660263 0 0.4999992 -0.866026 0 0.4999976 -0.8660269 0 0.4999976 0.8660269 0 -0.500003 0.8660238 0 -0.5000013 0.8660247 0 -0.500003 -0.8660238 0 -0.5000005 0.8660252 0 -0.5000013 -0.8660247 -0.4999994 0 0.8660258 -0.4999994 0 -0.8660258 0.4999994 0 0.8660258 0.4999994 0 -0.8660258 -0.5000011 0 -0.8660249 0.5000011 0 -0.8660249 0.4999977 0 0.8660268 -0.4999977 0 0.8660268 0.4999985 0 -0.8660264 0.4999985 0 0.8660264 -0.5000004 0 0.8660253 0.5000001 0 -0.8660253 -0.500002 0 -0.8660243 0.4999999 0 -0.8660256 -0.4999989 0 -0.8660261 -0.4999989 0 0.8660261 0.4999999 0 0.8660256 -0.4999987 0 0.8660262 0.4999969 0 0.8660274 -0.5000004 0 -0.8660253 -0.4999973 0 0.866027 0.4999982 0 0.8660265 0.5000016 0 -0.8660246 -0.5000007 0 -0.8660252 1.37275e-6 0 -1 -1.37275e-6 0 -1 3.03786e-6 0 -1 -1.39642e-6 0 -1 1.39642e-6 0 -1 -3.03782e-6 0 -1 1.37275e-6 0 -1 -1.39642e-6 0 -1 0 -0.9999989 0.001502871 0 -1 -7.83082e-6 0 -1 5.87312e-6 0 -1 3.91541e-6 0 -1 -7.83083e-6 0 -1 5.87314e-6 0 -1 3.91539e-6 0 -1 -1.33685e-5 0 -1 -6.68423e-6 0 -1 1.33684e-5 0 -0.9999998 7.51442e-4 0 -1 7.74481e-6 0 -1 -7.74476e-6 0 -1 7.74479e-6 0 -0.9999998 7.51443e-4 0 -1 -7.74473e-6 0 -1 7.78756e-6 0 -1 -7.78757e-6 0 -1 7.78758e-6 0 -1 -7.78753e-6 0 -1 -1.16492e-5 0 -1 -7.78756e-6 0 -1 -1.16492e-5 0 -1 7.78757e-6 0 -1 -3.8938e-6 0 -1 5.82459e-6 0 -1 -3.89379e-6 0 -1 -7.78756e-6 0 -1 7.78757e-6 0 -1 -7.78758e-6 0 -1 5.84065e-6 0 -1 7.78756e-6 0 -1 -7.78758e-6 0 -1 7.78753e-6 0 -1 -1.9362e-6 0 -1 2.88842e-6 0 -1 -1.93619e-6 -1 -1.13673e-5 0 -1 7.11313e-6 0 -1 -9.81995e-6 0 -1 -5.68364e-6 0 -1 2.84182e-6 0 -1 -7.11315e-6 0 -1 9.82e-6 0 -1 -4.35303e-6 0 -1 5.68364e-6 0 -1 -3.67511e-6 0 -1 7.35024e-6 0 -1 4.35303e-6 0 1.58279e-6 0 1 -8.05036e-7 0 1 6.20862e-7 0 1 -1.58279e-6 0 1 3.03786e-6 0 1 1.61007e-6 0 1 -3.03782e-6 0 1 -2.50844e-7 0 1 -1.24173e-6 0 1 3.16557e-6 0 1 5.11207e-7 0 1 -1.61008e-6 0 1 2.50842e-7 0 1 -6.81611e-7 0 1 0 1 -5.87309e-6 0 1 3.91541e-6 0 1 -5.87312e-6 0 1 3.91542e-6 0 1 2.6042e-5 0 1 -5.20838e-5 0 1 7.78756e-6 0 1 -7.78757e-6 0 1 7.78757e-6 0 1 -7.78754e-6 0 1 -2.6042e-5 0 1 2.60421e-5 0 1 5.2084e-5 0 1 -7.74479e-6 0 1 7.74479e-6 0 1 -7.74476e-6 0 1 7.74475e-6 0 1 -5.82455e-6 0 1 3.89378e-6 0 1 -5.82458e-6 0 1 3.89379e-6 0 1 -1.16814e-5 0 1 7.78756e-6 0 1 5.82459e-6 0 1 -1.16813e-5 0 1 1.16492e-5 0 1 7.78758e-6 0 1 -1.55751e-5 0 1 1.16492e-5 0 1 -1.15537e-5 0 1 7.74477e-6 0 1 -1.15537e-5 0 1 5.80855e-6 0 1 2.60421e-5 0 1 -2.60421e-5 0 1 2.91228e-6 0 1 -1.94689e-6 0 1 2.91229e-6 0 1 -1.9469e-6 1 2.02438e-6 0 1 -1.9577e-5 0 1 6.1252e-6 0 1 -5.24359e-6 0 1 -1.76704e-5 0 1 -2.02438e-6 0 1 3.9154e-5 0 1 -2.21036e-5 0 1 1.76703e-5 0 1 -1.89515e-6 0 1 -2.93796e-6 0 1 4.89425e-6 0 1 -7.35023e-6 0 1 3.67511e-6 0 1 -6.1252e-6 0 1 -4.89425e-6 0 1 2.93796e-6 0 1 1.22504e-5 0 1 7.35021e-6 0 1 7.35023e-6 0 1 1.95769e-5 0 1 3.67511e-6 0 -0.1893945 0.1935438 -0.9626373</float_array>
          <technique_common>
            <accessor source="#geometry_f44b781c_b8b1_42f6_a000_4d6869c42b37-mesh-normals-array" count="10053" stride="3">
              <param name="X" type="float"/>
              <param name="Y" type="float"/>
              <param name="Z" type="float"/>
            </accessor>
          </technique_common>
        </source>
        <vertices id="geometry_f44b781c_b8b1_42f6_a000_4d6869c42b37-mesh-vertices">
          <input semantic="POSITION" source="#geometry_f44b781c_b8b1_42f6_a000_4d6869c42b37-mesh-positions"/>
        </vertices>
        <triangles material="mat_1-material" count="10142">
          <input semantic="VERTEX" source="#geometry_f44b781c_b8b1_42f6_a000_4d6869c42b37-mesh-vertices" offset="0"/>
          <input semantic="NORMAL" source="#geometry_f44b781c_b8b1_42f6_a000_4d6869c42b37-mesh-normals" offset="1"/>
          <p>2702 0 2703 0 2700 0 2704 1 2705 1 2700 1 2700 2 2706 2 2704 2 2706 3 2700 3 2703 3 2700 4 2705 4 2707 4 2707 5 2701 5 2700 5 2701 6 2708 6 2709 6 2709 7 2702 7 2701 7 2708 8 2701 8 2707 8 2702 9 2709 9 2710 9 2710 10 2711 10 2702 10 2703 11 2702 11 2711 11 2703 12 2712 12 2706 12 2712 13 2703 13 2713 13 2711 14 2713 14 2703 14 2714 15 2715 15 2704 15 2704 16 2716 16 2714 16 2716 17 2704 17 2706 17 2705 18 2704 18 2715 18 2715 19 2717 19 2705 19 2707 20 2705 20 2717 20 2706 21 2718 21 2716 21 2718 22 2706 22 2712 22 2719 23 2707 23 2720 23 2717 24 2720 24 2707 24 2707 25 2719 25 2708 25 2708 26 2721 26 2722 26 2722 27 2709 27 2708 27 2721 28 2708 28 2719 28 2709 29 2722 29 2723 29 2723 30 2710 30 2709 30 2710 31 2723 31 2724 31 2724 32 2725 32 2710 32 2711 33 2710 33 2725 33 2711 34 2726 34 2727 34 2727 35 2713 35 2711 35 2725 36 2726 36 2711 36 2728 37 2712 37 2729 37 2712 38 2728 38 2718 38 2713 39 2729 39 2712 39 2729 40 2713 40 2727 40 2730 41 2714 41 2716 41 2731 42 2732 42 2714 42 2714 43 2730 43 2731 43 2715 44 2714 44 2732 44 2732 45 2733 45 2715 45 2717 46 2715 46 2733 46 2716 47 2734 47 2730 47 2734 48 2716 48 2718 48 2733 49 2735 49 2717 49 2720 50 2717 50 2735 50 2718 51 2736 51 2734 51 2736 52 2718 52 2728 52 2720 53 2737 53 2719 53 2738 54 2719 54 2737 54 2719 55 2738 55 2721 55 2737 56 2720 56 2739 56 2735 57 2739 57 2720 57 2740 58 2721 58 2738 58 2721 59 2740 59 2741 59 2741 60 2722 60 2721 60 2722 61 2741 61 2742 61 2742 62 2723 62 2722 62 2723 63 2742 63 2743 63 2743 64 2724 64 2723 64 2725 65 2724 65 2744 65 2724 66 2743 66 2745 66 2745 67 2744 67 2724 67 2744 68 2746 68 2725 68 2726 69 2725 69 2746 69 2727 70 2726 70 2747 70 2746 71 2747 71 2726 71 2727 72 2748 72 2729 72 2748 73 2727 73 2749 73 2747 74 2749 74 2727 74 2750 75 2728 75 2751 75 2728 76 2750 76 2736 76 2729 77 2751 77 2728 77 2751 78 2729 78 2748 78 2752 79 2731 79 2730 79 2730 80 2753 80 2752 80 2753 81 2730 81 2734 81 2754 82 2755 82 2731 82 2731 83 2752 83 2754 83 2732 84 2731 84 2755 84 2755 85 2756 85 2732 85 2733 86 2732 86 2756 86 2756 87 2757 87 2733 87 2735 88 2733 88 2757 88 2734 89 2758 89 2753 89 2758 90 2734 90 2736 90 2757 91 2759 91 2735 91 2739 92 2735 92 2759 92 2760 93 2736 93 2750 93 2736 94 2760 94 2758 94 2761 95 2737 95 2762 95 2739 96 2762 96 2737 96 2737 97 2761 97 2738 97 2763 98 2738 98 2761 98 2738 99 2763 99 2740 99 2762 100 2739 100 2764 100 2759 101 2764 101 2739 101 2765 102 2740 102 2763 102 2740 103 2765 103 2766 103 2766 104 2741 104 2740 104 2741 105 2766 105 2767 105 2767 106 2742 106 2741 106 2742 107 2767 107 2768 107 2768 108 2743 108 2742 108 2743 109 2768 109 2769 109 2769 110 2745 110 2743 110 2744 111 2770 111 2746 111 2745 112 2770 112 2744 112 2769 113 2770 113 2745 113 2746 114 2770 114 2747 114 2747 115 2770 115 2749 115 2748 116 2771 116 2751 116 2771 117 2748 117 2772 117 2749 118 2772 118 2748 118 2749 119 2770 119 2772 119 2750 120 2773 120 2760 120 2773 121 2750 121 2774 121 2751 122 2774 122 2750 122 2774 123 2751 123 2771 123 2775 124 2754 124 2752 124 2752 125 2776 125 2775 125 2776 126 2752 126 2753 126 2753 127 2777 127 2776 127 2777 128 2753 128 2758 128 2778 129 2754 129 2775 129 2755 130 2754 130 2778 130 2778 131 2756 131 2755 131 2778 132 2757 132 2756 132 2778 133 2759 133 2757 133 2779 134 2758 134 2760 134 2758 135 2779 135 2777 135 2778 136 2764 136 2759 136 2760 137 2780 137 2779 137 2780 138 2760 138 2773 138 2762 139 2781 139 2761 139 2761 140 2782 140 2763 140 2782 141 2761 141 2781 141 2764 142 2783 142 2762 142 2781 143 2762 143 2783 143 2763 144 2784 144 2765 144 2784 145 2763 145 2782 145 2778 146 2783 146 2764 146 2765 147 2785 147 2786 147 2786 148 2766 148 2765 148 2785 149 2765 149 2784 149 2766 150 2786 150 2787 150 2787 151 2767 151 2766 151 2767 152 2787 152 2788 152 2788 153 2768 153 2767 153 2768 154 2788 154 2789 154 2789 155 2769 155 2768 155 2789 156 2770 156 2769 156 2790 157 2770 157 2789 157 2791 158 2770 158 2790 158 2792 159 2770 159 2791 159 2793 160 2770 160 2792 160 2794 161 2770 161 2793 161 2795 162 2770 162 2794 162 2796 163 2770 163 2795 163 2797 164 2770 164 2796 164 2772 165 2770 165 2797 165 2771 166 2798 166 2774 166 2798 167 2771 167 2797 167 2772 168 2797 168 2771 168 2773 169 2799 169 2780 169 2799 170 2773 170 2800 170 2774 171 2800 171 2773 171 2800 172 2774 172 2798 172 2778 173 2775 173 2801 173 2801 174 2775 174 2776 174 2776 175 2802 175 2801 175 2802 176 2776 176 2777 176 2803 177 2777 177 2779 177 2777 178 2803 178 2802 178 2778 179 2804 179 2783 179 2778 180 2805 180 2804 180 2778 181 2806 181 2805 181 2778 182 2807 182 2806 182 2778 183 2808 183 2807 183 2778 184 2809 184 2808 184 2778 185 2810 185 2809 185 2778 186 2801 186 2810 186 2779 187 2811 187 2803 187 2811 188 2779 188 2780 188 2780 189 2812 189 2811 189 2812 190 2780 190 2799 190 2783 191 2804 191 2781 191 2813 192 2781 192 2804 192 2781 193 2813 193 2782 193 2814 194 2782 194 2813 194 2782 195 2814 195 2784 195 2815 196 2784 196 2814 196 2784 197 2815 197 2785 197 2816 198 2785 198 2815 198 2785 199 2816 199 2817 199 2817 200 2786 200 2785 200 2786 201 2817 201 2818 201 2818 202 2787 202 2786 202 2787 203 2818 203 2819 203 2819 204 2788 204 2787 204 2788 205 2819 205 2790 205 2790 206 2789 206 2788 206 2791 207 2790 207 2819 207 2819 208 2820 208 2791 208 2792 209 2791 209 2820 209 2820 210 2821 210 2792 210 2793 211 2792 211 2821 211 2821 212 2822 212 2793 212 2794 213 2793 213 2822 213 2822 214 2823 214 2794 214 2795 215 2794 215 2823 215 2823 216 2824 216 2795 216 2796 217 2795 217 2824 217 2824 218 2798 218 2796 218 2797 219 2796 219 2798 219 2798 220 2824 220 2800 220 2799 221 2825 221 2812 221 2825 222 2799 222 2826 222 2800 223 2826 223 2799 223 2826 224 2800 224 2824 224 2810 225 2801 225 2802 225 2827 226 2802 226 2803 226 2802 227 2827 227 2810 227 2803 228 2828 228 2827 228 2828 229 2803 229 2811 229 2804 230 2805 230 2813 230 2805 231 2806 231 2829 231 2829 232 2813 232 2805 232 2806 233 2807 233 2830 233 2830 234 2829 234 2806 234 2807 235 2808 235 2831 235 2831 236 2830 236 2807 236 2808 237 2809 237 2832 237 2832 238 2831 238 2808 238 2809 239 2810 239 2827 239 2827 240 2832 240 2809 240 2811 241 2833 241 2828 241 2833 242 2811 242 2812 242 2812 243 2834 243 2833 243 2834 244 2812 244 2825 244 2813 245 2829 245 2814 245 2835 246 2814 246 2829 246 2814 247 2835 247 2815 247 2836 248 2815 248 2835 248 2815 249 2836 249 2816 249 2837 250 2816 250 2836 250 2816 251 2837 251 2838 251 2838 252 2817 252 2816 252 2817 253 2838 253 2839 253 2839 254 2818 254 2817 254 2818 255 2839 255 2820 255 2820 256 2819 256 2818 256 2821 257 2820 257 2839 257 2839 258 2840 258 2821 258 2822 259 2821 259 2840 259 2840 260 2841 260 2822 260 2823 261 2822 261 2841 261 2841 262 2826 262 2823 262 2824 263 2823 263 2826 263 2842 264 2825 264 2841 264 2825 265 2842 265 2834 265 2826 266 2841 266 2825 266 2832 267 2827 267 2828 267 2828 268 2843 268 2832 268 2843 269 2828 269 2833 269 2829 270 2830 270 2835 270 2830 271 2831 271 2844 271 2844 272 2835 272 2830 272 2831 273 2832 273 2843 273 2843 274 2844 274 2831 274 2833 275 2845 275 2843 275 2845 276 2833 276 2834 276 2837 277 2834 277 2842 277 2834 278 2837 278 2845 278 2835 279 2844 279 2836 279 2836 280 2845 280 2837 280 2845 281 2836 281 2844 281 2842 282 2838 282 2837 282 2838 283 2842 283 2840 283 2840 284 2839 284 2838 284 2841 285 2840 285 2842 285 2844 286 2843 286 2845 286 2846 287 2847 287 2848 287 2848 288 2849 288 2846 288 2850 289 2846 289 2849 289 2847 290 2846 290 2851 290 2852 291 2851 291 2846 291 2846 292 2850 292 2852 292 2847 293 2853 293 2854 293 2854 294 2848 294 2847 294 2851 295 2855 295 2847 295 2853 296 2847 296 2855 296 2849 297 2848 297 2856 297 2848 298 2854 298 2857 298 2857 299 2856 299 2848 299 2849 300 2858 300 2850 300 2856 301 2859 301 2849 301 2858 302 2849 302 2859 302 2860 303 2850 303 2858 303 2861 304 2852 304 2850 304 2850 305 2860 305 2861 305 2862 306 2855 306 2851 306 2851 307 2852 307 2862 307 2862 308 2852 308 2861 308 2855 309 2863 309 2853 309 2853 310 2864 310 2865 310 2865 311 2854 311 2853 311 2864 312 2853 312 2863 312 2854 313 2865 313 2866 313 2866 314 2857 314 2854 314 2862 315 2863 315 2855 315 2859 316 2856 316 2867 316 2856 317 2857 317 2868 317 2868 318 2867 318 2856 318 2857 319 2866 319 2869 319 2869 320 2868 320 2857 320 2859 321 2870 321 2858 321 2858 322 2871 322 2860 322 2871 323 2858 323 2870 323 2867 324 2872 324 2859 324 2870 325 2859 325 2872 325 2873 326 2860 326 2871 326 2874 327 2861 327 2860 327 2860 328 2873 328 2874 328 2861 329 2874 329 2862 329 2862 330 2875 330 2863 330 2862 331 2876 331 2875 331 2862 332 2877 332 2876 332 2862 333 2878 333 2877 333 2862 334 2879 334 2878 334 2862 335 2880 335 2879 335 2881 336 2880 336 2862 336 2882 337 2881 337 2862 337 2883 338 2882 338 2862 338 2862 339 2884 339 2883 339 2862 340 2874 340 2884 340 2863 341 2875 341 2864 341 2864 342 2885 342 2886 342 2886 343 2865 343 2864 343 2864 344 2875 344 2876 344 2876 345 2885 345 2864 345 2865 346 2886 346 2887 346 2887 347 2866 347 2865 347 2866 348 2887 348 2888 348 2888 349 2869 349 2866 349 2889 350 2872 350 2867 350 2867 351 2890 351 2889 351 2867 352 2868 352 2891 352 2891 353 2890 353 2867 353 2868 354 2869 354 2892 354 2892 355 2891 355 2868 355 2869 356 2888 356 2893 356 2893 357 2892 357 2869 357 2870 358 2894 358 2871 358 2895 359 2894 359 2870 359 2870 360 2896 360 2895 360 2872 361 2896 361 2870 361 2871 362 2897 362 2873 362 2897 363 2871 363 2894 363 2896 364 2872 364 2889 364 2898 365 2873 365 2897 365 2884 366 2874 366 2873 366 2873 367 2898 367 2884 367 2876 368 2877 368 2899 368 2899 369 2885 369 2876 369 2877 370 2878 370 2900 370 2900 371 2899 371 2877 371 2878 372 2879 372 2901 372 2901 373 2900 373 2878 373 2879 374 2880 374 2902 374 2902 375 2901 375 2879 375 2880 376 2881 376 2903 376 2903 377 2902 377 2880 377 2881 378 2882 378 2904 378 2904 379 2903 379 2881 379 2882 380 2883 380 2905 380 2905 381 2904 381 2882 381 2883 382 2884 382 2898 382 2898 383 2905 383 2883 383 2885 384 2899 384 2906 384 2906 385 2886 385 2885 385 2886 386 2906 386 2907 386 2907 387 2887 387 2886 387 2887 388 2907 388 2908 388 2908 389 2888 389 2887 389 2888 390 2908 390 2909 390 2909 391 2893 391 2888 391 2889 392 2890 392 2910 392 2910 393 2911 393 2889 393 2912 394 2913 394 2889 394 2889 395 2911 395 2912 395 2889 396 2913 396 2896 396 2910 397 2890 397 2891 397 2891 398 2914 398 2910 398 2891 399 2892 399 2915 399 2915 400 2914 400 2891 400 2892 401 2893 401 2916 401 2916 402 2915 402 2892 402 2893 403 2909 403 2917 403 2917 404 2916 404 2893 404 2918 405 2894 405 2895 405 2894 406 2918 406 2897 406 2895 407 2896 407 2913 407 2913 408 2919 408 2895 408 2895 409 2920 409 2918 409 2920 410 2895 410 2919 410 2921 411 2897 411 2918 411 2897 412 2921 412 2898 412 2905 413 2898 413 2921 413 2899 414 2900 414 2922 414 2922 415 2906 415 2899 415 2900 416 2901 416 2923 416 2923 417 2922 417 2900 417 2923 418 2901 418 2902 418 2902 419 2924 419 2923 419 2902 420 2903 420 2925 420 2925 421 2924 421 2902 421 2903 422 2904 422 2926 422 2926 423 2925 423 2903 423 2904 424 2905 424 2927 424 2927 425 2926 425 2904 425 2921 426 2927 426 2905 426 2906 427 2922 427 2928 427 2928 428 2907 428 2906 428 2907 429 2928 429 2929 429 2929 430 2908 430 2907 430 2908 431 2929 431 2930 431 2930 432 2909 432 2908 432 2909 433 2930 433 2931 433 2931 434 2917 434 2909 434 2911 435 2910 435 2932 435 2910 436 2914 436 2933 436 2933 437 2932 437 2910 437 2932 438 2934 438 2911 438 2912 439 2911 439 2934 439 2919 440 2913 440 2912 440 2912 441 2935 441 2919 441 2935 442 2912 442 2936 442 2934 443 2936 443 2912 443 2933 444 2914 444 2915 444 2915 445 2937 445 2933 445 2915 446 2916 446 2938 446 2938 447 2937 447 2915 447 2916 448 2917 448 2939 448 2939 449 2938 449 2916 449 2917 450 2931 450 2940 450 2940 451 2939 451 2917 451 2918 452 2941 452 2921 452 2941 453 2918 453 2920 453 2919 454 2942 454 2920 454 2942 455 2919 455 2935 455 2920 456 2943 456 2941 456 2943 457 2920 457 2942 457 2927 458 2921 458 2941 458 2922 459 2923 459 2944 459 2944 460 2928 460 2922 460 2923 461 2924 461 2945 461 2945 462 2944 462 2923 462 2945 463 2924 463 2925 463 2925 464 2946 464 2945 464 2925 465 2926 465 2947 465 2947 466 2946 466 2925 466 2926 467 2927 467 2948 467 2948 468 2947 468 2926 468 2941 469 2948 469 2927 469 2928 470 2944 470 2949 470 2949 471 2929 471 2928 471 2929 472 2949 472 2950 472 2950 473 2930 473 2929 473 2930 474 2950 474 2951 474 2951 475 2931 475 2930 475 2931 476 2951 476 2952 476 2952 477 2940 477 2931 477 2934 478 2932 478 2953 478 2932 479 2933 479 2954 479 2954 480 2953 480 2932 480 2933 481 2937 481 2955 481 2955 482 2954 482 2933 482 2953 483 2956 483 2934 483 2936 484 2934 484 2956 484 2957 485 2935 485 2958 485 2935 486 2957 486 2942 486 2936 487 2958 487 2935 487 2958 488 2936 488 2959 488 2956 489 2959 489 2936 489 2955 490 2937 490 2938 490 2938 491 2960 491 2955 491 2938 492 2939 492 2961 492 2961 493 2960 493 2938 493 2939 494 2940 494 2962 494 2962 495 2961 495 2939 495 2940 496 2952 496 2963 496 2963 497 2962 497 2940 497 2948 498 2941 498 2943 498 2964 499 2942 499 2957 499 2942 500 2964 500 2943 500 2943 501 2965 501 2948 501 2965 502 2943 502 2964 502 2944 503 2945 503 2966 503 2966 504 2949 504 2944 504 2945 505 2946 505 2967 505 2967 506 2966 506 2945 506 2967 507 2946 507 2947 507 2947 508 2968 508 2967 508 2947 509 2948 509 2965 509 2965 510 2968 510 2947 510 2949 511 2966 511 2969 511 2969 512 2950 512 2949 512 2950 513 2969 513 2970 513 2970 514 2951 514 2950 514 2951 515 2970 515 2971 515 2971 516 2952 516 2951 516 2952 517 2971 517 2972 517 2972 518 2963 518 2952 518 2956 519 2953 519 2973 519 2953 520 2954 520 2973 520 2954 521 2955 521 2973 521 2960 522 2973 522 2955 522 2959 523 2956 523 2973 523 2974 524 2957 524 2975 524 2957 525 2974 525 2964 525 2958 526 2975 526 2957 526 2959 527 2976 527 2958 527 2975 528 2958 528 2976 528 2976 529 2959 529 2973 529 2960 530 2961 530 2973 530 2961 531 2962 531 2973 531 2962 532 2963 532 2973 532 2963 533 2972 533 2973 533 2977 534 2978 534 2964 534 2964 535 2974 535 2977 535 2964 536 2978 536 2965 536 2979 537 2968 537 2965 537 2965 538 2978 538 2979 538 2966 539 2967 539 2980 539 2980 540 2969 540 2966 540 2967 541 2968 541 2979 541 2979 542 2980 542 2967 542 2969 543 2980 543 2981 543 2981 544 2970 544 2969 544 2970 545 2981 545 2982 545 2982 546 2971 546 2970 546 2971 547 2982 547 2983 547 2983 548 2972 548 2971 548 2983 549 2973 549 2972 549 2983 550 2984 550 2973 550 2984 551 2985 551 2973 551 2985 552 2986 552 2973 552 2986 553 2987 553 2973 553 2987 554 2976 554 2973 554 2977 555 2974 555 2988 555 2975 556 2988 556 2974 556 2988 557 2975 557 2987 557 2976 558 2987 558 2975 558 2979 559 2978 559 2977 559 2977 560 2989 560 2979 560 2988 561 2990 561 2977 561 2989 562 2977 562 2990 562 2980 563 2979 563 2989 563 2989 564 2981 564 2980 564 2981 565 2989 565 2991 565 2991 566 2982 566 2981 566 2982 567 2991 567 2984 567 2984 568 2983 568 2982 568 2985 569 2984 569 2991 569 2991 570 2990 570 2985 570 2986 571 2985 571 2990 571 2990 572 2988 572 2986 572 2987 573 2986 573 2988 573 2990 574 2991 574 2989 574 2992 575 2993 575 2994 575 2994 576 2995 576 2992 576 2992 577 2996 577 2997 577 2997 578 2993 578 2992 578 2992 579 2995 579 2998 579 2998 580 2996 580 2992 580 2993 581 2999 581 3000 581 3000 582 2994 582 2993 582 2999 583 2993 583 2997 583 2994 584 3001 584 3002 584 3002 585 2995 585 2994 585 3001 586 2994 586 3000 586 2998 587 2995 587 3002 587 2996 588 3003 588 3004 588 3004 589 2997 589 2996 589 2998 590 3003 590 2996 590 2997 591 3005 591 2999 591 3005 592 2997 592 3004 592 2998 579 3006 579 3003 579 2998 579 3007 579 3006 579 2998 593 3008 593 3007 593 2998 594 3009 594 3008 594 2998 595 3010 595 3009 595 2998 587 3011 587 3010 587 2998 596 3012 596 3011 596 2998 597 3013 597 3012 597 2998 579 3014 579 3013 579 2998 579 3015 579 3014 579 2998 598 3016 598 3015 598 2998 599 3002 599 3016 599 2999 600 3017 600 3018 600 3018 601 3000 601 2999 601 2999 602 3005 602 3019 602 3019 603 3017 603 2999 603 3020 604 3000 604 3018 604 3000 605 3020 605 3001 605 3016 606 3002 606 3001 606 3001 607 3021 607 3016 607 3001 608 3020 608 3022 608 3022 609 3021 609 3001 609 3003 610 3006 610 3023 610 3023 611 3004 611 3003 611 3004 612 3024 612 3005 612 3024 613 3004 613 3023 613 3005 614 3024 614 3025 614 3025 615 3019 615 3005 615 3006 616 3007 616 3026 616 3026 617 3023 617 3006 617 3007 618 3008 618 3027 618 3027 619 3026 619 3007 619 3008 620 3009 620 3028 620 3028 621 3027 621 3008 621 3009 622 3010 622 3029 622 3029 623 3028 623 3009 623 3010 624 3011 624 3030 624 3030 625 3029 625 3010 625 3011 626 3012 626 3031 626 3031 627 3030 627 3011 627 3012 628 3013 628 3032 628 3032 629 3031 629 3012 629 3013 630 3014 630 3033 630 3033 631 3032 631 3013 631 3014 632 3015 632 3034 632 3034 633 3033 633 3014 633 3015 634 3016 634 3021 634 3021 635 3034 635 3015 635 3035 636 3017 636 3019 636 3018 637 3017 637 3035 637 3018 638 3036 638 3020 638 3018 639 3037 639 3038 639 3038 640 3036 640 3018 640 3035 641 3037 641 3018 641 3019 642 3039 642 3035 642 3039 643 3019 643 3025 643 3022 644 3020 644 3036 644 3021 645 3022 645 3040 645 3040 646 3034 646 3021 646 3036 647 3041 647 3022 647 3040 648 3022 648 3041 648 3023 649 3042 649 3024 649 3042 650 3023 650 3026 650 3024 651 3042 651 3043 651 3043 652 3025 652 3024 652 3025 653 3044 653 3039 653 3044 654 3025 654 3043 654 3026 655 3045 655 3042 655 3045 656 3026 656 3027 656 3027 657 3046 657 3045 657 3046 658 3027 658 3028 658 3028 659 3047 659 3046 659 3047 660 3028 660 3029 660 3029 661 3048 661 3047 661 3048 662 3029 662 3030 662 3030 663 3049 663 3048 663 3049 664 3030 664 3031 664 3031 665 3050 665 3049 665 3050 666 3031 666 3032 666 3032 667 3051 667 3050 667 3051 668 3032 668 3033 668 3033 669 3052 669 3051 669 3052 670 3033 670 3034 670 3034 671 3040 671 3052 671 3053 672 3035 672 3039 672 3053 673 3037 673 3035 673 3036 674 3038 674 3054 674 3054 675 3041 675 3036 675 3038 676 3037 676 3053 676 3054 677 3038 677 3053 677 3039 678 3044 678 3053 678 3052 679 3040 679 3055 679 3041 680 3055 680 3040 680 3041 681 3054 681 3056 681 3056 682 3055 682 3041 682 3042 683 3045 683 3057 683 3057 684 3043 684 3042 684 3043 685 3058 685 3044 685 3058 686 3043 686 3057 686 3044 687 3058 687 3053 687 3045 688 3046 688 3059 688 3059 689 3057 689 3045 689 3046 690 3047 690 3060 690 3060 691 3059 691 3046 691 3047 692 3048 692 3061 692 3061 693 3060 693 3047 693 3048 694 3049 694 3062 694 3062 695 3061 695 3048 695 3049 696 3050 696 3063 696 3063 697 3062 697 3049 697 3050 698 3051 698 3064 698 3064 699 3063 699 3050 699 3051 700 3052 700 3065 700 3065 701 3064 701 3051 701 3055 702 3065 702 3052 702 3053 703 3058 703 3066 703 3067 704 3068 704 3053 704 3053 705 3068 705 3069 705 3070 706 3071 706 3053 706 3053 707 3071 707 3072 707 3073 708 3056 708 3053 708 3053 709 3056 709 3054 709 3066 710 3067 710 3053 710 3069 711 3070 711 3053 711 3072 712 3073 712 3053 712 3055 713 3056 713 3073 713 3073 714 3065 714 3055 714 3057 715 3066 715 3058 715 3066 716 3057 716 3059 716 3059 717 3067 717 3066 717 3067 718 3059 718 3060 718 3060 719 3068 719 3067 719 3068 720 3060 720 3061 720 3061 721 3069 721 3068 721 3069 722 3061 722 3062 722 3062 723 3070 723 3069 723 3070 724 3062 724 3063 724 3063 725 3071 725 3070 725 3071 726 3063 726 3064 726 3064 727 3072 727 3071 727 3072 728 3064 728 3065 728 3065 729 3073 729 3072 729 3074 730 3075 730 3076 730 3074 731 3077 731 3078 731 3074 732 3076 732 3077 732 3074 733 3079 733 3075 733 3074 734 3080 734 3079 734 3074 735 3081 735 3080 735 3074 736 3082 736 3081 736 3074 737 3083 737 3082 737 3074 738 3084 738 3083 738 3074 739 3085 739 3084 739 3074 740 3086 740 3085 740 3074 741 3087 741 3086 741 3074 742 3088 742 3087 742 3074 743 3089 743 3088 743 3074 744 3090 744 3089 744 3090 745 3074 745 3078 745 3076 746 3075 746 3091 746 3075 747 3079 747 3092 747 3092 748 3091 748 3075 748 3076 749 3093 749 3094 749 3094 750 3077 750 3076 750 3091 751 3093 751 3076 751 3078 752 3077 752 3094 752 3094 753 3095 753 3078 753 3090 754 3078 754 3095 754 3079 755 3080 755 3096 755 3096 756 3092 756 3079 756 3080 757 3081 757 3097 757 3097 758 3096 758 3080 758 3081 759 3082 759 3098 759 3098 760 3097 760 3081 760 3082 761 3083 761 3099 761 3099 762 3098 762 3082 762 3083 763 3084 763 3100 763 3100 764 3099 764 3083 764 3084 765 3085 765 3101 765 3101 766 3100 766 3084 766 3085 767 3086 767 3102 767 3102 768 3101 768 3085 768 3086 769 3087 769 3103 769 3103 770 3102 770 3086 770 3087 771 3088 771 3104 771 3104 772 3103 772 3087 772 3088 773 3089 773 3105 773 3105 774 3104 774 3088 774 3089 775 3090 775 3106 775 3106 776 3105 776 3089 776 3095 777 3106 777 3090 777 3093 778 3091 778 3107 778 3091 779 3092 779 3108 779 3108 780 3107 780 3091 780 3092 781 3096 781 3109 781 3109 782 3108 782 3092 782 3093 783 3110 783 3111 783 3111 784 3094 784 3093 784 3107 785 3110 785 3093 785 3095 786 3094 786 3111 786 3111 787 3112 787 3095 787 3106 788 3095 788 3112 788 3096 789 3097 789 3113 789 3113 790 3109 790 3096 790 3097 791 3098 791 3114 791 3114 792 3113 792 3097 792 3098 793 3099 793 3115 793 3115 794 3114 794 3098 794 3099 795 3100 795 3116 795 3116 796 3115 796 3099 796 3100 797 3101 797 3117 797 3117 798 3116 798 3100 798 3101 799 3102 799 3118 799 3118 800 3117 800 3101 800 3102 801 3103 801 3119 801 3119 802 3118 802 3102 802 3103 803 3104 803 3120 803 3120 804 3119 804 3103 804 3104 805 3105 805 3121 805 3121 806 3120 806 3104 806 3105 807 3106 807 3122 807 3122 808 3121 808 3105 808 3112 809 3122 809 3106 809 3110 810 3107 810 3123 810 3107 811 3108 811 3124 811 3124 812 3123 812 3107 812 3108 813 3109 813 3125 813 3125 814 3124 814 3108 814 3109 815 3113 815 3126 815 3126 816 3125 816 3109 816 3110 817 3127 817 3128 817 3128 818 3111 818 3110 818 3123 819 3127 819 3110 819 3112 820 3111 820 3128 820 3122 821 3112 821 3129 821 3128 822 3129 822 3112 822 3113 823 3114 823 3130 823 3130 824 3126 824 3113 824 3114 825 3115 825 3131 825 3131 826 3130 826 3114 826 3115 827 3116 827 3132 827 3132 828 3131 828 3115 828 3116 829 3117 829 3133 829 3133 830 3132 830 3116 830 3117 831 3118 831 3134 831 3134 832 3133 832 3117 832 3118 833 3119 833 3135 833 3135 834 3134 834 3118 834 3119 835 3120 835 3136 835 3136 836 3135 836 3119 836 3120 837 3121 837 3137 837 3137 838 3136 838 3120 838 3121 839 3122 839 3138 839 3138 840 3137 840 3121 840 3129 841 3138 841 3122 841 3123 842 3139 842 3140 842 3140 843 3127 843 3123 843 3139 844 3123 844 3124 844 3124 845 3141 845 3139 845 3141 846 3124 846 3125 846 3125 847 3142 847 3141 847 3142 848 3125 848 3126 848 3126 849 3143 849 3142 849 3143 850 3126 850 3130 850 3128 851 3127 851 3140 851 3128 852 3144 852 3145 852 3145 853 3129 853 3128 853 3140 854 3144 854 3128 854 3129 855 3145 855 3146 855 3146 856 3138 856 3129 856 3130 857 3147 857 3143 857 3147 858 3130 858 3131 858 3131 859 3148 859 3147 859 3148 860 3131 860 3132 860 3132 861 3149 861 3148 861 3149 862 3132 862 3133 862 3133 863 3150 863 3149 863 3150 864 3133 864 3134 864 3134 865 3151 865 3150 865 3151 866 3134 866 3135 866 3135 867 3152 867 3151 867 3152 868 3135 868 3136 868 3136 869 3153 869 3152 869 3153 870 3136 870 3137 870 3137 871 3154 871 3153 871 3154 872 3137 872 3138 872 3138 873 3146 873 3154 873 3139 874 3155 874 3140 874 3139 875 3141 875 3155 875 3155 876 3144 876 3140 876 3141 877 3142 877 3155 877 3143 878 3155 878 3142 878 3143 879 3147 879 3155 879 3144 880 3155 880 3145 880 3146 881 3145 881 3155 881 3146 882 3155 882 3154 882 3147 883 3148 883 3155 883 3149 884 3155 884 3148 884 3149 885 3150 885 3155 885 3150 886 3151 886 3155 886 3152 887 3155 887 3151 887 3152 888 3153 888 3155 888 3153 889 3154 889 3155 889 3156 890 3157 890 3158 890 3158 891 3159 891 3156 891 3157 892 3156 892 3160 892 3161 893 3156 893 3159 893 3156 894 3161 894 3162 894 3162 895 3160 895 3156 895 3160 896 3163 896 3157 896 3157 897 3164 897 3165 897 3165 898 3158 898 3157 898 3164 899 3157 899 3163 899 3159 900 3158 900 3166 900 3158 901 3165 901 3167 901 3167 902 3166 902 3158 902 3168 903 3169 903 3159 903 3159 904 3170 904 3168 904 3166 905 3170 905 3159 905 3159 906 3169 906 3161 906 3162 907 3171 907 3160 907 3171 908 3163 908 3160 908 3172 909 3161 909 3169 909 3173 910 3162 910 3161 910 3161 911 3172 911 3173 911 3171 912 3162 912 3173 912 3171 913 3174 913 3163 913 3163 914 3174 914 3164 914 3164 915 3175 915 3176 915 3176 916 3165 916 3164 916 3175 917 3164 917 3174 917 3165 918 3176 918 3177 918 3177 919 3167 919 3165 919 3170 920 3166 920 3178 920 3166 921 3167 921 3179 921 3179 922 3178 922 3166 922 3167 923 3177 923 3180 923 3180 924 3179 924 3167 924 3181 925 3169 925 3168 925 3168 926 3182 926 3181 926 3182 927 3168 927 3183 927 3184 928 3183 928 3168 928 3168 929 3170 929 3184 929 3169 930 3181 930 3172 930 3178 931 3184 931 3170 931 3171 932 3185 932 3174 932 3171 933 3186 933 3185 933 3171 934 3187 934 3186 934 3171 935 3188 935 3187 935 3171 936 3189 936 3188 936 3171 937 3190 937 3189 937 3171 938 3191 938 3190 938 3171 939 3192 939 3191 939 3171 940 3193 940 3192 940 3171 941 3194 941 3193 941 3171 942 3195 942 3194 942 3171 943 3173 943 3195 943 3196 944 3172 944 3181 944 3195 945 3173 945 3172 945 3172 946 3196 946 3195 946 3174 947 3185 947 3175 947 3175 948 3197 948 3198 948 3198 949 3176 949 3175 949 3197 950 3175 950 3185 950 3176 951 3198 951 3199 951 3199 952 3177 952 3176 952 3177 953 3199 953 3200 953 3200 954 3180 954 3177 954 3184 955 3178 955 3201 955 3178 956 3179 956 3202 956 3202 957 3201 957 3178 957 3179 958 3180 958 3203 958 3203 959 3202 959 3179 959 3180 960 3200 960 3204 960 3204 961 3203 961 3180 961 3181 962 3205 962 3196 962 3205 963 3181 963 3182 963 3182 964 3206 964 3205 964 3206 965 3182 965 3207 965 3183 966 3207 966 3182 966 3208 967 3209 967 3183 967 3183 968 3184 968 3208 968 3207 969 3183 969 3209 969 3201 970 3208 970 3184 970 3185 971 3186 971 3197 971 3186 972 3187 972 3210 972 3210 973 3197 973 3186 973 3187 974 3188 974 3211 974 3211 975 3210 975 3187 975 3188 976 3189 976 3212 976 3212 977 3211 977 3188 977 3189 978 3190 978 3213 978 3213 979 3212 979 3189 979 3190 980 3191 980 3214 980 3214 981 3213 981 3190 981 3191 982 3192 982 3215 982 3215 983 3214 983 3191 983 3192 984 3193 984 3216 984 3216 985 3215 985 3192 985 3193 986 3194 986 3217 986 3217 987 3216 987 3193 987 3194 988 3195 988 3196 988 3196 989 3217 989 3194 989 3217 990 3196 990 3205 990 3197 991 3210 991 3218 991 3218 992 3198 992 3197 992 3198 993 3218 993 3219 993 3219 994 3199 994 3198 994 3199 995 3219 995 3220 995 3220 996 3200 996 3199 996 3200 997 3220 997 3221 997 3221 998 3204 998 3200 998 3208 999 3201 999 3222 999 3201 1000 3202 1000 3223 1000 3223 1001 3222 1001 3201 1001 3202 1002 3203 1002 3224 1002 3224 1003 3223 1003 3202 1003 3203 1004 3204 1004 3225 1004 3225 1005 3224 1005 3203 1005 3204 1006 3221 1006 3226 1006 3226 1007 3225 1007 3204 1007 3205 1008 3227 1008 3217 1008 3227 1009 3205 1009 3206 1009 3228 1010 3206 1010 3229 1010 3206 1011 3228 1011 3227 1011 3207 1012 3229 1012 3206 1012 3229 1013 3207 1013 3230 1013 3209 1014 3230 1014 3207 1014 3209 1015 3208 1015 3231 1015 3222 1016 3231 1016 3208 1016 3231 1017 3232 1017 3209 1017 3230 1018 3209 1018 3232 1018 3210 1019 3211 1019 3233 1019 3233 1020 3218 1020 3210 1020 3211 1021 3212 1021 3234 1021 3234 1022 3233 1022 3211 1022 3212 1023 3213 1023 3235 1023 3235 1024 3234 1024 3212 1024 3213 1025 3214 1025 3236 1025 3236 1026 3235 1026 3213 1026 3214 1027 3215 1027 3237 1027 3237 1028 3236 1028 3214 1028 3215 1029 3216 1029 3238 1029 3238 1030 3237 1030 3215 1030 3216 1031 3217 1031 3227 1031 3227 1032 3238 1032 3216 1032 3218 1033 3233 1033 3239 1033 3239 1034 3219 1034 3218 1034 3219 1035 3239 1035 3240 1035 3240 1036 3220 1036 3219 1036 3220 1037 3240 1037 3241 1037 3241 1038 3221 1038 3220 1038 3221 1039 3241 1039 3242 1039 3242 1040 3226 1040 3221 1040 3231 1041 3222 1041 3243 1041 3222 1042 3223 1042 3244 1042 3244 1043 3243 1043 3222 1043 3223 1044 3224 1044 3245 1044 3245 1045 3244 1045 3223 1045 3224 1046 3225 1046 3246 1046 3246 1047 3245 1047 3224 1047 3225 1048 3226 1048 3247 1048 3247 1049 3246 1049 3225 1049 3226 1050 3242 1050 3248 1050 3248 1051 3247 1051 3226 1051 3238 1052 3227 1052 3228 1052 3228 1053 3249 1053 3238 1053 3249 1054 3228 1054 3250 1054 3229 1055 3250 1055 3228 1055 3250 1056 3229 1056 3251 1056 3230 1057 3251 1057 3229 1057 3251 1058 3230 1058 3252 1058 3232 1059 3252 1059 3230 1059 3232 1060 3231 1060 3253 1060 3243 1061 3253 1061 3231 1061 3253 1062 3254 1062 3232 1062 3252 1063 3232 1063 3254 1063 3233 1064 3234 1064 3255 1064 3255 1065 3239 1065 3233 1065 3234 1066 3235 1066 3256 1066 3256 1067 3255 1067 3234 1067 3235 1068 3236 1068 3257 1068 3257 1069 3256 1069 3235 1069 3236 1070 3237 1070 3258 1070 3258 1071 3257 1071 3236 1071 3237 1072 3238 1072 3249 1072 3249 1073 3258 1073 3237 1073 3239 1074 3255 1074 3259 1074 3259 1075 3240 1075 3239 1075 3240 1076 3259 1076 3260 1076 3260 1077 3241 1077 3240 1077 3241 1078 3260 1078 3261 1078 3261 1079 3242 1079 3241 1079 3242 1080 3261 1080 3262 1080 3262 1081 3248 1081 3242 1081 3253 1082 3243 1082 3263 1082 3263 1083 3243 1083 3244 1083 3244 1084 3264 1084 3263 1084 3264 1085 3244 1085 3245 1085 3245 1086 3265 1086 3264 1086 3265 1087 3245 1087 3246 1087 3246 1088 3266 1088 3265 1088 3266 1089 3246 1089 3247 1089 3247 1090 3267 1090 3266 1090 3267 1091 3247 1091 3248 1091 3248 1092 3268 1092 3267 1092 3268 1093 3248 1093 3262 1093 3258 1094 3249 1094 3269 1094 3250 1095 3269 1095 3249 1095 3269 1096 3250 1096 3270 1096 3251 1097 3270 1097 3250 1097 3252 1098 3271 1098 3251 1098 3270 1099 3251 1099 3271 1099 3271 1100 3252 1100 3272 1100 3254 1101 3272 1101 3252 1101 3263 1102 3273 1102 3253 1102 3254 1103 3253 1103 3273 1103 3274 1104 3272 1104 3254 1104 3254 1105 3275 1105 3274 1105 3273 1106 3275 1106 3254 1106 3255 1107 3256 1107 3276 1107 3276 1108 3259 1108 3255 1108 3256 1109 3257 1109 3277 1109 3277 1110 3276 1110 3256 1110 3257 1111 3258 1111 3278 1111 3278 1112 3277 1112 3257 1112 3269 1113 3278 1113 3258 1113 3259 1114 3276 1114 3279 1114 3279 1115 3260 1115 3259 1115 3260 1116 3279 1116 3280 1116 3280 1117 3261 1117 3260 1117 3261 1118 3280 1118 3281 1118 3281 1119 3262 1119 3261 1119 3262 1120 3282 1120 3268 1120 3282 1121 3262 1121 3281 1121 3273 1122 3263 1122 3283 1122 3284 1123 3283 1123 3263 1123 3263 1124 3264 1124 3284 1124 3284 1125 3264 1125 3265 1125 3285 712 3286 712 3265 712 3265 712 3266 712 3285 712 3265 1126 3286 1126 3284 1126 3287 1127 3285 1127 3266 1127 3266 1127 3267 1127 3287 1127 3288 1128 3287 1128 3267 1128 3267 1129 3268 1129 3288 1129 3288 1130 3268 1130 3282 1130 3278 1131 3269 1131 3289 1131 3270 1132 3289 1132 3269 1132 3289 1133 3270 1133 3290 1133 3271 1134 3290 1134 3270 1134 3290 1135 3271 1135 3291 1135 3272 1136 3291 1136 3271 1136 3292 1137 3291 1137 3272 1137 3272 1138 3274 1138 3292 1138 3283 1139 3293 1139 3273 1139 3275 1140 3273 1140 3294 1140 3295 579 3273 579 3293 579 3295 579 3282 579 3273 579 3294 1141 3273 1141 3282 1141 3294 1141 3274 1141 3275 1141 3294 1141 3292 1141 3274 1141 3276 1142 3277 1142 3296 1142 3296 1143 3279 1143 3276 1143 3277 1144 3278 1144 3297 1144 3297 1145 3296 1145 3277 1145 3289 1146 3297 1146 3278 1146 3279 1147 3296 1147 3298 1147 3298 1148 3280 1148 3279 1148 3280 1149 3298 1149 3299 1149 3299 1150 3281 1150 3280 1150 3281 1151 3300 1151 3282 1151 3300 1152 3281 1152 3299 1152 3282 1130 3301 1130 3288 1130 3294 1153 3282 1153 3300 1153 3295 579 3301 579 3282 579 3293 1154 3283 1154 3302 1154 3303 1155 3302 1155 3283 1155 3283 1156 3284 1156 3303 1156 3304 1157 3303 1157 3284 1157 3284 1158 3286 1158 3304 1158 3305 1159 3306 1159 3285 1159 3285 1160 3287 1160 3305 1160 3286 1161 3285 1161 3306 1161 3306 1162 3304 1162 3286 1162 3307 1163 3305 1163 3287 1163 3287 1164 3288 1164 3307 1164 3307 1165 3288 1165 3301 1165 3297 1166 3289 1166 3308 1166 3290 1167 3308 1167 3289 1167 3308 1168 3290 1168 3309 1168 3291 1169 3309 1169 3290 1169 3310 1170 3309 1170 3291 1170 3291 1171 3292 1171 3310 1171 3294 1141 3310 1141 3292 1141 3302 1172 3311 1172 3293 1172 3312 1173 3293 1173 3313 1173 3313 1174 3293 1174 3311 1174 3312 1175 3301 1175 3293 1175 3295 579 3293 579 3301 579 3294 1141 3314 1141 3310 1141 3294 1141 3315 1141 3314 1141 3294 1141 3316 1141 3315 1141 3294 1141 3300 1141 3316 1141 3296 1176 3297 1176 3317 1176 3317 1177 3298 1177 3296 1177 3308 1178 3317 1178 3297 1178 3298 1179 3317 1179 3318 1179 3318 1180 3299 1180 3298 1180 3299 1181 3316 1181 3300 1181 3316 1182 3299 1182 3318 1182 3319 1183 3320 1183 3301 1183 3301 1184 3321 1184 3319 1184 3301 1185 3320 1185 3307 1185 3321 1186 3301 1186 3312 1186 3311 1187 3302 1187 3322 1187 3302 1188 3303 1188 3323 1188 3323 1189 3322 1189 3302 1189 3303 1190 3304 1190 3324 1190 3324 1191 3323 1191 3303 1191 3304 1192 3306 1192 3325 1192 3325 1193 3324 1193 3304 1193 3306 1194 3305 1194 3326 1194 3305 1195 3307 1195 3327 1195 3327 1196 3326 1196 3305 1196 3326 1197 3325 1197 3306 1197 3307 1198 3320 1198 3328 1198 3328 1199 3327 1199 3307 1199 3317 1200 3308 1200 3329 1200 3309 1201 3329 1201 3308 1201 3314 1202 3329 1202 3309 1202 3309 1203 3310 1203 3314 1203 3322 1204 3330 1204 3311 1204 3331 1205 3311 1205 3330 1205 3311 1206 3331 1206 3313 1206 3313 1186 3332 1186 3312 1186 3332 1186 3333 1186 3312 1186 3333 1186 3334 1186 3312 1186 3334 1186 3335 1186 3312 1186 3335 1186 3336 1186 3312 1186 3336 1207 3337 1207 3312 1207 3337 1208 3321 1208 3312 1208 3332 1209 3313 1209 3331 1209 3329 1210 3314 1210 3315 1210 3318 1211 3315 1211 3316 1211 3315 1212 3318 1212 3329 1212 3329 1213 3318 1213 3317 1213 3320 1214 3319 1214 3338 1214 3319 1215 3339 1215 3340 1215 3340 1216 3338 1216 3319 1216 3339 1217 3319 1217 3321 1217 3338 1218 3328 1218 3320 1218 3321 1219 3337 1219 3339 1219 3330 1220 3322 1220 3341 1220 3322 1221 3323 1221 3342 1221 3342 1222 3341 1222 3322 1222 3323 1223 3324 1223 3343 1223 3343 1224 3342 1224 3323 1224 3324 1225 3325 1225 3344 1225 3344 1226 3343 1226 3324 1226 3325 1227 3326 1227 3345 1227 3345 1228 3344 1228 3325 1228 3326 1229 3327 1229 3346 1229 3346 1230 3345 1230 3326 1230 3327 1231 3328 1231 3347 1231 3347 1232 3346 1232 3327 1232 3328 1233 3338 1233 3348 1233 3348 1234 3347 1234 3328 1234 3349 1235 3330 1235 3350 1235 3341 1236 3350 1236 3330 1236 3330 1237 3349 1237 3331 1237 3351 1238 3331 1238 3349 1238 3331 1239 3351 1239 3332 1239 3333 1240 3332 1240 3351 1240 3351 1241 3352 1241 3333 1241 3334 1242 3333 1242 3352 1242 3352 1243 3353 1243 3334 1243 3335 1244 3334 1244 3353 1244 3353 1245 3354 1245 3335 1245 3336 1246 3335 1246 3354 1246 3354 1247 3355 1247 3336 1247 3337 1248 3336 1248 3355 1248 3355 1249 3339 1249 3337 1249 3338 1250 3340 1250 3356 1250 3356 1251 3348 1251 3338 1251 3339 1252 3355 1252 3357 1252 3357 1253 3340 1253 3339 1253 3340 1254 3357 1254 3358 1254 3358 1255 3356 1255 3340 1255 3350 1256 3341 1256 3359 1256 3341 1257 3342 1257 3360 1257 3360 1258 3359 1258 3341 1258 3342 1259 3343 1259 3361 1259 3361 1260 3360 1260 3342 1260 3343 1261 3344 1261 3362 1261 3362 1262 3361 1262 3343 1262 3344 1263 3345 1263 3363 1263 3363 1264 3362 1264 3344 1264 3345 1265 3346 1265 3364 1265 3364 1266 3363 1266 3345 1266 3346 1267 3347 1267 3365 1267 3365 1268 3364 1268 3346 1268 3347 1269 3348 1269 3366 1269 3366 1270 3365 1270 3347 1270 3348 1271 3356 1271 3367 1271 3367 1272 3366 1272 3348 1272 3350 1273 3368 1273 3349 1273 3349 1274 3369 1274 3351 1274 3369 1275 3349 1275 3368 1275 3368 1276 3350 1276 3370 1276 3359 1277 3370 1277 3350 1277 3352 1278 3351 1278 3369 1278 3353 1279 3352 1279 3371 1279 3369 1280 3371 1280 3352 1280 3354 1281 3353 1281 3372 1281 3371 1282 3372 1282 3353 1282 3355 1283 3354 1283 3373 1283 3372 1284 3373 1284 3354 1284 3373 1285 3357 1285 3355 1285 3356 1286 3358 1286 3374 1286 3374 1287 3367 1287 3356 1287 3357 1288 3373 1288 3375 1288 3375 1289 3358 1289 3357 1289 3358 1290 3375 1290 3376 1290 3376 1291 3374 1291 3358 1291 3370 1292 3359 1292 3377 1292 3377 1293 3359 1293 3360 1293 3378 1294 3360 1294 3361 1294 3360 1295 3378 1295 3377 1295 3361 1296 3379 1296 3378 1296 3379 1297 3361 1297 3362 1297 3362 1298 3380 1298 3379 1298 3380 1299 3362 1299 3363 1299 3363 1300 3381 1300 3380 1300 3381 1301 3363 1301 3364 1301 3382 1302 3364 1302 3365 1302 3364 1303 3382 1303 3381 1303 3365 1304 3383 1304 3382 1304 3383 1305 3365 1305 3366 1305 3366 1306 3384 1306 3383 1306 3384 1307 3366 1307 3367 1307 3367 1308 3385 1308 3384 1308 3385 1309 3367 1309 3374 1309 3370 1310 3386 1310 3368 1310 3368 1311 3387 1311 3369 1311 3387 1312 3368 1312 3386 1312 3371 1313 3369 1313 3387 1313 3377 1314 3388 1314 3370 1314 3389 1315 3386 1315 3370 1315 3370 1316 3388 1316 3389 1316 3372 1317 3371 1317 3390 1317 3387 1318 3390 1318 3371 1318 3373 1319 3372 1319 3391 1319 3390 1320 3391 1320 3372 1320 3391 1321 3375 1321 3373 1321 3374 1322 3392 1322 3385 1322 3392 1323 3374 1323 3376 1323 3375 1324 3391 1324 3393 1324 3393 1325 3376 1325 3375 1325 3376 1326 3394 1326 3392 1326 3394 1327 3376 1327 3393 1327 3388 1328 3377 1328 3395 1328 3377 1329 3378 1329 3396 1329 3396 1330 3395 1330 3377 1330 3378 1331 3379 1331 3397 1331 3397 1332 3396 1332 3378 1332 3379 1333 3380 1333 3398 1333 3398 1334 3397 1334 3379 1334 3380 1335 3381 1335 3399 1335 3399 1336 3398 1336 3380 1336 3381 1337 3382 1337 3400 1337 3400 1338 3399 1338 3381 1338 3382 1339 3383 1339 3401 1339 3401 1340 3400 1340 3382 1340 3383 1341 3384 1341 3402 1341 3402 1342 3401 1342 3383 1342 3384 1343 3385 1343 3403 1343 3403 1344 3402 1344 3384 1344 3385 1345 3392 1345 3404 1345 3404 1346 3403 1346 3385 1346 3405 1347 3406 1347 3386 1347 3386 1348 3389 1348 3405 1348 3386 1349 3406 1349 3387 1349 3390 1350 3387 1350 3406 1350 3407 1351 3389 1351 3388 1351 3388 1352 3408 1352 3407 1352 3395 1353 3408 1353 3388 1353 3405 1354 3389 1354 3407 1354 3391 1355 3390 1355 3409 1355 3406 1356 3409 1356 3390 1356 3409 1357 3393 1357 3391 1357 3392 1358 3394 1358 3410 1358 3410 1359 3404 1359 3392 1359 3393 1360 3411 1360 3394 1360 3411 1361 3393 1361 3409 1361 3394 1362 3411 1362 3412 1362 3412 1363 3410 1363 3394 1363 3413 1364 3395 1364 3396 1364 3408 1365 3395 1365 3413 1365 3396 1366 3414 1366 3413 1366 3414 1367 3396 1367 3397 1367 3397 1368 3415 1368 3414 1368 3415 1369 3397 1369 3398 1369 3398 1370 3416 1370 3415 1370 3416 1371 3398 1371 3399 1371 3399 1372 3417 1372 3416 1372 3417 1373 3399 1373 3400 1373 3400 1374 3418 1374 3417 1374 3418 1375 3400 1375 3401 1375 3401 1376 3419 1376 3418 1376 3419 1377 3401 1377 3402 1377 3402 1378 3420 1378 3419 1378 3420 1379 3402 1379 3403 1379 3403 1380 3421 1380 3420 1380 3421 1381 3403 1381 3404 1381 3404 1382 3422 1382 3421 1382 3422 1383 3404 1383 3410 1383 3406 1384 3405 1384 3423 1384 3423 1385 3405 1385 3424 1385 3407 1386 3424 1386 3405 1386 3423 1387 3409 1387 3406 1387 3425 1388 3424 1388 3407 1388 3407 1389 3426 1389 3425 1389 3427 1390 3426 1390 3407 1390 3407 1391 3408 1391 3427 1391 3413 1392 3427 1392 3408 1392 3409 1393 3423 1393 3411 1393 3410 1394 3428 1394 3422 1394 3428 1395 3410 1395 3412 1395 3411 1396 3423 1396 3429 1396 3429 1397 3412 1397 3411 1397 3412 1398 3430 1398 3428 1398 3430 1399 3412 1399 3429 1399 3431 1400 3427 1400 3413 1400 3413 1401 3414 1401 3431 1401 3414 1402 3415 1402 3431 1402 3415 1403 3416 1403 3431 1403 3416 1404 3417 1404 3431 1404 3417 1405 3418 1405 3431 1405 3418 1406 3419 1406 3431 1406 3419 1407 3420 1407 3431 1407 3420 1408 3421 1408 3431 1408 3421 1409 3422 1409 3431 1409 3422 1410 3428 1410 3431 1410 3424 1411 3429 1411 3423 1411 3432 1412 3429 1412 3424 1412 3424 1413 3425 1413 3432 1413 3432 1414 3425 1414 3431 1414 3425 1415 3426 1415 3431 1415 3426 1416 3427 1416 3431 1416 3428 1417 3430 1417 3431 1417 3429 1418 3432 1418 3430 1418 3430 1419 3432 1419 3431 1419 3433 1420 3434 1420 3435 1420 3435 1421 3436 1421 3433 1421 3433 1422 3436 1422 3437 1422 3437 1423 3438 1423 3433 1423 3434 1424 3433 1424 3439 1424 3440 1425 3439 1425 3433 1425 3433 1426 3438 1426 3440 1426 3434 1427 3441 1427 3442 1427 3442 1428 3435 1428 3434 1428 3441 1429 3434 1429 3443 1429 3439 1430 3443 1430 3434 1430 3435 1431 3442 1431 3444 1431 3444 1432 3445 1432 3435 1432 3436 1433 3435 1433 3445 1433 3445 1434 3446 1434 3436 1434 3437 1435 3436 1435 3446 1435 3447 1436 3437 1436 3448 1436 3446 1437 3448 1437 3437 1437 3449 1438 3438 1438 3437 1438 3437 1439 3447 1439 3449 1439 3440 1440 3438 1440 3449 1440 3443 1441 3439 1441 3450 1441 3451 1442 3450 1442 3439 1442 3439 1443 3440 1443 3451 1443 3452 1444 3451 1444 3440 1444 3440 1445 3453 1445 3452 1445 3449 1446 3453 1446 3440 1446 3442 1447 3441 1447 3454 1447 3454 1448 3441 1448 3455 1448 3443 1449 3455 1449 3441 1449 3454 1450 3456 1450 3442 1450 3442 1451 3456 1451 3457 1451 3457 1452 3444 1452 3442 1452 3450 1453 3458 1453 3443 1453 3455 1454 3443 1454 3458 1454 3445 1455 3444 1455 3459 1455 3444 1456 3457 1456 3460 1456 3460 1457 3459 1457 3444 1457 3459 1458 3461 1458 3445 1458 3446 1459 3445 1459 3461 1459 3461 1460 3462 1460 3446 1460 3448 1461 3446 1461 3462 1461 3448 1462 3463 1462 3447 1462 3464 1463 3447 1463 3463 1463 3464 1464 3449 1464 3447 1464 3463 1465 3448 1465 3465 1465 3462 1466 3465 1466 3448 1466 3464 1467 3453 1467 3449 1467 3458 1468 3450 1468 3466 1468 3467 1469 3466 1469 3450 1469 3450 1470 3451 1470 3467 1470 3468 1471 3467 1471 3451 1471 3451 1472 3452 1472 3468 1472 3464 1473 3452 1473 3453 1473 3464 1186 3468 1186 3452 1186 3455 1474 3469 1474 3454 1474 3470 1475 3454 1475 3469 1475 3456 1476 3454 1476 3470 1476 3469 1477 3455 1477 3471 1477 3458 1478 3471 1478 3455 1478 3456 1479 3472 1479 3473 1479 3473 1480 3457 1480 3456 1480 3470 1481 3472 1481 3456 1481 3457 1482 3473 1482 3474 1482 3474 1483 3460 1483 3457 1483 3471 1484 3458 1484 3475 1484 3466 1485 3475 1485 3458 1485 3459 1486 3460 1486 3476 1486 3476 1487 3477 1487 3459 1487 3461 1488 3459 1488 3477 1488 3460 1489 3474 1489 3478 1489 3478 1490 3476 1490 3460 1490 3477 1491 3479 1491 3461 1491 3462 1492 3461 1492 3479 1492 3465 1493 3462 1493 3480 1493 3479 1494 3480 1494 3462 1494 3465 1495 3481 1495 3463 1495 3464 1186 3463 1186 3481 1186 3464 1186 3482 1186 3468 1186 3464 1186 3481 1186 3483 1186 3464 1496 3484 1496 3482 1496 3464 1497 3483 1497 3485 1497 3464 1186 3485 1186 3484 1186 3481 1498 3465 1498 3486 1498 3480 1499 3486 1499 3465 1499 3475 1500 3466 1500 3487 1500 3488 1501 3487 1501 3466 1501 3466 1502 3467 1502 3488 1502 3482 1503 3488 1503 3467 1503 3467 1504 3468 1504 3482 1504 3471 1505 3489 1505 3469 1505 3490 1506 3469 1506 3489 1506 3469 1507 3490 1507 3470 1507 3472 1508 3470 1508 3491 1508 3491 1509 3470 1509 3490 1509 3475 1510 3492 1510 3471 1510 3471 1511 3492 1511 3493 1511 3493 1512 3489 1512 3471 1512 3472 1513 3494 1513 3495 1513 3495 1514 3473 1514 3472 1514 3491 1515 3494 1515 3472 1515 3473 1516 3495 1516 3496 1516 3496 1517 3474 1517 3473 1517 3474 1518 3496 1518 3497 1518 3497 1519 3478 1519 3474 1519 3492 1520 3475 1520 3498 1520 3487 1521 3498 1521 3475 1521 3476 1522 3478 1522 3499 1522 3499 1523 3500 1523 3476 1523 3477 1524 3476 1524 3500 1524 3479 1525 3477 1525 3501 1525 3500 1526 3501 1526 3477 1526 3478 1527 3497 1527 3502 1527 3502 1528 3499 1528 3478 1528 3480 1529 3479 1529 3503 1529 3501 1530 3503 1530 3479 1530 3486 1531 3480 1531 3504 1531 3503 1532 3504 1532 3480 1532 3486 1533 3483 1533 3481 1533 3482 1534 3484 1534 3505 1534 3505 1535 3488 1535 3482 1535 3483 1536 3486 1536 3506 1536 3506 1537 3485 1537 3483 1537 3507 1538 3508 1538 3484 1538 3484 1539 3509 1539 3507 1539 3510 579 3509 579 3484 579 3484 579 3485 579 3510 579 3505 1540 3484 1540 3508 1540 3511 1541 3510 1541 3485 1541 3485 1542 3512 1542 3511 1542 3512 1543 3485 1543 3506 1543 3504 1544 3506 1544 3486 1544 3487 1545 3513 1545 3514 1545 3514 1546 3498 1546 3487 1546 3513 1547 3487 1547 3488 1547 3488 1548 3505 1548 3513 1548 3515 1549 3489 1549 3493 1549 3489 1550 3515 1550 3490 1550 3516 1551 3490 1551 3515 1551 3490 1552 3516 1552 3491 1552 3517 1553 3491 1553 3516 1553 3517 1554 3494 1554 3491 1554 3498 1555 3518 1555 3492 1555 3493 1556 3492 1556 3518 1556 3518 1557 3519 1557 3493 1557 3520 1558 3493 1558 3519 1558 3493 1559 3520 1559 3515 1559 3517 1560 3495 1560 3494 1560 3517 1141 3496 1141 3495 1141 3517 1141 3497 1141 3496 1141 3517 1141 3502 1141 3497 1141 3498 1561 3514 1561 3521 1561 3521 1562 3518 1562 3498 1562 3499 1563 3502 1563 3522 1563 3522 1564 3523 1564 3499 1564 3500 1565 3499 1565 3523 1565 3501 1566 3500 1566 3524 1566 3523 1567 3524 1567 3500 1567 3524 1568 3525 1568 3501 1568 3503 1569 3501 1569 3525 1569 3517 1570 3522 1570 3502 1570 3525 1571 3526 1571 3503 1571 3504 1572 3503 1572 3526 1572 3526 1573 3527 1573 3504 1573 3506 1574 3504 1574 3527 1574 3513 1575 3505 1575 3528 1575 3508 1576 3528 1576 3505 1576 3527 1577 3529 1577 3506 1577 3506 1578 3529 1578 3512 1578 3530 1579 3507 1579 3531 1579 3531 1580 3507 1580 3509 1580 3507 1581 3530 1581 3532 1581 3532 1582 3508 1582 3507 1582 3528 1583 3508 1583 3532 1583 3509 1584 3533 1584 3531 1584 3534 1585 3533 1585 3509 1585 3509 1586 3535 1586 3534 1586 3536 1587 3535 1587 3509 1587 3536 1141 3509 1141 3510 1141 3510 1588 3511 1588 3537 1588 3537 1589 3538 1589 3510 1589 3536 1590 3510 1590 3539 1590 3539 1591 3510 1591 3538 1591 3511 1592 3540 1592 3541 1592 3541 1593 3537 1593 3511 1593 3540 1594 3511 1594 3512 1594 3512 1595 3529 1595 3542 1595 3542 1596 3543 1596 3512 1596 3512 1597 3543 1597 3540 1597 3514 1598 3513 1598 3544 1598 3528 1599 3544 1599 3513 1599 3521 1600 3514 1600 3545 1600 3544 1601 3545 1601 3514 1601 3546 1602 3515 1602 3520 1602 3515 1603 3546 1603 3516 1603 3517 1604 3516 1604 3546 1604 3517 1141 3547 1141 3522 1141 3517 1141 3548 1141 3547 1141 3517 1141 3549 1141 3548 1141 3517 1141 3550 1141 3549 1141 3517 1141 3551 1141 3550 1141 3517 1141 3552 1141 3553 1141 3517 1141 3554 1141 3552 1141 3517 1141 3546 1141 3554 1141 3517 1605 3553 1605 3551 1605 3518 1606 3521 1606 3555 1606 3555 1607 3519 1607 3518 1607 3519 1608 3556 1608 3520 1608 3556 1609 3519 1609 3555 1609 3554 1610 3520 1610 3556 1610 3520 1611 3554 1611 3546 1611 3555 1612 3521 1612 3557 1612 3545 1613 3557 1613 3521 1613 3523 1614 3522 1614 3547 1614 3547 1615 3558 1615 3523 1615 3524 1616 3523 1616 3558 1616 3525 1617 3524 1617 3559 1617 3558 1618 3559 1618 3524 1618 3559 1619 3560 1619 3525 1619 3526 1620 3525 1620 3560 1620 3527 1621 3526 1621 3561 1621 3560 1622 3561 1622 3526 1622 3561 1623 3562 1623 3527 1623 3529 1624 3527 1624 3562 1624 3532 1625 3563 1625 3528 1625 3544 1626 3528 1626 3563 1626 3562 1627 3542 1627 3529 1627 3564 1628 3530 1628 3565 1628 3530 1629 3564 1629 3566 1629 3566 1630 3532 1630 3530 1630 3531 1631 3565 1631 3530 1631 3567 1632 3565 1632 3531 1632 3531 1633 3568 1633 3567 1633 3568 1634 3531 1634 3533 1634 3563 1635 3532 1635 3566 1635 3533 1636 3569 1636 3568 1636 3570 1637 3569 1637 3533 1637 3533 1638 3534 1638 3570 1638 3571 1639 3534 1639 3535 1639 3570 1640 3534 1640 3571 1640 3535 1641 3572 1641 3571 1641 3536 1141 3572 1141 3535 1141 3536 1642 3573 1642 3574 1642 3536 1141 3574 1141 3575 1141 3536 1141 3575 1141 3572 1141 3536 1141 3539 1141 3576 1141 3536 1141 3576 1141 3577 1141 3536 1141 3577 1141 3578 1141 3536 1643 3578 1643 3573 1643 3579 1644 3538 1644 3537 1644 3537 1645 3580 1645 3579 1645 3580 1646 3537 1646 3541 1646 3581 1647 3582 1647 3538 1647 3538 1648 3579 1648 3581 1648 3538 1649 3582 1649 3539 1649 3576 1650 3539 1650 3582 1650 3540 1651 3583 1651 3584 1651 3584 1652 3541 1652 3540 1652 3583 1653 3540 1653 3543 1653 3541 1654 3585 1654 3580 1654 3585 1655 3541 1655 3584 1655 3543 1656 3542 1656 3586 1656 3542 1657 3562 1657 3587 1657 3587 1658 3586 1658 3542 1658 3586 1659 3588 1659 3543 1659 3543 1660 3588 1660 3583 1660 3563 1661 3589 1661 3544 1661 3545 1662 3544 1662 3589 1662 3557 1663 3545 1663 3590 1663 3589 1664 3590 1664 3545 1664 3558 1665 3547 1665 3548 1665 3548 1666 3591 1666 3558 1666 3591 1667 3548 1667 3549 1667 3549 1668 3592 1668 3591 1668 3592 1669 3549 1669 3550 1669 3550 1670 3593 1670 3592 1670 3593 1671 3550 1671 3551 1671 3551 1672 3594 1672 3593 1672 3595 1673 3594 1673 3551 1673 3551 1674 3553 1674 3595 1674 3556 1675 3552 1675 3554 1675 3553 1676 3552 1676 3556 1676 3556 1677 3595 1677 3553 1677 3595 1678 3555 1678 3596 1678 3557 1679 3596 1679 3555 1679 3555 1680 3595 1680 3556 1680 3596 1681 3557 1681 3597 1681 3590 1682 3597 1682 3557 1682 3559 1683 3558 1683 3591 1683 3560 1684 3559 1684 3598 1684 3591 1685 3598 1685 3559 1685 3598 1686 3599 1686 3560 1686 3561 1687 3560 1687 3599 1687 3599 1688 3600 1688 3561 1688 3562 1689 3561 1689 3600 1689 3600 1690 3587 1690 3562 1690 3566 1691 3601 1691 3563 1691 3589 1692 3563 1692 3601 1692 3583 1693 3564 1693 3602 1693 3565 1694 3602 1694 3564 1694 3566 712 3564 712 3583 712 3603 1695 3602 1695 3565 1695 3565 1696 3567 1696 3603 1696 3601 1697 3566 1697 3588 1697 3583 712 3588 712 3566 712 3604 1698 3603 1698 3567 1698 3567 1699 3605 1699 3604 1699 3605 1700 3567 1700 3568 1700 3568 1701 3606 1701 3605 1701 3606 1702 3568 1702 3569 1702 3569 1703 3607 1703 3606 1703 3608 1704 3607 1704 3569 1704 3569 1705 3570 1705 3608 1705 3571 1706 3609 1706 3570 1706 3608 1707 3570 1707 3609 1707 3610 1708 3571 1708 3572 1708 3609 1709 3571 1709 3610 1709 3572 1710 3575 1710 3610 1710 3574 1711 3573 1711 3611 1711 3573 1712 3578 1712 3612 1712 3612 1713 3611 1713 3573 1713 3575 1714 3574 1714 3613 1714 3611 1715 3613 1715 3574 1715 3613 1716 3610 1716 3575 1716 3577 1717 3576 1717 3614 1717 3582 1718 3614 1718 3576 1718 3578 1719 3577 1719 3615 1719 3614 1720 3615 1720 3577 1720 3615 1721 3612 1721 3578 1721 3616 1722 3579 1722 3580 1722 3617 1723 3581 1723 3579 1723 3579 1724 3616 1724 3617 1724 3580 1725 3618 1725 3616 1725 3618 1726 3580 1726 3585 1726 3582 1727 3581 1727 3619 1727 3620 1728 3619 1728 3581 1728 3581 1729 3617 1729 3620 1729 3619 1730 3614 1730 3582 1730 3602 1731 3584 1731 3583 1731 3584 1732 3621 1732 3585 1732 3621 1733 3584 1733 3602 1733 3585 1734 3622 1734 3618 1734 3622 1735 3585 1735 3621 1735 3588 1736 3586 1736 3601 1736 3586 1737 3587 1737 3623 1737 3623 1738 3601 1738 3586 1738 3587 1739 3600 1739 3624 1739 3624 1740 3623 1740 3587 1740 3590 1741 3589 1741 3623 1741 3601 1742 3623 1742 3589 1742 3597 1743 3590 1743 3624 1743 3623 1744 3624 1744 3590 1744 3598 1745 3591 1745 3592 1745 3592 1746 3625 1746 3598 1746 3625 1747 3592 1747 3593 1747 3593 1748 3626 1748 3625 1748 3626 1749 3593 1749 3594 1749 3594 1750 3596 1750 3626 1750 3596 1751 3594 1751 3595 1751 3597 1752 3626 1752 3596 1752 3624 1753 3627 1753 3597 1753 3626 1754 3597 1754 3627 1754 3599 1755 3598 1755 3625 1755 3625 1756 3627 1756 3599 1756 3600 1757 3599 1757 3627 1757 3627 1758 3624 1758 3600 1758 3602 1759 3603 1759 3621 1759 3628 1760 3621 1760 3603 1760 3603 1761 3604 1761 3628 1761 3629 1762 3628 1762 3604 1762 3604 1763 3630 1763 3629 1763 3630 1764 3604 1764 3605 1764 3605 1765 3631 1765 3630 1765 3631 1766 3605 1766 3606 1766 3606 1767 3632 1767 3631 1767 3632 1768 3606 1768 3607 1768 3607 1769 3633 1769 3632 1769 3634 1770 3633 1770 3607 1770 3607 1771 3608 1771 3634 1771 3634 1772 3608 1772 3635 1772 3609 1773 3635 1773 3608 1773 3635 1774 3609 1774 3636 1774 3610 1775 3636 1775 3609 1775 3636 1776 3610 1776 3613 1776 3637 1777 3611 1777 3612 1777 3638 1778 3613 1778 3611 1778 3611 1779 3637 1779 3638 1779 3612 1780 3639 1780 3637 1780 3639 1781 3612 1781 3615 1781 3613 1782 3638 1782 3636 1782 3640 1783 3615 1783 3614 1783 3614 1784 3619 1784 3640 1784 3615 1785 3640 1785 3639 1785 3641 1786 3616 1786 3618 1786 3642 1787 3617 1787 3616 1787 3616 1788 3641 1788 3642 1788 3643 1789 3620 1789 3617 1789 3617 1790 3642 1790 3643 1790 3618 1791 3644 1791 3641 1791 3644 1792 3618 1792 3622 1792 3645 1793 3640 1793 3619 1793 3619 1794 3620 1794 3645 1794 3646 1795 3645 1795 3620 1795 3620 1796 3643 1796 3646 1796 3621 1797 3628 1797 3622 1797 3622 1798 3647 1798 3644 1798 3647 1799 3622 1799 3628 1799 3627 1800 3625 1800 3626 1800 3628 1801 3629 1801 3647 1801 3648 1802 3647 1802 3629 1802 3629 1803 3649 1803 3648 1803 3649 1804 3629 1804 3630 1804 3630 1805 3650 1805 3649 1805 3650 1806 3630 1806 3631 1806 3631 1807 3651 1807 3650 1807 3651 1808 3631 1808 3632 1808 3632 1809 3652 1809 3651 1809 3652 1810 3632 1810 3633 1810 3633 1811 3653 1811 3652 1811 3654 1812 3653 1812 3633 1812 3633 1813 3634 1813 3654 1813 3635 1814 3655 1814 3634 1814 3654 1815 3634 1815 3655 1815 3636 1816 3656 1816 3635 1816 3655 1817 3635 1817 3656 1817 3656 1818 3636 1818 3638 1818 3657 1819 3658 1819 3637 1819 3637 1820 3639 1820 3657 1820 3659 1821 3638 1821 3637 1821 3637 1822 3658 1822 3659 1822 3638 1823 3659 1823 3656 1823 3657 1824 3639 1824 3640 1824 3640 1825 3645 1825 3657 1825 3660 1826 3641 1826 3644 1826 3661 1827 3642 1827 3641 1827 3641 1828 3660 1828 3661 1828 3662 1829 3643 1829 3642 1829 3642 1830 3661 1830 3662 1830 3663 1831 3646 1831 3643 1831 3643 1832 3662 1832 3663 1832 3644 1833 3664 1833 3660 1833 3664 1834 3644 1834 3647 1834 3665 1835 3657 1835 3645 1835 3645 1836 3646 1836 3665 1836 3666 1837 3665 1837 3646 1837 3646 1838 3663 1838 3666 1838 3647 1839 3648 1839 3664 1839 3667 1840 3664 1840 3648 1840 3648 1841 3668 1841 3667 1841 3668 1842 3648 1842 3649 1842 3649 1843 3669 1843 3668 1843 3669 1844 3649 1844 3650 1844 3650 1845 3670 1845 3669 1845 3670 1846 3650 1846 3651 1846 3651 1847 3671 1847 3670 1847 3671 1848 3651 1848 3652 1848 3652 1849 3672 1849 3671 1849 3672 1850 3652 1850 3653 1850 3653 1851 3673 1851 3672 1851 3674 1852 3673 1852 3653 1852 3653 1853 3654 1853 3674 1853 3655 1854 3675 1854 3654 1854 3674 1855 3654 1855 3675 1855 3656 1856 3676 1856 3655 1856 3675 1857 3655 1857 3676 1857 3676 1858 3656 1858 3659 1858 3677 1859 3658 1859 3657 1859 3657 1860 3665 1860 3677 1860 3678 1861 3659 1861 3658 1861 3658 1862 3677 1862 3678 1862 3659 1863 3678 1863 3676 1863 3679 1864 3660 1864 3664 1864 3680 1865 3661 1865 3660 1865 3660 1866 3679 1866 3680 1866 3681 1867 3662 1867 3661 1867 3661 1868 3680 1868 3681 1868 3682 1869 3663 1869 3662 1869 3662 1870 3681 1870 3682 1870 3683 1871 3666 1871 3663 1871 3663 1872 3682 1872 3683 1872 3664 1873 3667 1873 3679 1873 3684 1874 3677 1874 3665 1874 3665 1875 3666 1875 3684 1875 3684 1876 3666 1876 3683 1876 3685 1877 3679 1877 3667 1877 3667 1878 3686 1878 3685 1878 3686 1879 3667 1879 3668 1879 3668 1880 3687 1880 3686 1880 3687 1881 3668 1881 3669 1881 3669 1882 3688 1882 3687 1882 3688 1883 3669 1883 3670 1883 3670 1884 3689 1884 3688 1884 3689 1885 3670 1885 3671 1885 3671 1886 3690 1886 3689 1886 3690 1887 3671 1887 3672 1887 3672 1888 3691 1888 3690 1888 3691 1889 3672 1889 3673 1889 3692 1890 3693 1890 3673 1890 3673 1891 3674 1891 3692 1891 3673 1892 3693 1892 3691 1892 3675 1893 3694 1893 3674 1893 3692 1894 3674 1894 3694 1894 3676 1895 3695 1895 3675 1895 3694 1896 3675 1896 3695 1896 3695 1897 3676 1897 3678 1897 3696 1898 3678 1898 3677 1898 3677 1899 3684 1899 3696 1899 3678 1900 3696 1900 3695 1900 3697 1901 3680 1901 3679 1901 3679 1902 3685 1902 3697 1902 3698 1903 3681 1903 3680 1903 3680 1904 3697 1904 3698 1904 3699 1905 3682 1905 3681 1905 3681 1906 3698 1906 3699 1906 3700 1907 3683 1907 3682 1907 3682 1908 3699 1908 3700 1908 3683 1909 3701 1909 3684 1909 3701 1910 3683 1910 3700 1910 3702 1911 3696 1911 3684 1911 3684 1912 3701 1912 3702 1912 3703 1913 3697 1913 3685 1913 3703 1914 3685 1914 3686 1914 3703 1915 3686 1915 3687 1915 3703 1916 3687 1916 3688 1916 3703 1917 3688 1917 3689 1917 3703 1918 3689 1918 3690 1918 3703 1919 3690 1919 3691 1919 3703 1920 3691 1920 3693 1920 3694 1921 3704 1921 3692 1921 3703 1922 3693 1922 3692 1922 3703 1923 3692 1923 3704 1923 3695 1924 3705 1924 3694 1924 3704 1925 3694 1925 3705 1925 3705 1926 3695 1926 3696 1926 3696 1927 3702 1927 3705 1927 3703 1928 3698 1928 3697 1928 3703 1929 3699 1929 3698 1929 3703 1930 3700 1930 3699 1930 3700 1931 3706 1931 3701 1931 3703 1932 3706 1932 3700 1932 3707 1933 3702 1933 3701 1933 3701 1934 3706 1934 3707 1934 3708 1935 3705 1935 3702 1935 3702 1936 3707 1936 3708 1936 3703 1937 3704 1937 3708 1937 3703 1938 3708 1938 3707 1938 3703 1939 3707 1939 3706 1939 3705 1940 3708 1940 3704 1940 3709 1941 3710 1941 3711 1941 3711 1942 3712 1942 3709 1942 3710 1943 3709 1943 3713 1943 3713 1141 3709 1141 3714 1141 3709 1944 3712 1944 3714 1944 3715 1945 3710 1945 3716 1945 3710 1946 3715 1946 3717 1946 3717 1947 3711 1947 3710 1947 3713 1948 3716 1948 3710 1948 3712 1949 3711 1949 3718 1949 3711 1950 3717 1950 3719 1950 3719 1951 3718 1951 3711 1951 3718 1952 3720 1952 3712 1952 3712 1953 3720 1953 3714 1953 3716 1954 3713 1954 3721 1954 3721 1141 3713 1141 3714 1141 3720 1955 3722 1955 3714 1955 3722 1956 3723 1956 3714 1956 3723 1957 3724 1957 3714 1957 3724 1958 3725 1958 3714 1958 3714 1959 3725 1959 3726 1959 3726 1960 3727 1960 3714 1960 3727 1961 3728 1961 3714 1961 3728 1962 3729 1962 3714 1962 3729 1963 3730 1963 3714 1963 3730 1964 3731 1964 3714 1964 3731 1965 3732 1965 3714 1965 3732 1966 3721 1966 3714 1966 3733 1967 3715 1967 3734 1967 3716 1968 3734 1968 3715 1968 3715 1969 3733 1969 3735 1969 3735 1970 3717 1970 3715 1970 3721 1971 3736 1971 3716 1971 3734 1972 3716 1972 3736 1972 3717 1973 3735 1973 3737 1973 3737 1974 3719 1974 3717 1974 3720 1975 3718 1975 3738 1975 3718 1976 3719 1976 3739 1976 3739 1977 3738 1977 3718 1977 3719 1978 3737 1978 3740 1978 3740 1979 3739 1979 3719 1979 3738 1980 3722 1980 3720 1980 3736 1981 3721 1981 3732 1981 3722 1982 3738 1982 3741 1982 3741 1983 3723 1983 3722 1983 3723 1984 3741 1984 3742 1984 3742 1985 3724 1985 3723 1985 3724 1986 3742 1986 3743 1986 3743 1987 3725 1987 3724 1987 3726 1988 3725 1988 3743 1988 3743 1989 3744 1989 3726 1989 3726 1990 3744 1990 3745 1990 3745 1991 3727 1991 3726 1991 3727 1992 3745 1992 3746 1992 3746 1993 3728 1993 3727 1993 3728 1994 3746 1994 3747 1994 3747 1995 3729 1995 3728 1995 3729 1996 3747 1996 3748 1996 3748 1997 3730 1997 3729 1997 3730 1998 3748 1998 3749 1998 3749 1999 3731 1999 3730 1999 3731 2000 3749 2000 3750 2000 3750 2001 3732 2001 3731 2001 3732 2002 3750 2002 3736 2002 3751 2003 3733 2003 3752 2003 3734 2004 3752 2004 3733 2004 3733 2005 3751 2005 3753 2005 3753 2006 3735 2006 3733 2006 3752 2007 3734 2007 3754 2007 3736 2008 3754 2008 3734 2008 3735 2009 3753 2009 3755 2009 3755 2010 3737 2010 3735 2010 3754 2011 3736 2011 3750 2011 3737 2012 3755 2012 3756 2012 3756 2013 3740 2013 3737 2013 3738 2014 3739 2014 3757 2014 3757 2015 3741 2015 3738 2015 3739 2016 3740 2016 3758 2016 3758 2017 3757 2017 3739 2017 3740 2018 3756 2018 3759 2018 3759 2019 3758 2019 3740 2019 3741 2020 3757 2020 3760 2020 3760 2021 3742 2021 3741 2021 3742 2022 3760 2022 3761 2022 3761 2023 3743 2023 3742 2023 3744 2024 3743 2024 3761 2024 3761 2025 3762 2025 3744 2025 3744 2026 3762 2026 3763 2026 3763 2027 3745 2027 3744 2027 3745 2028 3763 2028 3764 2028 3764 2029 3746 2029 3745 2029 3746 2030 3764 2030 3765 2030 3765 2031 3747 2031 3746 2031 3747 2032 3765 2032 3766 2032 3766 2033 3748 2033 3747 2033 3748 2034 3766 2034 3767 2034 3767 2035 3749 2035 3748 2035 3749 2036 3767 2036 3768 2036 3768 2037 3750 2037 3749 2037 3750 2038 3768 2038 3754 2038 3769 2039 3751 2039 3770 2039 3752 2040 3770 2040 3751 2040 3751 2041 3769 2041 3771 2041 3771 2042 3753 2042 3751 2042 3770 2043 3752 2043 3772 2043 3754 2044 3772 2044 3752 2044 3753 2045 3771 2045 3773 2045 3773 2046 3755 2046 3753 2046 3772 2047 3754 2047 3768 2047 3755 2048 3773 2048 3774 2048 3774 2049 3756 2049 3755 2049 3756 2050 3774 2050 3775 2050 3775 2051 3759 2051 3756 2051 3757 2052 3758 2052 3776 2052 3776 2053 3760 2053 3757 2053 3758 2054 3759 2054 3777 2054 3777 2055 3776 2055 3758 2055 3759 2056 3775 2056 3778 2056 3778 2057 3777 2057 3759 2057 3760 2058 3776 2058 3779 2058 3779 2059 3761 2059 3760 2059 3762 2060 3761 2060 3779 2060 3779 2061 3780 2061 3762 2061 3762 2062 3780 2062 3781 2062 3781 2063 3763 2063 3762 2063 3763 2064 3781 2064 3782 2064 3782 2065 3764 2065 3763 2065 3764 2066 3782 2066 3783 2066 3783 2067 3765 2067 3764 2067 3765 2068 3783 2068 3784 2068 3784 2069 3766 2069 3765 2069 3766 2070 3784 2070 3785 2070 3785 2071 3767 2071 3766 2071 3767 2072 3785 2072 3786 2072 3786 2073 3768 2073 3767 2073 3768 2074 3786 2074 3772 2074 3770 2075 3787 2075 3769 2075 3788 2076 3769 2076 3787 2076 3769 2077 3788 2077 3789 2077 3789 2078 3771 2078 3769 2078 3787 2079 3770 2079 3790 2079 3772 2080 3790 2080 3770 2080 3771 2081 3789 2081 3791 2081 3791 2082 3773 2082 3771 2082 3790 2083 3772 2083 3786 2083 3773 2084 3791 2084 3792 2084 3792 2085 3774 2085 3773 2085 3774 2086 3792 2086 3793 2086 3793 2087 3775 2087 3774 2087 3775 2088 3793 2088 3794 2088 3794 2089 3778 2089 3775 2089 3776 2090 3777 2090 3795 2090 3795 2091 3779 2091 3776 2091 3777 2092 3778 2092 3796 2092 3796 2093 3795 2093 3777 2093 3778 2094 3794 2094 3797 2094 3797 2095 3796 2095 3778 2095 3780 2096 3779 2096 3795 2096 3795 2097 3798 2097 3780 2097 3780 2098 3798 2098 3799 2098 3799 2099 3781 2099 3780 2099 3781 2100 3799 2100 3800 2100 3800 2101 3782 2101 3781 2101 3782 2102 3800 2102 3801 2102 3801 2103 3783 2103 3782 2103 3783 2104 3801 2104 3802 2104 3802 2105 3784 2105 3783 2105 3784 2106 3802 2106 3803 2106 3803 2107 3785 2107 3784 2107 3785 2108 3803 2108 3804 2108 3804 2109 3786 2109 3785 2109 3786 2110 3804 2110 3790 2110 3790 2111 3805 2111 3787 2111 3787 2112 3806 2112 3788 2112 3787 2113 3805 2113 3807 2113 3807 2114 3806 2114 3787 2114 3789 2115 3788 2115 3808 2115 3809 2116 3808 2116 3788 2116 3788 2117 3806 2117 3809 2117 3808 2118 3810 2118 3789 2118 3791 2119 3789 2119 3810 2119 3805 2120 3790 2120 3804 2120 3792 2121 3791 2121 3811 2121 3810 2122 3811 2122 3791 2122 3793 2123 3792 2123 3812 2123 3811 2124 3812 2124 3792 2124 3794 2125 3793 2125 3813 2125 3812 2126 3813 2126 3793 2126 3797 2127 3794 2127 3814 2127 3813 2128 3814 2128 3794 2128 3798 2129 3795 2129 3796 2129 3815 2130 3796 2130 3797 2130 3796 2131 3815 2131 3798 2131 3797 2132 3816 2132 3815 2132 3816 2133 3797 2133 3817 2133 3814 2134 3817 2134 3797 2134 3798 2135 3815 2135 3818 2135 3818 2136 3799 2136 3798 2136 3799 2137 3818 2137 3819 2137 3819 2138 3800 2138 3799 2138 3800 2139 3819 2139 3820 2139 3820 2140 3801 2140 3800 2140 3801 2141 3820 2141 3821 2141 3821 2142 3802 2142 3801 2142 3802 2143 3821 2143 3822 2143 3822 2144 3803 2144 3802 2144 3803 2145 3822 2145 3823 2145 3823 2146 3804 2146 3803 2146 3804 2147 3823 2147 3805 2147 3807 2148 3805 2148 3823 2148 3806 2149 3807 2149 3824 2149 3824 2150 3809 2150 3806 2150 3823 2151 3825 2151 3807 2151 3807 2152 3825 2152 3826 2152 3826 2153 3824 2153 3807 2153 3810 2154 3808 2154 3827 2154 3809 1141 3828 1141 3808 1141 3808 2155 3828 2155 3829 2155 3829 2156 3827 2156 3808 2156 3809 2157 3824 2157 3830 2157 3830 2158 3828 2158 3809 2158 3827 2159 3831 2159 3810 2159 3811 2160 3810 2160 3831 2160 3812 2161 3811 2161 3832 2161 3831 2162 3832 2162 3811 2162 3813 2163 3812 2163 3833 2163 3832 2164 3833 2164 3812 2164 3833 2165 3834 2165 3813 2165 3814 2166 3813 2166 3834 2166 3817 2167 3814 2167 3835 2167 3834 2168 3835 2168 3814 2168 3815 2169 3816 2169 3836 2169 3836 2170 3818 2170 3815 2170 3836 2171 3816 2171 3837 2171 3816 2172 3817 2172 3838 2172 3838 2173 3837 2173 3816 2173 3835 2174 3839 2174 3817 2174 3838 2175 3817 2175 3839 2175 3818 2176 3836 2176 3840 2176 3840 2177 3819 2177 3818 2177 3819 2178 3840 2178 3841 2178 3841 2179 3820 2179 3819 2179 3820 2180 3841 2180 3842 2180 3842 2181 3821 2181 3820 2181 3821 2182 3842 2182 3843 2182 3843 2183 3822 2183 3821 2183 3822 2184 3843 2184 3825 2184 3825 2185 3823 2185 3822 2185 3824 1186 3826 1186 3830 1186 3825 2186 3843 2186 3844 2186 3844 2187 3826 2187 3825 2187 3826 1186 3844 1186 3830 1186 3827 2188 3845 2188 3846 2188 3846 2189 3831 2189 3827 2189 3847 2190 3845 2190 3827 2190 3827 1186 3829 1186 3847 1186 3830 2191 3838 2191 3828 2191 3848 712 3829 712 3828 712 3848 712 3828 712 3838 712 3848 712 3849 712 3829 712 3850 2192 3847 2192 3829 2192 3850 1141 3829 1141 3849 1141 3851 2193 3837 2193 3830 2193 3844 1186 3852 1186 3830 1186 3852 1186 3853 1186 3830 1186 3853 2194 3854 2194 3830 2194 3854 2195 3851 2195 3830 2195 3830 2196 3837 2196 3838 2196 3831 2197 3846 2197 3855 2197 3855 2198 3832 2198 3831 2198 3832 2199 3855 2199 3856 2199 3856 2200 3833 2200 3832 2200 3833 2201 3856 2201 3857 2201 3857 2202 3834 2202 3833 2202 3834 2203 3857 2203 3858 2203 3858 2204 3835 2204 3834 2204 3835 2205 3858 2205 3859 2205 3859 2206 3839 2206 3835 2206 3840 2207 3836 2207 3851 2207 3837 2208 3851 2208 3836 2208 3839 2209 3849 2209 3838 2209 3848 712 3838 712 3849 712 3849 2210 3839 2210 3859 2210 3841 2211 3840 2211 3854 2211 3851 2212 3854 2212 3840 2212 3842 2213 3841 2213 3853 2213 3854 2214 3853 2214 3841 2214 3843 2215 3842 2215 3852 2215 3853 2216 3852 2216 3842 2216 3852 2217 3844 2217 3843 2217 3845 2218 3860 2218 3861 2218 3861 2219 3862 2219 3845 2219 3845 2220 3862 2220 3863 2220 3863 2221 3846 2221 3845 2221 3847 2222 3860 2222 3845 2222 3846 2223 3863 2223 3864 2223 3864 2224 3855 2224 3846 2224 3860 2225 3847 2225 3865 2225 3850 1141 3865 1141 3847 1141 3849 2226 3859 2226 3866 2226 3866 2227 3867 2227 3849 2227 3850 2228 3849 2228 3867 2228 3850 2229 3868 2229 3865 2229 3850 1141 3869 1141 3868 1141 3850 2230 3870 2230 3869 2230 3850 2231 3871 2231 3870 2231 3850 1141 3872 1141 3871 1141 3850 2232 3873 2232 3872 2232 3850 1141 3867 1141 3873 1141 3855 2233 3864 2233 3874 2233 3874 2234 3856 2234 3855 2234 3856 2235 3874 2235 3875 2235 3875 2236 3857 2236 3856 2236 3857 2237 3875 2237 3876 2237 3876 2238 3858 2238 3857 2238 3858 2239 3876 2239 3877 2239 3877 2240 3859 2240 3858 2240 3866 2241 3859 2241 3877 2241 3865 2242 3878 2242 3860 2242 3861 2243 3860 2243 3878 2243 3861 2244 3879 2244 3880 2244 3880 2245 3862 2245 3861 2245 3879 2246 3861 2246 3881 2246 3878 2247 3881 2247 3861 2247 3862 2248 3880 2248 3882 2248 3882 2249 3863 2249 3862 2249 3863 2250 3882 2250 3883 2250 3883 2251 3864 2251 3863 2251 3864 2252 3883 2252 3884 2252 3884 2253 3874 2253 3864 2253 3878 2254 3865 2254 3868 2254 3877 2255 3885 2255 3866 2255 3866 2256 3885 2256 3886 2256 3886 2257 3887 2257 3866 2257 3867 2258 3866 2258 3887 2258 3887 2259 3873 2259 3867 2259 3888 2260 3868 2260 3869 2260 3868 2261 3888 2261 3878 2261 3889 2262 3869 2262 3870 2262 3869 2263 3889 2263 3888 2263 3890 2264 3870 2264 3871 2264 3870 2265 3890 2265 3889 2265 3891 2266 3871 2266 3872 2266 3871 2267 3891 2267 3890 2267 3892 2268 3872 2268 3873 2268 3872 2269 3892 2269 3891 2269 3873 2270 3887 2270 3892 2270 3874 2271 3884 2271 3893 2271 3893 2272 3875 2272 3874 2272 3875 2273 3893 2273 3894 2273 3894 2274 3876 2274 3875 2274 3876 2275 3894 2275 3895 2275 3895 2276 3877 2276 3876 2276 3885 2277 3877 2277 3895 2277 3881 2278 3878 2278 3888 2278 3879 2279 3896 2279 3897 2279 3897 2280 3880 2280 3879 2280 3896 2281 3879 2281 3898 2281 3881 2282 3898 2282 3879 2282 3880 2283 3897 2283 3899 2283 3899 2284 3882 2284 3880 2284 3888 2285 3900 2285 3881 2285 3898 2286 3881 2286 3900 2286 3882 2287 3899 2287 3901 2287 3901 2288 3883 2288 3882 2288 3883 2289 3901 2289 3902 2289 3902 2290 3884 2290 3883 2290 3884 2291 3902 2291 3903 2291 3903 2292 3893 2292 3884 2292 3895 2293 3904 2293 3885 2293 3885 2294 3904 2294 3905 2294 3905 2295 3886 2295 3885 2295 3886 2296 3905 2296 3906 2296 3906 2297 3907 2297 3886 2297 3887 2298 3886 2298 3907 2298 3907 2299 3892 2299 3887 2299 3900 2300 3888 2300 3889 2300 3908 2301 3889 2301 3890 2301 3889 2302 3908 2302 3900 2302 3909 2303 3890 2303 3891 2303 3890 2304 3909 2304 3908 2304 3910 2305 3891 2305 3892 2305 3891 2306 3910 2306 3909 2306 3892 2307 3907 2307 3910 2307 3893 2308 3903 2308 3911 2308 3911 2309 3894 2309 3893 2309 3894 2310 3911 2310 3912 2310 3912 2311 3895 2311 3894 2311 3904 2312 3895 2312 3912 2312 3896 2313 3913 2313 3914 2313 3914 2314 3897 2314 3896 2314 3913 2315 3896 2315 3915 2315 3898 2316 3915 2316 3896 2316 3897 2317 3914 2317 3916 2317 3916 2318 3899 2318 3897 2318 3915 2319 3898 2319 3917 2319 3900 2320 3917 2320 3898 2320 3899 2321 3916 2321 3918 2321 3918 2322 3901 2322 3899 2322 3917 2323 3900 2323 3908 2323 3901 2324 3918 2324 3919 2324 3919 2325 3902 2325 3901 2325 3902 2326 3919 2326 3920 2326 3920 2327 3903 2327 3902 2327 3903 2328 3920 2328 3921 2328 3921 2329 3911 2329 3903 2329 3912 2330 3922 2330 3904 2330 3904 2331 3922 2331 3923 2331 3923 2332 3905 2332 3904 2332 3905 2333 3923 2333 3924 2333 3924 2334 3906 2334 3905 2334 3906 2335 3924 2335 3925 2335 3925 2336 3926 2336 3906 2336 3907 2337 3906 2337 3926 2337 3926 2338 3910 2338 3907 2338 3927 2339 3908 2339 3909 2339 3908 2340 3927 2340 3917 2340 3928 2341 3909 2341 3910 2341 3909 2342 3928 2342 3927 2342 3910 2343 3926 2343 3928 2343 3911 2344 3921 2344 3929 2344 3929 2345 3912 2345 3911 2345 3922 2346 3912 2346 3929 2346 3913 2347 3930 2347 3931 2347 3931 2348 3914 2348 3913 2348 3930 2349 3913 2349 3932 2349 3915 2350 3932 2350 3913 2350 3914 2351 3931 2351 3933 2351 3933 2352 3916 2352 3914 2352 3932 2353 3915 2353 3934 2353 3917 2354 3934 2354 3915 2354 3916 2355 3933 2355 3935 2355 3935 2356 3918 2356 3916 2356 3934 2357 3917 2357 3927 2357 3918 2358 3935 2358 3936 2358 3936 2359 3919 2359 3918 2359 3919 2360 3936 2360 3937 2360 3937 2361 3920 2361 3919 2361 3920 2362 3937 2362 3938 2362 3938 2363 3921 2363 3920 2363 3921 2364 3938 2364 3939 2364 3939 2365 3929 2365 3921 2365 3929 2366 3940 2366 3922 2366 3922 2367 3940 2367 3941 2367 3941 2368 3923 2368 3922 2368 3923 2369 3941 2369 3942 2369 3942 2370 3924 2370 3923 2370 3924 2371 3942 2371 3943 2371 3943 2372 3925 2372 3924 2372 3925 2373 3943 2373 3944 2373 3944 2374 3945 2374 3925 2374 3926 2375 3925 2375 3945 2375 3945 2376 3928 2376 3926 2376 3946 2377 3927 2377 3928 2377 3927 2378 3946 2378 3934 2378 3928 2379 3945 2379 3946 2379 3940 2380 3929 2380 3939 2380 3930 2381 3947 2381 3948 2381 3948 2382 3931 2382 3930 2382 3947 2383 3930 2383 3949 2383 3932 2384 3949 2384 3930 2384 3931 2385 3948 2385 3950 2385 3950 2386 3933 2386 3931 2386 3949 2387 3932 2387 3951 2387 3934 2388 3951 2388 3932 2388 3935 2389 3933 2389 3950 2389 3951 2390 3934 2390 3946 2390 3950 2391 3952 2391 3935 2391 3935 2392 3952 2392 3953 2392 3953 2393 3936 2393 3935 2393 3936 2394 3953 2394 3954 2394 3954 2395 3937 2395 3936 2395 3937 2396 3954 2396 3955 2396 3955 2397 3938 2397 3937 2397 3938 2398 3955 2398 3956 2398 3956 2399 3939 2399 3938 2399 3957 2400 3939 2400 3956 2400 3939 2401 3957 2401 3940 2401 3940 2402 3957 2402 3958 2402 3958 2403 3941 2403 3940 2403 3941 2404 3958 2404 3959 2404 3959 2405 3942 2405 3941 2405 3942 2406 3959 2406 3960 2406 3960 2407 3943 2407 3942 2407 3943 2408 3960 2408 3961 2408 3961 2409 3944 2409 3943 2409 3944 2410 3961 2410 3962 2410 3962 2411 3963 2411 3944 2411 3945 2412 3944 2412 3963 2412 3963 2413 3946 2413 3945 2413 3946 2414 3963 2414 3951 2414 3964 2415 3947 2415 3965 2415 3949 2416 3965 2416 3947 2416 3948 2417 3947 2417 3964 2417 3948 2418 3966 2418 3967 2418 3967 2419 3950 2419 3948 2419 3964 2420 3966 2420 3948 2420 3965 2421 3949 2421 3968 2421 3951 2422 3968 2422 3949 2422 3950 2423 3967 2423 3969 2423 3969 2424 3952 2424 3950 2424 3968 2425 3951 2425 3963 2425 3952 2426 3969 2426 3970 2426 3970 2427 3953 2427 3952 2427 3953 2428 3970 2428 3971 2428 3971 2429 3954 2429 3953 2429 3954 2430 3971 2430 3972 2430 3972 2431 3955 2431 3954 2431 3955 2432 3972 2432 3973 2432 3973 2433 3956 2433 3955 2433 3956 2434 3974 2434 3957 2434 3974 2435 3956 2435 3973 2435 3957 2436 3974 2436 3975 2436 3975 2437 3958 2437 3957 2437 3958 2438 3975 2438 3976 2438 3976 2439 3959 2439 3958 2439 3959 2440 3976 2440 3977 2440 3977 2441 3960 2441 3959 2441 3960 2442 3977 2442 3978 2442 3978 2443 3961 2443 3960 2443 3961 2444 3978 2444 3979 2444 3979 2445 3962 2445 3961 2445 3962 2446 3979 2446 3980 2446 3980 2447 3968 2447 3962 2447 3963 2448 3962 2448 3968 2448 3965 2449 3981 2449 3964 2449 3982 2450 3964 2450 3981 2450 3982 2451 3966 2451 3964 2451 3981 2452 3965 2452 3980 2452 3968 2453 3980 2453 3965 2453 3982 2454 3967 2454 3966 2454 3982 2455 3969 2455 3967 2455 3982 2456 3970 2456 3969 2456 3982 2457 3971 2457 3970 2457 3982 2458 3972 2458 3971 2458 3982 2459 3973 2459 3972 2459 3973 2460 3983 2460 3974 2460 3982 2461 3983 2461 3973 2461 3974 2462 3983 2462 3984 2462 3984 2463 3975 2463 3974 2463 3975 2464 3984 2464 3985 2464 3985 2465 3976 2465 3975 2465 3976 2466 3985 2466 3986 2466 3986 2467 3977 2467 3976 2467 3977 2468 3986 2468 3987 2468 3987 2469 3978 2469 3977 2469 3978 2470 3987 2470 3988 2470 3988 2471 3979 2471 3978 2471 3979 2472 3988 2472 3989 2472 3989 2473 3980 2473 3979 2473 3980 2474 3989 2474 3981 2474 3982 2475 3981 2475 3989 2475 3982 2476 3984 2476 3983 2476 3982 2477 3985 2477 3984 2477 3982 2478 3986 2478 3985 2478 3982 2479 3987 2479 3986 2479 3982 2480 3988 2480 3987 2480 3982 2481 3989 2481 3988 2481 3990 2482 3991 2482 3992 2482 3992 2483 3993 2483 3990 2483 3994 2484 3990 2484 3993 2484 3991 2485 3990 2485 3995 2485 3990 2486 3994 2486 3996 2486 3996 2487 3995 2487 3990 2487 3991 2488 3997 2488 3998 2488 3998 2489 3992 2489 3991 2489 3995 2490 3999 2490 3991 2490 4000 2491 3997 2491 3991 2491 3991 2492 3999 2492 4000 2492 3992 2493 3998 2493 4001 2493 3993 2494 3992 2494 4001 2494 3993 2495 4002 2495 3994 2495 4001 2496 4002 2496 3993 2496 4003 2497 3994 2497 4002 2497 3994 2498 4003 2498 4004 2498 4004 2499 3996 2499 3994 2499 3999 2500 3995 2500 4005 2500 4006 2501 4005 2501 3995 2501 3995 2502 3996 2502 4006 2502 4007 2503 4006 2503 3996 2503 3996 2504 4004 2504 4007 2504 4008 2505 3997 2505 4000 2505 3998 2506 3997 2506 4008 2506 4001 2507 3998 2507 4009 2507 4008 2508 4009 2508 3998 2508 4000 2509 3999 2509 4010 2509 4005 2510 4010 2510 3999 2510 4010 2511 4011 2511 4000 2511 4012 2512 4013 2512 4000 2512 4000 2513 4011 2513 4012 2513 4000 2514 4013 2514 4008 2514 4001 2515 4009 2515 4014 2515 4015 2516 4016 2516 4001 2516 4001 2517 4016 2517 4017 2517 4018 2518 4019 2518 4001 2518 4001 2519 4019 2519 4020 2519 4021 2520 4022 2520 4001 2520 4001 2521 4022 2521 4023 2521 4024 2522 4002 2522 4001 2522 4014 2523 4015 2523 4001 2523 4017 2524 4018 2524 4001 2524 4020 2525 4021 2525 4001 2525 4023 2526 4024 2526 4001 2526 4002 2527 4024 2527 4003 2527 4025 2528 4003 2528 4024 2528 4003 2529 4025 2529 4026 2529 4026 2530 4004 2530 4003 2530 4027 2531 4007 2531 4004 2531 4004 2532 4026 2532 4027 2532 4028 2533 4005 2533 4006 2533 4028 2534 4010 2534 4005 2534 4028 2535 4006 2535 4007 2535 4028 2536 4007 2536 4027 2536 4008 2537 4029 2537 4014 2537 4014 2538 4009 2538 4008 2538 4029 2539 4008 2539 4013 2539 4028 2540 4011 2540 4010 2540 4012 2541 4011 2541 4028 2541 4012 2542 4030 2542 4031 2542 4031 2543 4013 2543 4012 2543 4028 2544 4030 2544 4012 2544 4013 2545 4031 2545 4029 2545 4015 2546 4014 2546 4029 2546 4029 2547 4032 2547 4015 2547 4016 2548 4015 2548 4032 2548 4032 2549 4033 2549 4016 2549 4017 2550 4016 2550 4033 2550 4033 2551 4034 2551 4017 2551 4018 2552 4017 2552 4034 2552 4034 2553 4035 2553 4018 2553 4019 2554 4018 2554 4035 2554 4035 2555 4036 2555 4019 2555 4020 2556 4019 2556 4036 2556 4036 2557 4037 2557 4020 2557 4021 2558 4020 2558 4037 2558 4037 2559 4038 2559 4021 2559 4022 2560 4021 2560 4038 2560 4038 2561 4039 2561 4022 2561 4023 2562 4022 2562 4039 2562 4039 2563 4025 2563 4023 2563 4024 2564 4023 2564 4025 2564 4025 2565 4039 2565 4040 2565 4040 2566 4026 2566 4025 2566 4041 2567 4027 2567 4026 2567 4026 2568 4040 2568 4041 2568 4028 2569 4027 2569 4041 2569 4028 2570 4042 2570 4030 2570 4028 2571 4043 2571 4042 2571 4028 2572 4044 2572 4043 2572 4028 2573 4045 2573 4044 2573 4028 2574 4046 2574 4045 2574 4028 2575 4047 2575 4046 2575 4028 2576 4048 2576 4047 2576 4028 2577 4041 2577 4048 2577 4032 2578 4029 2578 4031 2578 4030 2579 4042 2579 4049 2579 4049 2580 4031 2580 4030 2580 4031 2581 4049 2581 4032 2581 4033 2582 4032 2582 4049 2582 4049 2583 4050 2583 4033 2583 4034 2584 4033 2584 4050 2584 4050 2585 4051 2585 4034 2585 4035 2586 4034 2586 4051 2586 4051 2587 4052 2587 4035 2587 4036 2588 4035 2588 4052 2588 4052 2589 4053 2589 4036 2589 4037 2590 4036 2590 4053 2590 4053 2591 4054 2591 4037 2591 4038 2592 4037 2592 4054 2592 4054 2593 4055 2593 4038 2593 4039 2594 4038 2594 4055 2594 4055 2595 4040 2595 4039 2595 4048 2596 4041 2596 4040 2596 4040 2597 4055 2597 4048 2597 4042 2598 4043 2598 4050 2598 4050 2599 4049 2599 4042 2599 4043 2600 4044 2600 4051 2600 4051 2601 4050 2601 4043 2601 4044 2602 4045 2602 4052 2602 4052 2603 4051 2603 4044 2603 4045 2604 4046 2604 4053 2604 4053 2605 4052 2605 4045 2605 4046 2606 4047 2606 4054 2606 4054 2607 4053 2607 4046 2607 4047 2608 4048 2608 4055 2608 4055 2609 4054 2609 4047 2609 4056 2610 4057 2610 4058 2610 4058 2611 4059 2611 4056 2611 4056 2612 4059 2612 4060 2612 4060 2613 4061 2613 4056 2613 4057 2614 4056 2614 4062 2614 4063 2615 4062 2615 4056 2615 4056 2616 4061 2616 4063 2616 4064 2617 4057 2617 4065 2617 4057 2618 4064 2618 4066 2618 4066 2619 4058 2619 4057 2619 4062 2620 4065 2620 4057 2620 4058 2621 4066 2621 4067 2621 4067 2622 4068 2622 4058 2622 4059 2623 4058 2623 4068 2623 4068 2624 4069 2624 4059 2624 4060 2625 4059 2625 4069 2625 4070 2626 4060 2626 4071 2626 4069 2627 4071 2627 4060 2627 4072 2628 4061 2628 4060 2628 4060 2629 4070 2629 4072 2629 4063 2630 4061 2630 4072 2630 4065 2631 4062 2631 4073 2631 4074 2632 4073 2632 4062 2632 4062 2633 4063 2633 4074 2633 4075 2634 4074 2634 4063 2634 4063 2635 4076 2635 4075 2635 4072 2636 4076 2636 4063 2636 4066 2637 4064 2637 4077 2637 4065 2638 4078 2638 4064 2638 4064 2639 4078 2639 4079 2639 4079 2640 4077 2640 4064 2640 4073 2641 4080 2641 4065 2641 4078 2642 4065 2642 4080 2642 4077 2643 4081 2643 4066 2643 4066 2644 4081 2644 4082 2644 4082 2645 4067 2645 4066 2645 4068 2646 4067 2646 4083 2646 4067 2647 4082 2647 4084 2647 4084 2648 4083 2648 4067 2648 4083 2649 4085 2649 4068 2649 4069 2650 4068 2650 4085 2650 4085 2651 4086 2651 4069 2651 4071 2652 4069 2652 4086 2652 4071 2653 4087 2653 4070 2653 4088 2654 4070 2654 4087 2654 4088 2655 4072 2655 4070 2655 4087 2656 4071 2656 4089 2656 4086 2657 4089 2657 4071 2657 4088 2658 4076 2658 4072 2658 4080 2659 4073 2659 4090 2659 4091 2660 4090 2660 4073 2660 4073 2661 4074 2661 4091 2661 4092 2662 4091 2662 4074 2662 4074 2663 4075 2663 4092 2663 4088 2664 4075 2664 4076 2664 4088 2665 4092 2665 4075 2665 4093 2666 4077 2666 4079 2666 4081 2667 4077 2667 4093 2667 4079 2668 4078 2668 4094 2668 4080 2669 4094 2669 4078 2669 4094 2670 4095 2670 4079 2670 4096 2671 4079 2671 4095 2671 4079 2672 4096 2672 4093 2672 4094 2673 4080 2673 4097 2673 4090 2674 4097 2674 4080 2674 4081 2675 4098 2675 4099 2675 4099 2676 4082 2676 4081 2676 4093 2677 4098 2677 4081 2677 4082 2678 4099 2678 4100 2678 4100 2679 4084 2679 4082 2679 4083 2680 4084 2680 4101 2680 4101 2681 4102 2681 4083 2681 4085 2682 4083 2682 4102 2682 4084 2683 4100 2683 4103 2683 4103 2684 4101 2684 4084 2684 4102 2685 4104 2685 4085 2685 4086 2686 4085 2686 4104 2686 4089 2687 4086 2687 4105 2687 4104 2688 4105 2688 4086 2688 4089 2689 4106 2689 4087 2689 4088 2690 4087 2690 4106 2690 4088 2664 4107 2664 4092 2664 4088 2691 4106 2691 4108 2691 4088 2664 4109 2664 4107 2664 4088 2692 4108 2692 4110 2692 4088 2693 4110 2693 4109 2693 4106 2694 4089 2694 4111 2694 4105 2695 4111 2695 4089 2695 4097 2696 4090 2696 4112 2696 4113 2697 4112 2697 4090 2697 4090 2698 4091 2698 4113 2698 4107 2699 4113 2699 4091 2699 4091 2700 4092 2700 4107 2700 4098 2701 4093 2701 4114 2701 4114 2702 4093 2702 4096 2702 4097 2703 4115 2703 4094 2703 4094 2704 4115 2704 4116 2704 4116 2705 4095 2705 4094 2705 4117 2706 4095 2706 4116 2706 4095 2707 4117 2707 4096 2707 4118 2708 4096 2708 4117 2708 4096 2709 4118 2709 4114 2709 4115 2710 4097 2710 4119 2710 4112 2711 4119 2711 4097 2711 4098 2712 4120 2712 4121 2712 4121 2713 4099 2713 4098 2713 4114 2714 4120 2714 4098 2714 4099 2715 4121 2715 4122 2715 4122 2716 4100 2716 4099 2716 4100 2717 4122 2717 4123 2717 4123 2718 4103 2718 4100 2718 4124 2719 4101 2719 4103 2719 4125 2720 4102 2720 4101 2720 4101 2721 4124 2721 4125 2721 4126 2722 4104 2722 4102 2722 4102 2723 4125 2723 4126 2723 4103 2724 4127 2724 4124 2724 4127 2725 4103 2725 4123 2725 4128 2726 4105 2726 4104 2726 4104 2727 4126 2727 4128 2727 4129 2728 4111 2728 4105 2728 4105 2729 4128 2729 4129 2729 4111 2730 4108 2730 4106 2730 4107 2731 4109 2731 4130 2731 4130 2732 4113 2732 4107 2732 4110 2733 4108 2733 4111 2733 4131 2734 4132 2734 4109 2734 4109 2735 4110 2735 4131 2735 4109 2736 4133 2736 4134 2736 4134 2737 4130 2737 4109 2737 4135 2738 4133 2738 4109 2738 4109 2739 4132 2739 4135 2739 4111 2740 4129 2740 4110 2740 4136 2741 4110 2741 4129 2741 4137 2742 4131 2742 4110 2742 4110 2743 4136 2743 4137 2743 4112 2744 4138 2744 4139 2744 4139 2745 4119 2745 4112 2745 4138 2746 4112 2746 4113 2746 4113 2747 4130 2747 4138 2747 4120 2748 4114 2748 4140 2748 4140 2749 4114 2749 4118 2749 4119 2750 4141 2750 4115 2750 4116 2751 4115 2751 4141 2751 4141 2752 4142 2752 4116 2752 4143 2753 4116 2753 4142 2753 4116 2754 4143 2754 4117 2754 4144 2755 4117 2755 4143 2755 4117 2756 4144 2756 4118 2756 4140 2748 4118 2748 4144 2748 4119 2757 4139 2757 4145 2757 4145 2758 4141 2758 4119 2758 4140 2748 4121 2748 4120 2748 4140 2759 4122 2759 4121 2759 4140 2748 4123 2748 4122 2748 4123 2760 4146 2760 4127 2760 4140 2748 4146 2748 4123 2748 4147 2761 4124 2761 4127 2761 4148 2762 4125 2762 4124 2762 4124 2763 4147 2763 4148 2763 4149 2764 4126 2764 4125 2764 4125 2765 4148 2765 4149 2765 4150 2766 4128 2766 4126 2766 4126 2767 4149 2767 4150 2767 4127 2768 4151 2768 4147 2768 4151 2769 4127 2769 4146 2769 4152 2770 4129 2770 4128 2770 4128 2771 4150 2771 4152 2771 4129 2772 4152 2772 4136 2772 4138 2773 4130 2773 4134 2773 4153 2774 4131 2774 4154 2774 4155 2775 4154 2775 4131 2775 4131 2776 4137 2776 4155 2776 4156 2777 4131 2777 4153 2777 4156 2778 4132 2778 4131 2778 4135 2779 4132 2779 4157 2779 4158 2780 4157 2780 4132 2780 4132 2781 4159 2781 4158 2781 4156 2748 4159 2748 4132 2748 4134 2782 4133 2782 4160 2782 4160 2783 4133 2783 4135 2783 4160 2784 4161 2784 4134 2784 4162 2785 4134 2785 4161 2785 4134 2786 4162 2786 4138 2786 4163 2787 4135 2787 4164 2787 4157 2788 4164 2788 4135 2788 4135 2789 4163 2789 4160 2789 4136 2790 4152 2790 4165 2790 4165 2791 4166 2791 4136 2791 4167 2792 4137 2792 4136 2792 4136 2792 4166 2792 4167 2792 4137 2793 4167 2793 4168 2793 4168 2794 4155 2794 4137 2794 4139 2795 4138 2795 4162 2795 4145 2796 4139 2796 4169 2796 4162 2797 4169 2797 4139 2797 4140 2798 4170 2798 4171 2798 4140 2748 4172 2748 4173 2748 4140 2799 4173 2799 4146 2799 4140 2748 4174 2748 4172 2748 4140 2800 4175 2800 4174 2800 4140 2801 4176 2801 4175 2801 4140 2748 4177 2748 4176 2748 4140 2748 4171 2748 4177 2748 4140 2748 4178 2748 4179 2748 4140 2748 4179 2748 4170 2748 4140 2802 4144 2802 4178 2802 4141 2803 4145 2803 4180 2803 4180 2804 4142 2804 4141 2804 4142 2805 4181 2805 4143 2805 4181 2806 4142 2806 4180 2806 4178 2807 4143 2807 4181 2807 4143 2808 4178 2808 4144 2808 4180 2809 4145 2809 4182 2809 4169 2810 4182 2810 4145 2810 4146 2811 4173 2811 4151 2811 4148 2812 4147 2812 4183 2812 4147 2813 4151 2813 4184 2813 4184 2814 4183 2814 4147 2814 4149 2815 4148 2815 4185 2815 4183 2816 4185 2816 4148 2816 4185 2817 4186 2817 4149 2817 4150 2818 4149 2818 4186 2818 4186 2819 4187 2819 4150 2819 4152 2820 4150 2820 4187 2820 4151 2821 4173 2821 4172 2821 4172 2822 4184 2822 4151 2822 4187 2823 4165 2823 4152 2823 4188 2824 4153 2824 4189 2824 4154 2825 4189 2825 4153 2825 4156 2748 4153 2748 4188 2748 4189 2826 4154 2826 4190 2826 4191 2827 4190 2827 4154 2827 4154 2828 4155 2828 4191 2828 4191 2829 4155 2829 4168 2829 4156 2830 4192 2830 4193 2830 4156 2748 4193 2748 4194 2748 4156 2748 4194 2748 4195 2748 4156 2748 4195 2748 4159 2748 4156 2748 4188 2748 4196 2748 4156 2831 4196 2831 4197 2831 4156 2832 4197 2832 4192 2832 4198 2833 4164 2833 4157 2833 4157 2834 4199 2834 4198 2834 4200 2835 4199 2835 4157 2835 4157 2836 4158 2836 4200 2836 4201 2837 4158 2837 4159 2837 4200 2838 4158 2838 4201 2838 4159 2839 4195 2839 4201 2839 4202 2840 4160 2840 4163 2840 4161 2841 4160 2841 4202 2841 4202 2842 4203 2842 4161 2842 4204 2843 4161 2843 4203 2843 4161 2844 4204 2844 4162 2844 4169 2845 4162 2845 4204 2845 4163 2846 4205 2846 4202 2846 4205 2847 4163 2847 4206 2847 4164 2848 4206 2848 4163 2848 4207 2849 4206 2849 4164 2849 4164 2850 4198 2850 4207 2850 4166 2851 4165 2851 4208 2851 4165 2852 4187 2852 4209 2852 4209 2853 4208 2853 4165 2853 4208 2854 4210 2854 4166 2854 4211 2855 4167 2855 4166 2855 4166 2856 4210 2856 4211 2856 4167 2857 4211 2857 4212 2857 4212 2858 4168 2858 4167 2858 4168 2859 4213 2859 4191 2859 4213 2860 4168 2860 4212 2860 4182 2861 4169 2861 4214 2861 4204 2862 4214 2862 4169 2862 4171 2863 4170 2863 4215 2863 4181 2864 4215 2864 4170 2864 4170 2865 4179 2865 4181 2865 4215 2866 4216 2866 4171 2866 4217 2867 4177 2867 4171 2867 4171 2868 4216 2868 4217 2868 4184 2869 4172 2869 4174 2869 4174 2870 4218 2870 4184 2870 4218 2871 4174 2871 4175 2871 4219 2872 4175 2872 4176 2872 4175 2873 4219 2873 4218 2873 4176 2874 4220 2874 4219 2874 4220 2875 4176 2875 4177 2875 4177 2876 4217 2876 4220 2876 4181 2877 4179 2877 4178 2877 4215 2878 4180 2878 4221 2878 4182 2879 4221 2879 4180 2879 4180 2880 4215 2880 4181 2880 4221 2881 4182 2881 4222 2881 4214 2882 4222 2882 4182 2882 4185 2883 4183 2883 4223 2883 4183 2884 4184 2884 4218 2884 4218 2885 4223 2885 4183 2885 4223 2886 4224 2886 4185 2886 4186 2887 4185 2887 4224 2887 4224 2888 4225 2888 4186 2888 4187 2889 4186 2889 4225 2889 4225 2890 4209 2890 4187 2890 4196 2891 4188 2891 4226 2891 4189 2892 4226 2892 4188 2892 4227 2893 4226 2893 4189 2893 4189 2894 4228 2894 4227 2894 4190 2895 4228 2895 4189 2895 4228 2896 4190 2896 4229 2896 4230 2897 4229 2897 4190 2897 4190 2898 4191 2898 4230 2898 4230 2899 4191 2899 4213 2899 4193 2900 4192 2900 4231 2900 4192 2901 4197 2901 4232 2901 4232 2902 4231 2902 4192 2902 4194 2903 4193 2903 4233 2903 4231 2904 4233 2904 4193 2904 4195 2905 4194 2905 4234 2905 4233 2906 4234 2906 4194 2906 4234 2907 4201 2907 4195 2907 4197 2908 4196 2908 4235 2908 4226 2909 4235 2909 4196 2909 4235 2910 4232 2910 4197 2910 4236 2911 4207 2911 4198 2911 4198 2912 4237 2912 4236 2912 4237 2913 4198 2913 4199 2913 4199 2914 4238 2914 4237 2914 4239 2915 4238 2915 4199 2915 4199 2916 4200 2916 4239 2916 4201 2917 4240 2917 4200 2917 4239 2918 4200 2918 4240 2918 4240 2919 4201 2919 4234 2919 4203 2920 4202 2920 4241 2920 4241 2921 4202 2921 4205 2921 4241 2922 4242 2922 4203 2922 4243 2923 4203 2923 4242 2923 4203 2924 4243 2924 4204 2924 4214 2925 4204 2925 4243 2925 4244 2926 4205 2926 4245 2926 4206 2927 4245 2927 4205 2927 4205 2921 4244 2921 4241 2921 4246 2928 4245 2928 4206 2928 4206 2929 4207 2929 4246 2929 4247 2930 4246 2930 4207 2930 4207 2931 4236 2931 4247 2931 4210 2932 4208 2932 4242 2932 4208 2933 4209 2933 4248 2933 4248 2934 4242 2934 4208 2934 4209 2935 4225 2935 4249 2935 4249 2936 4248 2936 4209 2936 4242 2937 4241 2937 4210 2937 4244 2938 4211 2938 4210 2938 4210 2939 4241 2939 4244 2939 4211 2940 4244 2940 4250 2940 4250 2941 4212 2941 4211 2941 4212 2942 4251 2942 4213 2942 4251 2943 4212 2943 4250 2943 4213 2944 4252 2944 4230 2944 4252 2945 4213 2945 4251 2945 4243 2946 4253 2946 4214 2946 4222 2947 4214 2947 4253 2947 4221 2948 4216 2948 4215 2948 4254 2949 4217 2949 4216 2949 4216 2950 4221 2950 4254 2950 4255 2951 4220 2951 4217 2951 4217 2952 4254 2952 4255 2952 4223 2953 4218 2953 4219 2953 4219 2954 4256 2954 4223 2954 4255 2955 4256 2955 4219 2955 4219 2956 4220 2956 4255 2956 4222 2957 4254 2957 4221 2957 4254 2958 4222 2958 4257 2958 4253 2959 4257 2959 4222 2959 4224 2960 4223 2960 4256 2960 4256 2961 4258 2961 4224 2961 4225 2962 4224 2962 4258 2962 4258 2963 4249 2963 4225 2963 4259 2964 4235 2964 4226 2964 4226 2965 4227 2965 4259 2965 4260 2966 4259 2966 4227 2966 4227 2967 4261 2967 4260 2967 4261 2968 4227 2968 4228 2968 4228 2969 4262 2969 4261 2969 4229 2970 4262 2970 4228 2970 4262 2971 4229 2971 4263 2971 4264 2972 4263 2972 4229 2972 4229 2973 4230 2973 4264 2973 4264 2974 4230 2974 4252 2974 4265 2975 4231 2975 4232 2975 4266 2976 4233 2976 4231 2976 4231 2977 4265 2977 4266 2977 4232 2978 4267 2978 4265 2978 4267 2979 4232 2979 4235 2979 4268 2980 4234 2980 4233 2980 4233 2981 4266 2981 4268 2981 4234 2982 4268 2982 4240 2982 4235 2983 4259 2983 4267 2983 4269 2984 4247 2984 4236 2984 4236 2985 4270 2985 4269 2985 4270 2986 4236 2986 4237 2986 4237 2987 4271 2987 4270 2987 4271 2988 4237 2988 4238 2988 4238 2989 4272 2989 4271 2989 4273 2990 4272 2990 4238 2990 4238 2991 4239 2991 4273 2991 4273 2992 4239 2992 4274 2992 4240 2993 4274 2993 4239 2993 4274 2994 4240 2994 4268 2994 4242 2995 4248 2995 4243 2995 4253 2996 4243 2996 4248 2996 4245 2997 4250 2997 4244 2997 4275 2998 4250 2998 4245 2998 4245 2999 4246 2999 4275 2999 4276 3000 4275 3000 4246 3000 4246 3001 4247 3001 4276 3001 4277 3002 4276 3002 4247 3002 4247 3003 4269 3003 4277 3003 4248 3004 4249 3004 4253 3004 4249 3005 4258 3005 4257 3005 4257 3006 4253 3006 4249 3006 4250 3007 4275 3007 4251 3007 4251 3008 4278 3008 4252 3008 4278 3009 4251 3009 4275 3009 4252 3010 4279 3010 4264 3010 4279 3011 4252 3011 4278 3011 4257 3012 4255 3012 4254 3012 4256 3013 4255 3013 4257 3013 4257 3014 4258 3014 4256 3014 4280 3015 4267 3015 4259 3015 4259 3016 4260 3016 4280 3016 4281 3017 4280 3017 4260 3017 4260 3018 4282 3018 4281 3018 4282 3019 4260 3019 4261 3019 4261 3020 4283 3020 4282 3020 4283 3021 4261 3021 4262 3021 4262 3022 4284 3022 4283 3022 4263 3023 4284 3023 4262 3023 4284 3024 4263 3024 4285 3024 4286 3025 4285 3025 4263 3025 4263 3026 4264 3026 4286 3026 4286 3027 4264 3027 4279 3027 4280 3028 4287 3028 4265 3028 4265 3029 4267 3029 4280 3029 4288 3030 4266 3030 4265 3030 4265 3031 4287 3031 4288 3031 4289 3032 4268 3032 4266 3032 4266 3033 4288 3033 4289 3033 4268 3034 4289 3034 4274 3034 4290 3035 4277 3035 4269 3035 4269 3036 4291 3036 4290 3036 4291 3037 4269 3037 4270 3037 4270 3038 4292 3038 4291 3038 4292 3039 4270 3039 4271 3039 4271 3040 4293 3040 4292 3040 4293 3041 4271 3041 4272 3041 4272 3042 4294 3042 4293 3042 4295 3043 4294 3043 4272 3043 4272 3044 4273 3044 4295 3044 4274 3045 4296 3045 4273 3045 4295 3046 4273 3046 4296 3046 4296 3047 4274 3047 4289 3047 4275 3048 4276 3048 4278 3048 4297 3049 4278 3049 4276 3049 4276 3050 4277 3050 4297 3050 4298 3051 4297 3051 4277 3051 4277 3052 4290 3052 4298 3052 4278 3053 4297 3053 4279 3053 4279 3054 4299 3054 4286 3054 4299 3055 4279 3055 4297 3055 4300 3056 4287 3056 4280 3056 4280 3057 4281 3057 4300 3057 4301 3058 4300 3058 4281 3058 4281 3059 4302 3059 4301 3059 4302 3060 4281 3060 4282 3060 4282 3061 4303 3061 4302 3061 4303 3062 4282 3062 4283 3062 4283 3063 4304 3063 4303 3063 4304 3064 4283 3064 4284 3064 4284 3065 4305 3065 4304 3065 4285 3066 4305 3066 4284 3066 4305 3067 4285 3067 4306 3067 4307 3068 4306 3068 4285 3068 4285 3069 4286 3069 4307 3069 4307 3070 4286 3070 4299 3070 4308 3071 4288 3071 4287 3071 4287 3072 4300 3072 4308 3072 4309 3073 4289 3073 4288 3073 4288 3074 4308 3074 4309 3074 4289 3075 4309 3075 4296 3075 4310 3076 4298 3076 4290 3076 4290 3077 4311 3077 4310 3077 4311 3078 4290 3078 4291 3078 4291 3079 4312 3079 4311 3079 4312 3080 4291 3080 4292 3080 4292 3081 4313 3081 4312 3081 4313 3082 4292 3082 4293 3082 4293 3083 4314 3083 4313 3083 4314 3084 4293 3084 4294 3084 4294 3085 4315 3085 4314 3085 4316 3086 4315 3086 4294 3086 4294 3087 4295 3087 4316 3087 4296 3088 4317 3088 4295 3088 4316 3089 4295 3089 4317 3089 4317 3090 4296 3090 4309 3090 4297 3091 4298 3091 4299 3091 4318 3092 4299 3092 4298 3092 4298 3093 4310 3093 4318 3093 4299 3094 4318 3094 4307 3094 4319 3095 4308 3095 4300 3095 4300 3096 4301 3096 4319 3096 4301 3097 4302 3097 4320 3097 4320 3098 4321 3098 4301 3098 4322 3099 4319 3099 4301 3099 4301 3100 4321 3100 4322 3100 4320 3101 4302 3101 4303 3101 4303 3102 4323 3102 4320 3102 4323 3103 4303 3103 4304 3103 4304 3104 4324 3104 4323 3104 4324 3105 4304 3105 4305 3105 4305 3106 4325 3106 4324 3106 4306 3107 4325 3107 4305 3107 4325 3108 4306 3108 4326 3108 4327 3109 4326 3109 4306 3109 4306 3110 4307 3110 4327 3110 4327 3111 4307 3111 4318 3111 4328 3112 4309 3112 4308 3112 4308 3113 4319 3113 4328 3113 4309 3114 4328 3114 4317 3114 4329 3115 4318 3115 4310 3115 4310 3116 4330 3116 4329 3116 4330 3117 4310 3117 4311 3117 4311 3118 4331 3118 4330 3118 4331 3119 4311 3119 4312 3119 4312 3120 4332 3120 4331 3120 4332 3121 4312 3121 4313 3121 4313 3122 4333 3122 4332 3122 4333 3123 4313 3123 4314 3123 4314 3124 4334 3124 4333 3124 4334 3125 4314 3125 4315 3125 4335 3126 4336 3126 4315 3126 4315 3127 4316 3127 4335 3127 4315 3128 4336 3128 4334 3128 4317 3129 4337 3129 4316 3129 4335 3130 4316 3130 4337 3130 4337 3131 4317 3131 4328 3131 4318 3132 4329 3132 4327 3132 4338 3133 4328 3133 4319 3133 4319 3134 4322 3134 4338 3134 4321 3135 4320 3135 4339 3135 4339 3136 4320 3136 4323 3136 4339 3137 4340 3137 4321 3137 4341 3138 4322 3138 4321 3138 4321 3139 4340 3139 4341 3139 4342 3140 4338 3140 4322 3140 4322 3141 4341 3141 4342 3141 4323 3142 4343 3142 4339 3142 4343 3143 4323 3143 4324 3143 4324 3144 4344 3144 4343 3144 4344 3145 4324 3145 4325 3145 4325 3146 4345 3146 4344 3146 4326 3147 4345 3147 4325 3147 4346 3148 4345 3148 4326 3148 4346 3149 4326 3149 4327 3149 4327 3150 4329 3150 4346 3150 4328 3151 4338 3151 4337 3151 4329 3152 4330 3152 4346 3152 4330 3153 4331 3153 4346 3153 4331 3154 4332 3154 4346 3154 4332 3155 4333 3155 4346 3155 4333 3156 4334 3156 4346 3156 4334 3157 4336 3157 4346 3157 4335 3158 4347 3158 4346 3158 4346 3159 4336 3159 4335 3159 4337 3160 4347 3160 4335 3160 4347 3161 4337 3161 4338 3161 4338 3162 4342 3162 4347 3162 4339 3163 4343 3163 4346 3163 4340 3164 4339 3164 4346 3164 4341 3165 4340 3165 4346 3165 4342 3166 4341 3166 4346 3166 4347 3167 4342 3167 4346 3167 4343 3168 4344 3168 4346 3168 4344 3169 4345 3169 4346 3169 4348 3170 4349 3170 4350 3170 4350 3171 4351 3171 4348 3171 4352 3172 4349 3172 4348 3172 4348 3173 4353 3173 4352 3173 4354 3174 4348 3174 4351 3174 4353 3175 4348 3175 4354 3175 4355 3176 4356 3176 4349 3176 4349 3177 4352 3177 4355 3177 4350 3178 4349 3178 4356 3178 4351 3179 4350 3179 4357 3179 4357 3180 4350 3180 4358 3180 4356 3181 4358 3181 4350 3181 4351 3182 4359 3182 4354 3182 4359 3183 4351 3183 4357 3183 4360 3184 4361 3184 4352 3184 4352 3185 4353 3185 4360 3185 4355 3186 4352 3186 4361 3186 4353 3187 4362 3187 4363 3187 4363 3188 4360 3188 4353 3188 4354 3189 4362 3189 4353 3189 4354 3190 4359 3190 4364 3190 4364 3191 4365 3191 4354 3191 4362 3192 4354 3192 4365 3192 4356 3193 4355 3193 4366 3193 4366 3194 4355 3194 4367 3194 4361 3195 4367 3195 4355 3195 4358 3196 4356 3196 4368 3196 4366 3197 4368 3197 4356 3197 4357 3198 4358 3198 4369 3198 4370 3199 4371 3199 4357 3199 4357 3200 4371 3200 4372 3200 4373 3201 4374 3201 4357 3201 4357 3202 4374 3202 4375 3202 4376 3203 4377 3203 4357 3203 4357 3204 4377 3204 4378 3204 4379 3205 4364 3205 4357 3205 4357 3206 4364 3206 4359 3206 4369 3207 4370 3207 4357 3207 4372 3208 4373 3208 4357 3208 4375 3179 4376 3179 4357 3179 4378 3209 4379 3209 4357 3209 4368 3210 4369 3210 4358 3210 4361 3211 4360 3211 4380 3211 4360 3212 4363 3212 4380 3212 4367 3213 4361 3213 4380 3213 4365 3214 4381 3214 4362 3214 4382 3215 4363 3215 4362 3215 4362 3216 4381 3216 4382 3216 4363 3217 4382 3217 4380 3217 4364 3218 4379 3218 4383 3218 4383 3219 4365 3219 4364 3219 4381 3220 4365 3220 4383 3220 4368 3221 4366 3221 4384 3221 4367 3222 4385 3222 4366 3222 4384 3223 4366 3223 4385 3223 4385 3224 4367 3224 4380 3224 4370 3225 4369 3225 4368 3225 4368 3226 4386 3226 4370 3226 4384 3227 4386 3227 4368 3227 4371 3228 4370 3228 4386 3228 4387 3229 4372 3229 4371 3229 4371 3230 4388 3230 4387 3230 4386 3231 4388 3231 4371 3231 4373 3232 4372 3232 4387 3232 4374 3233 4373 3233 4389 3233 4387 3234 4389 3234 4373 3234 4390 3235 4375 3235 4374 3235 4374 3236 4391 3236 4390 3236 4389 3237 4391 3237 4374 3237 4376 3238 4375 3238 4390 3238 4377 3239 4376 3239 4392 3239 4390 3240 4392 3240 4376 3240 4393 3241 4378 3241 4377 3241 4377 3242 4394 3242 4393 3242 4392 3243 4394 3243 4377 3243 4379 3244 4378 3244 4393 3244 4393 3245 4383 3245 4379 3245 4382 3246 4395 3246 4380 3246 4395 3247 4396 3247 4380 3247 4396 3248 4397 3248 4380 3248 4397 3249 4398 3249 4380 3249 4398 3250 4399 3250 4380 3250 4399 3251 4400 3251 4380 3251 4400 3252 4401 3252 4380 3252 4401 3253 4402 3253 4380 3253 4402 3254 4403 3254 4380 3254 4403 3255 4404 3255 4380 3255 4404 3256 4385 3256 4380 3256 4383 3257 4405 3257 4381 3257 4395 3258 4382 3258 4381 3258 4381 3259 4405 3259 4395 3259 4405 3260 4383 3260 4393 3260 4386 3261 4384 3261 4406 3261 4385 3262 4404 3262 4384 3262 4406 3263 4384 3263 4404 3263 4406 3264 4388 3264 4386 3264 4407 3265 4387 3265 4388 3265 4408 3266 4389 3266 4387 3266 4387 3267 4407 3267 4408 3267 4388 3268 4406 3268 4407 3268 4409 3269 4391 3269 4389 3269 4389 3270 4408 3270 4409 3270 4410 3271 4390 3271 4391 3271 4411 3272 4392 3272 4390 3272 4390 3273 4410 3273 4411 3273 4391 3274 4409 3274 4410 3274 4412 3275 4394 3275 4392 3275 4392 3276 4411 3276 4412 3276 4413 3277 4393 3277 4394 3277 4393 3278 4413 3278 4405 3278 4394 3279 4412 3279 4413 3279 4396 3280 4395 3280 4405 3280 4397 3281 4396 3281 4413 3281 4405 3282 4413 3282 4396 3282 4398 3283 4397 3283 4412 3283 4413 3284 4412 3284 4397 3284 4399 3285 4398 3285 4411 3285 4412 3286 4411 3286 4398 3286 4400 3287 4399 3287 4410 3287 4411 3288 4410 3288 4399 3288 4401 3289 4400 3289 4409 3289 4410 3290 4409 3290 4400 3290 4402 3291 4401 3291 4408 3291 4409 3292 4408 3292 4401 3292 4403 3293 4402 3293 4407 3293 4408 3294 4407 3294 4402 3294 4404 3295 4403 3295 4406 3295 4407 3296 4406 3296 4403 3296 4414 3297 4415 3297 4416 3297 4416 3298 4417 3298 4414 3298 4415 3299 4414 3299 4418 3299 4419 3300 4420 3300 4414 3300 4414 3301 4417 3301 4419 3301 4418 3302 4414 3302 4420 3302 4418 3303 4421 3303 4415 3303 4422 3304 4423 3304 4415 3304 4415 3305 4421 3305 4422 3305 4415 3306 4423 3306 4424 3306 4424 3307 4416 3307 4415 3307 4417 3308 4416 3308 4425 3308 4425 3309 4416 3309 4424 3309 4425 3310 4426 3310 4417 3310 4427 3311 4419 3311 4417 3311 4417 3312 4426 3312 4427 3312 4421 3313 4418 3313 4428 3313 4428 3314 4418 3314 4429 3314 4420 3315 4429 3315 4418 3315 4430 3316 4431 3316 4419 3316 4419 3317 4427 3317 4430 3317 4420 3318 4419 3318 4431 3318 4431 3319 4432 3319 4420 3319 4429 3320 4420 3320 4432 3320 4428 3321 4433 3321 4421 3321 4434 3322 4422 3322 4421 3322 4421 3323 4433 3323 4434 3323 4435 3324 4423 3324 4422 3324 4422 3325 4436 3325 4435 3325 4436 3326 4422 3326 4434 3326 4437 3327 4424 3327 4423 3327 4423 3328 4435 3328 4437 3328 4424 3329 4438 3329 4425 3329 4439 3330 4438 3330 4424 3330 4424 3331 4437 3331 4439 3331 4426 3332 4425 3332 4440 3332 4440 3333 4425 3333 4438 3333 4440 3334 4441 3334 4426 3334 4442 3335 4427 3335 4426 3335 4426 3336 4441 3336 4442 3336 4443 3337 4430 3337 4427 3337 4427 3338 4442 3338 4443 3338 4428 3339 4444 3339 4445 3339 4445 3340 4433 3340 4428 3340 4429 3341 4446 3341 4428 3341 4446 3342 4444 3342 4428 3342 4432 3343 4447 3343 4429 3343 4447 3344 4446 3344 4429 3344 4448 3345 4449 3345 4430 3345 4430 3346 4443 3346 4448 3346 4431 3347 4430 3347 4449 3347 4449 3348 4450 3348 4431 3348 4432 3349 4431 3349 4450 3349 4450 3350 4451 3350 4432 3350 4451 3351 4447 3351 4432 3351 4452 3352 4434 3352 4433 3352 4433 3353 4445 3353 4452 3353 4453 3354 4434 3354 4452 3354 4434 3355 4453 3355 4436 3355 4454 3356 4437 3356 4435 3356 4454 3357 4435 3357 4436 3357 4454 3358 4436 3358 4453 3358 4454 3359 4439 3359 4437 3359 4438 3360 4455 3360 4440 3360 4456 3361 4455 3361 4438 3361 4438 3362 4439 3362 4456 3362 4454 3363 4456 3363 4439 3363 4441 3364 4440 3364 4457 3364 4457 3365 4440 3365 4455 3365 4457 3366 4458 3366 4441 3366 4459 3367 4442 3367 4441 3367 4441 3368 4458 3368 4459 3368 4460 3369 4443 3369 4442 3369 4442 3370 4459 3370 4460 3370 4461 3371 4448 3371 4443 3371 4443 3372 4460 3372 4461 3372 4445 3373 4444 3373 4462 3373 4463 3374 4462 3374 4444 3374 4463 3375 4444 3375 4446 3375 4462 3376 4464 3376 4445 3376 4465 3377 4452 3377 4445 3377 4445 3378 4464 3378 4465 3378 4446 3379 4447 3379 4463 3379 4463 3380 4447 3380 4451 3380 4466 3381 4467 3381 4448 3381 4448 3382 4461 3382 4466 3382 4449 3383 4448 3383 4467 3383 4467 3384 4468 3384 4449 3384 4450 3385 4449 3385 4468 3385 4468 3386 4469 3386 4450 3386 4469 3387 4451 3387 4450 3387 4463 3388 4451 3388 4469 3388 4470 3389 4452 3389 4465 3389 4452 3390 4470 3390 4453 3390 4454 3391 4453 3391 4470 3391 4454 3392 4471 3392 4456 3392 4454 3393 4472 3393 4471 3393 4454 3394 4473 3394 4472 3394 4454 3395 4474 3395 4473 3395 4454 3396 4475 3396 4474 3396 4454 3397 4476 3397 4475 3397 4454 3398 4477 3398 4476 3398 4454 3399 4478 3399 4477 3399 4454 3400 4479 3400 4478 3400 4454 3401 4470 3401 4479 3401 4455 3402 4480 3402 4457 3402 4471 3403 4480 3403 4455 3403 4455 3404 4456 3404 4471 3404 4458 3405 4457 3405 4481 3405 4481 3406 4457 3406 4480 3406 4481 3407 4482 3407 4458 3407 4483 3408 4459 3408 4458 3408 4458 3409 4482 3409 4483 3409 4484 3410 4460 3410 4459 3410 4459 3411 4483 3411 4484 3411 4485 3412 4461 3412 4460 3412 4460 3413 4484 3413 4485 3413 4461 3414 4485 3414 4486 3414 4486 3415 4466 3415 4461 3415 4464 3416 4462 3416 4487 3416 4463 3417 4487 3417 4462 3417 4463 3418 4488 3418 4489 3418 4489 3419 4486 3419 4463 3419 4463 3420 4486 3420 4490 3420 4463 3421 4491 3421 4492 3421 4463 3422 4493 3422 4494 3422 4463 3423 4494 3423 4487 3423 4495 3424 4488 3424 4463 3424 4463 3425 4469 3425 4495 3425 4490 3426 4491 3426 4463 3426 4492 3427 4493 3427 4463 3427 4487 3428 4496 3428 4464 3428 4497 3429 4465 3429 4464 3429 4464 3430 4496 3430 4497 3430 4479 3431 4465 3431 4497 3431 4465 3432 4479 3432 4470 3432 4489 3433 4466 3433 4486 3433 4466 3434 4489 3434 4488 3434 4488 3435 4467 3435 4466 3435 4468 3436 4467 3436 4488 3436 4488 3437 4495 3437 4468 3437 4495 3438 4469 3438 4468 3438 4480 3439 4471 3439 4472 3439 4472 3440 4498 3440 4480 3440 4498 3441 4472 3441 4473 3441 4473 3442 4499 3442 4498 3442 4499 3443 4473 3443 4474 3443 4474 3444 4500 3444 4499 3444 4500 3445 4474 3445 4475 3445 4501 3446 4475 3446 4476 3446 4475 3447 4501 3447 4500 3447 4476 3448 4502 3448 4501 3448 4502 3449 4476 3449 4477 3449 4477 3450 4503 3450 4502 3450 4503 3451 4477 3451 4478 3451 4478 3452 4497 3452 4503 3452 4497 3453 4478 3453 4479 3453 4480 3454 4498 3454 4481 3454 4482 3455 4481 3455 4504 3455 4504 3456 4481 3456 4498 3456 4504 3457 4505 3457 4482 3457 4506 3458 4483 3458 4482 3458 4482 3459 4505 3459 4506 3459 4507 3460 4484 3460 4483 3460 4483 3461 4506 3461 4507 3461 4490 3462 4485 3462 4484 3462 4484 3463 4507 3463 4490 3463 4486 3464 4485 3464 4490 3464 4496 3465 4487 3465 4494 3465 4491 3466 4490 3466 4507 3466 4491 3467 4507 3467 4506 3467 4506 3468 4508 3468 4491 3468 4491 3469 4508 3469 4492 3469 4492 3470 4508 3470 4509 3470 4509 3471 4510 3471 4492 3471 4493 3472 4492 3472 4510 3472 4493 3473 4510 3473 4511 3473 4511 3474 4512 3474 4493 3474 4513 3475 4494 3475 4493 3475 4493 3476 4512 3476 4513 3476 4494 3477 4513 3477 4496 3477 4503 3478 4497 3478 4496 3478 4496 3479 4513 3479 4503 3479 4498 3480 4499 3480 4504 3480 4499 3481 4500 3481 4514 3481 4514 3482 4504 3482 4499 3482 4514 3483 4500 3483 4501 3483 4501 3484 4511 3484 4514 3484 4501 3485 4502 3485 4512 3485 4512 3486 4511 3486 4501 3486 4502 3487 4503 3487 4513 3487 4513 3488 4512 3488 4502 3488 4505 3489 4504 3489 4514 3489 4514 3490 4509 3490 4505 3490 4508 3491 4506 3491 4505 3491 4505 3492 4509 3492 4508 3492 4509 3493 4514 3493 4511 3493 4511 3494 4510 3494 4509 3494 4515 3495 4516 3495 4517 3495 4517 3496 4518 3496 4515 3496 4516 3497 4515 3497 4519 3497 4520 3498 4519 3498 4515 3498 4515 3499 4521 3499 4520 3499 4521 3500 4515 3500 4518 3500 4519 3501 4522 3501 4516 3501 4523 3502 4516 3502 4522 3502 4516 3503 4523 3503 4524 3503 4524 3504 4517 3504 4516 3504 4525 3505 4517 3505 4524 3505 4525 3506 4518 3506 4517 3506 4518 3507 4526 3507 4521 3507 4525 3508 4526 3508 4518 3508 4522 3509 4519 3509 4527 3509 4528 3510 4527 3510 4519 3510 4519 3511 4520 3511 4528 3511 4529 3512 4528 3512 4520 3512 4520 3513 4530 3513 4529 3513 4531 3514 4530 3514 4520 3514 4520 3515 4521 3515 4531 3515 4531 3516 4521 3516 4526 3516 4527 3517 4532 3517 4522 3517 4522 3518 4533 3518 4523 3518 4533 3519 4522 3519 4532 3519 4534 3520 4523 3520 4533 3520 4523 3521 4534 3521 4535 3521 4535 3522 4524 3522 4523 3522 4525 3523 4524 3523 4535 3523 4525 3524 4535 3524 4536 3524 4525 3525 4536 3525 4537 3525 4525 3526 4537 3526 4538 3526 4525 3527 4538 3527 4539 3527 4525 3528 4540 3528 4541 3528 4525 3529 4541 3529 4542 3529 4525 3530 4542 3530 4543 3530 4525 3531 4543 3531 4544 3531 4525 3532 4544 3532 4545 3532 4525 3533 4545 3533 4546 3533 4525 3534 4546 3534 4547 3534 4525 3535 4547 3535 4526 3535 4525 3536 4539 3536 4540 3536 4526 3537 4547 3537 4531 3537 4532 3538 4527 3538 4548 3538 4549 3539 4548 3539 4527 3539 4527 3540 4528 3540 4549 3540 4550 3541 4549 3541 4528 3541 4528 3542 4529 3542 4550 3542 4551 3543 4529 3543 4530 3543 4550 3544 4529 3544 4551 3544 4530 3545 4552 3545 4551 3545 4552 3546 4530 3546 4531 3546 4531 3547 4553 3547 4552 3547 4553 3548 4531 3548 4547 3548 4548 3549 4554 3549 4532 3549 4555 3550 4532 3550 4554 3550 4532 3551 4555 3551 4533 3551 4556 3552 4533 3552 4555 3552 4533 3553 4556 3553 4534 3553 4557 3554 4534 3554 4556 3554 4534 3555 4557 3555 4536 3555 4536 3556 4535 3556 4534 3556 4537 3557 4536 3557 4557 3557 4557 3558 4558 3558 4537 3558 4538 3559 4537 3559 4558 3559 4558 3560 4559 3560 4538 3560 4539 3561 4538 3561 4559 3561 4559 3562 4560 3562 4539 3562 4540 3563 4539 3563 4560 3563 4560 3564 4561 3564 4540 3564 4541 3565 4540 3565 4561 3565 4561 3566 4562 3566 4541 3566 4542 3567 4541 3567 4562 3567 4562 3568 4563 3568 4542 3568 4543 3569 4542 3569 4563 3569 4563 3570 4564 3570 4543 3570 4544 3571 4543 3571 4564 3571 4564 3572 4565 3572 4544 3572 4545 3573 4544 3573 4565 3573 4565 3574 4566 3574 4545 3574 4546 3575 4545 3575 4566 3575 4566 3576 4553 3576 4546 3576 4547 3577 4546 3577 4553 3577 4554 3578 4548 3578 4567 3578 4568 3579 4567 3579 4548 3579 4548 3580 4549 3580 4568 3580 4569 3581 4568 3581 4549 3581 4549 3582 4550 3582 4569 3582 4570 3583 4569 3583 4550 3583 4550 3584 4571 3584 4570 3584 4551 3585 4571 3585 4550 3585 4572 3586 4571 3586 4551 3586 4551 3587 4573 3587 4572 3587 4573 3588 4551 3588 4552 3588 4552 3589 4574 3589 4573 3589 4574 3590 4552 3590 4553 3590 4553 3591 4566 3591 4574 3591 4567 3592 4575 3592 4554 3592 4576 3593 4554 3593 4575 3593 4554 3594 4576 3594 4555 3594 4577 3595 4555 3595 4576 3595 4555 3596 4577 3596 4556 3596 4578 3597 4556 3597 4577 3597 4556 3598 4578 3598 4557 3598 4558 3599 4557 3599 4578 3599 4578 3600 4579 3600 4558 3600 4559 3601 4558 3601 4579 3601 4579 3602 4580 3602 4559 3602 4560 3603 4559 3603 4580 3603 4580 3604 4581 3604 4560 3604 4561 3605 4560 3605 4581 3605 4581 3606 4582 3606 4561 3606 4562 3607 4561 3607 4582 3607 4582 3608 4583 3608 4562 3608 4562 3609 4583 3609 4584 3609 4584 3610 4563 3610 4562 3610 4564 3611 4563 3611 4584 3611 4584 3612 4585 3612 4564 3612 4565 3613 4564 3613 4585 3613 4566 3614 4565 3614 4586 3614 4585 3615 4586 3615 4565 3615 4586 3616 4574 3616 4566 3616 4575 3617 4567 3617 4587 3617 4587 3618 4567 3618 4568 3618 4588 3619 4589 3619 4568 3619 4568 3620 4569 3620 4588 3620 4568 3621 4589 3621 4587 3621 4590 3622 4588 3622 4569 3622 4569 3623 4570 3623 4590 3623 4591 3624 4590 3624 4570 3624 4570 3625 4592 3625 4591 3625 4592 3626 4570 3626 4571 3626 4571 3627 4572 3627 4592 3627 4593 3628 4592 3628 4572 3628 4572 3629 4594 3629 4593 3629 4594 3630 4572 3630 4573 3630 4573 3631 4595 3631 4594 3631 4586 3632 4595 3632 4573 3632 4573 3633 4574 3633 4586 3633 4587 3634 4596 3634 4575 3634 4597 3635 4575 3635 4596 3635 4575 3636 4597 3636 4576 3636 4598 3637 4576 3637 4597 3637 4576 3638 4598 3638 4577 3638 4599 3639 4577 3639 4598 3639 4577 3640 4599 3640 4578 3640 4579 3641 4578 3641 4599 3641 4599 3642 4600 3642 4579 3642 4580 3643 4579 3643 4600 3643 4600 3644 4601 3644 4580 3644 4581 3645 4580 3645 4601 3645 4601 3646 4602 3646 4581 3646 4582 3647 4581 3647 4602 3647 4602 3648 4603 3648 4582 3648 4583 3649 4582 3649 4603 3649 4603 3650 4604 3650 4583 3650 4584 3651 4583 3651 4604 3651 4604 3652 4605 3652 4584 3652 4585 3653 4584 3653 4605 3653 4605 3654 4606 3654 4585 3654 4586 3655 4585 3655 4606 3655 4606 3656 4595 3656 4586 3656 4607 3657 4596 3657 4587 3657 4607 3658 4587 3658 4608 3658 4587 3659 4589 3659 4609 3659 4609 3660 4608 3660 4587 3660 4589 3661 4588 3661 4610 3661 4588 3662 4590 3662 4611 3662 4611 3663 4610 3663 4588 3663 4610 3664 4609 3664 4589 3664 4590 3665 4591 3665 4612 3665 4612 3666 4611 3666 4590 3666 4613 3667 4591 3667 4592 3667 4591 3668 4613 3668 4614 3668 4614 3669 4612 3669 4591 3669 4592 3670 4593 3670 4613 3670 4615 3671 4613 3671 4593 3671 4593 3672 4616 3672 4615 3672 4617 3673 4616 3673 4593 3673 4593 3674 4594 3674 4617 3674 4617 3675 4594 3675 4595 3675 4595 3676 4606 3676 4617 3676 4618 3677 4596 3677 4619 3677 4596 3678 4618 3678 4597 3678 4607 3679 4619 3679 4596 3679 4620 3680 4597 3680 4618 3680 4597 3681 4620 3681 4598 3681 4621 3682 4598 3682 4620 3682 4598 3683 4621 3683 4599 3683 4600 3684 4599 3684 4621 3684 4621 3685 4622 3685 4600 3685 4601 3686 4600 3686 4622 3686 4622 3687 4623 3687 4601 3687 4602 3688 4601 3688 4623 3688 4623 3689 4624 3689 4602 3689 4603 3690 4602 3690 4624 3690 4624 3691 4625 3691 4603 3691 4604 3692 4603 3692 4625 3692 4625 3693 4626 3693 4604 3693 4605 3694 4604 3694 4626 3694 4626 3695 4627 3695 4605 3695 4606 3696 4605 3696 4627 3696 4627 3697 4617 3697 4606 3697 4619 3698 4607 3698 4628 3698 4629 3699 4607 3699 4608 3699 4629 3700 4630 3700 4607 3700 4631 3701 4628 3701 4607 3701 4631 1186 4607 1186 4630 1186 4629 3702 4608 3702 4609 3702 4629 3703 4609 3703 4610 3703 4629 3704 4610 3704 4611 3704 4629 3705 4611 3705 4612 3705 4629 3706 4612 3706 4614 3706 4613 3707 4615 3707 4632 3707 4632 3708 4614 3708 4613 3708 4629 3709 4614 3709 4632 3709 4633 3710 4634 3710 4615 3710 4615 3711 4616 3711 4633 3711 4615 3712 4634 3712 4635 3712 4635 3713 4632 3713 4615 3713 4633 3714 4616 3714 4617 3714 4617 3715 4627 3715 4633 3715 4619 3716 4636 3716 4618 3716 4618 3717 4637 3717 4620 3717 4637 3718 4618 3718 4636 3718 4636 3719 4619 3719 4638 3719 4628 3720 4638 3720 4619 3720 4620 3721 4639 3721 4621 3721 4639 3722 4620 3722 4637 3722 4622 3723 4621 3723 4639 3723 4639 3724 4640 3724 4622 3724 4623 3725 4622 3725 4640 3725 4640 3726 4641 3726 4623 3726 4624 3727 4623 3727 4641 3727 4641 3728 4642 3728 4624 3728 4625 3729 4624 3729 4642 3729 4642 3730 4643 3730 4625 3730 4626 3731 4625 3731 4643 3731 4643 3732 4644 3732 4626 3732 4627 3733 4626 3733 4644 3733 4644 3734 4633 3734 4627 3734 4631 1186 4645 1186 4628 1186 4638 3735 4628 3735 4646 3735 4647 3736 4646 3736 4628 3736 4647 3737 4628 3737 4645 3737 4629 3738 4632 3738 4635 3738 4629 3739 4635 3739 4648 3739 4629 3740 4648 3740 4630 3740 4649 3741 4650 3741 4630 3741 4630 3742 4648 3742 4649 3742 4630 3743 4651 3743 4652 3743 4652 3744 4645 3744 4630 3744 4631 3745 4630 3745 4645 3745 4651 3746 4630 3746 4650 3746 4649 3747 4634 3747 4633 3747 4633 3748 4644 3748 4649 3748 4634 3749 4649 3749 4648 3749 4648 3750 4635 3750 4634 3750 4638 3751 4653 3751 4636 3751 4654 3752 4636 3752 4653 3752 4636 3753 4654 3753 4637 3753 4637 3754 4655 3754 4639 3754 4655 3755 4637 3755 4654 3755 4638 3756 4656 3756 4657 3756 4657 3757 4653 3757 4638 3757 4646 3758 4656 3758 4638 3758 4640 3759 4639 3759 4655 3759 4655 3760 4658 3760 4640 3760 4641 3761 4640 3761 4658 3761 4658 3762 4659 3762 4641 3762 4641 3763 4659 3763 4660 3763 4660 3764 4642 3764 4641 3764 4643 3765 4642 3765 4660 3765 4660 3766 4650 3766 4643 3766 4644 3767 4643 3767 4650 3767 4650 3768 4649 3768 4644 3768 4661 3769 4645 3769 4662 3769 4645 3770 4652 3770 4663 3770 4663 3771 4662 3771 4645 3771 4647 3772 4645 3772 4661 3772 4664 3773 4646 3773 4665 3773 4647 3774 4665 3774 4646 3774 4646 3775 4664 3775 4656 3775 4647 3776 4666 3776 4665 3776 4647 3777 4667 3777 4666 3777 4647 3778 4668 3778 4667 3778 4647 3779 4669 3779 4668 3779 4647 3780 4670 3780 4669 3780 4647 3781 4671 3781 4670 3781 4647 3782 4661 3782 4671 3782 4650 3783 4660 3783 4651 3783 4651 3784 4672 3784 4673 3784 4673 3785 4652 3785 4651 3785 4672 3786 4651 3786 4660 3786 4663 3787 4652 3787 4673 3787 4653 3788 4657 3788 4674 3788 4674 3789 4675 3789 4653 3789 4653 3790 4675 3790 4654 3790 4676 3791 4654 3791 4675 3791 4654 3792 4676 3792 4655 3792 4658 3793 4655 3793 4676 3793 4677 3794 4656 3794 4664 3794 4657 3795 4656 3795 4677 3795 4677 3796 4678 3796 4657 3796 4674 3797 4657 3797 4678 3797 4659 3798 4658 3798 4679 3798 4676 3799 4679 3799 4658 3799 4660 3800 4659 3800 4672 3800 4679 3801 4672 3801 4659 3801 4661 3802 4680 3802 4681 3802 4681 3803 4671 3803 4661 3803 4662 3804 4680 3804 4661 3804 4662 3805 4663 3805 4682 3805 4682 3806 4683 3806 4662 3806 4680 3807 4662 3807 4683 3807 4673 3808 4684 3808 4663 3808 4685 3809 4682 3809 4663 3809 4663 3810 4684 3810 4685 3810 4664 3811 4686 3811 4677 3811 4665 3812 4687 3812 4664 3812 4688 3813 4686 3813 4664 3813 4664 3814 4687 3814 4688 3814 4687 3815 4665 3815 4666 3815 4689 3816 4666 3816 4667 3816 4666 3817 4689 3817 4687 3817 4690 3818 4667 3818 4668 3818 4667 3819 4690 3819 4689 3819 4691 3820 4668 3820 4669 3820 4668 3821 4691 3821 4690 3821 4692 3822 4669 3822 4670 3822 4669 3823 4692 3823 4691 3823 4693 3824 4670 3824 4671 3824 4670 3825 4693 3825 4692 3825 4671 3826 4681 3826 4693 3826 4672 3827 4679 3827 4694 3827 4694 3828 4673 3828 4672 3828 4684 3829 4673 3829 4694 3829 4678 3830 4695 3830 4674 3830 4675 3831 4674 3831 4696 3831 4696 3832 4674 3832 4695 3832 4696 3833 4697 3833 4675 3833 4675 3834 4697 3834 4676 3834 4679 3835 4676 3835 4697 3835 4698 3836 4699 3836 4677 3836 4677 3837 4686 3837 4698 3837 4678 3838 4677 3838 4699 3838 4695 3839 4678 3839 4700 3839 4699 3840 4700 3840 4678 3840 4697 3841 4694 3841 4679 3841 4683 3842 4701 3842 4680 3842 4681 3843 4680 3843 4701 3843 4701 3844 4702 3844 4681 3844 4693 3845 4681 3845 4702 3845 4703 3846 4704 3846 4682 3846 4682 3847 4685 3847 4703 3847 4683 3848 4682 3848 4704 3848 4704 3849 4705 3849 4683 3849 4701 3850 4683 3850 4705 3850 4694 3851 4706 3851 4684 3851 4685 3852 4684 3852 4706 3852 4707 3853 4703 3853 4685 3853 4685 3854 4708 3854 4707 3854 4706 3855 4708 3855 4685 3855 4709 3856 4698 3856 4686 3856 4686 3857 4688 3857 4709 3857 4710 3858 4688 3858 4687 3858 4687 3859 4689 3859 4710 3859 4711 3860 4709 3860 4688 3860 4688 3861 4710 3861 4711 3861 4712 3862 4710 3862 4689 3862 4689 3863 4690 3863 4712 3863 4713 3864 4712 3864 4690 3864 4690 3865 4691 3865 4713 3865 4714 3866 4713 3866 4691 3866 4691 3867 4692 3867 4714 3867 4715 3868 4714 3868 4692 3868 4692 3869 4693 3869 4715 3869 4702 3870 4715 3870 4693 3870 4706 3871 4694 3871 4697 3871 4700 3872 4716 3872 4695 3872 4717 3873 4695 3873 4716 3873 4695 3874 4717 3874 4696 3874 4697 3875 4696 3875 4706 3875 4706 3876 4696 3876 4717 3876 4699 3877 4698 3877 4718 3877 4719 3878 4718 3878 4698 3878 4698 3879 4709 3879 4719 3879 4718 3880 4720 3880 4699 3880 4700 3881 4699 3881 4720 3881 4720 3882 4721 3882 4700 3882 4716 3883 4700 3883 4721 3883 4705 3884 4722 3884 4701 3884 4701 3885 4722 3885 4723 3885 4723 3886 4702 3886 4701 3886 4715 3887 4702 3887 4723 3887 4724 3888 4725 3888 4703 3888 4703 3889 4707 3889 4724 3889 4704 3890 4703 3890 4725 3890 4725 3891 4726 3891 4704 3891 4705 3892 4704 3892 4726 3892 4722 3893 4705 3893 4727 3893 4726 3894 4727 3894 4705 3894 4717 3895 4708 3895 4706 3895 4728 3896 4707 3896 4708 3896 4724 3897 4707 3897 4728 3897 4708 3898 4717 3898 4728 3898 4729 3899 4719 3899 4709 3899 4709 3900 4711 3900 4729 3900 4730 3901 4711 3901 4710 3901 4710 3902 4712 3902 4730 3902 4731 3903 4729 3903 4711 3903 4711 3904 4730 3904 4731 3904 4732 3905 4730 3905 4712 3905 4712 3906 4713 3906 4732 3906 4733 3907 4732 3907 4713 3907 4713 3908 4714 3908 4733 3908 4734 3909 4733 3909 4714 3909 4714 3910 4715 3910 4734 3910 4723 3911 4734 3911 4715 3911 4721 3912 4735 3912 4716 3912 4728 3913 4716 3913 4735 3913 4716 3914 4728 3914 4717 3914 4736 3915 4737 3915 4718 3915 4718 3916 4719 3916 4736 3916 4720 3917 4718 3917 4737 3917 4738 3918 4736 3918 4719 3918 4719 3919 4729 3919 4738 3919 4721 3920 4720 3920 4739 3920 4737 3921 4739 3921 4720 3921 4739 3922 4740 3922 4721 3922 4735 3923 4721 3923 4740 3923 4727 3924 4741 3924 4722 3924 4723 3925 4722 3925 4741 3925 4741 3926 4742 3926 4723 3926 4734 3927 4723 3927 4742 3927 4743 3928 4744 3928 4724 3928 4724 3929 4745 3929 4743 3929 4728 3930 4745 3930 4724 3930 4725 3931 4724 3931 4744 3931 4744 3932 4746 3932 4725 3932 4726 3933 4725 3933 4746 3933 4727 3934 4726 3934 4747 3934 4746 3935 4747 3935 4726 3935 4747 3936 4748 3936 4727 3936 4741 3937 4727 3937 4748 3937 4735 3938 4745 3938 4728 3938 4749 3939 4738 3939 4729 3939 4729 3940 4731 3940 4749 3940 4750 3941 4731 3941 4730 3941 4730 3942 4732 3942 4750 3942 4751 3943 4749 3943 4731 3943 4731 3944 4750 3944 4751 3944 4752 3945 4750 3945 4732 3945 4732 3946 4733 3946 4752 3946 4753 3947 4752 3947 4733 3947 4733 3948 4734 3948 4753 3948 4742 3949 4753 3949 4734 3949 4740 3950 4754 3950 4735 3950 4745 3951 4735 3951 4754 3951 4755 3952 4756 3952 4736 3952 4736 3953 4738 3953 4755 3953 4757 3954 4737 3954 4736 3954 4736 3955 4756 3955 4757 3955 4739 3956 4737 3956 4757 3956 4758 3957 4755 3957 4738 3957 4738 3958 4749 3958 4758 3958 4757 3959 4759 3959 4739 3959 4740 3960 4739 3960 4759 3960 4759 3961 4760 3961 4740 3961 4754 3962 4740 3962 4760 3962 4748 3963 4761 3963 4741 3963 4742 3964 4741 3964 4761 3964 4761 3965 4762 3965 4742 3965 4753 3966 4742 3966 4762 3966 4754 3967 4743 3967 4745 3967 4763 3968 4743 3968 4754 3968 4744 3969 4743 3969 4763 3969 4763 3970 4764 3970 4744 3970 4746 3971 4744 3971 4764 3971 4747 3972 4746 3972 4765 3972 4764 3973 4765 3973 4746 3973 4765 3974 4766 3974 4747 3974 4748 3975 4747 3975 4766 3975 4766 3976 4767 3976 4748 3976 4761 3977 4748 3977 4767 3977 4768 3978 4758 3978 4749 3978 4749 3979 4751 3979 4768 3979 4769 3980 4751 3980 4750 3980 4750 3981 4752 3981 4769 3981 4770 3982 4768 3982 4751 3982 4751 3983 4769 3983 4770 3983 4771 3984 4769 3984 4752 3984 4752 3985 4753 3985 4771 3985 4762 3986 4771 3986 4753 3986 4760 3987 4772 3987 4754 3987 4754 3988 4772 3988 4763 3988 4773 3989 4774 3989 4755 3989 4755 3990 4758 3990 4773 3990 4756 3991 4755 3991 4774 3991 4757 3992 4756 3992 4775 3992 4774 3993 4775 3993 4756 3993 4759 3994 4757 3994 4776 3994 4775 3995 4776 3995 4757 3995 4777 3996 4773 3996 4758 3996 4758 3997 4768 3997 4777 3997 4776 3998 4778 3998 4759 3998 4760 3999 4759 3999 4778 3999 4778 4000 4779 4000 4760 4000 4772 4001 4760 4001 4779 4001 4767 4002 4780 4002 4761 4002 4762 4003 4761 4003 4780 4003 4780 4004 4781 4004 4762 4004 4771 4005 4762 4005 4781 4005 4782 4006 4783 4006 4763 4006 4763 4007 4772 4007 4782 4007 4764 4008 4763 4008 4783 4008 4783 4009 4784 4009 4764 4009 4765 4010 4764 4010 4784 4010 4784 4011 4785 4011 4765 4011 4765 4012 4785 4012 4786 4012 4786 4013 4766 4013 4765 4013 4767 4014 4766 4014 4786 4014 4786 4015 4787 4015 4767 4015 4780 4016 4767 4016 4787 4016 4788 4017 4777 4017 4768 4017 4768 4018 4770 4018 4788 4018 4789 4019 4770 4019 4769 4019 4769 4020 4771 4020 4789 4020 4790 4021 4788 4021 4770 4021 4770 4022 4789 4022 4790 4022 4781 4023 4789 4023 4771 4023 4779 4024 4782 4024 4772 4024 4791 4025 4773 4025 4777 4025 4773 4026 4791 4026 4792 4026 4792 4027 4774 4027 4773 4027 4774 4028 4792 4028 4793 4028 4793 4029 4775 4029 4774 4029 4775 4030 4793 4030 4794 4030 4794 4031 4776 4031 4775 4031 4776 4032 4794 4032 4795 4032 4795 4033 4778 4033 4776 4033 4796 4034 4797 4034 4777 4034 4777 4035 4788 4035 4796 4035 4777 4036 4797 4036 4791 4036 4778 4037 4795 4037 4798 4037 4798 4038 4779 4038 4778 4038 4779 4039 4798 4039 4799 4039 4799 4040 4782 4040 4779 4040 4787 4041 4800 4041 4780 4041 4781 4042 4780 4042 4800 4042 4800 4043 4801 4043 4781 4043 4789 4044 4781 4044 4801 4044 4782 4045 4799 4045 4802 4045 4802 4046 4783 4046 4782 4046 4783 4047 4802 4047 4803 4047 4803 4048 4784 4048 4783 4048 4784 4049 4803 4049 4804 4049 4804 4050 4785 4050 4784 4050 4785 4051 4804 4051 4805 4051 4805 4052 4786 4052 4785 4052 4787 4053 4786 4053 4805 4053 4805 4054 4806 4054 4787 4054 4800 4055 4787 4055 4806 4055 4796 4056 4788 4056 4790 4056 4801 4057 4790 4057 4789 4057 4807 4058 4790 4058 4801 4058 4790 4059 4807 4059 4796 4059 4808 4060 4791 4060 4797 4060 4808 4061 4792 4061 4791 4061 4808 4062 4793 4062 4792 4062 4808 4063 4794 4063 4793 4063 4808 4064 4795 4064 4794 4064 4808 4065 4798 4065 4795 4065 4808 4066 4796 4066 4807 4066 4808 4067 4797 4067 4796 4067 4808 4068 4799 4068 4798 4068 4808 4069 4802 4069 4799 4069 4806 4070 4809 4070 4800 4070 4800 4071 4809 4071 4810 4071 4810 4072 4801 4072 4800 4072 4801 4073 4810 4073 4807 4073 4808 4074 4803 4074 4802 4074 4808 4075 4804 4075 4803 4075 4808 4076 4805 4076 4804 4076 4805 4077 4808 4077 4806 4077 4806 4078 4808 4078 4809 4078 4808 4079 4807 4079 4810 4079 4808 4080 4810 4080 4809 4080 4811 4081 4812 4081 4813 4081 4814 4082 4815 4082 4811 4082 4811 4083 4813 4083 4814 4083 4812 4084 4811 4084 4816 4084 4816 4085 4811 4085 4815 4085 4813 4086 4812 4086 4817 4086 4812 4087 4818 4087 4819 4087 4812 4088 4820 4088 4818 4088 4812 4089 4821 4089 4820 4089 4812 4090 4822 4090 4821 4090 4812 4091 4823 4091 4822 4091 4812 4092 4824 4092 4823 4092 4812 4093 4825 4093 4824 4093 4812 4094 4826 4094 4825 4094 4812 4095 4827 4095 4826 4095 4812 4096 4828 4096 4827 4096 4812 4097 4829 4097 4828 4097 4812 4098 4830 4098 4829 4098 4812 4099 4816 4099 4830 4099 4812 4100 4819 4100 4817 4100 4814 4101 4813 4101 4817 4101 4815 4102 4814 4102 4831 4102 4817 4103 4832 4103 4814 4103 4831 4104 4814 4104 4832 4104 4831 4105 4833 4105 4815 4105 4834 4106 4815 4106 4833 4106 4815 4107 4834 4107 4816 4107 4830 4108 4816 4108 4834 4108 4817 4109 4819 4109 4835 4109 4835 4110 4832 4110 4817 4110 4819 4111 4818 4111 4836 4111 4818 4112 4820 4112 4837 4112 4837 4113 4836 4113 4818 4113 4836 4114 4835 4114 4819 4114 4820 4115 4821 4115 4838 4115 4838 4116 4837 4116 4820 4116 4821 4117 4822 4117 4839 4117 4839 4118 4838 4118 4821 4118 4822 4119 4823 4119 4840 4119 4840 4120 4839 4120 4822 4120 4823 4121 4824 4121 4841 4121 4841 4122 4840 4122 4823 4122 4824 4123 4825 4123 4842 4123 4842 4124 4841 4124 4824 4124 4825 4125 4826 4125 4843 4125 4843 4126 4842 4126 4825 4126 4826 4127 4827 4127 4844 4127 4844 4128 4843 4128 4826 4128 4827 4129 4828 4129 4845 4129 4845 4130 4844 4130 4827 4130 4828 4131 4829 4131 4846 4131 4846 4132 4845 4132 4828 4132 4829 4133 4830 4133 4847 4133 4847 4134 4846 4134 4829 4134 4834 4135 4847 4135 4830 4135 4832 4136 4848 4136 4831 4136 4849 4137 4831 4137 4848 4137 4833 4138 4831 4138 4849 4138 4832 4139 4835 4139 4850 4139 4850 4140 4848 4140 4832 4140 4833 4141 4851 4141 4852 4141 4852 4142 4853 4142 4833 4142 4833 4143 4853 4143 4834 4143 4849 4144 4851 4144 4833 4144 4847 4145 4834 4145 4853 4145 4835 4146 4836 4146 4854 4146 4854 4147 4850 4147 4835 4147 4836 4148 4837 4148 4855 4148 4855 4149 4854 4149 4836 4149 4837 4150 4838 4150 4856 4150 4856 4151 4855 4151 4837 4151 4838 4152 4839 4152 4857 4152 4857 4153 4856 4153 4838 4153 4839 4154 4840 4154 4858 4154 4858 4155 4857 4155 4839 4155 4840 4156 4841 4156 4859 4156 4859 4157 4858 4157 4840 4157 4841 4158 4842 4158 4860 4158 4860 4159 4859 4159 4841 4159 4842 4160 4843 4160 4861 4160 4861 4161 4860 4161 4842 4161 4843 4162 4844 4162 4862 4162 4862 4163 4861 4163 4843 4163 4844 4164 4845 4164 4863 4164 4863 4165 4862 4165 4844 4165 4845 4166 4846 4166 4864 4166 4864 4167 4863 4167 4845 4167 4846 4168 4847 4168 4865 4168 4865 4169 4864 4169 4846 4169 4853 4170 4865 4170 4847 4170 4848 4171 4866 4171 4849 4171 4848 4172 4850 4172 4867 4172 4867 4173 4866 4173 4848 4173 4851 4174 4849 4174 4868 4174 4869 4175 4868 4175 4849 4175 4849 4176 4866 4176 4869 4176 4850 4177 4854 4177 4870 4177 4870 4178 4867 4178 4850 4178 4868 4179 4871 4179 4851 4179 4852 4180 4851 4180 4871 4180 4865 4181 4853 4181 4852 4181 4852 4182 4872 4182 4865 4182 4872 4183 4852 4183 4873 4183 4871 4184 4873 4184 4852 4184 4854 4185 4855 4185 4874 4185 4874 4186 4870 4186 4854 4186 4855 4187 4856 4187 4875 4187 4875 4188 4874 4188 4855 4188 4856 4189 4857 4189 4876 4189 4876 4190 4875 4190 4856 4190 4857 4191 4858 4191 4877 4191 4877 4192 4876 4192 4857 4192 4858 4193 4859 4193 4878 4193 4878 4194 4877 4194 4858 4194 4859 4195 4860 4195 4879 4195 4879 4196 4878 4196 4859 4196 4860 4197 4861 4197 4880 4197 4880 4198 4879 4198 4860 4198 4861 4199 4862 4199 4881 4199 4881 4200 4880 4200 4861 4200 4862 4201 4863 4201 4882 4201 4882 4202 4881 4202 4862 4202 4863 4203 4864 4203 4883 4203 4883 4204 4882 4204 4863 4204 4864 4205 4865 4205 4872 4205 4872 4206 4883 4206 4864 4206 4866 4207 4867 4207 4884 4207 4884 4208 4869 4208 4866 4208 4867 4209 4870 4209 4885 4209 4885 4210 4884 4210 4867 4210 4871 4211 4868 4211 4886 4211 4886 4212 4868 4212 4869 4212 4869 4213 4884 4213 4887 4213 4887 4214 4888 4214 4869 4214 4869 4215 4888 4215 4886 4215 4870 4216 4874 4216 4889 4216 4889 4217 4885 4217 4870 4217 4886 4218 4890 4218 4871 4218 4873 4219 4871 4219 4890 4219 4883 4220 4872 4220 4891 4220 4873 4221 4891 4221 4872 4221 4891 4222 4873 4222 4892 4222 4890 4223 4892 4223 4873 4223 4874 4224 4875 4224 4893 4224 4893 4225 4889 4225 4874 4225 4875 4226 4876 4226 4894 4226 4894 4227 4893 4227 4875 4227 4876 4228 4877 4228 4895 4228 4895 4229 4894 4229 4876 4229 4877 4230 4878 4230 4896 4230 4896 4231 4895 4231 4877 4231 4878 4232 4879 4232 4897 4232 4897 4233 4896 4233 4878 4233 4879 4234 4880 4234 4898 4234 4898 4235 4897 4235 4879 4235 4880 4236 4881 4236 4899 4236 4899 4237 4898 4237 4880 4237 4881 4238 4882 4238 4900 4238 4900 4239 4899 4239 4881 4239 4882 4240 4883 4240 4901 4240 4901 4241 4900 4241 4882 4241 4891 4242 4901 4242 4883 4242 4884 4243 4885 4243 4902 4243 4902 4244 4887 4244 4884 4244 4885 4245 4889 4245 4903 4245 4903 4246 4902 4246 4885 4246 4890 4247 4886 4247 4904 4247 4904 4248 4886 4248 4888 4248 4888 4249 4887 4249 4905 4249 4887 4250 4902 4250 4906 4250 4906 4251 4905 4251 4887 4251 4905 4252 4907 4252 4888 4252 4888 4253 4907 4253 4904 4253 4889 4254 4893 4254 4908 4254 4908 4255 4903 4255 4889 4255 4904 4256 4909 4256 4890 4256 4892 4257 4890 4257 4909 4257 4901 4258 4891 4258 4910 4258 4892 4259 4910 4259 4891 4259 4910 4260 4892 4260 4911 4260 4909 4261 4911 4261 4892 4261 4893 4262 4894 4262 4912 4262 4912 4263 4908 4263 4893 4263 4894 4264 4895 4264 4913 4264 4913 4265 4912 4265 4894 4265 4895 4266 4896 4266 4914 4266 4914 4267 4913 4267 4895 4267 4896 4268 4897 4268 4915 4268 4915 4269 4914 4269 4896 4269 4897 4270 4898 4270 4916 4270 4916 4271 4915 4271 4897 4271 4898 4272 4899 4272 4917 4272 4917 4273 4916 4273 4898 4273 4899 4274 4900 4274 4918 4274 4918 4275 4917 4275 4899 4275 4900 4276 4901 4276 4919 4276 4919 4277 4918 4277 4900 4277 4910 4278 4919 4278 4901 4278 4902 4279 4903 4279 4920 4279 4920 4280 4906 4280 4902 4280 4903 4281 4908 4281 4921 4281 4921 4282 4920 4282 4903 4282 4922 4283 4904 4283 4907 4283 4909 4284 4904 4284 4922 4284 4923 4285 4907 4285 4905 4285 4905 4286 4924 4286 4923 4286 4924 4287 4905 4287 4906 4287 4906 4288 4925 4288 4924 4288 4925 4289 4906 4289 4920 4289 4907 4290 4923 4290 4922 4290 4908 4291 4912 4291 4926 4291 4926 4292 4921 4292 4908 4292 4927 4293 4911 4293 4909 4293 4909 4294 4928 4294 4927 4294 4922 4295 4928 4295 4909 4295 4919 4296 4910 4296 4929 4296 4911 4297 4929 4297 4910 4297 4930 4298 4929 4298 4911 4298 4911 4299 4927 4299 4930 4299 4912 4300 4913 4300 4931 4300 4931 4301 4926 4301 4912 4301 4913 4302 4914 4302 4932 4302 4932 4303 4931 4303 4913 4303 4914 4304 4915 4304 4933 4304 4933 4305 4932 4305 4914 4305 4915 4306 4916 4306 4934 4306 4934 4307 4933 4307 4915 4307 4916 4308 4917 4308 4935 4308 4935 4309 4934 4309 4916 4309 4917 4310 4918 4310 4936 4310 4936 4311 4935 4311 4917 4311 4918 4312 4919 4312 4937 4312 4937 4313 4936 4313 4918 4313 4929 4314 4937 4314 4919 4314 4920 4315 4938 4315 4925 4315 4938 4316 4920 4316 4921 4316 4921 4317 4939 4317 4938 4317 4939 4318 4921 4318 4926 4318 4928 4319 4922 4319 4940 4319 4941 4320 4940 4320 4922 4320 4922 4321 4923 4321 4941 4321 4941 4322 4923 4322 4924 4322 4942 4323 4924 4323 4925 4323 4924 4324 4942 4324 4941 4324 4925 4325 4943 4325 4942 4325 4943 4326 4925 4326 4938 4326 4926 4327 4944 4327 4939 4327 4944 4328 4926 4328 4931 4328 4945 4329 4930 4329 4927 4329 4927 4330 4946 4330 4945 4330 4946 4331 4927 4331 4928 4331 4940 4332 4947 4332 4928 4332 4928 4333 4947 4333 4946 4333 4948 4334 4937 4334 4929 4334 4929 4335 4930 4335 4948 4335 4949 4336 4948 4336 4930 4336 4930 4337 4945 4337 4949 4337 4931 4338 4950 4338 4944 4338 4931 4339 4932 4339 4951 4339 4951 4340 4950 4340 4931 4340 4951 4341 4932 4341 4933 4341 4933 4342 4952 4342 4951 4342 4952 4343 4933 4343 4934 4343 4934 4344 4953 4344 4952 4344 4953 4345 4934 4345 4935 4345 4935 4346 4954 4346 4953 4346 4954 4347 4935 4347 4936 4347 4936 4348 4955 4348 4954 4348 4955 4349 4936 4349 4937 4349 4937 4350 4948 4350 4955 4350 4938 4351 4956 4351 4943 4351 4956 4352 4938 4352 4939 4352 4939 4353 4957 4353 4956 4353 4957 4354 4939 4354 4944 4354 4958 4355 4959 4355 4940 4355 4940 4356 4941 4356 4958 4356 4960 1186 4940 1186 4959 1186 4960 1186 4961 1186 4940 1186 4962 4357 4947 4357 4940 4357 4962 4358 4940 4358 4961 4358 4963 4359 4958 4359 4941 4359 4941 4360 4942 4360 4963 4360 4964 4361 4963 4361 4942 4361 4942 4362 4943 4362 4964 4362 4943 4363 4956 4363 4965 4363 4965 4364 4964 4364 4943 4364 4944 4365 4966 4365 4957 4365 4966 4366 4944 4366 4950 4366 4962 4367 4945 4367 4946 4367 4962 4368 4949 4368 4945 4368 4962 4369 4946 4369 4947 4369 4967 4370 4955 4370 4948 4370 4948 4371 4949 4371 4967 4371 4962 4372 4967 4372 4949 4372 4950 4373 4968 4373 4966 4373 4961 4374 4968 4374 4950 4374 4961 4375 4950 4375 4951 4375 4951 4376 4969 4376 4961 4376 4969 4377 4951 4377 4952 4377 4952 4378 4970 4378 4969 4378 4970 4379 4952 4379 4953 4379 4953 4380 4971 4380 4970 4380 4971 4381 4953 4381 4954 4381 4954 4382 4972 4382 4971 4382 4972 4383 4954 4383 4955 4383 4955 4384 4967 4384 4972 4384 4973 4385 4965 4385 4956 4385 4956 4385 4957 4385 4973 4385 4974 4386 4973 4386 4957 4386 4957 4387 4966 4387 4974 4387 4975 4388 4976 4388 4958 4388 4958 4389 4963 4389 4975 4389 4959 4390 4958 4390 4976 4390 4977 4391 4959 4391 4978 4391 4976 4392 4978 4392 4959 4392 4979 4393 4959 4393 4977 4393 4979 4394 4980 4394 4959 4394 4960 1186 4959 1186 4980 1186 4960 1186 4980 1186 4961 1186 4968 4395 4961 4395 4980 4395 4962 4396 4961 4396 4969 4396 4962 4397 4969 4397 4970 4397 4962 2748 4972 2748 4967 2748 4962 4398 4971 4398 4972 4398 4962 2748 4970 2748 4971 2748 4981 4399 4975 4399 4963 4399 4963 4400 4964 4400 4981 4400 4982 4401 4981 4401 4964 4401 4964 4402 4965 4402 4982 4402 4983 4403 4982 4403 4965 4403 4965 4404 4973 4404 4983 4404 4984 4405 4974 4405 4966 4405 4966 4406 4968 4406 4984 4406 4980 4407 4984 4407 4968 4407 4985 4408 4983 4408 4973 4408 4973 4409 4974 4409 4985 4409 4986 4410 4985 4410 4974 4410 4974 4411 4984 4411 4986 4411 4987 4412 4976 4412 4975 4412 4975 4413 4988 4413 4987 4413 4988 4414 4975 4414 4981 4414 4989 4415 4978 4415 4976 4415 4976 4416 4987 4416 4989 4416 4978 4417 4990 4417 4977 4417 4991 4418 4977 4418 4990 4418 4977 4419 4991 4419 4979 4419 4990 4420 4978 4420 4989 4420 4992 4421 4993 4421 4979 4421 4991 4422 4994 4422 4979 4422 4994 2664 4995 2664 4979 2664 4995 2664 4996 2664 4979 2664 4996 4423 4997 4423 4979 4423 4997 4424 4998 4424 4979 4424 4998 4425 4992 4425 4979 4425 4979 4426 4993 4426 4980 4426 4999 4427 4984 4427 4980 4427 4980 4428 4993 4428 4999 4428 4981 4429 5000 4429 4988 4429 5000 4430 4981 4430 4982 4430 4982 4431 5001 4431 5000 4431 5001 4432 4982 4432 4983 4432 4983 4433 5002 4433 5001 4433 5002 4434 4983 4434 4985 4434 4999 4435 4986 4435 4984 4435 4985 4436 5003 4436 5002 4436 5003 4437 4985 4437 4986 4437 4986 4438 5004 4438 5003 4438 4986 4439 4999 4439 5005 4439 5005 4440 5004 4440 4986 4440 5006 4441 4989 4441 4987 4441 4987 4442 5007 4442 5006 4442 5007 4443 4987 4443 4988 4443 4988 4444 5008 4444 5007 4444 5008 4445 4988 4445 5000 4445 4989 4446 5009 4446 4990 4446 5009 4447 4989 4447 5006 4447 5010 4448 4990 4448 5009 4448 4990 4449 5010 4449 4991 4449 4994 4450 4991 4450 5010 4450 5011 4451 5012 4451 4992 4451 4992 4452 4998 4452 5011 4452 4993 4453 4992 4453 5012 4453 5012 4454 4999 4454 4993 4454 5010 4455 5013 4455 4994 4455 4995 4456 4994 4456 5013 4456 5013 4457 5014 4457 4995 4457 4996 4458 4995 4458 5014 4458 5014 4459 5015 4459 4996 4459 4997 4460 4996 4460 5015 4460 5015 4461 5016 4461 4997 4461 4998 4462 4997 4462 5016 4462 5016 4463 5011 4463 4998 4463 5005 4464 4999 4464 5012 4464 5000 4465 5017 4465 5008 4465 5017 4466 5000 4466 5001 4466 5001 4467 5018 4467 5017 4467 5018 4468 5001 4468 5002 4468 5002 4469 5019 4469 5018 4469 5019 4470 5002 4470 5003 4470 5003 4471 5020 4471 5019 4471 5020 4472 5003 4472 5004 4472 5004 4473 5021 4473 5020 4473 5004 4474 5005 4474 5022 4474 5022 4475 5021 4475 5004 4475 5012 4476 5023 4476 5005 4476 5022 4477 5005 4477 5023 4477 5006 4478 5024 4478 5009 4478 5024 4479 5006 4479 5025 4479 5026 4480 5025 4480 5006 4480 5006 4481 5007 4481 5026 4481 5026 4482 5007 4482 5008 4482 5008 4483 5027 4483 5026 4483 5027 4484 5008 4484 5017 4484 5028 4485 5029 4485 5009 4485 5009 4486 5024 4486 5028 4486 5009 4487 5029 4487 5010 4487 5030 4488 5013 4488 5010 4488 5010 4489 5029 4489 5030 4489 5023 4490 5012 4490 5011 4490 5011 4491 5031 4491 5023 4491 5031 4492 5011 4492 5016 4492 5032 4493 5014 4493 5013 4493 5013 4494 5030 4494 5032 4494 5033 4495 5015 4495 5014 4495 5014 4496 5032 4496 5033 4496 5034 4497 5016 4497 5015 4497 5015 4498 5033 4498 5034 4498 5016 4499 5034 4499 5031 4499 5017 4500 5035 4500 5027 4500 5035 4501 5017 4501 5018 4501 5018 4502 5036 4502 5035 4502 5036 4503 5018 4503 5019 4503 5019 4504 5037 4504 5036 4504 5037 4505 5019 4505 5020 4505 5020 4506 5038 4506 5037 4506 5038 4507 5020 4507 5021 4507 5021 4508 5039 4508 5038 4508 5040 4509 5039 4509 5021 4509 5021 4510 5022 4510 5040 4510 5023 4511 5041 4511 5022 4511 5040 4512 5022 4512 5041 4512 5041 4513 5023 4513 5031 4513 5025 4514 5042 4514 5024 4514 5043 4515 5028 4515 5024 4515 5024 4516 5042 4516 5043 4516 5042 4517 5025 4517 5044 4517 5044 4518 5025 4518 5026 4518 5026 4519 5045 4519 5044 4519 5045 4520 5026 4520 5027 4520 5027 4521 5046 4521 5045 4521 5046 4522 5027 4522 5035 4522 5029 4523 5028 4523 5047 4523 5048 4524 5047 4524 5028 4524 5028 4525 5043 4525 5048 4525 5047 4526 5030 4526 5029 4526 5049 4527 5032 4527 5030 4527 5030 4528 5047 4528 5049 4528 5031 4529 5050 4529 5041 4529 5050 4530 5031 4530 5034 4530 5051 4531 5033 4531 5032 4531 5032 4532 5049 4532 5051 4532 5052 4533 5034 4533 5033 4533 5033 4534 5051 4534 5052 4534 5034 4535 5052 4535 5050 4535 5035 4536 5053 4536 5046 4536 5053 4537 5035 4537 5036 4537 5036 4538 5054 4538 5053 4538 5054 4539 5036 4539 5037 4539 5037 4540 5055 4540 5054 4540 5055 4541 5037 4541 5038 4541 5038 4542 5056 4542 5055 4542 5056 4543 5038 4543 5039 4543 5039 4544 5057 4544 5056 4544 5058 4545 5057 4545 5039 4545 5039 4546 5040 4546 5058 4546 5041 4547 5059 4547 5040 4547 5058 4548 5040 4548 5059 4548 5059 4549 5041 4549 5050 4549 5044 4550 5060 4550 5042 4550 5061 4551 5043 4551 5042 4551 5042 4552 5060 4552 5061 4552 5062 4553 5048 4553 5043 4553 5043 4554 5061 4554 5062 4554 5063 4555 5044 4555 5045 4555 5060 4556 5044 4556 5063 4556 5045 4557 5064 4557 5063 4557 5064 4558 5045 4558 5046 4558 5046 4559 5065 4559 5064 4559 5065 4560 5046 4560 5053 4560 5066 4561 5049 4561 5047 4561 5047 4562 5048 4562 5066 4562 5067 4563 5066 4563 5048 4563 5048 4564 5062 4564 5067 4564 5068 4565 5051 4565 5049 4565 5049 4566 5066 4566 5068 4566 5050 4567 5069 4567 5059 4567 5069 4568 5050 4568 5052 4568 5070 4569 5052 4569 5051 4569 5051 4570 5068 4570 5070 4570 5052 4571 5070 4571 5069 4571 5053 4572 5071 4572 5065 4572 5071 4573 5053 4573 5054 4573 5054 4574 5072 4574 5071 4574 5072 4575 5054 4575 5055 4575 5055 4576 5073 4576 5072 4576 5073 4577 5055 4577 5056 4577 5056 4578 5074 4578 5073 4578 5074 4579 5056 4579 5057 4579 5057 4580 5075 4580 5074 4580 5057 4581 5058 4581 5076 4581 5076 4582 5075 4582 5057 4582 5059 4583 5077 4583 5058 4583 5076 4584 5058 4584 5077 4584 5077 4585 5059 4585 5069 4585 5078 4586 5061 4586 5060 4586 5060 4587 5079 4587 5078 4587 5063 4588 5079 4588 5060 4588 5080 4589 5062 4589 5061 4589 5061 4590 5078 4590 5080 4590 5081 4591 5067 4591 5062 4591 5062 4592 5080 4592 5081 4592 5082 4593 5063 4593 5064 4593 5079 4594 5063 4594 5082 4594 5064 4595 5083 4595 5082 4595 5084 4596 5083 4596 5064 4596 5064 4597 5065 4597 5084 4597 5084 4598 5065 4598 5071 4598 5085 4599 5068 4599 5066 4599 5066 4600 5067 4600 5085 4600 5086 4601 5085 4601 5067 4601 5067 4602 5081 4602 5086 4602 5087 4603 5070 4603 5068 4603 5068 4604 5085 4604 5087 4604 5069 4605 5088 4605 5077 4605 5088 4606 5069 4606 5070 4606 5070 4607 5087 4607 5088 4607 5089 4608 5090 4608 5071 4608 5071 4609 5072 4609 5089 4609 5071 4610 5090 4610 5084 4610 5091 4611 5089 4611 5072 4611 5072 4612 5073 4612 5091 4612 5092 4613 5091 4613 5073 4613 5073 4614 5074 4614 5092 4614 5093 4615 5092 4615 5074 4615 5074 4616 5075 4616 5093 4616 5094 4617 5093 4617 5075 4617 5075 4618 5076 4618 5094 4618 5077 4619 5095 4619 5076 4619 5096 4620 5094 4620 5076 4620 5076 4621 5095 4621 5096 4621 5095 4622 5077 4622 5088 4622 5097 4623 5098 4623 5078 4623 5078 4624 5079 4624 5097 4624 5080 4625 5078 4625 5098 4625 5082 4626 5097 4626 5079 4626 5098 4627 5099 4627 5080 4627 5081 4628 5080 4628 5099 4628 5099 4629 5100 4629 5081 4629 5086 4630 5081 4630 5100 4630 5082 2748 5083 2748 5101 2748 5101 2748 5097 2748 5082 2748 5083 2748 5084 2748 5101 2748 5084 4631 5090 4631 5101 4631 5102 4632 5087 4632 5085 4632 5085 4633 5086 4633 5102 4633 5100 4634 5103 4634 5086 4634 5102 4635 5086 4635 5103 4635 5104 4636 5088 4636 5087 4636 5087 4637 5102 4637 5104 4637 5088 4638 5104 4638 5095 4638 5090 2748 5089 2748 5101 2748 5089 4639 5091 4639 5101 4639 5091 4640 5092 4640 5101 4640 5092 4641 5093 4641 5101 4641 5101 4642 5093 4642 5094 4642 5094 4643 5096 4643 5101 4643 5105 4644 5096 4644 5095 4644 5095 4645 5104 4645 5105 4645 5096 4646 5105 4646 5101 4646 5098 4647 5097 4647 5101 4647 5099 4648 5098 4648 5101 4648 5100 4649 5099 4649 5101 4649 5103 2748 5100 2748 5101 2748 5105 4650 5106 4650 5101 4650 5106 4651 5103 4651 5101 4651 5103 4652 5106 4652 5102 4652 5104 4653 5102 4653 5106 4653 5106 4654 5105 4654 5104 4654 5107 4655 5108 4655 5109 4655 5109 4656 5110 4656 5107 4656 5108 4657 5107 4657 5111 4657 5112 4658 5107 4658 5110 4658 5113 4659 5111 4659 5107 4659 5107 4660 5112 4660 5113 4660 5111 4661 5114 4661 5108 4661 5108 4662 5115 4662 5116 4662 5116 4662 5109 4662 5108 4662 5115 4663 5108 4663 5114 4663 5109 4664 5117 4664 5118 4664 5118 4665 5110 4665 5109 4665 5109 4666 5116 4666 5119 4666 5119 4667 5117 4667 5109 4667 5120 4668 5110 4668 5118 4668 5110 4669 5120 4669 5112 4669 5114 4670 5111 4670 5121 4670 5122 4671 5121 4671 5111 4671 5111 4672 5113 4672 5122 4672 5123 4673 5112 4673 5120 4673 5124 4674 5113 4674 5112 4674 5112 4675 5123 4675 5124 4675 5125 4676 5122 4676 5113 4676 5113 4677 5124 4677 5125 4677 5121 4678 5126 4678 5114 4678 5114 4679 5127 4679 5115 4679 5127 4680 5114 4680 5126 4680 5115 4681 5128 4681 5129 4681 5129 4682 5116 4682 5115 4682 5128 4683 5115 4683 5127 4683 5116 4684 5129 4684 5130 4684 5130 4685 5119 4685 5116 4685 5117 4686 5131 4686 5132 4686 5132 4687 5118 4687 5117 4687 5117 4688 5119 4688 5133 4688 5133 4689 5131 4689 5117 4689 5118 4690 5134 4690 5120 4690 5134 4691 5118 4691 5132 4691 5119 4692 5130 4692 5135 4692 5135 4693 5133 4693 5119 4693 5120 4694 5136 4694 5123 4694 5136 4695 5120 4695 5134 4695 5126 4696 5121 4696 5137 4696 5138 4697 5137 4697 5121 4697 5121 4698 5122 4698 5138 4698 5139 4699 5138 4699 5122 4699 5122 4700 5125 4700 5139 4700 5140 4701 5124 4701 5123 4701 5123 4702 5141 4702 5140 4702 5141 4703 5123 4703 5136 4703 5142 4704 5125 4704 5124 4704 5124 4705 5140 4705 5142 4705 5143 4706 5139 4706 5125 4706 5125 4707 5142 4707 5143 4707 5126 4708 5144 4708 5127 4708 5137 4709 5145 4709 5126 4709 5144 4710 5126 4710 5145 4710 5146 4711 5127 4711 5144 4711 5127 4712 5146 4712 5128 4712 5147 4713 5128 4713 5146 4713 5128 4714 5147 4714 5148 4714 5148 4715 5129 4715 5128 4715 5129 4716 5148 4716 5149 4716 5149 4717 5130 4717 5129 4717 5130 4718 5149 4718 5150 4718 5150 4719 5135 4719 5130 4719 5131 4720 5133 4720 5151 4720 5151 4721 5152 4721 5131 4721 5132 4722 5131 4722 5152 4722 5153 4723 5132 4723 5154 4723 5152 4724 5154 4724 5132 4724 5132 4725 5153 4725 5134 4725 5133 4726 5135 4726 5155 4726 5155 4727 5151 4727 5133 4727 5156 4728 5134 4728 5153 4728 5134 4729 5156 4729 5136 4729 5135 4730 5150 4730 5157 4730 5157 4731 5155 4731 5135 4731 5158 4732 5136 4732 5156 4732 5136 4733 5158 4733 5141 4733 5159 4734 5160 4734 5137 4734 5137 4735 5138 4735 5159 4735 5145 4736 5137 4736 5160 4736 5161 4737 5159 4737 5138 4737 5138 4738 5139 4738 5161 4738 5162 4739 5161 4739 5139 4739 5139 4740 5143 4740 5162 4740 5163 4741 5140 4741 5141 4741 5164 4742 5142 4742 5140 4742 5140 4743 5163 4743 5164 4743 5141 4744 5165 4744 5163 4744 5165 4745 5141 4745 5158 4745 5166 4746 5143 4746 5142 4746 5142 4747 5164 4747 5166 4747 5167 4748 5162 4748 5143 4748 5143 4749 5166 4749 5167 4749 5168 4750 5144 4750 5169 4750 5144 4751 5168 4751 5146 4751 5145 4752 5169 4752 5144 4752 5169 4753 5145 4753 5170 4753 5160 4754 5170 4754 5145 4754 5146 4755 5171 4755 5147 4755 5171 4756 5146 4756 5168 4756 5172 4757 5147 4757 5171 4757 5147 4758 5172 4758 5173 4758 5173 4759 5148 4759 5147 4759 5148 4760 5173 4760 5174 4760 5174 4761 5149 4761 5148 4761 5149 4762 5174 4762 5175 4762 5175 4763 5150 4763 5149 4763 5157 4764 5150 4764 5175 4764 5176 4765 5152 4765 5151 4765 5176 4766 5151 4766 5155 4766 5176 4767 5154 4767 5152 4767 5154 4768 5177 4768 5153 4768 5178 4769 5153 4769 5177 4769 5153 4770 5178 4770 5156 4770 5176 4771 5177 4771 5154 4771 5176 4772 5155 4772 5157 4772 5156 4773 5179 4773 5158 4773 5179 4774 5156 4774 5178 4774 5175 4775 5180 4775 5157 4775 5176 4776 5157 4776 5180 4776 5158 4777 5181 4777 5165 4777 5181 4778 5158 4778 5179 4778 5176 4779 5160 4779 5159 4779 5176 4780 5159 4780 5161 4780 5176 4781 5170 4781 5160 4781 5176 4782 5161 4782 5162 4782 5176 4783 5162 4783 5167 4783 5182 4784 5164 4784 5163 4784 5163 4785 5183 4785 5182 4785 5183 4786 5163 4786 5165 4786 5184 4787 5166 4787 5164 4787 5164 4788 5182 4788 5184 4788 5185 4789 5165 4789 5181 4789 5165 4790 5185 4790 5183 4790 5186 4791 5167 4791 5166 4791 5166 4792 5184 4792 5186 4792 5176 4793 5167 4793 5186 4793 5169 4794 5187 4794 5168 4794 5188 4795 5168 4795 5187 4795 5168 4796 5188 4796 5171 4796 5170 4797 5189 4797 5169 4797 5187 4798 5169 4798 5189 4798 5176 4799 5189 4799 5170 4799 5171 4800 5190 4800 5172 4800 5190 4801 5171 4801 5188 4801 5172 4802 5191 4802 5192 4802 5192 4803 5173 4803 5172 4803 5191 4804 5172 4804 5190 4804 5173 4805 5192 4805 5193 4805 5193 4806 5174 4806 5173 4806 5174 4807 5193 4807 5194 4807 5194 4808 5175 4808 5174 4808 5175 4809 5194 4809 5195 4809 5195 4810 5180 4810 5175 4810 5176 4811 5196 4811 5197 4811 5176 4812 5198 4812 5199 4812 5176 4813 5180 4813 5195 4813 5176 4814 5200 4814 5201 4814 5176 4815 5201 4815 5189 4815 5176 4816 5202 4816 5177 4816 5176 4817 5203 4817 5202 4817 5176 4818 5204 4818 5203 4818 5176 4819 5205 4819 5204 4819 5176 4820 5186 4820 5196 4820 5176 4821 5197 4821 5205 4821 5176 4822 5199 4822 5200 4822 5176 4823 5195 4823 5198 4823 5177 4824 5202 4824 5178 4824 5206 4825 5178 4825 5202 4825 5178 4826 5206 4826 5179 4826 5179 4827 5207 4827 5181 4827 5207 4828 5179 4828 5206 4828 5181 4829 5208 4829 5185 4829 5208 4830 5181 4830 5207 4830 5209 4831 5182 4831 5183 4831 5182 4832 5209 4832 5210 4832 5210 4833 5184 4833 5182 4833 5183 4834 5211 4834 5209 4834 5211 4835 5183 4835 5185 4835 5184 4836 5210 4836 5196 4836 5196 4837 5186 4837 5184 4837 5185 4838 5212 4838 5211 4838 5212 4839 5185 4839 5208 4839 5213 4840 5187 4840 5201 4840 5187 4841 5213 4841 5188 4841 5189 4842 5201 4842 5187 4842 5188 4843 5214 4843 5190 4843 5214 4844 5188 4844 5213 4844 5215 4845 5190 4845 5214 4845 5190 4846 5215 4846 5191 4846 5191 4847 5215 4847 5216 4847 5216 4848 5217 4848 5191 4848 5192 4849 5191 4849 5217 4849 5217 4850 5218 4850 5192 4850 5193 4851 5192 4851 5218 4851 5218 4852 5219 4852 5193 4852 5194 4853 5193 4853 5219 4853 5219 4854 5220 4854 5194 4854 5194 4855 5220 4855 5221 4855 5221 4856 5195 4856 5194 4856 5222 579 5198 579 5195 579 5195 579 5221 579 5222 579 5223 4857 5196 4857 5210 4857 5197 4858 5196 4858 5223 4858 5197 4859 5223 4859 5224 4859 5205 4860 5197 4860 5224 4860 5199 4861 5198 4861 5225 4861 5198 4862 5222 4862 5226 4862 5226 4863 5225 4863 5198 4863 5225 4864 5227 4864 5199 4864 5200 4865 5199 4865 5227 4865 5227 4866 5213 4866 5200 4866 5201 4867 5200 4867 5213 4867 5202 4868 5203 4868 5206 4868 5228 4869 5206 4869 5203 4869 5203 4870 5204 4870 5228 4870 5229 4871 5228 4871 5204 4871 5204 4872 5205 4872 5229 4872 5224 4873 5229 4873 5205 4873 5206 4874 5228 4874 5207 4874 5230 4875 5207 4875 5228 4875 5207 4876 5230 4876 5208 4876 5208 4877 5231 4877 5212 4877 5231 4878 5208 4878 5230 4878 5223 4879 5209 4879 5211 4879 5223 4880 5210 4880 5209 4880 5223 4881 5211 4881 5212 4881 5223 4882 5212 4882 5231 4882 5213 4883 5227 4883 5214 4883 5232 4884 5214 4884 5227 4884 5214 4885 5232 4885 5215 4885 5215 4886 5232 4886 5233 4886 5233 4887 5216 4887 5215 4887 5234 4888 5217 4888 5216 4888 5216 4889 5235 4889 5234 4889 5235 4890 5216 4890 5233 4890 5236 4891 5218 4891 5217 4891 5217 4892 5234 4892 5236 4892 5237 4893 5219 4893 5218 4893 5218 4894 5236 4894 5237 4894 5238 4895 5220 4895 5219 4895 5219 4896 5237 4896 5238 4896 5221 4897 5220 4897 5238 4897 5238 4898 5239 4898 5221 4898 5221 4899 5239 4899 5240 4899 5240 579 5222 579 5221 579 5241 4900 5226 4900 5222 4900 5222 4901 5240 4901 5241 4901 5223 4902 5231 4902 5242 4902 5223 4903 5242 4903 5224 4903 5229 4904 5224 4904 5242 4904 5232 4905 5225 4905 5226 4905 5227 4906 5225 4906 5232 4906 5226 4907 5233 4907 5232 4907 5243 4908 5233 4908 5226 4908 5226 4909 5241 4909 5243 4909 5228 4910 5229 4910 5230 4910 5242 4911 5230 4911 5229 4911 5230 4912 5242 4912 5231 4912 5233 4913 5243 4913 5235 4913 5244 4914 5236 4914 5234 4914 5234 4915 5245 4915 5244 4915 5245 4916 5234 4916 5235 4916 5235 4917 5246 4917 5245 4917 5246 4918 5235 4918 5243 4918 5247 4919 5237 4919 5236 4919 5236 4920 5244 4920 5247 4920 5248 4921 5238 4921 5237 4921 5237 4922 5247 4922 5248 4922 5239 4923 5238 4923 5248 4923 5248 4924 5249 4924 5239 4924 5239 4925 5249 4925 5250 4925 5250 4926 5240 4926 5239 4926 5251 4927 5241 4927 5240 4927 5240 4928 5250 4928 5251 4928 5252 4929 5243 4929 5241 4929 5241 4930 5251 4930 5252 4930 5243 4931 5252 4931 5246 4931 5253 4932 5254 4932 5244 4932 5244 4933 5245 4933 5253 4933 5247 4934 5244 4934 5254 4934 5255 4935 5253 4935 5245 4935 5245 4936 5246 4936 5255 4936 5256 4937 5255 4937 5246 4937 5246 4938 5252 4938 5256 4938 5254 4939 5257 4939 5247 4939 5248 4940 5247 4940 5257 4940 5257 4941 5258 4941 5248 4941 5259 4942 5249 4942 5248 4942 5248 4943 5258 4943 5259 4943 5249 4944 5259 4944 5260 4944 5260 4945 5250 4945 5249 4945 5261 4946 5251 4946 5250 4946 5250 4947 5260 4947 5261 4947 5252 4948 5251 4948 5261 4948 5261 4949 5256 4949 5252 4949 5253 4950 5262 4950 5263 4950 5263 4951 5254 4951 5253 4951 5262 4952 5253 4952 5255 4952 5254 4953 5263 4953 5264 4953 5264 4954 5257 4954 5254 4954 5255 4952 5265 4952 5262 4952 5265 4955 5255 4955 5256 4955 5256 4956 5266 4956 5265 4956 5266 4957 5256 4957 5261 4957 5257 4958 5264 4958 5267 4958 5267 4959 5258 4959 5257 4959 5258 4960 5267 4960 5268 4960 5268 4961 5259 4961 5258 4961 5260 579 5259 579 5268 579 5260 4962 5269 4962 5270 4962 5270 4963 5261 4963 5260 4963 5268 579 5269 579 5260 579 5261 4964 5270 4964 5266 4964 5271 2748 5262 2748 5265 2748 5271 2748 5263 2748 5262 2748 5271 4965 5264 4965 5263 4965 5271 4966 5267 4966 5264 4966 5271 4967 5265 4967 5266 4967 5271 4968 5266 4968 5270 4968 5271 4969 5268 4969 5267 4969 5271 4970 5269 4970 5268 4970 5270 2748 5269 2748 5271 2748 5272 4971 5273 4971 5274 4971 5274 4972 5275 4972 5272 4972 5273 4973 5272 4973 5276 4973 5277 4974 5272 4974 5275 4974 5278 4975 5276 4975 5272 4975 5272 4976 5277 4976 5278 4976 5276 4977 5279 4977 5273 4977 5273 4978 5280 4978 5281 4978 5281 4662 5274 4662 5273 4662 5280 4979 5273 4979 5279 4979 5274 4980 5282 4980 5283 4980 5283 4981 5275 4981 5274 4981 5274 4982 5281 4982 5284 4982 5284 4983 5282 4983 5274 4983 5285 4984 5275 4984 5283 4984 5275 4669 5285 4669 5277 4669 5279 4985 5276 4985 5286 4985 5287 4986 5286 4986 5276 4986 5276 4987 5278 4987 5287 4987 5288 4988 5277 4988 5285 4988 5289 4989 5278 4989 5277 4989 5277 4990 5288 4990 5289 4990 5290 4991 5287 4991 5278 4991 5278 4992 5289 4992 5290 4992 5286 4993 5291 4993 5279 4993 5279 4679 5292 4679 5280 4679 5292 4994 5279 4994 5291 4994 5280 4995 5293 4995 5294 4995 5294 4996 5281 4996 5280 4996 5293 4997 5280 4997 5292 4997 5281 4998 5294 4998 5295 4998 5295 4999 5284 4999 5281 4999 5282 5000 5296 5000 5297 5000 5297 5001 5283 5001 5282 5001 5282 5002 5284 5002 5298 5002 5298 5003 5296 5003 5282 5003 5283 5004 5299 5004 5285 5004 5299 5005 5283 5005 5297 5005 5284 5006 5295 5006 5300 5006 5300 5007 5298 5007 5284 5007 5285 5008 5301 5008 5288 5008 5301 5009 5285 5009 5299 5009 5291 5010 5286 5010 5302 5010 5303 5011 5302 5011 5286 5011 5286 5012 5287 5012 5303 5012 5304 5013 5303 5013 5287 5013 5287 5014 5290 5014 5304 5014 5305 5015 5289 5015 5288 5015 5288 5016 5306 5016 5305 5016 5306 5017 5288 5017 5301 5017 5307 5018 5290 5018 5289 5018 5289 5019 5305 5019 5307 5019 5308 5020 5304 5020 5290 5020 5290 5021 5307 5021 5308 5021 5291 5022 5309 5022 5292 5022 5302 5023 5310 5023 5291 5023 5309 5024 5291 5024 5310 5024 5311 5025 5292 5025 5309 5025 5292 5026 5311 5026 5293 5026 5312 5027 5293 5027 5311 5027 5293 5028 5312 5028 5313 5028 5313 5029 5294 5029 5293 5029 5294 5030 5313 5030 5314 5030 5314 5031 5295 5031 5294 5031 5295 5032 5314 5032 5315 5032 5315 5033 5300 5033 5295 5033 5296 5034 5298 5034 5316 5034 5316 5034 5317 5034 5296 5034 5297 5035 5296 5035 5317 5035 5318 5036 5297 5036 5319 5036 5317 5037 5319 5037 5297 5037 5297 5038 5318 5038 5299 5038 5298 5039 5300 5039 5320 5039 5320 5040 5316 5040 5298 5040 5321 5041 5299 5041 5318 5041 5299 5042 5321 5042 5301 5042 5300 5043 5315 5043 5322 5043 5322 5044 5320 5044 5300 5044 5323 5045 5301 5045 5321 5045 5301 5046 5323 5046 5306 5046 5324 5047 5325 5047 5302 5047 5302 5048 5303 5048 5324 5048 5310 5049 5302 5049 5325 5049 5326 5050 5324 5050 5303 5050 5303 5051 5304 5051 5326 5051 5327 5052 5326 5052 5304 5052 5304 5053 5308 5053 5327 5053 5328 5054 5305 5054 5306 5054 5329 5055 5307 5055 5305 5055 5305 5056 5328 5056 5329 5056 5306 5057 5330 5057 5328 5057 5330 5058 5306 5058 5323 5058 5331 5059 5308 5059 5307 5059 5307 5060 5329 5060 5331 5060 5332 5061 5327 5061 5308 5061 5308 5062 5331 5062 5332 5062 5333 5063 5309 5063 5334 5063 5309 5064 5333 5064 5311 5064 5310 5065 5334 5065 5309 5065 5334 5066 5310 5066 5335 5066 5325 5067 5335 5067 5310 5067 5311 5068 5336 5068 5312 5068 5336 5069 5311 5069 5333 5069 5337 5070 5312 5070 5336 5070 5312 5071 5337 5071 5338 5071 5338 5072 5313 5072 5312 5072 5313 5073 5338 5073 5339 5073 5339 5074 5314 5074 5313 5074 5314 5075 5339 5075 5340 5075 5340 5076 5315 5076 5314 5076 5322 5077 5315 5077 5340 5077 5341 5078 5317 5078 5316 5078 5341 5079 5316 5079 5320 5079 5341 5080 5319 5080 5317 5080 5319 5081 5342 5081 5318 5081 5343 5082 5318 5082 5342 5082 5318 5083 5343 5083 5321 5083 5341 5084 5342 5084 5319 5084 5341 5085 5320 5085 5322 5085 5321 5086 5344 5086 5323 5086 5344 5087 5321 5087 5343 5087 5340 5088 5345 5088 5322 5088 5341 5089 5322 5089 5345 5089 5323 5090 5346 5090 5330 5090 5346 5091 5323 5091 5344 5091 5341 5092 5325 5092 5324 5092 5341 5093 5324 5093 5326 5093 5341 5094 5335 5094 5325 5094 5341 5095 5326 5095 5327 5095 5341 5096 5327 5096 5332 5096 5347 5097 5329 5097 5328 5097 5328 5098 5348 5098 5347 5098 5348 5099 5328 5099 5330 5099 5349 5100 5331 5100 5329 5100 5329 5101 5347 5101 5349 5101 5350 5102 5330 5102 5346 5102 5330 5103 5350 5103 5348 5103 5351 5104 5332 5104 5331 5104 5331 5105 5349 5105 5351 5105 5341 5106 5332 5106 5351 5106 5334 5107 5352 5107 5333 5107 5353 5108 5333 5108 5352 5108 5333 5109 5353 5109 5336 5109 5335 5066 5354 5066 5334 5066 5352 5110 5334 5110 5354 5110 5341 5111 5354 5111 5335 5111 5336 5112 5355 5112 5337 5112 5355 5113 5336 5113 5353 5113 5337 5114 5356 5114 5357 5114 5357 5115 5338 5115 5337 5115 5356 5116 5337 5116 5355 5116 5338 5117 5357 5117 5358 5117 5358 5118 5339 5118 5338 5118 5339 5119 5358 5119 5359 5119 5359 5120 5340 5120 5339 5120 5340 5121 5359 5121 5360 5121 5360 5122 5345 5122 5340 5122 5341 5123 5361 5123 5362 5123 5341 5124 5363 5124 5364 5124 5341 5125 5345 5125 5360 5125 5341 5126 5365 5126 5366 5126 5341 5127 5366 5127 5354 5127 5341 5128 5367 5128 5342 5128 5341 5129 5368 5129 5367 5129 5341 5130 5369 5130 5368 5130 5341 5131 5370 5131 5369 5131 5341 5132 5351 5132 5361 5132 5341 5133 5362 5133 5370 5133 5341 5134 5364 5134 5365 5134 5341 5135 5360 5135 5363 5135 5342 5136 5367 5136 5343 5136 5371 5137 5343 5137 5367 5137 5343 5138 5371 5138 5344 5138 5344 5139 5372 5139 5346 5139 5372 5140 5344 5140 5371 5140 5346 5141 5373 5141 5350 5141 5373 5142 5346 5142 5372 5142 5374 5143 5347 5143 5348 5143 5347 5144 5374 5144 5375 5144 5375 5145 5349 5145 5347 5145 5348 5146 5376 5146 5374 5146 5376 5147 5348 5147 5350 5147 5349 5148 5375 5148 5361 5148 5361 5149 5351 5149 5349 5149 5350 5150 5377 5150 5376 5150 5377 5151 5350 5151 5373 5151 5378 5152 5352 5152 5366 5152 5352 5153 5378 5153 5353 5153 5354 5154 5366 5154 5352 5154 5353 5155 5379 5155 5355 5155 5379 5156 5353 5156 5378 5156 5380 5157 5355 5157 5379 5157 5355 5158 5380 5158 5356 5158 5356 5159 5380 5159 5381 5159 5381 5160 5382 5160 5356 5160 5357 5161 5356 5161 5382 5161 5382 5162 5383 5162 5357 5162 5358 5163 5357 5163 5383 5163 5383 4851 5384 4851 5358 4851 5359 5164 5358 5164 5384 5164 5384 5165 5385 5165 5359 5165 5359 4855 5385 4855 5386 4855 5386 5166 5360 5166 5359 5166 5387 579 5363 579 5360 579 5360 579 5386 579 5387 579 5388 5167 5361 5167 5375 5167 5362 5168 5361 5168 5388 5168 5362 5169 5388 5169 5389 5169 5370 5170 5362 5170 5389 5170 5364 5171 5363 5171 5390 5171 5363 5172 5387 5172 5391 5172 5391 4863 5390 4863 5363 4863 5390 5173 5392 5173 5364 5173 5365 5174 5364 5174 5392 5174 5392 5175 5378 5175 5365 5175 5366 5176 5365 5176 5378 5176 5367 5177 5368 5177 5371 5177 5393 5178 5371 5178 5368 5178 5368 5179 5369 5179 5393 5179 5394 5180 5393 5180 5369 5180 5369 5181 5370 5181 5394 5181 5389 5182 5394 5182 5370 5182 5371 4874 5393 4874 5372 4874 5395 5183 5372 5183 5393 5183 5372 5184 5395 5184 5373 5184 5373 5185 5396 5185 5377 5185 5396 5186 5373 5186 5395 5186 5388 5187 5374 5187 5376 5187 5388 5188 5375 5188 5374 5188 5388 5189 5376 5189 5377 5189 5388 5190 5377 5190 5396 5190 5378 5191 5392 5191 5379 5191 5397 5192 5379 5192 5392 5192 5379 5193 5397 5193 5380 5193 5380 5194 5397 5194 5398 5194 5398 4887 5381 4887 5380 4887 5399 5195 5382 5195 5381 5195 5381 5196 5400 5196 5399 5196 5400 5197 5381 5197 5398 5197 5401 5198 5383 5198 5382 5198 5382 5199 5399 5199 5401 5199 5402 5200 5384 5200 5383 5200 5383 5201 5401 5201 5402 5201 5403 5202 5385 5202 5384 5202 5384 5203 5402 5203 5403 5203 5386 5204 5385 5204 5403 5204 5403 5205 5404 5205 5386 5205 5386 579 5404 579 5405 579 5405 579 5387 579 5386 579 5406 4900 5391 4900 5387 4900 5387 5206 5405 5206 5406 5206 5388 5207 5396 5207 5407 5207 5388 5208 5407 5208 5389 5208 5394 5209 5389 5209 5407 5209 5397 5210 5390 5210 5391 5210 5392 5211 5390 5211 5397 5211 5391 5210 5398 5210 5397 5210 5408 5212 5398 5212 5391 5212 5391 5213 5406 5213 5408 5213 5393 5214 5394 5214 5395 5214 5407 5215 5395 5215 5394 5215 5395 5216 5407 5216 5396 5216 5398 5217 5408 5217 5400 5217 5409 5218 5401 5218 5399 5218 5399 5219 5410 5219 5409 5219 5410 5220 5399 5220 5400 5220 5400 5221 5411 5221 5410 5221 5411 5222 5400 5222 5408 5222 5412 5223 5402 5223 5401 5223 5401 5224 5409 5224 5412 5224 5413 5225 5403 5225 5402 5225 5402 5226 5412 5226 5413 5226 5404 5227 5403 5227 5413 5227 5413 5228 5414 5228 5404 5228 5404 579 5414 579 5415 579 5415 579 5405 579 5404 579 5416 5229 5406 5229 5405 5229 5405 5230 5415 5230 5416 5230 5417 5231 5408 5231 5406 5231 5406 5232 5416 5232 5417 5232 5408 5233 5417 5233 5411 5233 5418 5234 5419 5234 5409 5234 5409 5235 5410 5235 5418 5235 5412 5236 5409 5236 5419 5236 5420 5237 5418 5237 5410 5237 5410 5238 5411 5238 5420 5238 5421 5239 5420 5239 5411 5239 5411 5240 5417 5240 5421 5240 5419 5241 5422 5241 5412 5241 5413 5242 5412 5242 5422 5242 5422 5243 5423 5243 5413 5243 5424 5244 5414 5244 5413 5244 5413 5245 5423 5245 5424 5245 5414 579 5424 579 5425 579 5425 579 5415 579 5414 579 5426 5246 5416 5246 5415 5246 5415 5247 5425 5247 5426 5247 5417 5248 5416 5248 5426 5248 5426 5249 5421 5249 5417 5249 5418 5250 5427 5250 5428 5250 5428 5251 5419 5251 5418 5251 5427 5252 5418 5252 5420 5252 5419 5253 5428 5253 5429 5253 5429 4953 5422 4953 5419 4953 5420 5254 5430 5254 5427 5254 5430 4956 5420 4956 5421 4956 5421 5255 5431 5255 5430 5255 5431 5256 5421 5256 5426 5256 5422 5257 5429 5257 5432 5257 5432 5258 5423 5258 5422 5258 5423 5259 5432 5259 5433 5259 5433 5260 5424 5260 5423 5260 5425 579 5424 579 5433 579 5425 4963 5434 4963 5435 4963 5435 4962 5426 4962 5425 4962 5433 579 5434 579 5425 579 5426 5261 5435 5261 5431 5261 5436 2748 5427 2748 5430 2748 5436 5262 5428 5262 5427 5262 5436 2748 5429 2748 5428 2748 5436 5263 5432 5263 5429 5263 5436 5264 5430 5264 5431 5264 5436 5265 5431 5265 5435 5265 5436 2748 5433 2748 5432 2748 5436 2748 5434 2748 5433 2748 5435 2748 5434 2748 5436 2748 5437 5266 5438 5266 5439 5266 5439 5267 5440 5267 5437 5267 5437 5268 5441 5268 5442 5268 5442 5269 5438 5269 5437 5269 5437 579 5440 579 5443 579 5443 579 5441 579 5437 579 5438 5270 5444 5270 5445 5270 5445 5271 5439 5271 5438 5271 5444 5272 5438 5272 5442 5272 5439 5273 5446 5273 5447 5273 5447 5274 5440 5274 5439 5274 5446 5275 5439 5275 5445 5275 5443 5276 5440 5276 5447 5276 5441 5277 5448 5277 5449 5277 5449 5278 5442 5278 5441 5278 5443 593 5448 593 5441 593 5442 5279 5450 5279 5444 5279 5450 5280 5442 5280 5449 5280 5443 579 5451 579 5448 579 5443 579 5452 579 5451 579 5443 579 5453 579 5452 579 5443 579 5454 579 5453 579 5443 5281 5455 5281 5454 5281 5443 5282 5456 5282 5455 5282 5443 579 5457 579 5456 579 5443 579 5458 579 5457 579 5443 579 5459 579 5458 579 5443 579 5460 579 5459 579 5443 5283 5461 5283 5460 5283 5443 579 5447 579 5461 579 5444 5284 5462 5284 5463 5284 5463 5285 5445 5285 5444 5285 5444 5286 5450 5286 5464 5286 5464 5287 5462 5287 5444 5287 5465 5288 5445 5288 5463 5288 5445 5289 5465 5289 5446 5289 5461 5290 5447 5290 5446 5290 5446 5291 5466 5291 5461 5291 5446 5292 5465 5292 5467 5292 5467 5293 5466 5293 5446 5293 5448 5294 5451 5294 5468 5294 5468 5295 5449 5295 5448 5295 5449 5296 5469 5296 5450 5296 5469 5297 5449 5297 5468 5297 5450 5298 5469 5298 5470 5298 5470 5299 5464 5299 5450 5299 5451 5300 5452 5300 5471 5300 5471 5301 5468 5301 5451 5301 5452 5302 5453 5302 5472 5302 5472 5303 5471 5303 5452 5303 5453 5304 5454 5304 5473 5304 5473 5305 5472 5305 5453 5305 5454 5306 5455 5306 5474 5306 5474 5307 5473 5307 5454 5307 5455 5308 5456 5308 5475 5308 5475 5309 5474 5309 5455 5309 5456 5310 5457 5310 5476 5310 5476 5311 5475 5311 5456 5311 5457 5312 5458 5312 5477 5312 5477 5313 5476 5313 5457 5313 5458 5314 5459 5314 5478 5314 5478 5315 5477 5315 5458 5315 5459 5316 5460 5316 5479 5316 5479 5317 5478 5317 5459 5317 5460 5318 5461 5318 5466 5318 5466 5319 5479 5319 5460 5319 5480 5320 5462 5320 5464 5320 5463 5321 5462 5321 5480 5321 5463 5322 5481 5322 5465 5322 5463 5323 5482 5323 5483 5323 5483 5324 5481 5324 5463 5324 5480 5325 5482 5325 5463 5325 5464 5326 5484 5326 5480 5326 5484 5327 5464 5327 5470 5327 5467 5328 5465 5328 5481 5328 5466 5329 5467 5329 5485 5329 5485 5330 5479 5330 5466 5330 5481 5331 5486 5331 5467 5331 5485 5332 5467 5332 5486 5332 5468 5333 5487 5333 5469 5333 5487 5334 5468 5334 5471 5334 5469 5335 5487 5335 5488 5335 5488 5336 5470 5336 5469 5336 5470 5337 5489 5337 5484 5337 5489 5338 5470 5338 5488 5338 5471 5339 5490 5339 5487 5339 5490 5340 5471 5340 5472 5340 5472 5341 5491 5341 5490 5341 5491 5342 5472 5342 5473 5342 5473 5343 5492 5343 5491 5343 5492 5344 5473 5344 5474 5344 5474 5345 5493 5345 5492 5345 5493 5346 5474 5346 5475 5346 5475 5347 5494 5347 5493 5347 5494 5348 5475 5348 5476 5348 5476 5349 5495 5349 5494 5349 5495 5350 5476 5350 5477 5350 5477 5351 5496 5351 5495 5351 5496 5352 5477 5352 5478 5352 5478 5353 5497 5353 5496 5353 5497 5354 5478 5354 5479 5354 5479 5355 5485 5355 5497 5355 5498 5356 5480 5356 5484 5356 5498 5357 5482 5357 5480 5357 5481 5358 5483 5358 5499 5358 5499 5359 5486 5359 5481 5359 5483 5360 5482 5360 5498 5360 5499 5361 5483 5361 5498 5361 5484 707 5489 707 5498 707 5497 5362 5485 5362 5500 5362 5486 5363 5500 5363 5485 5363 5486 5364 5499 5364 5501 5364 5501 5365 5500 5365 5486 5365 5487 5366 5490 5366 5502 5366 5502 5367 5488 5367 5487 5367 5488 5368 5503 5368 5489 5368 5503 5369 5488 5369 5502 5369 5489 5370 5503 5370 5498 5370 5490 5371 5491 5371 5504 5371 5504 5372 5502 5372 5490 5372 5491 5373 5492 5373 5505 5373 5505 5374 5504 5374 5491 5374 5492 5375 5493 5375 5506 5375 5506 5376 5505 5376 5492 5376 5493 5377 5494 5377 5507 5377 5507 5378 5506 5378 5493 5378 5494 5379 5495 5379 5508 5379 5508 5380 5507 5380 5494 5380 5495 5381 5496 5381 5509 5381 5509 5382 5508 5382 5495 5382 5496 5383 5497 5383 5510 5383 5510 5384 5509 5384 5496 5384 5500 5385 5510 5385 5497 5385 5498 712 5503 712 5511 712 5512 712 5513 712 5498 712 5498 712 5513 712 5514 712 5515 712 5516 712 5498 712 5498 712 5516 712 5517 712 5518 712 5501 712 5498 712 5498 5386 5501 5386 5499 5386 5511 712 5512 712 5498 712 5514 712 5515 712 5498 712 5517 712 5518 712 5498 712 5500 5387 5501 5387 5518 5387 5518 5388 5510 5388 5500 5388 5502 5389 5511 5389 5503 5389 5511 5390 5502 5390 5504 5390 5504 5391 5512 5391 5511 5391 5512 5392 5504 5392 5505 5392 5505 5393 5513 5393 5512 5393 5513 5394 5505 5394 5506 5394 5506 5395 5514 5395 5513 5395 5514 5396 5506 5396 5507 5396 5507 5397 5515 5397 5514 5397 5515 5398 5507 5398 5508 5398 5508 5399 5516 5399 5515 5399 5516 5400 5508 5400 5509 5400 5509 5401 5517 5401 5516 5401 5517 5402 5509 5402 5510 5402 5510 5403 5518 5403 5517 5403 5519 5404 5520 5404 5521 5404 5519 5405 5522 5405 5523 5405 5519 5406 5521 5406 5522 5406 5519 5407 5524 5407 5520 5407 5519 5408 5525 5408 5524 5408 5519 5409 5526 5409 5525 5409 5519 5410 5527 5410 5526 5410 5519 5411 5528 5411 5527 5411 5519 5412 5529 5412 5528 5412 5519 5413 5530 5413 5529 5413 5519 5414 5531 5414 5530 5414 5519 5415 5532 5415 5531 5415 5519 5416 5533 5416 5532 5416 5519 5417 5534 5417 5533 5417 5519 5418 5535 5418 5534 5418 5535 5419 5519 5419 5523 5419 5521 5420 5520 5420 5536 5420 5520 5421 5524 5421 5537 5421 5537 5422 5536 5422 5520 5422 5521 5423 5538 5423 5539 5423 5539 5424 5522 5424 5521 5424 5536 5425 5538 5425 5521 5425 5523 5426 5522 5426 5539 5426 5539 5427 5540 5427 5523 5427 5535 5428 5523 5428 5540 5428 5524 5429 5525 5429 5541 5429 5541 5430 5537 5430 5524 5430 5525 5431 5526 5431 5542 5431 5542 5432 5541 5432 5525 5432 5526 5433 5527 5433 5543 5433 5543 5434 5542 5434 5526 5434 5527 5435 5528 5435 5544 5435 5544 5436 5543 5436 5527 5436 5528 5437 5529 5437 5545 5437 5545 5438 5544 5438 5528 5438 5529 5439 5530 5439 5546 5439 5546 5440 5545 5440 5529 5440 5530 5441 5531 5441 5547 5441 5547 5442 5546 5442 5530 5442 5531 5443 5532 5443 5548 5443 5548 5444 5547 5444 5531 5444 5532 5445 5533 5445 5549 5445 5549 5446 5548 5446 5532 5446 5533 5447 5534 5447 5550 5447 5550 5448 5549 5448 5533 5448 5534 5449 5535 5449 5551 5449 5551 5450 5550 5450 5534 5450 5540 5451 5551 5451 5535 5451 5538 5452 5536 5452 5552 5452 5536 5453 5537 5453 5553 5453 5553 5454 5552 5454 5536 5454 5537 5455 5541 5455 5554 5455 5554 5456 5553 5456 5537 5456 5538 5457 5555 5457 5556 5457 5556 5458 5539 5458 5538 5458 5552 5459 5555 5459 5538 5459 5540 5460 5539 5460 5556 5460 5556 5461 5557 5461 5540 5461 5551 5462 5540 5462 5557 5462 5541 5463 5542 5463 5558 5463 5558 5464 5554 5464 5541 5464 5542 5465 5543 5465 5559 5465 5559 5466 5558 5466 5542 5466 5543 5467 5544 5467 5560 5467 5560 5468 5559 5468 5543 5468 5544 5469 5545 5469 5561 5469 5561 5470 5560 5470 5544 5470 5545 5471 5546 5471 5562 5471 5562 5472 5561 5472 5545 5472 5546 5473 5547 5473 5563 5473 5563 5474 5562 5474 5546 5474 5547 5475 5548 5475 5564 5475 5564 5476 5563 5476 5547 5476 5548 5477 5549 5477 5565 5477 5565 5478 5564 5478 5548 5478 5549 5479 5550 5479 5566 5479 5566 5480 5565 5480 5549 5480 5550 5481 5551 5481 5567 5481 5567 5482 5566 5482 5550 5482 5557 5483 5567 5483 5551 5483 5555 5484 5552 5484 5568 5484 5552 5485 5553 5485 5569 5485 5569 5486 5568 5486 5552 5486 5553 5487 5554 5487 5570 5487 5570 5488 5569 5488 5553 5488 5554 5489 5558 5489 5571 5489 5571 5490 5570 5490 5554 5490 5555 5491 5572 5491 5573 5491 5573 5492 5556 5492 5555 5492 5568 5493 5572 5493 5555 5493 5557 5494 5556 5494 5573 5494 5567 5495 5557 5495 5574 5495 5573 5496 5574 5496 5557 5496 5558 5497 5559 5497 5575 5497 5575 5498 5571 5498 5558 5498 5559 5499 5560 5499 5576 5499 5576 5500 5575 5500 5559 5500 5560 5501 5561 5501 5577 5501 5577 5502 5576 5502 5560 5502 5561 5503 5562 5503 5578 5503 5578 5504 5577 5504 5561 5504 5562 5505 5563 5505 5579 5505 5579 5506 5578 5506 5562 5506 5563 5507 5564 5507 5580 5507 5580 5508 5579 5508 5563 5508 5564 5509 5565 5509 5581 5509 5581 5510 5580 5510 5564 5510 5565 5511 5566 5511 5582 5511 5582 5512 5581 5512 5565 5512 5566 5513 5567 5513 5583 5513 5583 5514 5582 5514 5566 5514 5574 5515 5583 5515 5567 5515 5568 5516 5584 5516 5585 5516 5585 5517 5572 5517 5568 5517 5584 5518 5568 5518 5569 5518 5569 5519 5586 5519 5584 5519 5586 5520 5569 5520 5570 5520 5570 5521 5587 5521 5586 5521 5587 5522 5570 5522 5571 5522 5571 5523 5588 5523 5587 5523 5588 5524 5571 5524 5575 5524 5573 5525 5572 5525 5585 5525 5573 5526 5589 5526 5590 5526 5590 5527 5574 5527 5573 5527 5585 5528 5589 5528 5573 5528 5574 5529 5590 5529 5591 5529 5591 5530 5583 5530 5574 5530 5575 5531 5592 5531 5588 5531 5592 5532 5575 5532 5576 5532 5576 5533 5593 5533 5592 5533 5593 5534 5576 5534 5577 5534 5577 5535 5594 5535 5593 5535 5594 5536 5577 5536 5578 5536 5578 5537 5595 5537 5594 5537 5595 5538 5578 5538 5579 5538 5579 5539 5596 5539 5595 5539 5596 5540 5579 5540 5580 5540 5580 5541 5597 5541 5596 5541 5597 5542 5580 5542 5581 5542 5581 5543 5598 5543 5597 5543 5598 5544 5581 5544 5582 5544 5582 5545 5599 5545 5598 5545 5599 5546 5582 5546 5583 5546 5583 5547 5591 5547 5599 5547 5584 5548 5600 5548 5585 5548 5584 5549 5586 5549 5600 5549 5600 5550 5589 5550 5585 5550 5586 5551 5587 5551 5600 5551 5588 5552 5600 5552 5587 5552 5588 5553 5592 5553 5600 5553 5589 5554 5600 5554 5590 5554 5591 5555 5590 5555 5600 5555 5591 5556 5600 5556 5599 5556 5592 5557 5593 5557 5600 5557 5594 5558 5600 5558 5593 5558 5594 5559 5595 5559 5600 5559 5595 5560 5596 5560 5600 5560 5597 5561 5600 5561 5596 5561 5597 5562 5598 5562 5600 5562 5598 5563 5599 5563 5600 5563 5601 5564 5602 5564 5603 5564 5603 5565 5604 5565 5601 5565 5602 5566 5601 5566 5605 5566 5606 5567 5601 5567 5604 5567 5601 5568 5606 5568 5607 5568 5607 5569 5605 5569 5601 5569 5605 5570 5608 5570 5602 5570 5602 5571 5609 5571 5610 5571 5610 5572 5603 5572 5602 5572 5609 5573 5602 5573 5608 5573 5604 5574 5603 5574 5611 5574 5603 5575 5610 5575 5612 5575 5612 5576 5611 5576 5603 5576 5613 5577 5614 5577 5604 5577 5604 5578 5615 5578 5613 5578 5611 5579 5615 5579 5604 5579 5604 5580 5614 5580 5606 5580 5607 5581 5616 5581 5605 5581 5616 5582 5608 5582 5605 5582 5617 5583 5606 5583 5614 5583 5618 5584 5607 5584 5606 5584 5606 5585 5617 5585 5618 5585 5616 5586 5607 5586 5618 5586 5616 5587 5619 5587 5608 5587 5608 5588 5619 5588 5609 5588 5609 5589 5620 5589 5621 5589 5621 5590 5610 5590 5609 5590 5620 5591 5609 5591 5619 5591 5610 5592 5621 5592 5622 5592 5622 5593 5612 5593 5610 5593 5615 5594 5611 5594 5623 5594 5611 5595 5612 5595 5624 5595 5624 5596 5623 5596 5611 5596 5612 5597 5622 5597 5625 5597 5625 5598 5624 5598 5612 5598 5626 5599 5614 5599 5613 5599 5613 5600 5627 5600 5626 5600 5627 5601 5613 5601 5628 5601 5629 5602 5628 5602 5613 5602 5613 5603 5615 5603 5629 5603 5614 5604 5626 5604 5617 5604 5623 5605 5629 5605 5615 5605 5616 5606 5630 5606 5619 5606 5616 5607 5631 5607 5630 5607 5616 5608 5632 5608 5631 5608 5616 5609 5633 5609 5632 5609 5616 5610 5634 5610 5633 5610 5616 5611 5635 5611 5634 5611 5616 5612 5636 5612 5635 5612 5616 5613 5637 5613 5636 5613 5616 5614 5638 5614 5637 5614 5616 5615 5639 5615 5638 5615 5616 5616 5640 5616 5639 5616 5616 5617 5618 5617 5640 5617 5641 5618 5617 5618 5626 5618 5640 5619 5618 5619 5617 5619 5617 5620 5641 5620 5640 5620 5619 5621 5630 5621 5620 5621 5620 5622 5642 5622 5643 5622 5643 5623 5621 5623 5620 5623 5642 5624 5620 5624 5630 5624 5621 5625 5643 5625 5644 5625 5644 5626 5622 5626 5621 5626 5622 5627 5644 5627 5645 5627 5645 5628 5625 5628 5622 5628 5629 5629 5623 5629 5646 5629 5623 5630 5624 5630 5647 5630 5647 5631 5646 5631 5623 5631 5624 5632 5625 5632 5648 5632 5648 5633 5647 5633 5624 5633 5625 5634 5645 5634 5649 5634 5649 5635 5648 5635 5625 5635 5626 5636 5650 5636 5641 5636 5650 5637 5626 5637 5627 5637 5627 5638 5651 5638 5650 5638 5651 5639 5627 5639 5652 5639 5628 5640 5652 5640 5627 5640 5653 5641 5654 5641 5628 5641 5628 5642 5629 5642 5653 5642 5652 5643 5628 5643 5654 5643 5646 5644 5653 5644 5629 5644 5630 5645 5631 5645 5642 5645 5631 5646 5632 5646 5655 5646 5655 5647 5642 5647 5631 5647 5632 5648 5633 5648 5656 5648 5656 5649 5655 5649 5632 5649 5633 5650 5634 5650 5657 5650 5657 5651 5656 5651 5633 5651 5634 5652 5635 5652 5658 5652 5658 5653 5657 5653 5634 5653 5635 5654 5636 5654 5659 5654 5659 5655 5658 5655 5635 5655 5636 5656 5637 5656 5660 5656 5660 5657 5659 5657 5636 5657 5637 5658 5638 5658 5661 5658 5661 5659 5660 5659 5637 5659 5638 5660 5639 5660 5662 5660 5662 5661 5661 5661 5638 5661 5639 5662 5640 5662 5641 5662 5641 5663 5662 5663 5639 5663 5662 5664 5641 5664 5650 5664 5642 5665 5655 5665 5663 5665 5663 5666 5643 5666 5642 5666 5643 5667 5663 5667 5664 5667 5664 5668 5644 5668 5643 5668 5644 5669 5664 5669 5665 5669 5665 5670 5645 5670 5644 5670 5645 5671 5665 5671 5666 5671 5666 5672 5649 5672 5645 5672 5653 5673 5646 5673 5667 5673 5646 5674 5647 5674 5668 5674 5668 5675 5667 5675 5646 5675 5647 5676 5648 5676 5669 5676 5669 5677 5668 5677 5647 5677 5648 5678 5649 5678 5670 5678 5670 5679 5669 5679 5648 5679 5649 5680 5666 5680 5671 5680 5671 5681 5670 5681 5649 5681 5650 5682 5672 5682 5662 5682 5672 5683 5650 5683 5651 5683 5673 5684 5651 5684 5674 5684 5651 5685 5673 5685 5672 5685 5652 5686 5674 5686 5651 5686 5674 5687 5652 5687 5675 5687 5654 5688 5675 5688 5652 5688 5654 5689 5653 5689 5676 5689 5667 5690 5676 5690 5653 5690 5676 5691 5677 5691 5654 5691 5675 5692 5654 5692 5677 5692 5655 5693 5656 5693 5678 5693 5678 5694 5663 5694 5655 5694 5656 5695 5657 5695 5679 5695 5679 5696 5678 5696 5656 5696 5657 5697 5658 5697 5680 5697 5680 5698 5679 5698 5657 5698 5658 5699 5659 5699 5681 5699 5681 5700 5680 5700 5658 5700 5659 5701 5660 5701 5682 5701 5682 5702 5681 5702 5659 5702 5660 5703 5661 5703 5683 5703 5683 5704 5682 5704 5660 5704 5661 5705 5662 5705 5672 5705 5672 5706 5683 5706 5661 5706 5663 5707 5678 5707 5684 5707 5684 5708 5664 5708 5663 5708 5664 5709 5684 5709 5685 5709 5685 5710 5665 5710 5664 5710 5665 5711 5685 5711 5686 5711 5686 5712 5666 5712 5665 5712 5666 5713 5686 5713 5687 5713 5687 5714 5671 5714 5666 5714 5676 5715 5667 5715 5688 5715 5667 5716 5668 5716 5689 5716 5689 5717 5688 5717 5667 5717 5668 5718 5669 5718 5690 5718 5690 5719 5689 5719 5668 5719 5669 5720 5670 5720 5691 5720 5691 5721 5690 5721 5669 5721 5670 5722 5671 5722 5692 5722 5692 5723 5691 5723 5670 5723 5671 5724 5687 5724 5693 5724 5693 5725 5692 5725 5671 5725 5683 5726 5672 5726 5673 5726 5673 5727 5694 5727 5683 5727 5694 5728 5673 5728 5695 5728 5674 5729 5695 5729 5673 5729 5695 5730 5674 5730 5696 5730 5675 5731 5696 5731 5674 5731 5696 5732 5675 5732 5697 5732 5677 5733 5697 5733 5675 5733 5677 5734 5676 5734 5698 5734 5688 5735 5698 5735 5676 5735 5698 5736 5699 5736 5677 5736 5697 5737 5677 5737 5699 5737 5678 5738 5679 5738 5700 5738 5700 5739 5684 5739 5678 5739 5679 5740 5680 5740 5701 5740 5701 5741 5700 5741 5679 5741 5680 5742 5681 5742 5702 5742 5702 5743 5701 5743 5680 5743 5681 5744 5682 5744 5703 5744 5703 5745 5702 5745 5681 5745 5682 5746 5683 5746 5694 5746 5694 5747 5703 5747 5682 5747 5684 5748 5700 5748 5704 5748 5704 5749 5685 5749 5684 5749 5685 5750 5704 5750 5705 5750 5705 5751 5686 5751 5685 5751 5686 5752 5705 5752 5706 5752 5706 5753 5687 5753 5686 5753 5687 5754 5706 5754 5707 5754 5707 5755 5693 5755 5687 5755 5698 5756 5688 5756 5708 5756 5708 5757 5688 5757 5689 5757 5689 5758 5709 5758 5708 5758 5709 5759 5689 5759 5690 5759 5690 5760 5710 5760 5709 5760 5710 5761 5690 5761 5691 5761 5691 5762 5711 5762 5710 5762 5711 5763 5691 5763 5692 5763 5692 5764 5712 5764 5711 5764 5712 5765 5692 5765 5693 5765 5693 5766 5713 5766 5712 5766 5713 5767 5693 5767 5707 5767 5703 5768 5694 5768 5714 5768 5695 5769 5714 5769 5694 5769 5714 5770 5695 5770 5715 5770 5696 5771 5715 5771 5695 5771 5697 5772 5716 5772 5696 5772 5715 5773 5696 5773 5716 5773 5716 5774 5697 5774 5717 5774 5699 5775 5717 5775 5697 5775 5708 5776 5718 5776 5698 5776 5699 5777 5698 5777 5718 5777 5719 5778 5717 5778 5699 5778 5699 5779 5720 5779 5719 5779 5718 5780 5720 5780 5699 5780 5700 5781 5701 5781 5721 5781 5721 5782 5704 5782 5700 5782 5701 5783 5702 5783 5722 5783 5722 5784 5721 5784 5701 5784 5702 5785 5703 5785 5723 5785 5723 5786 5722 5786 5702 5786 5714 5787 5723 5787 5703 5787 5704 5788 5721 5788 5724 5788 5724 5789 5705 5789 5704 5789 5705 5790 5724 5790 5725 5790 5725 5791 5706 5791 5705 5791 5706 5792 5725 5792 5726 5792 5726 5793 5707 5793 5706 5793 5707 5794 5727 5794 5713 5794 5727 5795 5707 5795 5726 5795 5718 5796 5708 5796 5728 5796 5729 5797 5728 5797 5708 5797 5708 5798 5709 5798 5729 5798 5729 5799 5709 5799 5710 5799 5730 712 5731 712 5710 712 5710 712 5711 712 5730 712 5710 5800 5731 5800 5729 5800 5732 5801 5730 5801 5711 5801 5711 1125 5712 1125 5732 1125 5733 5802 5732 5802 5712 5802 5712 5803 5713 5803 5733 5803 5733 1139 5713 1139 5727 1139 5723 5804 5714 5804 5734 5804 5715 5805 5734 5805 5714 5805 5734 5806 5715 5806 5735 5806 5716 5807 5735 5807 5715 5807 5735 5808 5716 5808 5736 5808 5717 5809 5736 5809 5716 5809 5737 5810 5736 5810 5717 5810 5717 5811 5719 5811 5737 5811 5728 5812 5738 5812 5718 5812 5720 5813 5718 5813 5739 5813 5740 579 5718 579 5738 579 5740 579 5727 579 5718 579 5739 1186 5718 1186 5727 1186 5739 1186 5719 1186 5720 1186 5739 1186 5737 1186 5719 1186 5721 5814 5722 5814 5741 5814 5741 5815 5724 5815 5721 5815 5722 5816 5723 5816 5742 5816 5742 5817 5741 5817 5722 5817 5734 5818 5742 5818 5723 5818 5724 5819 5741 5819 5743 5819 5743 5820 5725 5820 5724 5820 5725 5821 5743 5821 5744 5821 5744 5822 5726 5822 5725 5822 5726 5823 5745 5823 5727 5823 5745 5824 5726 5824 5744 5824 5727 5825 5746 5825 5733 5825 5739 5826 5727 5826 5745 5826 5740 579 5746 579 5727 579 5738 5827 5728 5827 5747 5827 5748 5828 5747 5828 5728 5828 5728 5829 5729 5829 5748 5829 5749 5830 5748 5830 5729 5830 5729 5831 5731 5831 5749 5831 5750 5832 5751 5832 5730 5832 5730 5833 5732 5833 5750 5833 5731 5834 5730 5834 5751 5834 5751 5835 5749 5835 5731 5835 5752 5836 5750 5836 5732 5836 5732 5837 5733 5837 5752 5837 5752 5838 5733 5838 5746 5838 5742 5839 5734 5839 5753 5839 5735 5840 5753 5840 5734 5840 5753 5841 5735 5841 5754 5841 5736 5842 5754 5842 5735 5842 5755 5843 5754 5843 5736 5843 5736 5844 5737 5844 5755 5844 5739 5845 5755 5845 5737 5845 5747 5846 5756 5846 5738 5846 5757 5847 5738 5847 5758 5847 5758 5848 5738 5848 5756 5848 5757 1141 5746 1141 5738 1141 5740 579 5738 579 5746 579 5739 1186 5759 1186 5755 1186 5739 5849 5760 5849 5759 5849 5739 1186 5761 1186 5760 1186 5739 1186 5745 1186 5761 1186 5741 5850 5742 5850 5762 5850 5762 5851 5743 5851 5741 5851 5753 5852 5762 5852 5742 5852 5743 5853 5762 5853 5763 5853 5763 5854 5744 5854 5743 5854 5744 5855 5761 5855 5745 5855 5761 5856 5744 5856 5763 5856 5764 5857 5765 5857 5746 5857 5746 5858 5766 5858 5764 5858 5746 5859 5765 5859 5752 5859 5766 1141 5746 1141 5757 1141 5756 5860 5747 5860 5767 5860 5747 5861 5748 5861 5768 5861 5768 5862 5767 5862 5747 5862 5748 5863 5749 5863 5769 5863 5769 5864 5768 5864 5748 5864 5749 5865 5751 5865 5770 5865 5770 5866 5769 5866 5749 5866 5751 5867 5750 5867 5771 5867 5750 5868 5752 5868 5772 5868 5772 5869 5771 5869 5750 5869 5771 5870 5770 5870 5751 5870 5752 5871 5765 5871 5773 5871 5773 5872 5772 5872 5752 5872 5762 5873 5753 5873 5774 5873 5754 5874 5774 5874 5753 5874 5759 5875 5774 5875 5754 5875 5754 5876 5755 5876 5759 5876 5767 5877 5775 5877 5756 5877 5776 5878 5756 5878 5775 5878 5756 5879 5776 5879 5758 5879 5758 5880 5777 5880 5757 5880 5777 1141 5778 1141 5757 1141 5778 5881 5779 5881 5757 5881 5779 1141 5780 1141 5757 1141 5780 5882 5781 5882 5757 5882 5781 5883 5782 5883 5757 5883 5782 1141 5766 1141 5757 1141 5777 5884 5758 5884 5776 5884 5774 5885 5759 5885 5760 5885 5763 5886 5760 5886 5761 5886 5760 5887 5763 5887 5774 5887 5774 5888 5763 5888 5762 5888 5765 5889 5764 5889 5783 5889 5764 5890 5784 5890 5785 5890 5785 5891 5783 5891 5764 5891 5784 5892 5764 5892 5766 5892 5783 5893 5773 5893 5765 5893 5766 5894 5782 5894 5784 5894 5775 5895 5767 5895 5786 5895 5767 5896 5768 5896 5787 5896 5787 5897 5786 5897 5767 5897 5768 5898 5769 5898 5788 5898 5788 5899 5787 5899 5768 5899 5769 5900 5770 5900 5789 5900 5789 5901 5788 5901 5769 5901 5770 5902 5771 5902 5790 5902 5790 5903 5789 5903 5770 5903 5771 5904 5772 5904 5791 5904 5791 5905 5790 5905 5771 5905 5772 5906 5773 5906 5792 5906 5792 5907 5791 5907 5772 5907 5773 5908 5783 5908 5793 5908 5793 5909 5792 5909 5773 5909 5794 5910 5775 5910 5795 5910 5786 5911 5795 5911 5775 5911 5775 5912 5794 5912 5776 5912 5796 5913 5776 5913 5794 5913 5776 5914 5796 5914 5777 5914 5778 5915 5777 5915 5796 5915 5796 5916 5797 5916 5778 5916 5779 5917 5778 5917 5797 5917 5797 5918 5798 5918 5779 5918 5780 5919 5779 5919 5798 5919 5798 5920 5799 5920 5780 5920 5781 5921 5780 5921 5799 5921 5799 5922 5800 5922 5781 5922 5782 5923 5781 5923 5800 5923 5800 5924 5784 5924 5782 5924 5783 5925 5785 5925 5801 5925 5801 5926 5793 5926 5783 5926 5784 5927 5800 5927 5802 5927 5802 5928 5785 5928 5784 5928 5785 5929 5802 5929 5803 5929 5803 5930 5801 5930 5785 5930 5795 5931 5786 5931 5804 5931 5786 5932 5787 5932 5805 5932 5805 5933 5804 5933 5786 5933 5787 5934 5788 5934 5806 5934 5806 5935 5805 5935 5787 5935 5788 5936 5789 5936 5807 5936 5807 5937 5806 5937 5788 5937 5789 5938 5790 5938 5808 5938 5808 5939 5807 5939 5789 5939 5790 5940 5791 5940 5809 5940 5809 5941 5808 5941 5790 5941 5791 5942 5792 5942 5810 5942 5810 5943 5809 5943 5791 5943 5792 5944 5793 5944 5811 5944 5811 5945 5810 5945 5792 5945 5793 5946 5801 5946 5812 5946 5812 5947 5811 5947 5793 5947 5795 5948 5813 5948 5794 5948 5794 5949 5814 5949 5796 5949 5814 5950 5794 5950 5813 5950 5813 5951 5795 5951 5815 5951 5804 5952 5815 5952 5795 5952 5797 5953 5796 5953 5814 5953 5798 5954 5797 5954 5816 5954 5814 5955 5816 5955 5797 5955 5799 5956 5798 5956 5817 5956 5816 5957 5817 5957 5798 5957 5800 5958 5799 5958 5818 5958 5817 5959 5818 5959 5799 5959 5818 5960 5802 5960 5800 5960 5801 5961 5803 5961 5819 5961 5819 5962 5812 5962 5801 5962 5802 5963 5818 5963 5820 5963 5820 5964 5803 5964 5802 5964 5803 5965 5820 5965 5821 5965 5821 5966 5819 5966 5803 5966 5815 5967 5804 5967 5822 5967 5822 5968 5804 5968 5805 5968 5823 5969 5805 5969 5806 5969 5805 5970 5823 5970 5822 5970 5806 5971 5824 5971 5823 5971 5824 5972 5806 5972 5807 5972 5807 5973 5825 5973 5824 5973 5825 5974 5807 5974 5808 5974 5808 5975 5826 5975 5825 5975 5826 5976 5808 5976 5809 5976 5827 5977 5809 5977 5810 5977 5809 5978 5827 5978 5826 5978 5810 5979 5828 5979 5827 5979 5828 5980 5810 5980 5811 5980 5811 5981 5829 5981 5828 5981 5829 5982 5811 5982 5812 5982 5812 5983 5830 5983 5829 5983 5830 5984 5812 5984 5819 5984 5815 5985 5831 5985 5813 5985 5813 5986 5832 5986 5814 5986 5832 5987 5813 5987 5831 5987 5816 5988 5814 5988 5832 5988 5822 5989 5833 5989 5815 5989 5834 5990 5831 5990 5815 5990 5815 5991 5833 5991 5834 5991 5817 5992 5816 5992 5835 5992 5832 5993 5835 5993 5816 5993 5818 5994 5817 5994 5836 5994 5835 5995 5836 5995 5817 5995 5836 5996 5820 5996 5818 5996 5819 5997 5837 5997 5830 5997 5837 5998 5819 5998 5821 5998 5820 5999 5836 5999 5838 5999 5838 6000 5821 6000 5820 6000 5821 6001 5839 6001 5837 6001 5839 6002 5821 6002 5838 6002 5833 6003 5822 6003 5840 6003 5822 6004 5823 6004 5841 6004 5841 6005 5840 6005 5822 6005 5823 6006 5824 6006 5842 6006 5842 6007 5841 6007 5823 6007 5824 6008 5825 6008 5843 6008 5843 6009 5842 6009 5824 6009 5825 6010 5826 6010 5844 6010 5844 6011 5843 6011 5825 6011 5826 6012 5827 6012 5845 6012 5845 6013 5844 6013 5826 6013 5827 6014 5828 6014 5846 6014 5846 6015 5845 6015 5827 6015 5828 6016 5829 6016 5847 6016 5847 6017 5846 6017 5828 6017 5829 6018 5830 6018 5848 6018 5848 6019 5847 6019 5829 6019 5830 6020 5837 6020 5849 6020 5849 6021 5848 6021 5830 6021 5850 6022 5851 6022 5831 6022 5831 6023 5834 6023 5850 6023 5831 6024 5851 6024 5832 6024 5835 6025 5832 6025 5851 6025 5852 6026 5834 6026 5833 6026 5833 6027 5853 6027 5852 6027 5840 6028 5853 6028 5833 6028 5850 6029 5834 6029 5852 6029 5836 6030 5835 6030 5854 6030 5851 6031 5854 6031 5835 6031 5854 6032 5838 6032 5836 6032 5837 6033 5839 6033 5855 6033 5855 6034 5849 6034 5837 6034 5838 6035 5856 6035 5839 6035 5856 6036 5838 6036 5854 6036 5839 6037 5856 6037 5857 6037 5857 6038 5855 6038 5839 6038 5858 6039 5840 6039 5841 6039 5853 6040 5840 6040 5858 6040 5841 6041 5859 6041 5858 6041 5859 6042 5841 6042 5842 6042 5842 6043 5860 6043 5859 6043 5860 6044 5842 6044 5843 6044 5843 6045 5861 6045 5860 6045 5861 6046 5843 6046 5844 6046 5844 6047 5862 6047 5861 6047 5862 6048 5844 6048 5845 6048 5845 6049 5863 6049 5862 6049 5863 6050 5845 6050 5846 6050 5846 6051 5864 6051 5863 6051 5864 6052 5846 6052 5847 6052 5847 6053 5865 6053 5864 6053 5865 6054 5847 6054 5848 6054 5848 6055 5866 6055 5865 6055 5866 6056 5848 6056 5849 6056 5849 6057 5867 6057 5866 6057 5867 6058 5849 6058 5855 6058 5851 6059 5850 6059 5868 6059 5868 6060 5850 6060 5869 6060 5852 6061 5869 6061 5850 6061 5868 6062 5854 6062 5851 6062 5870 6063 5869 6063 5852 6063 5852 6064 5871 6064 5870 6064 5872 6065 5871 6065 5852 6065 5852 6066 5853 6066 5872 6066 5858 6067 5872 6067 5853 6067 5854 6068 5868 6068 5856 6068 5855 6069 5873 6069 5867 6069 5873 6070 5855 6070 5857 6070 5856 6071 5868 6071 5874 6071 5874 6072 5857 6072 5856 6072 5857 6073 5875 6073 5873 6073 5875 6074 5857 6074 5874 6074 5876 6075 5872 6075 5858 6075 5858 1186 5859 1186 5876 1186 5859 1186 5860 1186 5876 1186 5860 1186 5861 1186 5876 1186 5861 1186 5862 1186 5876 1186 5862 1186 5863 1186 5876 1186 5863 6076 5864 6076 5876 6076 5864 6077 5865 6077 5876 6077 5865 6078 5866 6078 5876 6078 5866 1186 5867 1186 5876 1186 5867 6079 5873 6079 5876 6079 5869 6080 5874 6080 5868 6080 5877 6081 5874 6081 5869 6081 5869 6082 5870 6082 5877 6082 5877 6076 5870 6076 5876 6076 5870 6083 5871 6083 5876 6083 5871 6084 5872 6084 5876 6084 5873 1186 5875 1186 5876 1186 5874 6085 5877 6085 5875 6085 5875 1186 5877 1186 5876 1186 5878 6086 5879 6086 5880 6086 5880 6087 5881 6087 5878 6087 5878 6088 5881 6088 5882 6088 5882 6089 5883 6089 5878 6089 5879 6090 5878 6090 5884 6090 5885 6091 5884 6091 5878 6091 5878 6092 5883 6092 5885 6092 5879 6093 5886 6093 5887 6093 5887 6094 5880 6094 5879 6094 5886 6095 5879 6095 5888 6095 5884 6096 5888 6096 5879 6096 5880 6097 5887 6097 5889 6097 5889 1858 5890 1858 5880 1858 5881 6098 5880 6098 5890 6098 5890 6099 5891 6099 5881 6099 5882 6100 5881 6100 5891 6100 5892 6101 5882 6101 5893 6101 5891 6102 5893 6102 5882 6102 5894 6103 5883 6103 5882 6103 5882 6104 5892 6104 5894 6104 5885 6105 5883 6105 5894 6105 5888 6106 5884 6106 5895 6106 5896 6107 5895 6107 5884 6107 5884 6108 5885 6108 5896 6108 5897 6109 5896 6109 5885 6109 5885 6110 5898 6110 5897 6110 5894 6111 5898 6111 5885 6111 5887 6112 5886 6112 5899 6112 5899 6113 5886 6113 5900 6113 5888 6114 5900 6114 5886 6114 5899 6115 5901 6115 5887 6115 5887 6116 5901 6116 5902 6116 5902 6117 5889 6117 5887 6117 5895 6118 5903 6118 5888 6118 5900 6119 5888 6119 5903 6119 5890 6120 5889 6120 5904 6120 5889 6121 5902 6121 5905 6121 5905 6122 5904 6122 5889 6122 5904 6123 5906 6123 5890 6123 5891 6124 5890 6124 5906 6124 5906 6125 5907 6125 5891 6125 5893 6126 5891 6126 5907 6126 5893 6127 5908 6127 5892 6127 5909 1141 5892 1141 5908 1141 5909 6128 5894 6128 5892 6128 5908 6129 5893 6129 5910 6129 5907 6130 5910 6130 5893 6130 5909 6131 5898 6131 5894 6131 5903 6132 5895 6132 5911 6132 5912 6133 5911 6133 5895 6133 5895 6134 5896 6134 5912 6134 5913 6135 5912 6135 5896 6135 5896 6136 5897 6136 5913 6136 5909 1141 5897 1141 5898 1141 5909 1141 5913 1141 5897 1141 5900 6137 5914 6137 5899 6137 5915 6138 5899 6138 5914 6138 5901 6139 5899 6139 5915 6139 5914 6140 5900 6140 5916 6140 5903 6141 5916 6141 5900 6141 5901 6142 5917 6142 5918 6142 5918 6143 5902 6143 5901 6143 5915 6144 5917 6144 5901 6144 5902 6145 5918 6145 5919 6145 5919 6146 5905 6146 5902 6146 5916 6147 5903 6147 5920 6147 5911 6148 5920 6148 5903 6148 5904 6149 5905 6149 5921 6149 5921 6150 5922 6150 5904 6150 5906 6151 5904 6151 5922 6151 5905 6152 5919 6152 5923 6152 5923 6153 5921 6153 5905 6153 5922 6154 5924 6154 5906 6154 5907 6155 5906 6155 5924 6155 5910 6156 5907 6156 5925 6156 5924 6157 5925 6157 5907 6157 5910 6158 5926 6158 5908 6158 5909 1141 5908 1141 5926 1141 5909 1141 5927 1141 5913 1141 5909 1141 5926 1141 5928 1141 5909 6159 5929 6159 5927 6159 5909 6160 5928 6160 5930 6160 5909 1141 5930 1141 5929 1141 5926 6161 5910 6161 5931 6161 5925 6162 5931 6162 5910 6162 5920 6163 5911 6163 5932 6163 5933 6164 5932 6164 5911 6164 5911 6165 5912 6165 5933 6165 5927 6166 5933 6166 5912 6166 5912 6167 5913 6167 5927 6167 5916 6168 5934 6168 5914 6168 5935 6169 5914 6169 5934 6169 5914 6170 5935 6170 5915 6170 5917 6171 5915 6171 5936 6171 5936 6172 5915 6172 5935 6172 5920 6173 5937 6173 5916 6173 5916 6174 5937 6174 5938 6174 5938 6175 5934 6175 5916 6175 5917 6176 5939 6176 5940 6176 5940 6177 5918 6177 5917 6177 5936 6178 5939 6178 5917 6178 5918 6179 5940 6179 5941 6179 5941 6180 5919 6180 5918 6180 5919 6181 5941 6181 5942 6181 5942 6182 5923 6182 5919 6182 5937 6183 5920 6183 5943 6183 5932 6184 5943 6184 5920 6184 5921 6185 5923 6185 5944 6185 5944 6186 5945 6186 5921 6186 5922 6187 5921 6187 5945 6187 5924 6188 5922 6188 5946 6188 5945 6189 5946 6189 5922 6189 5923 6190 5942 6190 5947 6190 5947 6191 5944 6191 5923 6191 5925 6192 5924 6192 5948 6192 5946 6193 5948 6193 5924 6193 5931 6194 5925 6194 5949 6194 5948 6195 5949 6195 5925 6195 5931 6196 5928 6196 5926 6196 5927 6197 5929 6197 5950 6197 5950 6198 5933 6198 5927 6198 5928 6199 5931 6199 5951 6199 5951 6200 5930 6200 5928 6200 5952 6201 5953 6201 5929 6201 5929 6202 5954 6202 5952 6202 5955 579 5954 579 5929 579 5929 579 5930 579 5955 579 5950 6203 5929 6203 5953 6203 5956 1539 5955 1539 5930 1539 5930 6204 5957 6204 5956 6204 5957 6205 5930 6205 5951 6205 5949 6206 5951 6206 5931 6206 5932 6207 5958 6207 5959 6207 5959 6208 5943 6208 5932 6208 5958 6209 5932 6209 5933 6209 5933 6210 5950 6210 5958 6210 5960 6211 5934 6211 5938 6211 5934 6212 5960 6212 5935 6212 5961 6213 5935 6213 5960 6213 5935 6214 5961 6214 5936 6214 5962 6215 5936 6215 5961 6215 5962 6216 5939 6216 5936 6216 5943 6217 5963 6217 5937 6217 5938 6218 5937 6218 5963 6218 5963 6219 5964 6219 5938 6219 5965 6220 5938 6220 5964 6220 5938 6221 5965 6221 5960 6221 5962 1186 5940 1186 5939 1186 5962 1186 5941 1186 5940 1186 5962 1186 5942 1186 5941 1186 5962 1186 5947 1186 5942 1186 5943 6222 5959 6222 5966 6222 5966 6223 5963 6223 5943 6223 5944 6224 5947 6224 5967 6224 5967 6225 5968 6225 5944 6225 5945 6226 5944 6226 5968 6226 5946 6227 5945 6227 5969 6227 5968 6228 5969 6228 5945 6228 5969 6229 5970 6229 5946 6229 5948 6230 5946 6230 5970 6230 5962 1186 5967 1186 5947 1186 5970 6231 5971 6231 5948 6231 5949 6232 5948 6232 5971 6232 5971 6233 5972 6233 5949 6233 5951 6234 5949 6234 5972 6234 5958 6235 5950 6235 5973 6235 5953 6236 5973 6236 5950 6236 5972 6237 5974 6237 5951 6237 5951 6238 5974 6238 5957 6238 5975 6239 5952 6239 5976 6239 5976 6240 5952 6240 5954 6240 5952 6241 5975 6241 5977 6241 5977 6241 5953 6241 5952 6241 5973 6242 5953 6242 5977 6242 5954 6243 5978 6243 5976 6243 5979 6244 5978 6244 5954 6244 5954 6245 5980 6245 5979 6245 5981 6246 5980 6246 5954 6246 5981 6247 5954 6247 5955 6247 5955 6248 5956 6248 5982 6248 5982 6249 5983 6249 5955 6249 5981 6250 5955 6250 5984 6250 5984 6251 5955 6251 5983 6251 5956 6252 5985 6252 5986 6252 5986 6253 5982 6253 5956 6253 5985 6254 5956 6254 5957 6254 5957 6255 5974 6255 5987 6255 5987 6256 5988 6256 5957 6256 5957 6254 5988 6254 5985 6254 5959 6257 5958 6257 5989 6257 5973 6258 5989 6258 5958 6258 5966 6259 5959 6259 5990 6259 5989 6260 5990 6260 5959 6260 5991 6261 5960 6261 5965 6261 5960 6262 5991 6262 5961 6262 5962 1186 5961 1186 5991 1186 5962 1186 5992 1186 5967 1186 5962 6263 5993 6263 5992 6263 5962 1186 5994 1186 5993 1186 5962 6264 5995 6264 5994 6264 5962 1186 5996 1186 5995 1186 5962 6265 5997 6265 5998 6265 5962 1186 5999 1186 5997 1186 5962 1186 5991 1186 5999 1186 5962 1186 5998 1186 5996 1186 5963 6266 5966 6266 6000 6266 6000 6267 5964 6267 5963 6267 5964 6268 6001 6268 5965 6268 6001 6269 5964 6269 6000 6269 5999 6270 5965 6270 6001 6270 5965 6271 5999 6271 5991 6271 6000 6272 5966 6272 6002 6272 5990 6273 6002 6273 5966 6273 5968 6274 5967 6274 5992 6274 5992 6275 6003 6275 5968 6275 5969 6276 5968 6276 6003 6276 5970 6277 5969 6277 6004 6277 6003 6278 6004 6278 5969 6278 6004 6279 6005 6279 5970 6279 5971 6280 5970 6280 6005 6280 5972 6281 5971 6281 6006 6281 6005 6282 6006 6282 5971 6282 6006 6283 6007 6283 5972 6283 5974 6284 5972 6284 6007 6284 5977 6285 6008 6285 5973 6285 5989 6286 5973 6286 6008 6286 6007 6287 5987 6287 5974 6287 6009 6288 5975 6288 6010 6288 5975 6289 6009 6289 6011 6289 6011 6289 5977 6289 5975 6289 5976 6290 6010 6290 5975 6290 6012 6291 6010 6291 5976 6291 5976 6292 6013 6292 6012 6292 6013 6293 5976 6293 5978 6293 6008 6294 5977 6294 6011 6294 5978 6295 6014 6295 6013 6295 6015 6296 6014 6296 5978 6296 5978 6297 5979 6297 6015 6297 6016 6298 5979 6298 5980 6298 6015 6299 5979 6299 6016 6299 5980 6300 6017 6300 6016 6300 5981 6301 6017 6301 5980 6301 5981 6302 6018 6302 6019 6302 5981 6303 6019 6303 6020 6303 5981 1186 6020 1186 6017 1186 5981 6304 5984 6304 6021 6304 5981 6305 6021 6305 6022 6305 5981 6306 6022 6306 6023 6306 5981 1186 6023 1186 6018 1186 6024 6307 5983 6307 5982 6307 5982 6308 6025 6308 6024 6308 6025 6309 5982 6309 5986 6309 6026 6310 6027 6310 5983 6310 5983 6311 6024 6311 6026 6311 5983 6312 6027 6312 5984 6312 6021 6313 5984 6313 6027 6313 5985 6314 6028 6314 6029 6314 6029 6315 5986 6315 5985 6315 6028 6316 5985 6316 5988 6316 5986 6317 6030 6317 6025 6317 6030 6318 5986 6318 6029 6318 5988 6319 5987 6319 6031 6319 5987 6320 6007 6320 6032 6320 6032 6321 6031 6321 5987 6321 6031 6322 6033 6322 5988 6322 5988 6323 6033 6323 6028 6323 6008 6324 6034 6324 5989 6324 5990 6325 5989 6325 6034 6325 6002 6326 5990 6326 6035 6326 6034 6327 6035 6327 5990 6327 6003 6328 5992 6328 5993 6328 5993 6329 6036 6329 6003 6329 6036 6330 5993 6330 5994 6330 5994 6331 6037 6331 6036 6331 6037 6332 5994 6332 5995 6332 5995 6333 6038 6333 6037 6333 6038 6334 5995 6334 5996 6334 5996 6335 6039 6335 6038 6335 6040 6336 6039 6336 5996 6336 5996 6337 5998 6337 6040 6337 6001 6338 5997 6338 5999 6338 5998 6339 5997 6339 6001 6339 6001 6340 6040 6340 5998 6340 6040 6341 6000 6341 6041 6341 6002 6342 6041 6342 6000 6342 6000 6343 6040 6343 6001 6343 6041 6344 6002 6344 6042 6344 6035 6345 6042 6345 6002 6345 6004 6346 6003 6346 6036 6346 6005 6347 6004 6347 6043 6347 6036 6348 6043 6348 6004 6348 6043 6349 6044 6349 6005 6349 6006 6350 6005 6350 6044 6350 6044 6351 6045 6351 6006 6351 6007 6352 6006 6352 6045 6352 6045 6353 6032 6353 6007 6353 6011 6354 6046 6354 6008 6354 6034 6355 6008 6355 6046 6355 6028 6356 6009 6356 6047 6356 6010 6357 6047 6357 6009 6357 6011 712 6009 712 6028 712 6048 6358 6047 6358 6010 6358 6010 6359 6012 6359 6048 6359 6046 6360 6011 6360 6033 6360 6028 712 6033 712 6011 712 6049 6361 6048 6361 6012 6361 6012 6362 6050 6362 6049 6362 6050 6363 6012 6363 6013 6363 6013 6364 6051 6364 6050 6364 6051 6365 6013 6365 6014 6365 6014 6366 6052 6366 6051 6366 6053 6367 6052 6367 6014 6367 6014 6368 6015 6368 6053 6368 6016 6369 6054 6369 6015 6369 6053 6370 6015 6370 6054 6370 6055 6371 6016 6371 6017 6371 6054 6372 6016 6372 6055 6372 6017 6373 6020 6373 6055 6373 6019 6374 6018 6374 6056 6374 6018 6375 6023 6375 6057 6375 6057 6376 6056 6376 6018 6376 6020 6377 6019 6377 6058 6377 6056 6378 6058 6378 6019 6378 6058 6379 6055 6379 6020 6379 6022 6380 6021 6380 6059 6380 6027 6381 6059 6381 6021 6381 6023 6382 6022 6382 6060 6382 6059 6383 6060 6383 6022 6383 6060 6384 6057 6384 6023 6384 6061 6385 6024 6385 6025 6385 6062 6386 6026 6386 6024 6386 6024 6387 6061 6387 6062 6387 6025 6388 6063 6388 6061 6388 6063 6389 6025 6389 6030 6389 6027 6390 6026 6390 6064 6390 6065 6391 6064 6391 6026 6391 6026 6392 6062 6392 6065 6392 6064 6393 6059 6393 6027 6393 6047 6394 6029 6394 6028 6394 6029 6395 6066 6395 6030 6395 6066 6396 6029 6396 6047 6396 6030 6397 6067 6397 6063 6397 6067 6398 6030 6398 6066 6398 6033 6399 6031 6399 6046 6399 6031 6400 6032 6400 6068 6400 6068 6401 6046 6401 6031 6401 6032 6402 6045 6402 6069 6402 6069 6403 6068 6403 6032 6403 6035 6404 6034 6404 6068 6404 6046 6405 6068 6405 6034 6405 6042 6406 6035 6406 6069 6406 6068 6407 6069 6407 6035 6407 6043 6408 6036 6408 6037 6408 6037 6409 6070 6409 6043 6409 6070 6410 6037 6410 6038 6410 6038 6411 6071 6411 6070 6411 6071 6412 6038 6412 6039 6412 6039 6413 6041 6413 6071 6413 6041 6414 6039 6414 6040 6414 6042 6415 6071 6415 6041 6415 6069 6416 6072 6416 6042 6416 6071 6417 6042 6417 6072 6417 6044 6418 6043 6418 6070 6418 6070 6419 6072 6419 6044 6419 6045 6420 6044 6420 6072 6420 6072 1762 6069 1762 6045 1762 6047 6421 6048 6421 6066 6421 6073 1740 6066 1740 6048 1740 6048 6422 6049 6422 6073 6422 6074 6423 6073 6423 6049 6423 6049 6424 6075 6424 6074 6424 6075 6425 6049 6425 6050 6425 6050 6426 6076 6426 6075 6426 6076 6427 6050 6427 6051 6427 6051 6428 6077 6428 6076 6428 6077 6429 6051 6429 6052 6429 6052 6430 6078 6430 6077 6430 6079 6431 6078 6431 6052 6431 6052 6432 6053 6432 6079 6432 6079 6433 6053 6433 6080 6433 6054 6434 6080 6434 6053 6434 6080 6435 6054 6435 6081 6435 6055 6436 6081 6436 6054 6436 6081 6437 6055 6437 6058 6437 6082 6438 6056 6438 6057 6438 6083 6439 6058 6439 6056 6439 6056 6440 6082 6440 6083 6440 6057 6441 6084 6441 6082 6441 6084 6442 6057 6442 6060 6442 6058 6443 6083 6443 6081 6443 6085 6444 6060 6444 6059 6444 6059 6445 6064 6445 6085 6445 6060 6446 6085 6446 6084 6446 6086 6447 6061 6447 6063 6447 6087 6448 6062 6448 6061 6448 6061 6449 6086 6449 6087 6449 6088 6450 6065 6450 6062 6450 6062 6451 6087 6451 6088 6451 6063 6452 6089 6452 6086 6452 6089 6453 6063 6453 6067 6453 6090 6454 6085 6454 6064 6454 6064 6455 6065 6455 6090 6455 6091 6456 6090 6456 6065 6456 6065 6457 6088 6457 6091 6457 6066 6458 6073 6458 6067 6458 6067 6459 6092 6459 6089 6459 6092 6460 6067 6460 6073 6460 6072 6461 6070 6461 6071 6461 6073 6462 6074 6462 6092 6462 6093 6463 6092 6463 6074 6463 6074 6464 6094 6464 6093 6464 6094 6465 6074 6465 6075 6465 6075 1755 6095 1755 6094 1755 6095 6466 6075 6466 6076 6466 6076 6467 6096 6467 6095 6467 6096 6468 6076 6468 6077 6468 6077 6469 6097 6469 6096 6469 6097 6470 6077 6470 6078 6470 6078 6471 6098 6471 6097 6471 6099 6472 6098 6472 6078 6472 6078 6473 6079 6473 6099 6473 6080 6474 6100 6474 6079 6474 6099 6475 6079 6475 6100 6475 6081 6476 6101 6476 6080 6476 6100 6477 6080 6477 6101 6477 6101 6478 6081 6478 6083 6478 6102 6479 6103 6479 6082 6479 6082 6480 6084 6480 6102 6480 6104 6481 6083 6481 6082 6481 6082 6482 6103 6482 6104 6482 6083 6483 6104 6483 6101 6483 6102 6484 6084 6484 6085 6484 6085 6485 6090 6485 6102 6485 6105 6486 6086 6486 6089 6486 6106 6487 6087 6487 6086 6487 6086 6488 6105 6488 6106 6488 6107 6489 6088 6489 6087 6489 6087 6490 6106 6490 6107 6490 6108 6491 6091 6491 6088 6491 6088 6492 6107 6492 6108 6492 6089 6493 6109 6493 6105 6493 6109 6494 6089 6494 6092 6494 6110 6495 6102 6495 6090 6495 6090 6496 6091 6496 6110 6496 6111 6497 6110 6497 6091 6497 6091 6498 6108 6498 6111 6498 6092 6499 6093 6499 6109 6499 6112 6500 6109 6500 6093 6500 6093 6501 6113 6501 6112 6501 6113 6502 6093 6502 6094 6502 6094 6503 6114 6503 6113 6503 6114 6504 6094 6504 6095 6504 6095 6505 6115 6505 6114 6505 6115 6506 6095 6506 6096 6506 6096 6507 6116 6507 6115 6507 6116 6508 6096 6508 6097 6508 6097 6509 6117 6509 6116 6509 6117 6510 6097 6510 6098 6510 6098 6511 6118 6511 6117 6511 6119 6512 6118 6512 6098 6512 6098 6513 6099 6513 6119 6513 6100 6514 6120 6514 6099 6514 6119 6515 6099 6515 6120 6515 6101 6516 6121 6516 6100 6516 6120 6517 6100 6517 6121 6517 6121 6518 6101 6518 6104 6518 6122 6519 6103 6519 6102 6519 6102 6520 6110 6520 6122 6520 6123 6521 6104 6521 6103 6521 6103 6522 6122 6522 6123 6522 6104 6523 6123 6523 6121 6523 6124 6524 6105 6524 6109 6524 6125 6525 6106 6525 6105 6525 6105 6526 6124 6526 6125 6526 6126 6527 6107 6527 6106 6527 6106 6528 6125 6528 6126 6528 6127 6529 6108 6529 6107 6529 6107 6530 6126 6530 6127 6530 6128 6531 6111 6531 6108 6531 6108 6532 6127 6532 6128 6532 6109 6533 6112 6533 6124 6533 6129 6534 6122 6534 6110 6534 6110 6535 6111 6535 6129 6535 6129 6536 6111 6536 6128 6536 6130 6537 6124 6537 6112 6537 6112 6538 6131 6538 6130 6538 6131 6539 6112 6539 6113 6539 6113 6540 6132 6540 6131 6540 6132 6541 6113 6541 6114 6541 6114 6542 6133 6542 6132 6542 6133 6543 6114 6543 6115 6543 6115 6544 6134 6544 6133 6544 6134 6545 6115 6545 6116 6545 6116 6546 6135 6546 6134 6546 6135 6547 6116 6547 6117 6547 6117 6548 6136 6548 6135 6548 6136 6549 6117 6549 6118 6549 6137 6550 6138 6550 6118 6550 6118 6551 6119 6551 6137 6551 6118 6552 6138 6552 6136 6552 6120 6553 6139 6553 6119 6553 6137 6554 6119 6554 6139 6554 6121 6555 6140 6555 6120 6555 6139 6556 6120 6556 6140 6556 6140 6557 6121 6557 6123 6557 6141 6558 6123 6558 6122 6558 6122 6559 6129 6559 6141 6559 6123 6560 6141 6560 6140 6560 6142 6561 6125 6561 6124 6561 6124 6562 6130 6562 6142 6562 6143 6563 6126 6563 6125 6563 6125 6564 6142 6564 6143 6564 6144 6565 6127 6565 6126 6565 6126 6566 6143 6566 6144 6566 6145 6567 6128 6567 6127 6567 6127 6568 6144 6568 6145 6568 6128 6569 6146 6569 6129 6569 6146 6570 6128 6570 6145 6570 6147 6571 6141 6571 6129 6571 6129 6572 6146 6572 6147 6572 6148 6573 6142 6573 6130 6573 6148 1141 6130 1141 6131 1141 6148 6574 6131 6574 6132 6574 6148 6575 6132 6575 6133 6575 6148 1141 6133 1141 6134 1141 6148 6576 6134 6576 6135 6576 6148 6577 6135 6577 6136 6577 6148 1141 6136 1141 6138 1141 6139 6578 6149 6578 6137 6578 6148 1141 6138 1141 6137 1141 6148 1141 6137 1141 6149 1141 6140 6579 6150 6579 6139 6579 6149 6580 6139 6580 6150 6580 6150 6581 6140 6581 6141 6581 6141 6582 6147 6582 6150 6582 6148 1141 6143 1141 6142 1141 6148 1141 6144 1141 6143 1141 6148 1141 6145 1141 6144 1141 6145 6583 6151 6583 6146 6583 6148 6584 6151 6584 6145 6584 6152 6585 6147 6585 6146 6585 6146 6586 6151 6586 6152 6586 6153 6587 6150 6587 6147 6587 6147 6588 6152 6588 6153 6588 6148 1141 6149 1141 6153 1141 6148 6589 6153 6589 6152 6589 6148 6590 6152 6590 6151 6590 6150 6591 6153 6591 6149 6591 6154 6592 6155 6592 6156 6592 6156 6593 6157 6593 6154 6593 6155 6594 6154 6594 6158 6594 6158 1186 6154 1186 6159 1186 6154 1186 6157 1186 6159 1186 6160 6595 6155 6595 6161 6595 6155 6596 6160 6596 6162 6596 6162 6597 6156 6597 6155 6597 6158 6598 6161 6598 6155 6598 6157 6599 6156 6599 6163 6599 6156 6600 6162 6600 6164 6600 6164 6601 6163 6601 6156 6601 6163 6602 6165 6602 6157 6602 6157 6603 6165 6603 6159 6603 6161 6604 6158 6604 6166 6604 6166 1186 6158 1186 6159 1186 6165 1186 6167 1186 6159 1186 6167 1186 6168 1186 6159 1186 6168 6605 6169 6605 6159 6605 6169 1186 6170 1186 6159 1186 6159 1186 6170 1186 6171 1186 6171 1186 6172 1186 6159 1186 6172 1186 6173 1186 6159 1186 6173 1186 6174 1186 6159 1186 6174 6606 6175 6606 6159 6606 6175 6607 6176 6607 6159 6607 6176 1186 6177 1186 6159 1186 6177 1186 6166 1186 6159 1186 6178 6608 6160 6608 6179 6608 6161 6609 6179 6609 6160 6609 6160 6610 6178 6610 6180 6610 6180 6611 6162 6611 6160 6611 6166 6612 6181 6612 6161 6612 6179 6613 6161 6613 6181 6613 6162 6614 6180 6614 6182 6614 6182 6615 6164 6615 6162 6615 6165 6616 6163 6616 6183 6616 6163 6617 6164 6617 6184 6617 6184 6618 6183 6618 6163 6618 6164 6619 6182 6619 6185 6619 6185 6620 6184 6620 6164 6620 6183 6621 6167 6621 6165 6621 6181 6622 6166 6622 6177 6622 6167 6623 6183 6623 6186 6623 6186 6624 6168 6624 6167 6624 6168 6625 6186 6625 6187 6625 6187 6626 6169 6626 6168 6626 6169 6627 6187 6627 6188 6627 6188 6628 6170 6628 6169 6628 6171 6629 6170 6629 6188 6629 6188 6630 6189 6630 6171 6630 6171 6631 6189 6631 6190 6631 6190 6632 6172 6632 6171 6632 6172 6633 6190 6633 6191 6633 6191 6634 6173 6634 6172 6634 6173 6635 6191 6635 6192 6635 6192 6636 6174 6636 6173 6636 6174 6637 6192 6637 6193 6637 6193 6638 6175 6638 6174 6638 6175 6639 6193 6639 6194 6639 6194 6640 6176 6640 6175 6640 6176 6641 6194 6641 6195 6641 6195 6642 6177 6642 6176 6642 6177 6643 6195 6643 6181 6643 6196 6644 6178 6644 6197 6644 6179 6645 6197 6645 6178 6645 6178 6646 6196 6646 6198 6646 6198 6647 6180 6647 6178 6647 6197 6648 6179 6648 6199 6648 6181 6649 6199 6649 6179 6649 6180 6650 6198 6650 6200 6650 6200 6651 6182 6651 6180 6651 6199 6652 6181 6652 6195 6652 6182 6653 6200 6653 6201 6653 6201 6654 6185 6654 6182 6654 6183 6655 6184 6655 6202 6655 6202 6656 6186 6656 6183 6656 6184 6657 6185 6657 6203 6657 6203 6658 6202 6658 6184 6658 6185 6659 6201 6659 6204 6659 6204 6660 6203 6660 6185 6660 6186 6661 6202 6661 6205 6661 6205 6662 6187 6662 6186 6662 6187 6663 6205 6663 6206 6663 6206 6664 6188 6664 6187 6664 6189 6665 6188 6665 6206 6665 6206 6666 6207 6666 6189 6666 6189 6667 6207 6667 6208 6667 6208 6668 6190 6668 6189 6668 6190 6669 6208 6669 6209 6669 6209 6670 6191 6670 6190 6670 6191 6671 6209 6671 6210 6671 6210 6672 6192 6672 6191 6672 6192 6673 6210 6673 6211 6673 6211 6674 6193 6674 6192 6674 6193 6675 6211 6675 6212 6675 6212 6676 6194 6676 6193 6676 6194 6677 6212 6677 6213 6677 6213 6678 6195 6678 6194 6678 6195 6679 6213 6679 6199 6679 6214 6680 6196 6680 6215 6680 6197 6681 6215 6681 6196 6681 6196 6682 6214 6682 6216 6682 6216 6683 6198 6683 6196 6683 6215 6684 6197 6684 6217 6684 6199 6685 6217 6685 6197 6685 6198 6686 6216 6686 6218 6686 6218 6687 6200 6687 6198 6687 6217 6688 6199 6688 6213 6688 6200 6689 6218 6689 6219 6689 6219 6690 6201 6690 6200 6690 6201 6691 6219 6691 6220 6691 6220 6692 6204 6692 6201 6692 6202 6693 6203 6693 6221 6693 6221 6694 6205 6694 6202 6694 6203 6695 6204 6695 6222 6695 6222 6696 6221 6696 6203 6696 6204 6697 6220 6697 6223 6697 6223 6698 6222 6698 6204 6698 6205 6699 6221 6699 6224 6699 6224 6700 6206 6700 6205 6700 6207 6701 6206 6701 6224 6701 6224 6702 6225 6702 6207 6702 6207 6703 6225 6703 6226 6703 6226 6704 6208 6704 6207 6704 6208 6705 6226 6705 6227 6705 6227 6706 6209 6706 6208 6706 6209 6707 6227 6707 6228 6707 6228 6708 6210 6708 6209 6708 6210 6709 6228 6709 6229 6709 6229 6710 6211 6710 6210 6710 6211 6711 6229 6711 6230 6711 6230 6712 6212 6712 6211 6712 6212 6713 6230 6713 6231 6713 6231 6714 6213 6714 6212 6714 6213 6715 6231 6715 6217 6715 6215 6716 6232 6716 6214 6716 6233 6717 6214 6717 6232 6717 6214 6718 6233 6718 6234 6718 6234 6719 6216 6719 6214 6719 6232 6720 6215 6720 6235 6720 6217 6721 6235 6721 6215 6721 6216 6722 6234 6722 6236 6722 6236 6723 6218 6723 6216 6723 6235 6724 6217 6724 6231 6724 6218 6725 6236 6725 6237 6725 6237 6726 6219 6726 6218 6726 6219 6727 6237 6727 6238 6727 6238 6728 6220 6728 6219 6728 6220 6729 6238 6729 6239 6729 6239 6730 6223 6730 6220 6730 6221 6731 6222 6731 6240 6731 6240 6732 6224 6732 6221 6732 6222 6733 6223 6733 6241 6733 6241 6734 6240 6734 6222 6734 6223 6735 6239 6735 6242 6735 6242 6736 6241 6736 6223 6736 6225 6737 6224 6737 6240 6737 6240 6738 6243 6738 6225 6738 6225 6739 6243 6739 6244 6739 6244 6740 6226 6740 6225 6740 6226 6741 6244 6741 6245 6741 6245 6742 6227 6742 6226 6742 6227 6743 6245 6743 6246 6743 6246 6744 6228 6744 6227 6744 6228 6745 6246 6745 6247 6745 6247 6746 6229 6746 6228 6746 6229 6747 6247 6747 6248 6747 6248 6748 6230 6748 6229 6748 6230 6749 6248 6749 6249 6749 6249 6750 6231 6750 6230 6750 6231 6751 6249 6751 6235 6751 6235 6752 6250 6752 6232 6752 6232 6753 6251 6753 6233 6753 6232 6754 6250 6754 6252 6754 6252 6755 6251 6755 6232 6755 6234 6756 6233 6756 6253 6756 6253 6757 6233 6757 6251 6757 6253 6758 6254 6758 6234 6758 6236 6759 6234 6759 6254 6759 6250 6760 6235 6760 6249 6760 6237 6761 6236 6761 6255 6761 6254 6762 6255 6762 6236 6762 6238 6763 6237 6763 6256 6763 6255 6764 6256 6764 6237 6764 6239 6765 6238 6765 6257 6765 6256 6766 6257 6766 6238 6766 6242 6767 6239 6767 6258 6767 6257 6768 6258 6768 6239 6768 6243 6769 6240 6769 6241 6769 6259 6770 6241 6770 6242 6770 6241 6771 6259 6771 6243 6771 6242 6772 6260 6772 6259 6772 6260 6773 6242 6773 6261 6773 6258 6774 6261 6774 6242 6774 6243 6775 6259 6775 6262 6775 6262 6776 6244 6776 6243 6776 6244 6777 6262 6777 6263 6777 6263 6778 6245 6778 6244 6778 6245 6779 6263 6779 6264 6779 6264 6780 6246 6780 6245 6780 6246 6781 6264 6781 6265 6781 6265 6782 6247 6782 6246 6782 6247 6783 6265 6783 6266 6783 6266 6784 6248 6784 6247 6784 6248 6785 6266 6785 6267 6785 6267 6786 6249 6786 6248 6786 6249 6787 6267 6787 6250 6787 6252 6788 6250 6788 6267 6788 6253 6789 6251 6789 6268 6789 6251 6790 6252 6790 6269 6790 6269 6791 6268 6791 6251 6791 6267 6792 6270 6792 6252 6792 6252 6793 6270 6793 6271 6793 6271 6794 6269 6794 6252 6794 6254 6795 6253 6795 6272 6795 6268 1186 6273 1186 6253 1186 6253 6796 6273 6796 6274 6796 6274 6797 6272 6797 6253 6797 6272 6798 6275 6798 6254 6798 6255 6799 6254 6799 6275 6799 6256 6800 6255 6800 6276 6800 6275 2168 6276 2168 6255 2168 6257 6801 6256 6801 6277 6801 6276 6802 6277 6802 6256 6802 6277 6803 6278 6803 6257 6803 6258 6804 6257 6804 6278 6804 6261 6805 6258 6805 6279 6805 6278 6806 6279 6806 6258 6806 6259 6807 6260 6807 6280 6807 6280 6808 6262 6808 6259 6808 6280 6809 6260 6809 6281 6809 6260 6810 6261 6810 6282 6810 6282 6811 6281 6811 6260 6811 6279 2159 6283 2159 6261 2159 6282 6812 6261 6812 6283 6812 6262 6813 6280 6813 6284 6813 6284 6814 6263 6814 6262 6814 6263 6815 6284 6815 6285 6815 6285 6816 6264 6816 6263 6816 6264 6817 6285 6817 6286 6817 6286 6818 6265 6818 6264 6818 6265 6819 6286 6819 6287 6819 6287 6820 6266 6820 6265 6820 6266 6821 6287 6821 6270 6821 6270 6822 6267 6822 6266 6822 6268 6823 6269 6823 6288 6823 6288 1141 6273 1141 6268 1141 6269 1141 6271 1141 6288 1141 6270 6824 6287 6824 6289 6824 6289 6825 6271 6825 6270 6825 6271 1141 6289 1141 6288 1141 6272 6826 6290 6826 6291 6826 6291 6827 6275 6827 6272 6827 6290 6828 6272 6828 6274 6828 6288 1141 6282 1141 6273 1141 6292 712 6274 712 6273 712 6292 712 6273 712 6282 712 6290 6829 6274 6829 6293 6829 6292 712 6294 712 6274 712 6295 6830 6293 6830 6274 6830 6295 1186 6274 1186 6294 1186 6275 6831 6291 6831 6296 6831 6296 6832 6276 6832 6275 6832 6276 6833 6296 6833 6297 6833 6297 6834 6277 6834 6276 6834 6277 6835 6297 6835 6298 6835 6298 6836 6278 6836 6277 6836 6278 6837 6298 6837 6299 6837 6299 6838 6279 6838 6278 6838 6279 6839 6299 6839 6300 6839 6300 6840 6283 6840 6279 6840 6284 6841 6280 6841 6301 6841 6281 6842 6301 6842 6280 6842 6301 1141 6281 1141 6288 1141 6288 1141 6281 1141 6282 1141 6283 2155 6294 2155 6282 2155 6292 712 6282 712 6294 712 6294 6843 6283 6843 6300 6843 6285 6844 6284 6844 6302 6844 6301 6845 6302 6845 6284 6845 6286 6846 6285 6846 6303 6846 6302 6847 6303 6847 6285 6847 6287 6848 6286 6848 6304 6848 6303 6849 6304 6849 6286 6849 6304 6850 6289 6850 6287 6850 6289 1141 6304 1141 6288 1141 6304 1141 6303 1141 6288 1141 6303 6851 6302 6851 6288 6851 6302 6852 6301 6852 6288 6852 6290 6853 6305 6853 6306 6853 6306 6854 6307 6854 6290 6854 6290 6855 6307 6855 6308 6855 6308 6856 6291 6856 6290 6856 6293 6857 6305 6857 6290 6857 6291 6858 6308 6858 6309 6858 6309 6859 6296 6859 6291 6859 6305 6860 6293 6860 6310 6860 6295 6861 6310 6861 6293 6861 6294 6862 6300 6862 6311 6862 6311 6863 6312 6863 6294 6863 6295 6864 6294 6864 6312 6864 6295 1186 6313 1186 6310 1186 6295 1186 6314 1186 6313 1186 6295 1186 6315 1186 6314 1186 6295 1186 6316 1186 6315 1186 6295 1186 6317 1186 6316 1186 6295 1186 6318 1186 6317 1186 6295 6865 6312 6865 6318 6865 6296 6866 6309 6866 6319 6866 6319 6867 6297 6867 6296 6867 6297 6868 6319 6868 6320 6868 6320 6869 6298 6869 6297 6869 6298 6870 6320 6870 6321 6870 6321 6871 6299 6871 6298 6871 6299 6872 6321 6872 6322 6872 6322 6873 6300 6873 6299 6873 6311 6874 6300 6874 6322 6874 6310 6875 6323 6875 6305 6875 6306 6876 6305 6876 6323 6876 6306 6877 6324 6877 6325 6877 6325 6878 6307 6878 6306 6878 6324 6879 6306 6879 6326 6879 6323 6880 6326 6880 6306 6880 6307 6881 6325 6881 6327 6881 6327 6882 6308 6882 6307 6882 6308 6883 6327 6883 6328 6883 6328 6884 6309 6884 6308 6884 6309 6885 6328 6885 6329 6885 6329 6886 6319 6886 6309 6886 6323 6887 6310 6887 6313 6887 6322 6888 6330 6888 6311 6888 6311 6889 6330 6889 6331 6889 6331 6890 6332 6890 6311 6890 6312 6891 6311 6891 6332 6891 6332 6892 6318 6892 6312 6892 6333 6893 6313 6893 6314 6893 6313 6894 6333 6894 6323 6894 6334 6895 6314 6895 6315 6895 6314 6896 6334 6896 6333 6896 6335 6897 6315 6897 6316 6897 6315 6898 6335 6898 6334 6898 6336 6899 6316 6899 6317 6899 6316 6900 6336 6900 6335 6900 6337 6901 6317 6901 6318 6901 6317 6902 6337 6902 6336 6902 6318 6903 6332 6903 6337 6903 6319 6904 6329 6904 6338 6904 6338 6905 6320 6905 6319 6905 6320 6906 6338 6906 6339 6906 6339 6907 6321 6907 6320 6907 6321 6908 6339 6908 6340 6908 6340 6909 6322 6909 6321 6909 6330 6910 6322 6910 6340 6910 6326 6911 6323 6911 6333 6911 6324 6912 6341 6912 6342 6912 6342 6913 6325 6913 6324 6913 6341 6914 6324 6914 6343 6914 6326 6915 6343 6915 6324 6915 6325 6916 6342 6916 6344 6916 6344 6917 6327 6917 6325 6917 6333 6918 6345 6918 6326 6918 6343 6919 6326 6919 6345 6919 6327 6920 6344 6920 6346 6920 6346 6921 6328 6921 6327 6921 6328 6922 6346 6922 6347 6922 6347 6923 6329 6923 6328 6923 6329 6924 6347 6924 6348 6924 6348 6925 6338 6925 6329 6925 6340 6926 6349 6926 6330 6926 6330 6927 6349 6927 6350 6927 6350 6928 6331 6928 6330 6928 6331 6929 6350 6929 6351 6929 6351 6930 6352 6930 6331 6930 6332 6931 6331 6931 6352 6931 6352 6932 6337 6932 6332 6932 6345 6933 6333 6933 6334 6933 6353 6934 6334 6934 6335 6934 6334 6935 6353 6935 6345 6935 6354 6936 6335 6936 6336 6936 6335 6937 6354 6937 6353 6937 6355 6938 6336 6938 6337 6938 6336 6939 6355 6939 6354 6939 6337 6940 6352 6940 6355 6940 6338 6941 6348 6941 6356 6941 6356 6942 6339 6942 6338 6942 6339 6943 6356 6943 6357 6943 6357 6944 6340 6944 6339 6944 6349 6945 6340 6945 6357 6945 6341 6946 6358 6946 6359 6946 6359 6947 6342 6947 6341 6947 6358 6948 6341 6948 6360 6948 6343 6949 6360 6949 6341 6949 6342 6950 6359 6950 6361 6950 6361 6951 6344 6951 6342 6951 6360 6952 6343 6952 6362 6952 6345 6953 6362 6953 6343 6953 6344 6954 6361 6954 6363 6954 6363 6955 6346 6955 6344 6955 6362 6956 6345 6956 6353 6956 6346 6957 6363 6957 6364 6957 6364 6958 6347 6958 6346 6958 6347 6959 6364 6959 6365 6959 6365 6960 6348 6960 6347 6960 6348 6961 6365 6961 6366 6961 6366 6962 6356 6962 6348 6962 6357 6963 6367 6963 6349 6963 6349 6964 6367 6964 6368 6964 6368 6965 6350 6965 6349 6965 6350 6966 6368 6966 6369 6966 6369 2110 6351 2110 6350 2110 6351 6967 6369 6967 6370 6967 6370 6968 6371 6968 6351 6968 6352 6969 6351 6969 6371 6969 6371 6970 6355 6970 6352 6970 6372 6971 6353 6971 6354 6971 6353 6972 6372 6972 6362 6972 6373 6973 6354 6973 6355 6973 6354 6974 6373 6974 6372 6974 6355 6975 6371 6975 6373 6975 6356 6976 6366 6976 6374 6976 6374 6977 6357 6977 6356 6977 6367 6978 6357 6978 6374 6978 6358 6979 6375 6979 6376 6979 6376 6980 6359 6980 6358 6980 6375 6981 6358 6981 6377 6981 6360 6982 6377 6982 6358 6982 6359 6983 6376 6983 6378 6983 6378 6984 6361 6984 6359 6984 6377 6985 6360 6985 6379 6985 6362 6986 6379 6986 6360 6986 6361 6987 6378 6987 6380 6987 6380 6988 6363 6988 6361 6988 6379 6989 6362 6989 6372 6989 6363 6990 6380 6990 6381 6990 6381 6991 6364 6991 6363 6991 6364 6992 6381 6992 6382 6992 6382 6993 6365 6993 6364 6993 6365 6994 6382 6994 6383 6994 6383 6995 6366 6995 6365 6995 6366 6996 6383 6996 6384 6996 6384 6997 6374 6997 6366 6997 6374 6998 6385 6998 6367 6998 6367 6999 6385 6999 6386 6999 6386 7000 6368 7000 6367 7000 6368 7001 6386 7001 6387 7001 6387 7002 6369 7002 6368 7002 6369 7003 6387 7003 6388 7003 6388 7004 6370 7004 6369 7004 6370 7005 6388 7005 6389 7005 6389 7006 6390 7006 6370 7006 6371 7007 6370 7007 6390 7007 6390 7008 6373 7008 6371 7008 6391 7009 6372 7009 6373 7009 6372 7010 6391 7010 6379 7010 6373 7011 6390 7011 6391 7011 6385 7012 6374 7012 6384 7012 6375 7013 6392 7013 6393 7013 6393 7014 6376 7014 6375 7014 6392 7015 6375 7015 6394 7015 6377 7016 6394 7016 6375 7016 6376 7017 6393 7017 6395 7017 6395 7018 6378 7018 6376 7018 6394 7019 6377 7019 6396 7019 6379 7020 6396 7020 6377 7020 6380 7021 6378 7021 6395 7021 6396 7022 6379 7022 6391 7022 6395 7023 6397 7023 6380 7023 6380 7024 6397 7024 6398 7024 6398 7025 6381 7025 6380 7025 6381 7026 6398 7026 6399 7026 6399 7027 6382 7027 6381 7027 6382 7028 6399 7028 6400 7028 6400 7029 6383 7029 6382 7029 6383 7030 6400 7030 6401 7030 6401 7031 6384 7031 6383 7031 6402 7032 6384 7032 6401 7032 6384 7033 6402 7033 6385 7033 6385 7034 6402 7034 6403 7034 6403 7035 6386 7035 6385 7035 6386 7036 6403 7036 6404 7036 6404 7037 6387 7037 6386 7037 6387 7038 6404 7038 6405 7038 6405 7039 6388 7039 6387 7039 6388 7040 6405 7040 6406 7040 6406 7041 6389 7041 6388 7041 6389 7042 6406 7042 6407 7042 6407 7043 6408 7043 6389 7043 6390 7044 6389 7044 6408 7044 6408 7045 6391 7045 6390 7045 6391 7046 6408 7046 6396 7046 6409 7047 6392 7047 6410 7047 6394 7048 6410 7048 6392 7048 6393 7049 6392 7049 6409 7049 6393 7050 6411 7050 6412 7050 6412 7051 6395 7051 6393 7051 6409 7052 6411 7052 6393 7052 6410 7053 6394 7053 6413 7053 6396 7054 6413 7054 6394 7054 6395 7055 6412 7055 6414 7055 6414 7056 6397 7056 6395 7056 6413 7057 6396 7057 6408 7057 6397 7058 6414 7058 6415 7058 6415 7059 6398 7059 6397 7059 6398 7060 6415 7060 6416 7060 6416 7061 6399 7061 6398 7061 6399 7062 6416 7062 6417 7062 6417 7063 6400 7063 6399 7063 6400 7064 6417 7064 6418 7064 6418 7065 6401 7065 6400 7065 6401 7066 6419 7066 6402 7066 6419 7067 6401 7067 6418 7067 6402 7068 6419 7068 6420 7068 6420 7069 6403 7069 6402 7069 6403 7070 6420 7070 6421 7070 6421 7071 6404 7071 6403 7071 6404 7072 6421 7072 6422 7072 6422 7073 6405 7073 6404 7073 6405 7074 6422 7074 6423 7074 6423 7075 6406 7075 6405 7075 6406 7076 6423 7076 6424 7076 6424 7077 6407 7077 6406 7077 6407 7078 6424 7078 6425 7078 6425 7079 6413 7079 6407 7079 6408 7080 6407 7080 6413 7080 6410 7081 6426 7081 6409 7081 6427 7082 6409 7082 6426 7082 6427 7083 6411 7083 6409 7083 6426 7084 6410 7084 6425 7084 6413 7085 6425 7085 6410 7085 6427 7086 6412 7086 6411 7086 6427 7087 6414 7087 6412 7087 6427 7088 6415 7088 6414 7088 6427 7089 6416 7089 6415 7089 6427 7090 6417 7090 6416 7090 6427 7091 6418 7091 6417 7091 6418 7092 6428 7092 6419 7092 6427 7093 6428 7093 6418 7093 6419 7094 6428 7094 6429 7094 6429 7095 6420 7095 6419 7095 6420 7096 6429 7096 6430 7096 6430 7097 6421 7097 6420 7097 6421 7098 6430 7098 6431 7098 6431 7099 6422 7099 6421 7099 6422 7100 6431 7100 6432 7100 6432 7101 6423 7101 6422 7101 6423 7102 6432 7102 6433 7102 6433 7103 6424 7103 6423 7103 6424 7104 6433 7104 6434 7104 6434 7105 6425 7105 6424 7105 6425 7106 6434 7106 6426 7106 6427 7107 6426 7107 6434 7107 6427 7108 6429 7108 6428 7108 6427 7109 6430 7109 6429 7109 6427 7110 6431 7110 6430 7110 6427 7111 6432 7111 6431 7111 6427 7112 6433 7112 6432 7112 6427 7113 6434 7113 6433 7113 6435 7114 6436 7114 6437 7114 6437 7115 6438 7115 6435 7115 6439 7116 6435 7116 6438 7116 6436 7117 6435 7117 6440 7117 6435 7118 6439 7118 6441 7118 6441 7119 6440 7119 6435 7119 6436 7120 6442 7120 6443 7120 6443 7121 6437 7121 6436 7121 6440 7122 6444 7122 6436 7122 6445 7123 6442 7123 6436 7123 6436 7124 6444 7124 6445 7124 6437 7125 6443 7125 6446 7125 6438 7126 6437 7126 6446 7126 6438 7127 6447 7127 6439 7127 6446 7128 6447 7128 6438 7128 6448 7129 6439 7129 6447 7129 6439 7130 6448 7130 6449 7130 6449 7131 6441 7131 6439 7131 6444 7132 6440 7132 6450 7132 6451 7133 6450 7133 6440 7133 6440 7134 6441 7134 6451 7134 6452 7135 6451 7135 6441 7135 6441 7136 6449 7136 6452 7136 6453 7137 6442 7137 6445 7137 6443 7138 6442 7138 6453 7138 6446 7139 6443 7139 6454 7139 6453 7140 6454 7140 6443 7140 6445 7141 6444 7141 6455 7141 6450 7142 6455 7142 6444 7142 6455 7143 6456 7143 6445 7143 6457 7144 6458 7144 6445 7144 6445 7145 6456 7145 6457 7145 6445 7146 6458 7146 6453 7146 6446 7147 6454 7147 6459 7147 6460 7148 6461 7148 6446 7148 6446 7149 6461 7149 6462 7149 6463 7150 6464 7150 6446 7150 6446 7151 6464 7151 6465 7151 6466 7152 6467 7152 6446 7152 6446 7153 6467 7153 6468 7153 6469 7154 6447 7154 6446 7154 6459 7155 6460 7155 6446 7155 6462 7156 6463 7156 6446 7156 6465 7157 6466 7157 6446 7157 6468 7158 6469 7158 6446 7158 6447 7159 6469 7159 6448 7159 6470 7160 6448 7160 6469 7160 6448 7161 6470 7161 6471 7161 6471 7162 6449 7162 6448 7162 6472 7163 6452 7163 6449 7163 6449 7164 6471 7164 6472 7164 6473 7165 6450 7165 6451 7165 6473 7166 6455 7166 6450 7166 6473 7167 6451 7167 6452 7167 6473 7168 6452 7168 6472 7168 6453 7169 6474 7169 6459 7169 6459 7170 6454 7170 6453 7170 6474 7171 6453 7171 6458 7171 6473 7172 6456 7172 6455 7172 6457 7173 6456 7173 6473 7173 6457 7174 6475 7174 6476 7174 6476 7175 6458 7175 6457 7175 6473 7176 6475 7176 6457 7176 6458 7177 6476 7177 6474 7177 6460 7178 6459 7178 6474 7178 6474 7179 6477 7179 6460 7179 6461 7180 6460 7180 6477 7180 6477 7181 6478 7181 6461 7181 6462 7182 6461 7182 6478 7182 6478 7183 6479 7183 6462 7183 6463 7184 6462 7184 6479 7184 6479 7185 6480 7185 6463 7185 6464 7186 6463 7186 6480 7186 6480 7187 6481 7187 6464 7187 6465 7188 6464 7188 6481 7188 6481 7189 6482 7189 6465 7189 6466 7190 6465 7190 6482 7190 6482 7191 6483 7191 6466 7191 6467 7192 6466 7192 6483 7192 6483 7193 6484 7193 6467 7193 6468 7194 6467 7194 6484 7194 6484 7195 6470 7195 6468 7195 6469 7196 6468 7196 6470 7196 6470 7197 6484 7197 6485 7197 6485 7198 6471 7198 6470 7198 6486 7199 6472 7199 6471 7199 6471 7200 6485 7200 6486 7200 6473 7201 6472 7201 6486 7201 6473 7202 6487 7202 6475 7202 6473 7203 6488 7203 6487 7203 6473 7204 6489 7204 6488 7204 6473 7205 6490 7205 6489 7205 6473 7206 6491 7206 6490 7206 6473 7207 6492 7207 6491 7207 6473 7208 6493 7208 6492 7208 6473 7209 6486 7209 6493 7209 6477 7210 6474 7210 6476 7210 6475 7211 6487 7211 6494 7211 6494 7212 6476 7212 6475 7212 6476 7213 6494 7213 6477 7213 6478 7214 6477 7214 6494 7214 6494 7215 6495 7215 6478 7215 6479 7216 6478 7216 6495 7216 6495 7217 6496 7217 6479 7217 6480 7218 6479 7218 6496 7218 6496 7219 6497 7219 6480 7219 6481 7220 6480 7220 6497 7220 6497 7221 6498 7221 6481 7221 6482 7222 6481 7222 6498 7222 6498 7223 6499 7223 6482 7223 6483 7224 6482 7224 6499 7224 6499 7225 6500 7225 6483 7225 6484 7226 6483 7226 6500 7226 6500 7227 6485 7227 6484 7227 6493 7228 6486 7228 6485 7228 6485 7229 6500 7229 6493 7229 6487 7230 6488 7230 6495 7230 6495 7231 6494 7231 6487 7231 6488 7232 6489 7232 6496 7232 6496 7233 6495 7233 6488 7233 6489 7234 6490 7234 6497 7234 6497 7235 6496 7235 6489 7235 6490 7236 6491 7236 6498 7236 6498 7237 6497 7237 6490 7237 6491 7238 6492 7238 6499 7238 6499 7239 6498 7239 6491 7239 6492 7240 6493 7240 6500 7240 6500 7241 6499 7241 6492 7241 6501 7242 6502 7242 6503 7242 6503 7243 6504 7243 6501 7243 6501 7244 6504 7244 6505 7244 6505 7245 6506 7245 6501 7245 6502 7246 6501 7246 6507 7246 6508 7247 6507 7247 6501 7247 6501 7248 6506 7248 6508 7248 6509 7249 6502 7249 6510 7249 6502 7250 6509 7250 6511 7250 6511 7251 6503 7251 6502 7251 6507 7252 6510 7252 6502 7252 6503 7253 6511 7253 6512 7253 6512 7254 6513 7254 6503 7254 6504 7255 6503 7255 6513 7255 6513 7256 6514 7256 6504 7256 6505 7257 6504 7257 6514 7257 6515 7258 6505 7258 6516 7258 6514 7259 6516 7259 6505 7259 6517 7260 6506 7260 6505 7260 6505 7261 6515 7261 6517 7261 6508 7262 6506 7262 6517 7262 6510 7263 6507 7263 6518 7263 6519 7264 6518 7264 6507 7264 6507 7265 6508 7265 6519 7265 6520 7266 6519 7266 6508 7266 6508 7267 6521 7267 6520 7267 6517 7268 6521 7268 6508 7268 6511 7269 6509 7269 6522 7269 6510 7270 6523 7270 6509 7270 6509 7271 6523 7271 6524 7271 6524 7272 6522 7272 6509 7272 6518 7273 6525 7273 6510 7273 6523 7274 6510 7274 6525 7274 6522 7275 6526 7275 6511 7275 6511 7276 6526 7276 6527 7276 6527 7277 6512 7277 6511 7277 6513 7278 6512 7278 6528 7278 6512 7279 6527 7279 6529 7279 6529 7280 6528 7280 6512 7280 6528 7281 6530 7281 6513 7281 6514 7282 6513 7282 6530 7282 6530 7283 6531 7283 6514 7283 6516 7284 6514 7284 6531 7284 6516 7285 6532 7285 6515 7285 6533 7286 6515 7286 6532 7286 6533 7287 6517 7287 6515 7287 6532 7288 6516 7288 6534 7288 6531 7289 6534 7289 6516 7289 6533 7290 6521 7290 6517 7290 6525 7291 6518 7291 6535 7291 6536 7292 6535 7292 6518 7292 6518 7293 6519 7293 6536 7293 6537 7294 6536 7294 6519 7294 6519 7295 6520 7295 6537 7295 6533 7296 6520 7296 6521 7296 6533 7297 6537 7297 6520 7297 6538 7298 6522 7298 6524 7298 6526 7299 6522 7299 6538 7299 6524 7300 6523 7300 6539 7300 6525 7301 6539 7301 6523 7301 6539 7302 6540 7302 6524 7302 6541 7303 6524 7303 6540 7303 6524 7304 6541 7304 6538 7304 6539 7305 6525 7305 6542 7305 6535 7306 6542 7306 6525 7306 6526 7307 6543 7307 6544 7307 6544 7308 6527 7308 6526 7308 6538 7309 6543 7309 6526 7309 6527 7310 6544 7310 6545 7310 6545 7311 6529 7311 6527 7311 6528 7312 6529 7312 6546 7312 6546 7313 6547 7313 6528 7313 6530 7314 6528 7314 6547 7314 6529 7315 6545 7315 6548 7315 6548 7316 6546 7316 6529 7316 6547 7317 6549 7317 6530 7317 6531 7318 6530 7318 6549 7318 6534 7319 6531 7319 6550 7319 6549 7320 6550 7320 6531 7320 6534 7321 6551 7321 6532 7321 6533 7322 6532 7322 6551 7322 6533 7323 6552 7323 6537 7323 6533 7324 6551 7324 6553 7324 6533 7325 6554 7325 6552 7325 6533 7326 6553 7326 6555 7326 6533 7327 6555 7327 6554 7327 6551 7328 6534 7328 6556 7328 6550 7329 6556 7329 6534 7329 6542 7330 6535 7330 6557 7330 6558 7331 6557 7331 6535 7331 6535 7332 6536 7332 6558 7332 6552 7333 6558 7333 6536 7333 6536 7334 6537 7334 6552 7334 6543 7335 6538 7335 6559 7335 6559 7336 6538 7336 6541 7336 6542 7337 6560 7337 6539 7337 6539 7338 6560 7338 6561 7338 6561 7339 6540 7339 6539 7339 6562 7340 6540 7340 6561 7340 6540 7341 6562 7341 6541 7341 6563 7342 6541 7342 6562 7342 6541 7343 6563 7343 6559 7343 6560 7344 6542 7344 6564 7344 6557 7345 6564 7345 6542 7345 6543 7346 6565 7346 6566 7346 6566 7347 6544 7347 6543 7347 6559 7348 6565 7348 6543 7348 6544 7349 6566 7349 6567 7349 6567 7350 6545 7350 6544 7350 6545 7351 6567 7351 6568 7351 6568 7352 6548 7352 6545 7352 6569 7353 6546 7353 6548 7353 6570 7354 6547 7354 6546 7354 6546 7355 6569 7355 6570 7355 6571 7356 6549 7356 6547 7356 6547 7357 6570 7357 6571 7357 6548 7358 6572 7358 6569 7358 6572 7359 6548 7359 6568 7359 6573 7360 6550 7360 6549 7360 6549 7361 6571 7361 6573 7361 6574 7362 6556 7362 6550 7362 6550 7363 6573 7363 6574 7363 6556 7364 6553 7364 6551 7364 6552 7365 6554 7365 6575 7365 6575 7366 6558 7366 6552 7366 6555 7367 6553 7367 6556 7367 6576 7368 6577 7368 6554 7368 6554 7369 6555 7369 6576 7369 6554 7370 6578 7370 6579 7370 6579 7371 6575 7371 6554 7371 6580 7372 6578 7372 6554 7372 6554 7373 6577 7373 6580 7373 6556 7374 6574 7374 6555 7374 6581 7375 6555 7375 6574 7375 6582 7376 6576 7376 6555 7376 6555 7377 6581 7377 6582 7377 6557 7378 6583 7378 6584 7378 6584 7379 6564 7379 6557 7379 6583 7380 6557 7380 6558 7380 6558 7381 6575 7381 6583 7381 6565 7382 6559 7382 6585 7382 6585 7383 6559 7383 6563 7383 6564 7384 6586 7384 6560 7384 6561 7385 6560 7385 6586 7385 6586 7386 6587 7386 6561 7386 6588 7387 6561 7387 6587 7387 6561 7388 6588 7388 6562 7388 6589 7389 6562 7389 6588 7389 6562 7390 6589 7390 6563 7390 6585 7391 6563 7391 6589 7391 6564 7392 6584 7392 6590 7392 6590 7393 6586 7393 6564 7393 6585 7394 6566 7394 6565 7394 6585 7395 6567 7395 6566 7395 6585 7396 6568 7396 6567 7396 6568 7397 6591 7397 6572 7397 6585 7398 6591 7398 6568 7398 6592 7399 6569 7399 6572 7399 6593 7400 6570 7400 6569 7400 6569 7401 6592 7401 6593 7401 6594 7402 6571 7402 6570 7402 6570 7403 6593 7403 6594 7403 6595 7404 6573 7404 6571 7404 6571 7405 6594 7405 6595 7405 6572 7406 6596 7406 6592 7406 6596 7407 6572 7407 6591 7407 6597 7408 6574 7408 6573 7408 6573 7409 6595 7409 6597 7409 6574 7410 6597 7410 6581 7410 6583 7411 6575 7411 6579 7411 6598 7412 6576 7412 6599 7412 6600 7413 6599 7413 6576 7413 6576 7414 6582 7414 6600 7414 6601 7415 6576 7415 6598 7415 6601 7416 6577 7416 6576 7416 6580 7417 6577 7417 6602 7417 6603 7418 6602 7418 6577 7418 6577 7419 6604 7419 6603 7419 6601 7420 6604 7420 6577 7420 6579 7421 6578 7421 6605 7421 6605 7422 6578 7422 6580 7422 6605 7423 6606 7423 6579 7423 6607 7424 6579 7424 6606 7424 6579 7425 6607 7425 6583 7425 6608 7426 6580 7426 6609 7426 6602 7427 6609 7427 6580 7427 6580 7428 6608 7428 6605 7428 6581 7429 6597 7429 6610 7429 6610 7430 6611 7430 6581 7430 6612 7431 6582 7431 6581 7431 6581 7432 6611 7432 6612 7432 6582 7433 6612 7433 6613 7433 6613 7434 6600 7434 6582 7434 6584 7435 6583 7435 6607 7435 6590 7436 6584 7436 6614 7436 6607 7437 6614 7437 6584 7437 6585 7438 6615 7438 6616 7438 6585 7439 6617 7439 6618 7439 6585 7440 6618 7440 6591 7440 6585 7441 6619 7441 6617 7441 6585 7442 6620 7442 6619 7442 6585 7443 6621 7443 6620 7443 6585 7444 6622 7444 6621 7444 6585 7445 6616 7445 6622 7445 6585 7446 6623 7446 6624 7446 6585 7447 6624 7447 6615 7447 6585 7448 6589 7448 6623 7448 6586 7449 6590 7449 6625 7449 6625 7450 6587 7450 6586 7450 6587 7451 6626 7451 6588 7451 6626 7452 6587 7452 6625 7452 6623 7453 6588 7453 6626 7453 6588 7454 6623 7454 6589 7454 6625 7455 6590 7455 6627 7455 6614 7456 6627 7456 6590 7456 6591 7457 6618 7457 6596 7457 6593 7458 6592 7458 6628 7458 6592 7459 6596 7459 6629 7459 6629 7460 6628 7460 6592 7460 6594 7461 6593 7461 6630 7461 6628 7462 6630 7462 6593 7462 6630 7463 6631 7463 6594 7463 6595 7464 6594 7464 6631 7464 6631 7465 6632 7465 6595 7465 6597 7466 6595 7466 6632 7466 6596 7467 6618 7467 6617 7467 6617 7468 6629 7468 6596 7468 6632 7469 6610 7469 6597 7469 6633 7470 6598 7470 6634 7470 6599 7471 6634 7471 6598 7471 6601 7472 6598 7472 6633 7472 6634 7473 6599 7473 6635 7473 6636 7474 6635 7474 6599 7474 6599 7475 6600 7475 6636 7475 6636 7476 6600 7476 6613 7476 6601 7477 6637 7477 6638 7477 6601 7478 6638 7478 6639 7478 6601 7479 6639 7479 6640 7479 6601 7480 6640 7480 6604 7480 6601 7481 6633 7481 6641 7481 6601 7482 6641 7482 6642 7482 6601 7483 6642 7483 6637 7483 6643 7484 6609 7484 6602 7484 6602 7485 6644 7485 6643 7485 6645 7486 6644 7486 6602 7486 6602 7487 6603 7487 6645 7487 6646 7488 6603 7488 6604 7488 6645 7489 6603 7489 6646 7489 6604 7490 6640 7490 6646 7490 6647 7491 6605 7491 6608 7491 6606 7492 6605 7492 6647 7492 6647 7493 6648 7493 6606 7493 6649 7494 6606 7494 6648 7494 6606 7495 6649 7495 6607 7495 6614 7496 6607 7496 6649 7496 6608 7497 6650 7497 6647 7497 6650 7498 6608 7498 6651 7498 6609 7499 6651 7499 6608 7499 6652 7500 6651 7500 6609 7500 6609 7501 6643 7501 6652 7501 6611 7502 6610 7502 6653 7502 6610 7503 6632 7503 6654 7503 6654 7504 6653 7504 6610 7504 6653 7505 6655 7505 6611 7505 6656 7506 6612 7506 6611 7506 6611 7507 6655 7507 6656 7507 6612 7508 6656 7508 6657 7508 6657 7509 6613 7509 6612 7509 6613 7510 6658 7510 6636 7510 6658 7511 6613 7511 6657 7511 6627 7512 6614 7512 6659 7512 6649 7513 6659 7513 6614 7513 6616 7514 6615 7514 6660 7514 6626 7515 6660 7515 6615 7515 6615 7516 6624 7516 6626 7516 6660 7517 6661 7517 6616 7517 6662 7518 6622 7518 6616 7518 6616 7519 6661 7519 6662 7519 6629 7520 6617 7520 6619 7520 6619 7521 6663 7521 6629 7521 6663 7522 6619 7522 6620 7522 6664 7523 6620 7523 6621 7523 6620 7524 6664 7524 6663 7524 6621 7525 6665 7525 6664 7525 6665 7526 6621 7526 6622 7526 6622 7527 6662 7527 6665 7527 6626 7528 6624 7528 6623 7528 6660 7529 6625 7529 6666 7529 6627 7530 6666 7530 6625 7530 6625 7531 6660 7531 6626 7531 6666 7532 6627 7532 6667 7532 6659 7533 6667 7533 6627 7533 6630 7534 6628 7534 6668 7534 6628 7535 6629 7535 6663 7535 6663 7536 6668 7536 6628 7536 6668 7537 6669 7537 6630 7537 6631 7538 6630 7538 6669 7538 6669 7539 6670 7539 6631 7539 6632 7540 6631 7540 6670 7540 6670 7541 6654 7541 6632 7541 6641 7542 6633 7542 6671 7542 6634 7543 6671 7543 6633 7543 6672 7544 6671 7544 6634 7544 6634 7545 6673 7545 6672 7545 6635 7546 6673 7546 6634 7546 6673 7547 6635 7547 6674 7547 6675 7548 6674 7548 6635 7548 6635 7549 6636 7549 6675 7549 6675 7550 6636 7550 6658 7550 6638 7551 6637 7551 6676 7551 6637 7552 6642 7552 6677 7552 6677 7553 6676 7553 6637 7553 6639 7554 6638 7554 6678 7554 6676 7555 6678 7555 6638 7555 6640 7556 6639 7556 6679 7556 6678 7557 6679 7557 6639 7557 6679 7558 6646 7558 6640 7558 6642 7559 6641 7559 6680 7559 6671 7560 6680 7560 6641 7560 6680 7561 6677 7561 6642 7561 6681 7562 6652 7562 6643 7562 6643 7563 6682 7563 6681 7563 6682 7564 6643 7564 6644 7564 6644 7565 6683 7565 6682 7565 6684 7566 6683 7566 6644 7566 6644 7567 6645 7567 6684 7567 6646 7568 6685 7568 6645 7568 6684 7569 6645 7569 6685 7569 6685 7570 6646 7570 6679 7570 6648 7571 6647 7571 6686 7571 6686 7572 6647 7572 6650 7572 6686 7573 6687 7573 6648 7573 6688 7574 6648 7574 6687 7574 6648 7575 6688 7575 6649 7575 6659 7576 6649 7576 6688 7576 6689 7577 6650 7577 6690 7577 6651 7578 6690 7578 6650 7578 6650 7579 6689 7579 6686 7579 6691 7580 6690 7580 6651 7580 6651 7581 6652 7581 6691 7581 6692 7582 6691 7582 6652 7582 6652 7583 6681 7583 6692 7583 6655 7584 6653 7584 6687 7584 6653 7585 6654 7585 6693 7585 6693 7586 6687 7586 6653 7586 6654 7587 6670 7587 6694 7587 6694 7588 6693 7588 6654 7588 6687 7589 6686 7589 6655 7589 6689 7590 6656 7590 6655 7590 6655 7591 6686 7591 6689 7591 6656 7592 6689 7592 6695 7592 6695 7593 6657 7593 6656 7593 6657 7594 6696 7594 6658 7594 6696 7595 6657 7595 6695 7595 6658 7596 6697 7596 6675 7596 6697 7597 6658 7597 6696 7597 6688 7598 6698 7598 6659 7598 6667 7599 6659 7599 6698 7599 6666 7600 6661 7600 6660 7600 6699 7601 6662 7601 6661 7601 6661 7602 6666 7602 6699 7602 6700 7603 6665 7603 6662 7603 6662 7604 6699 7604 6700 7604 6668 7605 6663 7605 6664 7605 6664 7606 6701 7606 6668 7606 6700 7607 6701 7607 6664 7607 6664 7608 6665 7608 6700 7608 6667 7609 6699 7609 6666 7609 6699 7610 6667 7610 6702 7610 6698 7611 6702 7611 6667 7611 6669 7612 6668 7612 6701 7612 6701 7613 6703 7613 6669 7613 6670 7614 6669 7614 6703 7614 6703 7615 6694 7615 6670 7615 6704 7616 6680 7616 6671 7616 6671 7617 6672 7617 6704 7617 6705 7618 6704 7618 6672 7618 6672 7619 6706 7619 6705 7619 6706 7620 6672 7620 6673 7620 6673 7621 6707 7621 6706 7621 6674 7622 6707 7622 6673 7622 6707 7623 6674 7623 6708 7623 6709 7624 6708 7624 6674 7624 6674 7625 6675 7625 6709 7625 6709 7626 6675 7626 6697 7626 6710 7627 6676 7627 6677 7627 6711 7628 6678 7628 6676 7628 6676 7629 6710 7629 6711 7629 6677 7630 6712 7630 6710 7630 6712 7631 6677 7631 6680 7631 6713 7632 6679 7632 6678 7632 6678 7633 6711 7633 6713 7633 6679 7634 6713 7634 6685 7634 6680 7635 6704 7635 6712 7635 6714 7636 6692 7636 6681 7636 6681 7637 6715 7637 6714 7637 6715 7638 6681 7638 6682 7638 6682 7639 6716 7639 6715 7639 6716 7640 6682 7640 6683 7640 6683 7641 6717 7641 6716 7641 6718 7642 6717 7642 6683 7642 6683 7643 6684 7643 6718 7643 6718 7644 6684 7644 6719 7644 6685 7645 6719 7645 6684 7645 6719 7646 6685 7646 6713 7646 6687 7647 6693 7647 6688 7647 6698 7648 6688 7648 6693 7648 6690 7649 6695 7649 6689 7649 6720 7650 6695 7650 6690 7650 6690 7651 6691 7651 6720 7651 6721 7652 6720 7652 6691 7652 6691 7653 6692 7653 6721 7653 6722 7654 6721 7654 6692 7654 6692 7655 6714 7655 6722 7655 6693 7656 6694 7656 6698 7656 6694 7657 6703 7657 6702 7657 6702 7658 6698 7658 6694 7658 6695 7659 6720 7659 6696 7659 6696 7660 6723 7660 6697 7660 6723 7661 6696 7661 6720 7661 6697 7662 6724 7662 6709 7662 6724 7663 6697 7663 6723 7663 6702 7664 6700 7664 6699 7664 6701 7665 6700 7665 6702 7665 6702 7666 6703 7666 6701 7666 6725 7667 6712 7667 6704 7667 6704 7668 6705 7668 6725 7668 6726 7669 6725 7669 6705 7669 6705 7670 6727 7670 6726 7670 6727 7671 6705 7671 6706 7671 6706 7672 6728 7672 6727 7672 6728 7673 6706 7673 6707 7673 6707 7674 6729 7674 6728 7674 6708 7675 6729 7675 6707 7675 6729 7676 6708 7676 6730 7676 6731 7677 6730 7677 6708 7677 6708 7678 6709 7678 6731 7678 6731 7679 6709 7679 6724 7679 6725 7680 6732 7680 6710 7680 6710 7681 6712 7681 6725 7681 6733 7682 6711 7682 6710 7682 6710 7683 6732 7683 6733 7683 6734 7684 6713 7684 6711 7684 6711 7685 6733 7685 6734 7685 6713 7686 6734 7686 6719 7686 6735 7687 6722 7687 6714 7687 6714 7688 6736 7688 6735 7688 6736 7689 6714 7689 6715 7689 6715 7690 6737 7690 6736 7690 6737 7691 6715 7691 6716 7691 6716 7692 6738 7692 6737 7692 6738 7693 6716 7693 6717 7693 6717 7694 6739 7694 6738 7694 6740 7695 6739 7695 6717 7695 6717 7696 6718 7696 6740 7696 6719 7697 6741 7697 6718 7697 6740 7698 6718 7698 6741 7698 6741 7699 6719 7699 6734 7699 6720 7700 6721 7700 6723 7700 6742 7701 6723 7701 6721 7701 6721 7702 6722 7702 6742 7702 6743 7703 6742 7703 6722 7703 6722 7704 6735 7704 6743 7704 6723 7705 6742 7705 6724 7705 6724 7706 6744 7706 6731 7706 6744 7707 6724 7707 6742 7707 6745 7708 6732 7708 6725 7708 6725 7709 6726 7709 6745 7709 6746 7710 6745 7710 6726 7710 6726 7711 6747 7711 6746 7711 6747 7712 6726 7712 6727 7712 6727 7713 6748 7713 6747 7713 6748 7714 6727 7714 6728 7714 6728 7715 6749 7715 6748 7715 6749 7716 6728 7716 6729 7716 6729 7717 6750 7717 6749 7717 6730 7718 6750 7718 6729 7718 6750 7719 6730 7719 6751 7719 6752 7720 6751 7720 6730 7720 6730 7721 6731 7721 6752 7721 6752 7722 6731 7722 6744 7722 6753 7723 6733 7723 6732 7723 6732 7724 6745 7724 6753 7724 6754 7725 6734 7725 6733 7725 6733 7726 6753 7726 6754 7726 6734 7727 6754 7727 6741 7727 6755 7728 6743 7728 6735 7728 6735 7729 6756 7729 6755 7729 6756 7730 6735 7730 6736 7730 6736 7731 6757 7731 6756 7731 6757 7732 6736 7732 6737 7732 6737 7733 6758 7733 6757 7733 6758 7734 6737 7734 6738 7734 6738 7735 6759 7735 6758 7735 6759 7736 6738 7736 6739 7736 6739 7737 6760 7737 6759 7737 6761 7738 6760 7738 6739 7738 6739 7739 6740 7739 6761 7739 6741 7740 6762 7740 6740 7740 6761 7741 6740 7741 6762 7741 6762 7742 6741 7742 6754 7742 6742 7743 6743 7743 6744 7743 6763 7744 6744 7744 6743 7744 6743 7745 6755 7745 6763 7745 6744 7746 6763 7746 6752 7746 6764 7747 6753 7747 6745 7747 6745 7748 6746 7748 6764 7748 6746 7749 6747 7749 6765 7749 6765 7750 6766 7750 6746 7750 6767 7751 6764 7751 6746 7751 6746 7752 6766 7752 6767 7752 6765 7753 6747 7753 6748 7753 6748 7754 6768 7754 6765 7754 6768 7755 6748 7755 6749 7755 6749 7756 6769 7756 6768 7756 6769 7757 6749 7757 6750 7757 6750 7758 6770 7758 6769 7758 6751 7759 6770 7759 6750 7759 6770 7760 6751 7760 6771 7760 6772 7761 6771 7761 6751 7761 6751 7762 6752 7762 6772 7762 6772 7763 6752 7763 6763 7763 6773 7764 6754 7764 6753 7764 6753 7765 6764 7765 6773 7765 6754 7766 6773 7766 6762 7766 6774 7767 6763 7767 6755 7767 6755 7768 6775 7768 6774 7768 6775 7769 6755 7769 6756 7769 6756 7770 6776 7770 6775 7770 6776 7771 6756 7771 6757 7771 6757 7772 6777 7772 6776 7772 6777 7773 6757 7773 6758 7773 6758 7774 6778 7774 6777 7774 6778 7775 6758 7775 6759 7775 6759 7776 6779 7776 6778 7776 6779 7777 6759 7777 6760 7777 6780 7778 6781 7778 6760 7778 6760 7779 6761 7779 6780 7779 6760 7780 6781 7780 6779 7780 6762 7781 6782 7781 6761 7781 6780 7782 6761 7782 6782 7782 6782 7783 6762 7783 6773 7783 6763 7784 6774 7784 6772 7784 6783 7785 6773 7785 6764 7785 6764 7786 6767 7786 6783 7786 6766 7787 6765 7787 6784 7787 6784 7788 6765 7788 6768 7788 6784 7789 6785 7789 6766 7789 6786 7790 6767 7790 6766 7790 6766 7791 6785 7791 6786 7791 6787 7792 6783 7792 6767 7792 6767 7793 6786 7793 6787 7793 6768 7794 6788 7794 6784 7794 6788 7795 6768 7795 6769 7795 6769 7796 6789 7796 6788 7796 6789 7797 6769 7797 6770 7797 6770 7798 6790 7798 6789 7798 6771 7799 6790 7799 6770 7799 6791 7800 6790 7800 6771 7800 6791 7801 6771 7801 6772 7801 6772 7802 6774 7802 6791 7802 6773 7803 6783 7803 6782 7803 6774 7804 6775 7804 6791 7804 6775 7805 6776 7805 6791 7805 6776 7806 6777 7806 6791 7806 6777 7807 6778 7807 6791 7807 6778 7808 6779 7808 6791 7808 6779 7809 6781 7809 6791 7809 6780 7810 6792 7810 6791 7810 6791 7811 6781 7811 6780 7811 6782 7812 6792 7812 6780 7812 6792 7813 6782 7813 6783 7813 6783 7814 6787 7814 6792 7814 6784 7815 6788 7815 6791 7815 6785 7816 6784 7816 6791 7816 6786 7817 6785 7817 6791 7817 6787 7818 6786 7818 6791 7818 6792 7819 6787 7819 6791 7819 6788 7820 6789 7820 6791 7820 6789 7821 6790 7821 6791 7821 6793 7822 6794 7822 6795 7822 6795 7823 6796 7823 6793 7823 6797 7824 6794 7824 6793 7824 6793 7825 6798 7825 6797 7825 6799 7826 6793 7826 6796 7826 6798 7827 6793 7827 6799 7827 6800 7828 6801 7828 6794 7828 6794 7829 6797 7829 6800 7829 6795 7830 6794 7830 6801 7830 6796 7831 6795 7831 6802 7831 6802 7832 6795 7832 6803 7832 6801 7833 6803 7833 6795 7833 6796 7834 6804 7834 6799 7834 6804 7835 6796 7835 6802 7835 6805 7836 6806 7836 6797 7836 6797 7837 6798 7837 6805 7837 6800 7838 6797 7838 6806 7838 6798 7839 6807 7839 6808 7839 6808 7840 6805 7840 6798 7840 6799 7841 6807 7841 6798 7841 6799 7842 6804 7842 6809 7842 6809 7843 6810 7843 6799 7843 6807 7844 6799 7844 6810 7844 6801 7845 6800 7845 6811 7845 6811 7846 6800 7846 6812 7846 6806 7847 6812 7847 6800 7847 6803 7848 6801 7848 6813 7848 6811 7849 6813 7849 6801 7849 6802 7850 6803 7850 6814 7850 6815 7851 6816 7851 6802 7851 6802 7852 6816 7852 6817 7852 6818 7853 6819 7853 6802 7853 6802 7854 6819 7854 6820 7854 6821 7855 6822 7855 6802 7855 6802 7856 6822 7856 6823 7856 6824 7857 6809 7857 6802 7857 6802 7858 6809 7858 6804 7858 6814 7859 6815 7859 6802 7859 6817 7860 6818 7860 6802 7860 6820 7861 6821 7861 6802 7861 6823 7862 6824 7862 6802 7862 6813 7863 6814 7863 6803 7863 6806 7864 6805 7864 6825 7864 6805 7865 6808 7865 6825 7865 6812 7866 6806 7866 6825 7866 6810 7867 6826 7867 6807 7867 6827 7868 6808 7868 6807 7868 6807 7869 6826 7869 6827 7869 6808 7870 6827 7870 6825 7870 6809 7871 6824 7871 6828 7871 6828 7872 6810 7872 6809 7872 6826 7873 6810 7873 6828 7873 6813 7874 6811 7874 6829 7874 6812 7875 6830 7875 6811 7875 6829 7876 6811 7876 6830 7876 6830 7877 6812 7877 6825 7877 6815 7878 6814 7878 6813 7878 6813 7879 6831 7879 6815 7879 6829 7880 6831 7880 6813 7880 6816 7881 6815 7881 6831 7881 6832 7882 6817 7882 6816 7882 6816 7883 6833 7883 6832 7883 6831 7884 6833 7884 6816 7884 6818 7885 6817 7885 6832 7885 6819 7886 6818 7886 6834 7886 6832 7887 6834 7887 6818 7887 6835 7888 6820 7888 6819 7888 6819 7889 6836 7889 6835 7889 6834 7890 6836 7890 6819 7890 6821 7891 6820 7891 6835 7891 6822 7892 6821 7892 6837 7892 6835 7893 6837 7893 6821 7893 6838 7894 6823 7894 6822 7894 6822 7895 6839 7895 6838 7895 6837 7896 6839 7896 6822 7896 6824 7897 6823 7897 6838 7897 6838 7898 6828 7898 6824 7898 6827 7899 6840 7899 6825 7899 6840 7900 6841 7900 6825 7900 6841 7877 6842 7877 6825 7877 6842 7901 6843 7901 6825 7901 6843 7902 6844 7902 6825 7902 6844 7903 6845 7903 6825 7903 6845 7904 6846 7904 6825 7904 6846 7905 6847 7905 6825 7905 6847 7906 6848 7906 6825 7906 6848 7907 6849 7907 6825 7907 6849 7908 6830 7908 6825 7908 6828 7909 6850 7909 6826 7909 6840 7910 6827 7910 6826 7910 6826 7911 6850 7911 6840 7911 6850 7912 6828 7912 6838 7912 6831 7913 6829 7913 6851 7913 6830 7914 6849 7914 6829 7914 6851 7915 6829 7915 6849 7915 6851 7916 6833 7916 6831 7916 6852 7917 6832 7917 6833 7917 6853 7918 6834 7918 6832 7918 6832 7919 6852 7919 6853 7919 6833 7920 6851 7920 6852 7920 6854 7921 6836 7921 6834 7921 6834 7922 6853 7922 6854 7922 6855 7923 6835 7923 6836 7923 6856 7924 6837 7924 6835 7924 6835 7925 6855 7925 6856 7925 6836 7926 6854 7926 6855 7926 6857 7927 6839 7927 6837 7927 6837 7928 6856 7928 6857 7928 6858 7929 6838 7929 6839 7929 6838 7930 6858 7930 6850 7930 6839 7931 6857 7931 6858 7931 6841 7932 6840 7932 6850 7932 6842 7933 6841 7933 6858 7933 6850 7934 6858 7934 6841 7934 6843 7935 6842 7935 6857 7935 6858 7936 6857 7936 6842 7936 6844 7937 6843 7937 6856 7937 6857 7938 6856 7938 6843 7938 6845 7939 6844 7939 6855 7939 6856 7940 6855 7940 6844 7940 6846 7941 6845 7941 6854 7941 6855 7942 6854 7942 6845 7942 6847 7943 6846 7943 6853 7943 6854 7944 6853 7944 6846 7944 6848 7945 6847 7945 6852 7945 6853 7946 6852 7946 6847 7946 6849 7947 6848 7947 6851 7947 6852 7948 6851 7948 6848 7948 6859 7949 6860 7949 6861 7949 6861 7950 6862 7950 6859 7950 6860 7951 6859 7951 6863 7951 6864 7952 6865 7952 6859 7952 6859 7953 6862 7953 6864 7953 6863 7954 6859 7954 6865 7954 6863 7955 6866 7955 6860 7955 6867 7956 6868 7956 6860 7956 6860 7957 6866 7957 6867 7957 6860 7958 6868 7958 6869 7958 6869 7959 6861 7959 6860 7959 6862 7960 6861 7960 6870 7960 6870 7961 6861 7961 6869 7961 6870 7962 6871 7962 6862 7962 6872 7963 6864 7963 6862 7963 6862 7964 6871 7964 6872 7964 6866 7965 6863 7965 6873 7965 6873 7966 6863 7966 6874 7966 6865 7967 6874 7967 6863 7967 6875 7968 6876 7968 6864 7968 6864 7969 6872 7969 6875 7969 6865 7970 6864 7970 6876 7970 6876 7971 6877 7971 6865 7971 6874 7972 6865 7972 6877 7972 6873 7973 6878 7973 6866 7973 6879 7974 6867 7974 6866 7974 6866 7975 6878 7975 6879 7975 6880 7976 6868 7976 6867 7976 6867 7977 6881 7977 6880 7977 6881 7978 6867 7978 6879 7978 6882 7979 6869 7979 6868 7979 6868 7980 6880 7980 6882 7980 6869 7981 6883 7981 6870 7981 6884 7982 6883 7982 6869 7982 6869 7983 6882 7983 6884 7983 6871 7984 6870 7984 6885 7984 6885 7985 6870 7985 6883 7985 6885 7986 6886 7986 6871 7986 6887 7987 6872 7987 6871 7987 6871 7988 6886 7988 6887 7988 6888 7989 6875 7989 6872 7989 6872 7990 6887 7990 6888 7990 6873 7991 6889 7991 6890 7991 6890 7992 6878 7992 6873 7992 6874 7993 6891 7993 6873 7993 6891 7994 6889 7994 6873 7994 6877 7995 6892 7995 6874 7995 6892 7996 6891 7996 6874 7996 6893 7997 6894 7997 6875 7997 6875 7998 6888 7998 6893 7998 6876 7999 6875 7999 6894 7999 6894 8000 6895 8000 6876 8000 6877 8001 6876 8001 6895 8001 6895 8002 6896 8002 6877 8002 6896 8003 6892 8003 6877 8003 6897 8004 6879 8004 6878 8004 6878 8005 6890 8005 6897 8005 6898 8006 6879 8006 6897 8006 6879 8007 6898 8007 6881 8007 6899 8008 6882 8008 6880 8008 6899 8009 6880 8009 6881 8009 6899 8010 6881 8010 6898 8010 6899 8011 6884 8011 6882 8011 6883 8012 6900 8012 6885 8012 6901 8013 6900 8013 6883 8013 6883 8014 6884 8014 6901 8014 6899 8015 6901 8015 6884 8015 6886 8016 6885 8016 6902 8016 6902 8017 6885 8017 6900 8017 6902 8018 6903 8018 6886 8018 6904 8019 6887 8019 6886 8019 6886 8020 6903 8020 6904 8020 6905 8021 6888 8021 6887 8021 6887 8022 6904 8022 6905 8022 6906 8023 6893 8023 6888 8023 6888 8024 6905 8024 6906 8024 6890 8025 6889 8025 6907 8025 6908 8026 6907 8026 6889 8026 6908 8027 6889 8027 6891 8027 6907 8028 6909 8028 6890 8028 6910 8029 6897 8029 6890 8029 6890 8030 6909 8030 6910 8030 6891 8031 6892 8031 6908 8031 6908 8032 6892 8032 6896 8032 6911 8033 6912 8033 6893 8033 6893 8034 6906 8034 6911 8034 6894 8035 6893 8035 6912 8035 6912 8036 6913 8036 6894 8036 6895 8037 6894 8037 6913 8037 6913 8038 6914 8038 6895 8038 6914 8039 6896 8039 6895 8039 6908 8040 6896 8040 6914 8040 6915 8041 6897 8041 6910 8041 6897 8042 6915 8042 6898 8042 6899 8043 6898 8043 6915 8043 6899 8044 6916 8044 6901 8044 6899 8045 6917 8045 6916 8045 6899 8046 6918 8046 6917 8046 6899 8047 6919 8047 6918 8047 6899 8048 6920 8048 6919 8048 6899 8049 6921 8049 6920 8049 6899 8050 6922 8050 6921 8050 6899 8051 6923 8051 6922 8051 6899 8052 6924 8052 6923 8052 6899 8053 6915 8053 6924 8053 6900 8054 6925 8054 6902 8054 6916 8055 6925 8055 6900 8055 6900 8056 6901 8056 6916 8056 6903 8057 6902 8057 6926 8057 6926 8058 6902 8058 6925 8058 6926 8059 6927 8059 6903 8059 6928 8060 6904 8060 6903 8060 6903 8061 6927 8061 6928 8061 6929 8062 6905 8062 6904 8062 6904 8063 6928 8063 6929 8063 6930 8064 6906 8064 6905 8064 6905 8065 6929 8065 6930 8065 6906 8066 6930 8066 6931 8066 6931 8067 6911 8067 6906 8067 6909 8068 6907 8068 6932 8068 6908 8069 6932 8069 6907 8069 6908 8070 6933 8070 6934 8070 6934 8071 6931 8071 6908 8071 6908 8072 6931 8072 6935 8072 6908 8073 6936 8073 6937 8073 6908 8074 6938 8074 6939 8074 6908 8075 6939 8075 6932 8075 6940 8076 6933 8076 6908 8076 6908 8077 6914 8077 6940 8077 6935 8078 6936 8078 6908 8078 6937 8079 6938 8079 6908 8079 6932 8080 6941 8080 6909 8080 6942 8081 6910 8081 6909 8081 6909 8082 6941 8082 6942 8082 6924 8083 6910 8083 6942 8083 6910 8084 6924 8084 6915 8084 6934 8085 6911 8085 6931 8085 6911 8086 6934 8086 6933 8086 6933 8087 6912 8087 6911 8087 6913 8088 6912 8088 6933 8088 6933 8089 6940 8089 6913 8089 6940 8090 6914 8090 6913 8090 6925 8091 6916 8091 6917 8091 6917 8092 6943 8092 6925 8092 6943 8093 6917 8093 6918 8093 6918 8094 6944 8094 6943 8094 6944 8095 6918 8095 6919 8095 6919 8096 6945 8096 6944 8096 6945 8097 6919 8097 6920 8097 6946 8098 6920 8098 6921 8098 6920 8099 6946 8099 6945 8099 6921 8100 6947 8100 6946 8100 6947 8101 6921 8101 6922 8101 6922 8102 6948 8102 6947 8102 6948 8103 6922 8103 6923 8103 6923 8104 6942 8104 6948 8104 6942 8105 6923 8105 6924 8105 6925 8106 6943 8106 6926 8106 6927 8107 6926 8107 6949 8107 6949 8108 6926 8108 6943 8108 6949 8109 6950 8109 6927 8109 6951 8110 6928 8110 6927 8110 6927 8111 6950 8111 6951 8111 6952 8112 6929 8112 6928 8112 6928 8113 6951 8113 6952 8113 6935 8114 6930 8114 6929 8114 6929 8115 6952 8115 6935 8115 6931 8116 6930 8116 6935 8116 6941 8117 6932 8117 6939 8117 6936 8118 6935 8118 6952 8118 6936 8119 6952 8119 6951 8119 6951 8120 6953 8120 6936 8120 6936 8121 6953 8121 6937 8121 6937 8122 6953 8122 6954 8122 6954 8123 6955 8123 6937 8123 6938 8124 6937 8124 6955 8124 6938 8125 6955 8125 6956 8125 6956 8126 6957 8126 6938 8126 6958 8127 6939 8127 6938 8127 6938 8128 6957 8128 6958 8128 6939 8129 6958 8129 6941 8129 6948 8130 6942 8130 6941 8130 6941 8131 6958 8131 6948 8131 6943 8132 6944 8132 6949 8132 6944 8133 6945 8133 6959 8133 6959 8134 6949 8134 6944 8134 6959 8135 6945 8135 6946 8135 6946 8136 6956 8136 6959 8136 6946 8137 6947 8137 6957 8137 6957 8138 6956 8138 6946 8138 6947 8139 6948 8139 6958 8139 6958 8140 6957 8140 6947 8140 6950 8141 6949 8141 6959 8141 6959 8142 6954 8142 6950 8142 6953 8143 6951 8143 6950 8143 6950 8144 6954 8144 6953 8144 6954 8145 6959 8145 6956 8145 6956 8146 6955 8146 6954 8146 6960 8147 6961 8147 6962 8147 6962 8148 6963 8148 6960 8148 6961 8149 6960 8149 6964 8149 6965 8150 6964 8150 6960 8150 6960 8151 6966 8151 6965 8151 6966 8152 6960 8152 6963 8152 6964 8153 6967 8153 6961 8153 6968 8154 6961 8154 6967 8154 6961 8155 6968 8155 6969 8155 6969 8156 6962 8156 6961 8156 6970 8157 6962 8157 6969 8157 6970 8158 6963 8158 6962 8158 6963 8159 6971 8159 6966 8159 6970 8160 6971 8160 6963 8160 6967 8161 6964 8161 6972 8161 6973 8162 6972 8162 6964 8162 6964 8163 6965 8163 6973 8163 6974 8164 6973 8164 6965 8164 6965 8165 6975 8165 6974 8165 6976 8166 6975 8166 6965 8166 6965 8167 6966 8167 6976 8167 6976 8168 6966 8168 6971 8168 6972 8169 6977 8169 6967 8169 6967 8170 6978 8170 6968 8170 6978 8171 6967 8171 6977 8171 6979 8172 6968 8172 6978 8172 6968 8173 6979 8173 6980 8173 6980 8174 6969 8174 6968 8174 6970 8175 6969 8175 6980 8175 6970 8176 6980 8176 6981 8176 6970 8177 6981 8177 6982 8177 6970 8178 6982 8178 6983 8178 6970 8179 6983 8179 6984 8179 6970 8180 6985 8180 6986 8180 6970 8181 6986 8181 6987 8181 6970 8182 6987 8182 6988 8182 6970 8183 6988 8183 6989 8183 6970 8184 6989 8184 6990 8184 6970 8185 6990 8185 6991 8185 6970 8186 6991 8186 6992 8186 6970 8187 6992 8187 6971 8187 6970 8188 6984 8188 6985 8188 6971 8189 6992 8189 6976 8189 6977 8190 6972 8190 6993 8190 6994 8191 6993 8191 6972 8191 6972 8192 6973 8192 6994 8192 6995 8193 6994 8193 6973 8193 6973 8194 6974 8194 6995 8194 6996 8195 6974 8195 6975 8195 6995 8196 6974 8196 6996 8196 6975 8197 6997 8197 6996 8197 6997 8198 6975 8198 6976 8198 6976 8199 6998 8199 6997 8199 6998 8200 6976 8200 6992 8200 6993 8201 6999 8201 6977 8201 7000 8202 6977 8202 6999 8202 6977 8203 7000 8203 6978 8203 7001 8204 6978 8204 7000 8204 6978 8205 7001 8205 6979 8205 7002 8206 6979 8206 7001 8206 6979 8207 7002 8207 6981 8207 6981 8208 6980 8208 6979 8208 6982 8209 6981 8209 7002 8209 7002 8210 7003 8210 6982 8210 6983 8211 6982 8211 7003 8211 7003 8212 7004 8212 6983 8212 6984 8213 6983 8213 7004 8213 7004 8214 7005 8214 6984 8214 6985 8215 6984 8215 7005 8215 7005 8216 7006 8216 6985 8216 6986 8217 6985 8217 7006 8217 7006 8218 7007 8218 6986 8218 6987 8219 6986 8219 7007 8219 7007 8220 7008 8220 6987 8220 6988 8221 6987 8221 7008 8221 7008 8222 7009 8222 6988 8222 6989 8223 6988 8223 7009 8223 7009 8224 7010 8224 6989 8224 6990 8225 6989 8225 7010 8225 7010 8226 7011 8226 6990 8226 6991 8227 6990 8227 7011 8227 7011 8228 6998 8228 6991 8228 6992 8229 6991 8229 6998 8229 6999 8230 6993 8230 7012 8230 7013 8231 7012 8231 6993 8231 6993 8232 6994 8232 7013 8232 7014 8233 7013 8233 6994 8233 6994 8234 6995 8234 7014 8234 7015 8235 7014 8235 6995 8235 6995 8236 7016 8236 7015 8236 6996 8237 7016 8237 6995 8237 7017 8238 7016 8238 6996 8238 6996 8239 7018 8239 7017 8239 7018 8240 6996 8240 6997 8240 6997 8241 7019 8241 7018 8241 7019 8242 6997 8242 6998 8242 6998 8243 7011 8243 7019 8243 7012 8244 7020 8244 6999 8244 7021 8245 6999 8245 7020 8245 6999 8246 7021 8246 7000 8246 7022 8247 7000 8247 7021 8247 7000 8248 7022 8248 7001 8248 7023 8249 7001 8249 7022 8249 7001 8250 7023 8250 7002 8250 7003 8251 7002 8251 7023 8251 7023 8252 7024 8252 7003 8252 7004 8253 7003 8253 7024 8253 7024 8254 7025 8254 7004 8254 7005 8255 7004 8255 7025 8255 7025 8256 7026 8256 7005 8256 7006 8257 7005 8257 7026 8257 7026 8258 7027 8258 7006 8258 7007 8259 7006 8259 7027 8259 7027 8260 7028 8260 7007 8260 7007 8261 7028 8261 7029 8261 7029 8262 7008 8262 7007 8262 7009 8263 7008 8263 7029 8263 7029 8264 7030 8264 7009 8264 7010 8265 7009 8265 7030 8265 7011 8266 7010 8266 7031 8266 7030 8267 7031 8267 7010 8267 7031 8268 7019 8268 7011 8268 7020 8269 7012 8269 7032 8269 7032 8270 7012 8270 7013 8270 7033 8271 7034 8271 7013 8271 7013 8272 7014 8272 7033 8272 7013 8273 7034 8273 7032 8273 7035 8274 7033 8274 7014 8274 7014 8275 7015 8275 7035 8275 7036 8276 7035 8276 7015 8276 7015 8277 7037 8277 7036 8277 7037 8278 7015 8278 7016 8278 7016 8279 7017 8279 7037 8279 7038 8280 7037 8280 7017 8280 7017 8281 7039 8281 7038 8281 7039 8282 7017 8282 7018 8282 7018 8283 7040 8283 7039 8283 7031 8284 7040 8284 7018 8284 7018 8285 7019 8285 7031 8285 7032 8286 7041 8286 7020 8286 7042 8287 7020 8287 7041 8287 7020 8288 7042 8288 7021 8288 7043 8289 7021 8289 7042 8289 7021 8290 7043 8290 7022 8290 7044 8291 7022 8291 7043 8291 7022 8292 7044 8292 7023 8292 7024 8293 7023 8293 7044 8293 7044 8294 7045 8294 7024 8294 7025 8295 7024 8295 7045 8295 7045 8296 7046 8296 7025 8296 7026 8297 7025 8297 7046 8297 7046 8298 7047 8298 7026 8298 7027 8299 7026 8299 7047 8299 7047 8300 7048 8300 7027 8300 7028 8301 7027 8301 7048 8301 7048 8302 7049 8302 7028 8302 7029 8303 7028 8303 7049 8303 7049 8304 7050 8304 7029 8304 7030 8305 7029 8305 7050 8305 7050 8306 7051 8306 7030 8306 7031 8307 7030 8307 7051 8307 7051 8308 7040 8308 7031 8308 7041 8309 7032 8309 7052 8309 7032 8310 7034 8310 7053 8310 7053 8311 7052 8311 7032 8311 7034 8312 7033 8312 7054 8312 7033 8313 7035 8313 7055 8313 7055 8314 7054 8314 7033 8314 7054 8315 7053 8315 7034 8315 7035 8316 7036 8316 7056 8316 7056 8317 7055 8317 7035 8317 7057 8318 7036 8318 7037 8318 7036 8319 7057 8319 7058 8319 7058 8320 7056 8320 7036 8320 7037 8321 7038 8321 7057 8321 7059 8322 7057 8322 7038 8322 7038 8323 7060 8323 7059 8323 7061 8324 7060 8324 7038 8324 7038 8325 7039 8325 7061 8325 7061 8326 7039 8326 7040 8326 7040 8327 7051 8327 7061 8327 7062 8328 7041 8328 7063 8328 7041 8329 7062 8329 7042 8329 7052 8330 7063 8330 7041 8330 7064 8331 7042 8331 7062 8331 7042 8332 7064 8332 7043 8332 7065 8333 7043 8333 7064 8333 7043 8334 7065 8334 7044 8334 7045 8335 7044 8335 7065 8335 7065 8336 7066 8336 7045 8336 7046 8337 7045 8337 7066 8337 7066 8338 7067 8338 7046 8338 7047 8339 7046 8339 7067 8339 7067 8340 7068 8340 7047 8340 7048 8341 7047 8341 7068 8341 7068 8342 7069 8342 7048 8342 7049 8343 7048 8343 7069 8343 7069 8344 7070 8344 7049 8344 7050 8345 7049 8345 7070 8345 7070 8346 7071 8346 7050 8346 7051 8347 7050 8347 7071 8347 7071 8348 7061 8348 7051 8348 7052 8349 7072 8349 7063 8349 7073 8350 7052 8350 7053 8350 7073 8351 7072 8351 7052 8351 7073 8352 7053 8352 7054 8352 7073 8353 7054 8353 7055 8353 7073 8354 7055 8354 7056 8354 7073 8355 7056 8355 7058 8355 7057 8356 7059 8356 7074 8356 7074 8357 7058 8357 7057 8357 7073 8358 7058 8358 7074 8358 7075 8359 7076 8359 7059 8359 7059 8360 7060 8360 7075 8360 7059 8361 7076 8361 7077 8361 7077 8362 7074 8362 7059 8362 7075 8363 7060 8363 7061 8363 7061 8364 7071 8364 7075 8364 7063 8365 7078 8365 7062 8365 7062 8366 7079 8366 7064 8366 7079 8367 7062 8367 7078 8367 7078 8368 7063 8368 7080 8368 7063 8369 7072 8369 7081 8369 7081 8370 7080 8370 7063 8370 7064 8371 7082 8371 7065 8371 7082 8372 7064 8372 7079 8372 7066 8373 7065 8373 7082 8373 7082 8374 7083 8374 7066 8374 7067 8375 7066 8375 7083 8375 7083 8376 7084 8376 7067 8376 7068 8377 7067 8377 7084 8377 7084 8378 7085 8378 7068 8378 7069 8379 7068 8379 7085 8379 7085 8380 7086 8380 7069 8380 7070 8381 7069 8381 7086 8381 7086 8382 7087 8382 7070 8382 7071 8383 7070 8383 7087 8383 7087 8384 7075 8384 7071 8384 7073 8385 7088 8385 7072 8385 7089 8386 7081 8386 7072 8386 7089 1141 7072 1141 7088 1141 7073 8387 7074 8387 7077 8387 7073 8388 7077 8388 7090 8388 7073 8389 7090 8389 7088 8389 7091 8390 7076 8390 7075 8390 7075 8391 7087 8391 7091 8391 7076 8392 7091 8392 7090 8392 7090 8393 7077 8393 7076 8393 7080 8394 7092 8394 7078 8394 7093 8395 7078 8395 7092 8395 7078 8396 7093 8396 7079 8396 7079 8397 7094 8397 7082 8397 7094 8398 7079 8398 7093 8398 7080 8399 7095 8399 7096 8399 7096 8400 7092 8400 7080 8400 7095 8401 7080 8401 7081 8401 7089 1141 7097 1141 7081 1141 7095 8402 7081 8402 7098 8402 7099 8403 7098 8403 7081 8403 7099 8404 7081 8404 7097 8404 7083 8405 7082 8405 7094 8405 7094 8406 7100 8406 7083 8406 7084 8407 7083 8407 7100 8407 7100 8408 7101 8408 7084 8408 7084 8409 7101 8409 7102 8409 7102 8410 7085 8410 7084 8410 7086 8411 7085 8411 7102 8411 7102 8412 7103 8412 7086 8412 7087 8413 7086 8413 7103 8413 7103 8414 7091 8414 7087 8414 7091 8415 7103 8415 7088 8415 7088 8416 7090 8416 7091 8416 7088 8417 7104 8417 7105 8417 7105 8418 7097 8418 7088 8418 7089 8419 7088 8419 7097 8419 7104 8420 7088 8420 7103 8420 7092 8421 7096 8421 7106 8421 7106 8422 7107 8422 7092 8422 7092 8423 7107 8423 7093 8423 7108 8424 7093 8424 7107 8424 7093 8425 7108 8425 7094 8425 7100 8426 7094 8426 7108 8426 7109 8427 7095 8427 7110 8427 7096 8428 7095 8428 7109 8428 7098 8429 7110 8429 7095 8429 7109 8430 7111 8430 7096 8430 7106 8431 7096 8431 7111 8431 7112 8432 7097 8432 7113 8432 7097 8433 7105 8433 7114 8433 7114 8434 7113 8434 7097 8434 7099 8435 7097 8435 7112 8435 7110 8436 7098 8436 7115 8436 7099 8437 7115 8437 7098 8437 7099 8438 7116 8438 7115 8438 7099 8439 7117 8439 7116 8439 7099 8440 7118 8440 7117 8440 7099 8441 7119 8441 7118 8441 7099 8442 7120 8442 7119 8442 7099 8443 7121 8443 7120 8443 7099 8444 7112 8444 7121 8444 7101 8445 7100 8445 7122 8445 7108 8446 7122 8446 7100 8446 7102 8447 7101 8447 7123 8447 7122 8448 7123 8448 7101 8448 7123 8449 7104 8449 7102 8449 7103 8450 7102 8450 7104 8450 7104 8451 7123 8451 7124 8451 7124 8452 7105 8452 7104 8452 7114 8453 7105 8453 7124 8453 7111 8454 7125 8454 7106 8454 7107 8455 7106 8455 7126 8455 7126 8456 7106 8456 7125 8456 7126 8457 7127 8457 7107 8457 7107 8458 7127 8458 7108 8458 7122 8459 7108 8459 7127 8459 7128 8460 7129 8460 7109 8460 7109 8461 7130 8461 7128 8461 7110 8462 7130 8462 7109 8462 7111 8463 7109 8463 7129 8463 7115 8464 7131 8464 7110 8464 7132 8465 7130 8465 7110 8465 7110 8466 7131 8466 7132 8466 7125 8467 7111 8467 7133 8467 7129 8468 7133 8468 7111 8468 7112 8469 7134 8469 7135 8469 7135 8470 7121 8470 7112 8470 7113 8471 7134 8471 7112 8471 7113 8472 7114 8472 7136 8472 7136 8473 7137 8473 7113 8473 7134 8474 7113 8474 7137 8474 7124 8475 7138 8475 7114 8475 7139 8476 7136 8476 7114 8476 7114 8477 7138 8477 7139 8477 7131 8478 7115 8478 7116 8478 7140 8479 7116 8479 7117 8479 7116 8480 7140 8480 7131 8480 7141 8481 7117 8481 7118 8481 7117 8482 7141 8482 7140 8482 7142 8483 7118 8483 7119 8483 7118 8484 7142 8484 7141 8484 7143 8485 7119 8485 7120 8485 7119 8486 7143 8486 7142 8486 7144 8487 7120 8487 7121 8487 7120 8488 7144 8488 7143 8488 7121 8489 7135 8489 7144 8489 7127 8490 7145 8490 7122 8490 7123 8491 7122 8491 7145 8491 7145 8492 7124 8492 7123 8492 7138 8493 7124 8493 7145 8493 7133 8494 7146 8494 7125 8494 7147 8495 7125 8495 7146 8495 7125 8496 7147 8496 7126 8496 7127 8497 7126 8497 7148 8497 7148 8498 7126 8498 7147 8498 7148 8499 7145 8499 7127 8499 7129 8500 7128 8500 7149 8500 7150 8501 7128 8501 7130 8501 7151 8502 7149 8502 7128 8502 7128 8503 7150 8503 7151 8503 7149 8504 7152 8504 7129 8504 7133 8505 7129 8505 7152 8505 7130 8506 7132 8506 7150 8506 7153 8507 7132 8507 7131 8507 7131 8508 7140 8508 7153 8508 7154 8509 7150 8509 7132 8509 7132 8510 7153 8510 7154 8510 7152 8511 7155 8511 7133 8511 7146 8512 7133 8512 7155 8512 7137 8513 7156 8513 7134 8513 7135 8514 7134 8514 7156 8514 7156 8515 7157 8515 7135 8515 7144 8516 7135 8516 7157 8516 7158 8517 7159 8517 7136 8517 7136 8518 7139 8518 7158 8518 7137 8519 7136 8519 7159 8519 7159 8520 7160 8520 7137 8520 7156 8521 7137 8521 7160 8521 7145 8522 7148 8522 7138 8522 7139 8523 7138 8523 7148 8523 7161 8524 7158 8524 7139 8524 7139 8525 7162 8525 7161 8525 7148 8526 7162 8526 7139 8526 7163 8527 7153 8527 7140 8527 7140 8528 7141 8528 7163 8528 7164 8529 7163 8529 7141 8529 7141 8530 7142 8530 7164 8530 7165 8531 7164 8531 7142 8531 7142 8532 7143 8532 7165 8532 7166 8533 7165 8533 7143 8533 7143 8534 7144 8534 7166 8534 7157 8535 7166 8535 7144 8535 7155 8536 7167 8536 7146 8536 7168 8537 7146 8537 7167 8537 7146 8538 7168 8538 7147 8538 7162 8539 7147 8539 7168 8539 7147 8540 7162 8540 7148 8540 7169 8541 7170 8541 7149 8541 7149 8542 7151 8542 7169 8542 7152 8543 7149 8543 7170 8543 7171 8544 7151 8544 7150 8544 7150 8545 7154 8545 7171 8545 7172 8546 7169 8546 7151 8546 7151 8547 7171 8547 7172 8547 7155 8548 7152 8548 7173 8548 7170 8549 7173 8549 7152 8549 7174 8550 7154 8550 7153 8550 7153 8551 7163 8551 7174 8551 7175 8552 7171 8552 7154 8552 7154 8553 7174 8553 7175 8553 7173 8554 7176 8554 7155 8554 7167 8555 7155 8555 7176 8555 7160 8556 7177 8556 7156 8556 7156 8557 7177 8557 7178 8557 7178 8558 7157 8558 7156 8558 7166 8559 7157 8559 7178 8559 7179 8560 7180 8560 7158 8560 7158 8561 7161 8561 7179 8561 7159 8562 7158 8562 7180 8562 7180 8563 7181 8563 7159 8563 7160 8564 7159 8564 7181 8564 7177 8565 7160 8565 7182 8565 7181 8566 7182 8566 7160 8566 7168 8567 7161 8567 7162 8567 7179 8568 7161 8568 7168 8568 7183 8569 7174 8569 7163 8569 7163 8570 7164 8570 7183 8570 7184 8571 7183 8571 7164 8571 7164 8572 7165 8572 7184 8572 7185 8573 7184 8573 7165 8573 7165 8574 7166 8574 7185 8574 7178 8575 7185 8575 7166 8575 7176 8576 7186 8576 7167 8576 7187 8577 7167 8577 7186 8577 7167 8578 7187 8578 7168 8578 7168 8579 7187 8579 7179 8579 7188 8580 7189 8580 7169 8580 7169 8581 7172 8581 7188 8581 7190 8582 7170 8582 7169 8582 7169 8583 7189 8583 7190 8583 7173 8584 7170 8584 7190 8584 7191 8585 7172 8585 7171 8585 7171 8586 7175 8586 7191 8586 7192 8587 7188 8587 7172 8587 7172 8588 7191 8588 7192 8588 7190 8589 7193 8589 7173 8589 7176 8590 7173 8590 7193 8590 7194 8591 7175 8591 7174 8591 7174 8592 7183 8592 7194 8592 7195 8593 7191 8593 7175 8593 7175 8594 7194 8594 7195 8594 7193 8595 7196 8595 7176 8595 7186 8596 7176 8596 7196 8596 7182 8597 7197 8597 7177 8597 7178 8598 7177 8598 7197 8598 7197 8599 7198 8599 7178 8599 7185 8600 7178 8600 7198 8600 7199 8601 7200 8601 7179 8601 7179 8602 7187 8602 7199 8602 7180 8603 7179 8603 7200 8603 7200 8604 7201 8604 7180 8604 7181 8605 7180 8605 7201 8605 7182 8606 7181 8606 7202 8606 7201 8607 7202 8607 7181 8607 7202 8608 7203 8608 7182 8608 7197 8609 7182 8609 7203 8609 7204 8610 7194 8610 7183 8610 7183 8611 7184 8611 7204 8611 7205 8612 7204 8612 7184 8612 7184 8613 7185 8613 7205 8613 7198 8614 7205 8614 7185 8614 7196 8615 7206 8615 7186 8615 7186 8616 7199 8616 7187 8616 7186 8617 7206 8617 7207 8617 7207 8618 7199 8618 7186 8618 7208 8619 7209 8619 7188 8619 7188 8620 7192 8620 7208 8620 7189 8621 7188 8621 7209 8621 7190 8622 7189 8622 7210 8622 7209 8623 7210 8623 7189 8623 7193 8624 7190 8624 7211 8624 7210 8625 7211 8625 7190 8625 7212 8626 7192 8626 7191 8626 7191 8627 7195 8627 7212 8627 7213 8628 7208 8628 7192 8628 7192 8629 7212 8629 7213 8629 7211 8630 7214 8630 7193 8630 7196 8631 7193 8631 7214 8631 7215 8632 7195 8632 7194 8632 7194 8633 7204 8633 7215 8633 7216 8634 7212 8634 7195 8634 7195 8635 7215 8635 7216 8635 7214 8636 7217 8636 7196 8636 7206 8637 7196 8637 7217 8637 7203 8638 7218 8638 7197 8638 7198 8639 7197 8639 7218 8639 7218 8640 7219 8640 7198 8640 7205 8641 7198 8641 7219 8641 7200 8642 7199 8642 7207 8642 7207 8643 7220 8643 7200 8643 7201 8644 7200 8644 7220 8644 7202 8645 7201 8645 7221 8645 7220 8646 7221 8646 7201 8646 7221 8647 7222 8647 7202 8647 7203 8648 7202 8648 7222 8648 7222 8649 7223 8649 7203 8649 7218 8650 7203 8650 7223 8650 7224 8651 7215 8651 7204 8651 7204 8652 7205 8652 7224 8652 7219 8653 7224 8653 7205 8653 7217 8654 7225 8654 7206 8654 7207 8655 7206 8655 7225 8655 7225 8656 7226 8656 7207 8656 7220 8657 7207 8657 7226 8657 7227 8658 7208 8658 7213 8658 7208 8659 7227 8659 7228 8659 7228 8660 7209 8660 7208 8660 7209 8661 7228 8661 7229 8661 7229 8662 7210 8662 7209 8662 7210 8663 7229 8663 7230 8663 7230 8664 7211 8664 7210 8664 7211 8665 7230 8665 7231 8665 7231 8666 7214 8666 7211 8666 7232 8667 7213 8667 7212 8667 7212 8668 7216 8668 7232 8668 7233 8669 7234 8669 7213 8669 7213 8670 7232 8670 7233 8670 7213 8671 7234 8671 7227 8671 7214 8672 7231 8672 7235 8672 7235 8673 7217 8673 7214 8673 7236 8674 7216 8674 7215 8674 7215 8675 7224 8675 7236 8675 7237 8676 7232 8676 7216 8676 7216 8677 7236 8677 7237 8677 7217 8678 7235 8678 7238 8678 7238 8679 7225 8679 7217 8679 7223 8680 7239 8680 7218 8680 7219 8681 7218 8681 7239 8681 7239 8682 7240 8682 7219 8682 7224 8683 7219 8683 7240 8683 7226 8684 7241 8684 7220 8684 7221 8685 7220 8685 7241 8685 7241 8686 7242 8686 7221 8686 7221 8687 7242 8687 7243 8687 7243 8688 7222 8688 7221 8688 7223 8689 7222 8689 7243 8689 7243 8690 7244 8690 7223 8690 7239 8691 7223 8691 7244 8691 7240 8692 7236 8692 7224 8692 7225 8693 7238 8693 7245 8693 7245 8694 7226 8694 7225 8694 7226 8695 7245 8695 7246 8695 7246 8696 7241 8696 7226 8696 7247 8697 7227 8697 7234 8697 7247 8698 7228 8698 7227 8698 7247 8699 7229 8699 7228 8699 7247 8700 7230 8700 7229 8700 7247 8701 7231 8701 7230 8701 7247 8702 7235 8702 7231 8702 7233 8703 7232 8703 7237 8703 7247 8704 7233 8704 7248 8704 7237 8705 7248 8705 7233 8705 7247 8706 7234 8706 7233 8706 7247 8707 7238 8707 7235 8707 7249 8708 7237 8708 7236 8708 7236 8709 7240 8709 7249 8709 7248 8710 7237 8710 7249 8710 7247 8711 7245 8711 7238 8711 7244 8712 7250 8712 7239 8712 7240 8713 7239 8713 7250 8713 7250 8714 7249 8714 7240 8714 7241 8715 7246 8715 7251 8715 7251 8716 7242 8716 7241 8716 7242 8717 7251 8717 7252 8717 7252 8718 7243 8718 7242 8718 7244 8719 7243 8719 7252 8719 7252 8720 7253 8720 7244 8720 7250 8721 7244 8721 7253 8721 7247 8722 7246 8722 7245 8722 7247 8723 7251 8723 7246 8723 7247 8724 7252 8724 7251 8724 7247 8725 7254 8725 7255 8725 7252 8726 7247 8726 7253 8726 7253 8727 7247 8727 7255 8727 7247 8728 7248 8728 7254 8728 7249 8729 7254 8729 7248 8729 7254 8730 7249 8730 7250 8730 7253 8731 7255 8731 7250 8731 7250 8732 7255 8732 7254 8732 7256 8733 7257 8733 7258 8733 7259 8734 7260 8734 7256 8734 7256 8735 7258 8735 7259 8735 7257 8736 7256 8736 7261 8736 7261 8737 7256 8737 7260 8737 7258 8738 7257 8738 7262 8738 7257 8739 7263 8739 7264 8739 7257 8740 7265 8740 7263 8740 7257 8741 7266 8741 7265 8741 7257 8742 7267 8742 7266 8742 7257 8743 7268 8743 7267 8743 7257 8744 7269 8744 7268 8744 7257 8745 7270 8745 7269 8745 7257 8746 7271 8746 7270 8746 7257 8747 7272 8747 7271 8747 7257 8748 7273 8748 7272 8748 7257 8749 7274 8749 7273 8749 7257 8750 7275 8750 7274 8750 7257 8751 7261 8751 7275 8751 7257 8752 7264 8752 7262 8752 7259 8753 7258 8753 7262 8753 7260 8754 7259 8754 7276 8754 7262 8755 7277 8755 7259 8755 7276 8756 7259 8756 7277 8756 7276 8757 7278 8757 7260 8757 7279 8758 7260 8758 7278 8758 7260 8759 7279 8759 7261 8759 7275 8760 7261 8760 7279 8760 7262 8761 7264 8761 7280 8761 7280 8762 7277 8762 7262 8762 7264 8763 7263 8763 7281 8763 7263 8764 7265 8764 7282 8764 7282 8765 7281 8765 7263 8765 7281 8766 7280 8766 7264 8766 7265 8767 7266 8767 7283 8767 7283 8768 7282 8768 7265 8768 7266 8769 7267 8769 7284 8769 7284 8770 7283 8770 7266 8770 7267 8771 7268 8771 7285 8771 7285 8772 7284 8772 7267 8772 7268 8773 7269 8773 7286 8773 7286 8774 7285 8774 7268 8774 7269 8775 7270 8775 7287 8775 7287 8776 7286 8776 7269 8776 7270 8777 7271 8777 7288 8777 7288 8778 7287 8778 7270 8778 7271 8779 7272 8779 7289 8779 7289 8780 7288 8780 7271 8780 7272 8781 7273 8781 7290 8781 7290 8782 7289 8782 7272 8782 7273 8783 7274 8783 7291 8783 7291 8784 7290 8784 7273 8784 7274 8785 7275 8785 7292 8785 7292 8786 7291 8786 7274 8786 7279 8787 7292 8787 7275 8787 7277 8788 7293 8788 7276 8788 7294 8789 7276 8789 7293 8789 7278 8790 7276 8790 7294 8790 7277 8791 7280 8791 7295 8791 7295 8792 7293 8792 7277 8792 7278 8793 7296 8793 7297 8793 7297 8794 7298 8794 7278 8794 7278 8795 7298 8795 7279 8795 7294 8796 7296 8796 7278 8796 7292 8797 7279 8797 7298 8797 7280 8798 7281 8798 7299 8798 7299 8799 7295 8799 7280 8799 7281 8800 7282 8800 7300 8800 7300 8801 7299 8801 7281 8801 7282 8802 7283 8802 7301 8802 7301 8803 7300 8803 7282 8803 7283 8804 7284 8804 7302 8804 7302 8805 7301 8805 7283 8805 7284 8806 7285 8806 7303 8806 7303 8807 7302 8807 7284 8807 7285 8808 7286 8808 7304 8808 7304 8809 7303 8809 7285 8809 7286 8810 7287 8810 7305 8810 7305 8811 7304 8811 7286 8811 7287 8812 7288 8812 7306 8812 7306 8813 7305 8813 7287 8813 7288 8814 7289 8814 7307 8814 7307 8815 7306 8815 7288 8815 7289 8816 7290 8816 7308 8816 7308 8817 7307 8817 7289 8817 7290 8818 7291 8818 7309 8818 7309 8819 7308 8819 7290 8819 7291 8820 7292 8820 7310 8820 7310 8821 7309 8821 7291 8821 7298 8822 7310 8822 7292 8822 7293 8823 7311 8823 7294 8823 7293 8824 7295 8824 7312 8824 7312 8825 7311 8825 7293 8825 7296 8826 7294 8826 7313 8826 7314 8827 7313 8827 7294 8827 7294 8828 7311 8828 7314 8828 7295 8829 7299 8829 7315 8829 7315 8830 7312 8830 7295 8830 7313 8831 7316 8831 7296 8831 7297 8832 7296 8832 7316 8832 7310 8833 7298 8833 7297 8833 7297 8834 7317 8834 7310 8834 7317 8835 7297 8835 7318 8835 7316 8836 7318 8836 7297 8836 7299 8837 7300 8837 7319 8837 7319 8838 7315 8838 7299 8838 7300 8839 7301 8839 7320 8839 7320 8840 7319 8840 7300 8840 7301 8841 7302 8841 7321 8841 7321 8842 7320 8842 7301 8842 7302 8843 7303 8843 7322 8843 7322 8844 7321 8844 7302 8844 7303 8845 7304 8845 7323 8845 7323 8846 7322 8846 7303 8846 7304 8847 7305 8847 7324 8847 7324 8848 7323 8848 7304 8848 7305 8849 7306 8849 7325 8849 7325 8850 7324 8850 7305 8850 7306 8851 7307 8851 7326 8851 7326 8852 7325 8852 7306 8852 7307 8853 7308 8853 7327 8853 7327 8854 7326 8854 7307 8854 7308 8855 7309 8855 7328 8855 7328 8856 7327 8856 7308 8856 7309 8857 7310 8857 7317 8857 7317 8858 7328 8858 7309 8858 7311 8859 7312 8859 7329 8859 7329 8860 7314 8860 7311 8860 7312 8861 7315 8861 7330 8861 7330 8862 7329 8862 7312 8862 7316 8863 7313 8863 7331 8863 7331 8864 7313 8864 7314 8864 7314 8865 7329 8865 7332 8865 7332 8866 7333 8866 7314 8866 7314 8867 7333 8867 7331 8867 7315 8868 7319 8868 7334 8868 7334 8869 7330 8869 7315 8869 7331 8870 7335 8870 7316 8870 7318 8871 7316 8871 7335 8871 7328 8872 7317 8872 7336 8872 7318 8873 7336 8873 7317 8873 7336 8874 7318 8874 7337 8874 7335 8875 7337 8875 7318 8875 7319 8876 7320 8876 7338 8876 7338 8877 7334 8877 7319 8877 7320 8878 7321 8878 7339 8878 7339 8879 7338 8879 7320 8879 7321 8880 7322 8880 7340 8880 7340 8881 7339 8881 7321 8881 7322 8882 7323 8882 7341 8882 7341 8883 7340 8883 7322 8883 7323 8884 7324 8884 7342 8884 7342 8885 7341 8885 7323 8885 7324 8886 7325 8886 7343 8886 7343 8887 7342 8887 7324 8887 7325 8888 7326 8888 7344 8888 7344 8889 7343 8889 7325 8889 7326 8890 7327 8890 7345 8890 7345 8891 7344 8891 7326 8891 7327 8892 7328 8892 7346 8892 7346 8893 7345 8893 7327 8893 7336 8894 7346 8894 7328 8894 7329 8895 7330 8895 7347 8895 7347 8896 7332 8896 7329 8896 7330 8897 7334 8897 7348 8897 7348 8898 7347 8898 7330 8898 7335 8899 7331 8899 7349 8899 7349 8900 7331 8900 7333 8900 7333 8901 7332 8901 7350 8901 7332 8902 7347 8902 7351 8902 7351 8903 7350 8903 7332 8903 7350 8904 7352 8904 7333 8904 7333 8905 7352 8905 7349 8905 7334 8906 7338 8906 7353 8906 7353 8907 7348 8907 7334 8907 7349 8908 7354 8908 7335 8908 7337 8909 7335 8909 7354 8909 7346 8910 7336 8910 7355 8910 7337 8911 7355 8911 7336 8911 7355 8912 7337 8912 7356 8912 7354 8913 7356 8913 7337 8913 7338 8914 7339 8914 7357 8914 7357 8915 7353 8915 7338 8915 7339 8916 7340 8916 7358 8916 7358 8917 7357 8917 7339 8917 7340 8918 7341 8918 7359 8918 7359 8919 7358 8919 7340 8919 7341 8920 7342 8920 7360 8920 7360 8921 7359 8921 7341 8921 7342 8922 7343 8922 7361 8922 7361 8923 7360 8923 7342 8923 7343 8924 7344 8924 7362 8924 7362 8925 7361 8925 7343 8925 7344 8926 7345 8926 7363 8926 7363 8927 7362 8927 7344 8927 7345 8928 7346 8928 7364 8928 7364 8929 7363 8929 7345 8929 7355 8930 7364 8930 7346 8930 7347 8931 7348 8931 7365 8931 7365 8932 7351 8932 7347 8932 7348 8933 7353 8933 7366 8933 7366 8934 7365 8934 7348 8934 7367 8935 7349 8935 7352 8935 7354 8936 7349 8936 7367 8936 7368 8937 7352 8937 7350 8937 7350 8938 7369 8938 7368 8938 7369 8939 7350 8939 7351 8939 7351 8940 7370 8940 7369 8940 7370 8941 7351 8941 7365 8941 7352 8942 7368 8942 7367 8942 7353 8943 7357 8943 7371 8943 7371 8944 7366 8944 7353 8944 7372 8945 7356 8945 7354 8945 7354 8946 7373 8946 7372 8946 7367 8947 7373 8947 7354 8947 7364 8948 7355 8948 7374 8948 7356 8949 7374 8949 7355 8949 7375 8950 7374 8950 7356 8950 7356 8951 7372 8951 7375 8951 7357 8952 7358 8952 7376 8952 7376 8953 7371 8953 7357 8953 7358 8954 7359 8954 7377 8954 7377 8955 7376 8955 7358 8955 7359 8956 7360 8956 7378 8956 7378 8957 7377 8957 7359 8957 7360 8958 7361 8958 7379 8958 7379 8959 7378 8959 7360 8959 7361 8960 7362 8960 7380 8960 7380 8961 7379 8961 7361 8961 7362 8962 7363 8962 7381 8962 7381 8963 7380 8963 7362 8963 7363 8964 7364 8964 7382 8964 7382 8965 7381 8965 7363 8965 7374 8966 7382 8966 7364 8966 7365 8967 7383 8967 7370 8967 7383 8968 7365 8968 7366 8968 7366 8969 7384 8969 7383 8969 7384 8970 7366 8970 7371 8970 7373 8971 7367 8971 7385 8971 7386 8972 7385 8972 7367 8972 7367 8973 7368 8973 7386 8973 7386 8974 7368 8974 7369 8974 7387 8975 7369 8975 7370 8975 7369 8976 7387 8976 7386 8976 7370 8977 7388 8977 7387 8977 7388 8978 7370 8978 7383 8978 7371 8979 7389 8979 7384 8979 7389 8980 7371 8980 7376 8980 7390 8981 7375 8981 7372 8981 7372 8982 7391 8982 7390 8982 7391 8983 7372 8983 7373 8983 7385 8984 7392 8984 7373 8984 7373 8985 7392 8985 7391 8985 7393 8986 7382 8986 7374 8986 7374 8987 7375 8987 7393 8987 7394 8988 7393 8988 7375 8988 7375 8989 7390 8989 7394 8989 7376 8990 7395 8990 7389 8990 7376 8991 7377 8991 7396 8991 7396 8992 7395 8992 7376 8992 7396 8993 7377 8993 7378 8993 7378 8994 7397 8994 7396 8994 7397 8995 7378 8995 7379 8995 7379 8996 7398 8996 7397 8996 7398 8997 7379 8997 7380 8997 7380 8998 7399 8998 7398 8998 7399 8999 7380 8999 7381 8999 7381 9000 7400 9000 7399 9000 7400 9001 7381 9001 7382 9001 7382 9002 7393 9002 7400 9002 7383 9003 7401 9003 7388 9003 7401 9004 7383 9004 7384 9004 7384 9005 7402 9005 7401 9005 7402 9006 7384 9006 7389 9006 7403 9007 7404 9007 7385 9007 7385 9008 7386 9008 7403 9008 7405 9009 7385 9009 7404 9009 7405 9010 7406 9010 7385 9010 7407 9011 7392 9011 7385 9011 7407 9012 7385 9012 7406 9012 7408 9013 7403 9013 7386 9013 7386 9014 7387 9014 7408 9014 7409 9015 7408 9015 7387 9015 7387 9016 7388 9016 7409 9016 7388 9017 7401 9017 7410 9017 7410 9018 7409 9018 7388 9018 7389 9019 7411 9019 7402 9019 7411 9020 7389 9020 7395 9020 7407 9021 7390 9021 7391 9021 7407 9022 7394 9022 7390 9022 7407 9023 7391 9023 7392 9023 7412 9024 7400 9024 7393 9024 7393 9025 7394 9025 7412 9025 7407 9026 7412 9026 7394 9026 7395 9027 7413 9027 7411 9027 7406 9028 7413 9028 7395 9028 7406 9029 7395 9029 7396 9029 7396 9030 7414 9030 7406 9030 7414 9031 7396 9031 7397 9031 7397 9032 7415 9032 7414 9032 7415 9033 7397 9033 7398 9033 7398 9034 7416 9034 7415 9034 7416 9035 7398 9035 7399 9035 7399 9036 7417 9036 7416 9036 7417 9037 7399 9037 7400 9037 7400 9038 7412 9038 7417 9038 7418 9039 7410 9039 7401 9039 7401 9040 7402 9040 7418 9040 7419 9041 7418 9041 7402 9041 7402 9042 7411 9042 7419 9042 7420 9043 7421 9043 7403 9043 7403 9044 7408 9044 7420 9044 7404 9045 7403 9045 7421 9045 7422 9046 7404 9046 7423 9046 7421 9047 7423 9047 7404 9047 7424 9048 7404 9048 7422 9048 7424 9049 7425 9049 7404 9049 7405 1141 7404 1141 7425 1141 7405 9050 7425 9050 7406 9050 7413 9051 7406 9051 7425 9051 7407 9052 7406 9052 7414 9052 7407 9053 7414 9053 7415 9053 7407 9054 7417 9054 7412 9054 7407 9055 7416 9055 7417 9055 7407 9056 7415 9056 7416 9056 7426 9057 7420 9057 7408 9057 7408 9058 7409 9058 7426 9058 7427 9059 7426 9059 7409 9059 7409 9060 7410 9060 7427 9060 7428 9061 7427 9061 7410 9061 7410 9062 7418 9062 7428 9062 7429 9063 7419 9063 7411 9063 7411 9064 7413 9064 7429 9064 7425 9065 7429 9065 7413 9065 7430 9066 7428 9066 7418 9066 7418 9067 7419 9067 7430 9067 7431 9068 7430 9068 7419 9068 7419 9069 7429 9069 7431 9069 7432 9070 7421 9070 7420 9070 7420 9071 7433 9071 7432 9071 7433 9072 7420 9072 7426 9072 7434 9073 7423 9073 7421 9073 7421 9074 7432 9074 7434 9074 7423 9075 7435 9075 7422 9075 7436 9076 7422 9076 7435 9076 7422 9077 7436 9077 7424 9077 7435 9078 7423 9078 7434 9078 7437 9079 7438 9079 7424 9079 7436 9080 7439 9080 7424 9080 7439 9081 7440 9081 7424 9081 7440 9082 7441 9082 7424 9082 7441 9083 7442 9083 7424 9083 7442 9084 7443 9084 7424 9084 7443 9085 7437 9085 7424 9085 7424 9086 7438 9086 7425 9086 7444 9087 7429 9087 7425 9087 7425 9088 7438 9088 7444 9088 7426 9089 7445 9089 7433 9089 7445 9090 7426 9090 7427 9090 7427 9091 7446 9091 7445 9091 7446 9092 7427 9092 7428 9092 7428 9093 7447 9093 7446 9093 7447 9094 7428 9094 7430 9094 7444 9095 7431 9095 7429 9095 7430 9096 7448 9096 7447 9096 7448 9097 7430 9097 7431 9097 7431 9098 7449 9098 7448 9098 7431 9099 7444 9099 7450 9099 7450 9100 7449 9100 7431 9100 7451 9101 7434 9101 7432 9101 7432 9102 7452 9102 7451 9102 7452 9103 7432 9103 7433 9103 7433 9104 7453 9104 7452 9104 7453 9105 7433 9105 7445 9105 7434 9106 7454 9106 7435 9106 7454 9107 7434 9107 7451 9107 7455 9108 7435 9108 7454 9108 7435 9109 7455 9109 7436 9109 7439 9110 7436 9110 7455 9110 7456 9111 7457 9111 7437 9111 7437 9112 7443 9112 7456 9112 7438 9113 7437 9113 7457 9113 7457 9114 7444 9114 7438 9114 7455 9115 7458 9115 7439 9115 7440 9116 7439 9116 7458 9116 7458 9117 7459 9117 7440 9117 7441 9118 7440 9118 7459 9118 7459 9119 7460 9119 7441 9119 7442 9120 7441 9120 7460 9120 7460 9121 7461 9121 7442 9121 7443 9122 7442 9122 7461 9122 7461 9123 7456 9123 7443 9123 7450 9124 7444 9124 7457 9124 7445 9125 7462 9125 7453 9125 7462 9126 7445 9126 7446 9126 7446 9127 7463 9127 7462 9127 7463 9128 7446 9128 7447 9128 7447 9129 7464 9129 7463 9129 7464 9130 7447 9130 7448 9130 7448 9131 7465 9131 7464 9131 7465 9132 7448 9132 7449 9132 7449 9133 7466 9133 7465 9133 7449 9134 7450 9134 7467 9134 7467 9135 7466 9135 7449 9135 7457 9136 7468 9136 7450 9136 7467 9137 7450 9137 7468 9137 7451 9138 7469 9138 7454 9138 7469 9139 7451 9139 7470 9139 7471 9140 7470 9140 7451 9140 7451 9141 7452 9141 7471 9141 7471 9142 7452 9142 7453 9142 7453 9143 7472 9143 7471 9143 7472 9144 7453 9144 7462 9144 7473 9145 7474 9145 7454 9145 7454 9146 7469 9146 7473 9146 7454 9147 7474 9147 7455 9147 7475 9148 7458 9148 7455 9148 7455 9149 7474 9149 7475 9149 7468 9150 7457 9150 7456 9150 7456 9151 7476 9151 7468 9151 7476 9152 7456 9152 7461 9152 7477 9153 7459 9153 7458 9153 7458 9154 7475 9154 7477 9154 7478 9155 7460 9155 7459 9155 7459 9156 7477 9156 7478 9156 7479 9157 7461 9157 7460 9157 7460 9158 7478 9158 7479 9158 7461 9159 7479 9159 7476 9159 7462 9160 7480 9160 7472 9160 7480 9161 7462 9161 7463 9161 7463 9162 7481 9162 7480 9162 7481 9163 7463 9163 7464 9163 7464 9164 7482 9164 7481 9164 7482 9165 7464 9165 7465 9165 7465 9166 7483 9166 7482 9166 7483 9167 7465 9167 7466 9167 7466 9168 7484 9168 7483 9168 7485 9169 7484 9169 7466 9169 7466 9170 7467 9170 7485 9170 7468 9171 7486 9171 7467 9171 7485 9172 7467 9172 7486 9172 7486 9173 7468 9173 7476 9173 7470 9174 7487 9174 7469 9174 7488 9175 7473 9175 7469 9175 7469 9176 7487 9176 7488 9176 7487 9177 7470 9177 7489 9177 7489 9178 7470 9178 7471 9178 7471 9179 7490 9179 7489 9179 7490 9180 7471 9180 7472 9180 7472 9181 7491 9181 7490 9181 7491 9182 7472 9182 7480 9182 7474 9183 7473 9183 7492 9183 7493 9184 7492 9184 7473 9184 7473 9185 7488 9185 7493 9185 7492 9186 7475 9186 7474 9186 7494 9187 7477 9187 7475 9187 7475 9188 7492 9188 7494 9188 7476 9189 7495 9189 7486 9189 7495 9190 7476 9190 7479 9190 7496 9191 7478 9191 7477 9191 7477 9192 7494 9192 7496 9192 7497 9193 7479 9193 7478 9193 7478 9194 7496 9194 7497 9194 7479 9195 7497 9195 7495 9195 7480 9196 7498 9196 7491 9196 7498 9197 7480 9197 7481 9197 7481 9198 7499 9198 7498 9198 7499 9199 7481 9199 7482 9199 7482 9200 7500 9200 7499 9200 7500 9201 7482 9201 7483 9201 7483 9202 7501 9202 7500 9202 7501 9203 7483 9203 7484 9203 7484 9204 7502 9204 7501 9204 7503 9205 7502 9205 7484 9205 7484 9206 7485 9206 7503 9206 7486 9207 7504 9207 7485 9207 7503 9208 7485 9208 7504 9208 7504 9209 7486 9209 7495 9209 7489 9210 7505 9210 7487 9210 7506 9211 7488 9211 7487 9211 7487 9212 7505 9212 7506 9212 7507 9213 7493 9213 7488 9213 7488 9214 7506 9214 7507 9214 7508 9215 7489 9215 7490 9215 7505 9216 7489 9216 7508 9216 7490 9217 7509 9217 7508 9217 7509 9218 7490 9218 7491 9218 7491 9219 7510 9219 7509 9219 7510 9220 7491 9220 7498 9220 7511 9221 7494 9221 7492 9221 7492 9222 7493 9222 7511 9222 7512 9223 7511 9223 7493 9223 7493 9224 7507 9224 7512 9224 7513 9225 7496 9225 7494 9225 7494 9226 7511 9226 7513 9226 7495 9227 7514 9227 7504 9227 7514 9228 7495 9228 7497 9228 7515 9229 7497 9229 7496 9229 7496 9230 7513 9230 7515 9230 7497 9231 7515 9231 7514 9231 7498 9232 7516 9232 7510 9232 7516 9233 7498 9233 7499 9233 7499 9234 7517 9234 7516 9234 7517 9235 7499 9235 7500 9235 7500 9236 7518 9236 7517 9236 7518 9237 7500 9237 7501 9237 7501 9238 7519 9238 7518 9238 7519 9239 7501 9239 7502 9239 7502 9240 7520 9240 7519 9240 7502 9241 7503 9241 7521 9241 7521 9242 7520 9242 7502 9242 7504 9243 7522 9243 7503 9243 7521 9244 7503 9244 7522 9244 7522 9245 7504 9245 7514 9245 7523 9246 7506 9246 7505 9246 7505 9247 7524 9247 7523 9247 7508 9248 7524 9248 7505 9248 7525 9249 7507 9249 7506 9249 7506 9250 7523 9250 7525 9250 7526 9251 7512 9251 7507 9251 7507 9252 7525 9252 7526 9252 7527 9253 7508 9253 7509 9253 7524 9254 7508 9254 7527 9254 7509 9255 7528 9255 7527 9255 7529 9256 7528 9256 7509 9256 7509 9257 7510 9257 7529 9257 7529 9258 7510 9258 7516 9258 7530 9259 7513 9259 7511 9259 7511 9260 7512 9260 7530 9260 7531 9261 7530 9261 7512 9261 7512 9262 7526 9262 7531 9262 7532 9263 7515 9263 7513 9263 7513 9264 7530 9264 7532 9264 7514 9265 7533 9265 7522 9265 7533 9266 7514 9266 7515 9266 7515 9267 7532 9267 7533 9267 7534 9268 7535 9268 7516 9268 7516 9269 7517 9269 7534 9269 7516 9270 7535 9270 7529 9270 7536 9271 7534 9271 7517 9271 7517 9272 7518 9272 7536 9272 7537 9273 7536 9273 7518 9273 7518 9274 7519 9274 7537 9274 7538 9275 7537 9275 7519 9275 7519 9276 7520 9276 7538 9276 7539 9277 7538 9277 7520 9277 7520 9278 7521 9278 7539 9278 7522 9279 7540 9279 7521 9279 7541 9280 7539 9280 7521 9280 7521 9281 7540 9281 7541 9281 7540 9282 7522 9282 7533 9282 7542 9283 7543 9283 7523 9283 7523 9284 7524 9284 7542 9284 7525 9285 7523 9285 7543 9285 7527 9286 7542 9286 7524 9286 7543 9287 7544 9287 7525 9287 7526 9288 7525 9288 7544 9288 7544 9289 7545 9289 7526 9289 7531 9290 7526 9290 7545 9290 7527 9291 7528 9291 7546 9291 7546 9292 7542 9292 7527 9292 7528 9293 7529 9293 7546 9293 7529 9294 7535 9294 7546 9294 7547 9295 7532 9295 7530 9295 7530 9296 7531 9296 7547 9296 7545 9297 7548 9297 7531 9297 7547 9298 7531 9298 7548 9298 7549 9299 7533 9299 7532 9299 7532 9300 7547 9300 7549 9300 7533 9301 7549 9301 7540 9301 7535 9302 7534 9302 7546 9302 7534 9303 7536 9303 7546 9303 7536 9304 7537 9304 7546 9304 7537 9305 7538 9305 7546 9305 7546 9306 7538 9306 7539 9306 7539 9307 7541 9307 7546 9307 7550 9308 7541 9308 7540 9308 7540 9309 7549 9309 7550 9309 7541 9310 7550 9310 7546 9310 7543 9311 7542 9311 7546 9311 7544 9312 7543 9312 7546 9312 7545 9313 7544 9313 7546 9313 7548 9314 7545 9314 7546 9314 7550 9315 7551 9315 7546 9315 7551 9316 7548 9316 7546 9316 7548 9317 7551 9317 7547 9317 7549 9318 7547 9318 7551 9318 7551 9319 7550 9319 7549 9319 7552 9320 7553 9320 7554 9320 7554 9321 7555 9321 7552 9321 7556 9322 7552 9322 7557 9322 7557 9323 7552 9323 7555 9323 7552 9324 7556 9324 7558 9324 7558 9325 7553 9325 7552 9325 7559 9326 7553 9326 7558 9326 7559 9327 7554 9327 7553 9327 7555 9328 7554 9328 7560 9328 7559 9329 7560 9329 7554 9329 7560 9330 7561 9330 7555 9330 7555 9331 7562 9331 7557 9331 7562 9332 7555 9332 7561 9332 7557 9333 7563 9333 7556 9333 7558 9334 7556 9334 7564 9334 7564 9335 7556 9335 7563 9335 7565 9336 7563 9336 7557 9336 7557 9337 7566 9337 7565 9337 7566 9338 7557 9338 7562 9338 7564 9339 7567 9339 7558 9339 7559 9340 7558 9340 7567 9340 7559 9341 7568 9341 7569 9341 7559 9342 7570 9342 7568 9342 7559 9343 7571 9343 7570 9343 7559 9344 7572 9344 7571 9344 7559 9345 7573 9345 7572 9345 7559 9346 7574 9346 7573 9346 7559 9347 7575 9347 7574 9347 7559 9348 7576 9348 7575 9348 7559 9349 7567 9349 7576 9349 7559 9350 7577 9350 7560 9350 7559 9351 7569 9351 7578 9351 7559 9352 7578 9352 7577 9352 7561 9353 7560 9353 7577 9353 7577 9354 7579 9354 7561 9354 7561 9355 7580 9355 7562 9355 7580 9356 7561 9356 7579 9356 7562 9357 7581 9357 7566 9357 7581 9358 7562 9358 7580 9358 7582 9359 7583 9359 7563 9359 7563 9360 7565 9360 7582 9360 7563 9361 7583 9361 7564 9361 7567 9362 7564 9362 7584 9362 7585 9363 7584 9363 7564 9363 7564 9364 7583 9364 7585 9364 7565 9365 7566 9365 7586 9365 7586 9366 7587 9366 7565 9366 7588 9367 7582 9367 7565 9367 7565 9368 7587 9368 7588 9368 7586 9369 7566 9369 7581 9369 7584 9370 7576 9370 7567 9370 7589 9371 7569 9371 7568 9371 7568 9372 7590 9372 7589 9372 7590 9373 7568 9373 7570 9373 7591 9374 7578 9374 7569 9374 7569 9375 7589 9375 7591 9375 7570 9376 7592 9376 7590 9376 7570 9377 7571 9377 7593 9377 7593 9378 7592 9378 7570 9378 7593 9379 7571 9379 7572 9379 7572 9380 7594 9380 7593 9380 7594 9381 7572 9381 7573 9381 7573 9382 7595 9382 7594 9382 7595 9383 7573 9383 7574 9383 7596 9384 7574 9384 7575 9384 7574 9385 7596 9385 7595 9385 7575 9386 7597 9386 7596 9386 7597 9387 7575 9387 7576 9387 7576 9388 7584 9388 7597 9388 7579 9389 7577 9389 7578 9389 7578 9390 7591 9390 7579 9390 7579 9391 7598 9391 7580 9391 7599 9392 7598 9392 7579 9392 7579 9393 7591 9393 7599 9393 7580 9394 7600 9394 7581 9394 7600 9395 7580 9395 7598 9395 7581 9396 7601 9396 7586 9396 7601 9397 7581 9397 7600 9397 7602 9398 7603 9398 7582 9398 7582 9399 7588 9399 7602 9399 7583 9400 7582 9400 7603 9400 7603 9401 7585 9401 7583 9401 7604 9402 7597 9402 7584 9402 7584 9403 7585 9403 7604 9403 7605 9404 7604 9404 7585 9404 7585 9405 7603 9405 7605 9405 7606 9406 7586 9406 7601 9406 7607 9407 7587 9407 7586 9407 7586 9408 7606 9408 7607 9408 7608 9409 7588 9409 7587 9409 7587 9410 7607 9410 7608 9410 7609 9411 7602 9411 7588 9411 7588 9412 7608 9412 7609 9412 7599 9413 7591 9413 7589 9413 7589 9414 7610 9414 7599 9414 7610 9415 7589 9415 7590 9415 7590 9416 7611 9416 7610 9416 7611 9417 7590 9417 7592 9417 7592 9418 7612 9418 7611 9418 7592 9419 7593 9419 7613 9419 7613 9420 7612 9420 7592 9420 7613 9421 7593 9421 7594 9421 7594 9422 7614 9422 7613 9422 7614 9423 7594 9423 7595 9423 7595 9424 7615 9424 7614 9424 7615 9425 7595 9425 7596 9425 7596 9426 7616 9426 7615 9426 7616 9427 7596 9427 7597 9427 7597 9428 7604 9428 7616 9428 7598 9429 7617 9429 7600 9429 7617 9430 7598 9430 7599 9430 7599 9431 7618 9431 7617 9431 7618 9432 7599 9432 7610 9432 7600 9433 7619 9433 7601 9433 7619 9434 7600 9434 7617 9434 7601 9435 7620 9435 7606 9435 7620 9436 7601 9436 7619 9436 7603 9437 7602 9437 7621 9437 7622 9438 7621 9438 7602 9438 7602 9439 7609 9439 7622 9439 7621 9440 7605 9440 7603 9440 7623 9441 7616 9441 7604 9441 7604 9442 7605 9442 7623 9442 7624 9443 7623 9443 7605 9443 7605 9444 7621 9444 7624 9444 7625 9445 7606 9445 7620 9445 7626 9446 7607 9446 7606 9446 7606 9447 7625 9447 7626 9447 7627 9448 7608 9448 7607 9448 7607 9449 7626 9449 7627 9449 7628 9450 7609 9450 7608 9450 7608 9451 7627 9451 7628 9451 7629 9452 7622 9452 7609 9452 7609 9453 7628 9453 7629 9453 7610 9454 7630 9454 7618 9454 7630 9455 7610 9455 7611 9455 7611 9456 7631 9456 7630 9456 7631 9457 7611 9457 7612 9457 7612 9458 7613 9458 7632 9458 7632 9459 7633 9459 7612 9459 7612 9460 7633 9460 7631 9460 7632 9461 7613 9461 7614 9461 7614 9462 7634 9462 7632 9462 7634 9463 7614 9463 7615 9463 7615 9464 7635 9464 7634 9464 7635 9465 7615 9465 7616 9465 7616 9466 7623 9466 7635 9466 7617 9467 7636 9467 7619 9467 7636 9468 7617 9468 7618 9468 7618 9469 7637 9469 7636 9469 7637 9470 7618 9470 7630 9470 7638 9471 7619 9471 7636 9471 7619 9472 7638 9472 7620 9472 7620 9473 7639 9473 7625 9473 7639 9474 7620 9474 7638 9474 7640 9475 7624 9475 7621 9475 7621 9476 7622 9476 7640 9476 7641 9477 7640 9477 7622 9477 7622 9478 7629 9478 7641 9478 7642 9479 7635 9479 7623 9479 7623 9480 7624 9480 7642 9480 7643 9481 7642 9481 7624 9481 7624 9482 7640 9482 7643 9482 7644 9483 7625 9483 7639 9483 7644 9484 7626 9484 7625 9484 7644 9485 7627 9485 7626 9485 7644 9486 7628 9486 7627 9486 7644 9487 7629 9487 7628 9487 7644 9488 7641 9488 7629 9488 7630 9489 7645 9489 7637 9489 7645 9490 7630 9490 7631 9490 7631 9491 7646 9491 7645 9491 7646 9492 7631 9492 7633 9492 7633 9493 7632 9493 7647 9493 7647 9494 7632 9494 7634 9494 7633 9495 7648 9495 7646 9495 7647 9496 7648 9496 7633 9496 7634 9497 7649 9497 7647 9497 7649 9498 7634 9498 7635 9498 7635 9499 7642 9499 7649 9499 7636 9500 7650 9500 7638 9500 7650 9501 7636 9501 7637 9501 7651 9502 7637 9502 7645 9502 7637 9503 7651 9503 7650 9503 7652 9504 7638 9504 7650 9504 7638 9505 7652 9505 7639 9505 7644 9506 7639 9506 7652 9506 7653 9507 7643 9507 7640 9507 7640 9508 7641 9508 7653 9508 7644 9509 7653 9509 7641 9509 7654 9510 7649 9510 7642 9510 7642 9511 7643 9511 7654 9511 7655 9512 7654 9512 7643 9512 7643 9513 7653 9513 7655 9513 7644 9514 7655 9514 7653 9514 7644 9515 7656 9515 7655 9515 7644 9516 7657 9516 7656 9516 7658 9517 7657 9517 7644 9517 7644 9518 7659 9518 7658 9518 7644 9519 7660 9519 7659 9519 7644 9520 7661 9520 7660 9520 7644 9521 7652 9521 7661 9521 7645 9522 7662 9522 7651 9522 7662 9523 7645 9523 7646 9523 7663 9524 7646 9524 7648 9524 7646 9525 7663 9525 7662 9525 7664 9526 7647 9526 7649 9526 7665 9527 7648 9527 7647 9527 7647 9528 7664 9528 7665 9528 7648 9529 7665 9529 7663 9529 7649 9530 7654 9530 7664 9530 7661 9531 7650 9531 7651 9531 7650 9532 7661 9532 7652 9532 7651 9533 7660 9533 7661 9533 7660 9534 7651 9534 7662 9534 7656 9535 7664 9535 7654 9535 7654 9536 7655 9536 7656 9536 7664 9537 7656 9537 7657 9537 7665 9538 7657 9538 7658 9538 7657 9539 7665 9539 7664 9539 7658 9540 7663 9540 7665 9540 7663 9541 7658 9541 7659 9541 7662 9542 7659 9542 7660 9542 7659 9543 7662 9543 7663 9543 7666 9544 7667 9544 7668 9544 7668 9545 7669 9545 7666 9545 7670 9546 7666 9546 7671 9546 7667 9547 7666 9547 7670 9547 7666 9548 7669 9548 7672 9548 7672 9549 7671 9549 7666 9549 7673 9550 7674 9550 7667 9550 7667 9551 7675 9551 7673 9551 7667 9552 7674 9552 7676 9552 7676 9553 7668 9553 7667 9553 7670 9554 7675 9554 7667 9554 7677 9555 7669 9555 7668 9555 7668 9556 7678 9556 7677 9556 7678 9557 7668 9557 7676 9557 7672 9558 7669 9558 7677 9558 7679 9559 7670 9559 7680 9559 7671 9560 7680 9560 7670 9560 7675 9561 7670 9561 7679 9561 7681 9562 7671 9562 7672 9562 7680 9563 7671 9563 7681 9563 7672 9564 7682 9564 7681 9564 7682 9565 7672 9565 7683 9565 7677 9566 7683 9566 7672 9566 7673 9567 7684 9567 7685 9567 7685 9568 7686 9568 7673 9568 7687 9569 7684 9569 7673 9569 7673 9570 7675 9570 7687 9570 7674 9571 7673 9571 7686 9571 7686 9572 7688 9572 7674 9572 7674 9573 7688 9573 7689 9573 7689 9574 7676 9574 7674 9574 7679 9575 7687 9575 7675 9575 7676 9576 7689 9576 7690 9576 7690 9577 7691 9577 7676 9577 7676 9578 7691 9578 7678 9578 7683 9579 7677 9579 7692 9579 7692 9580 7677 9580 7678 9580 7678 9581 7691 9581 7693 9581 7693 9582 7694 9582 7678 9582 7678 9583 7694 9583 7692 9583 7680 9584 7695 9584 7679 9584 7696 9585 7687 9585 7679 9585 7696 9586 7679 9586 7695 9586 7681 9587 7697 9587 7680 9587 7680 9588 7697 9588 7698 9588 7698 9589 7695 9589 7680 9589 7681 9590 7682 9590 7699 9590 7699 9591 7700 9591 7681 9591 7697 9592 7681 9592 7700 9592 7683 9593 7701 9593 7682 9593 7702 9594 7699 9594 7682 9594 7682 9595 7701 9595 7702 9595 7692 9596 7703 9596 7683 9596 7701 9597 7683 9597 7703 9597 7696 9598 7684 9598 7687 9598 7696 9599 7685 9599 7684 9599 7686 9600 7685 9600 7704 9600 7696 9601 7704 9601 7685 9601 7688 9602 7686 9602 7705 9602 7704 9603 7705 9603 7686 9603 7705 9604 7706 9604 7688 9604 7689 9605 7688 9605 7706 9605 7706 9606 7707 9606 7689 9606 7689 9607 7707 9607 7708 9607 7708 9608 7690 9608 7689 9608 7690 9609 7708 9609 7709 9609 7709 9610 7710 9610 7690 9610 7691 9611 7690 9611 7710 9611 7710 9612 7693 9612 7691 9612 7692 9613 7694 9613 7703 9613 7694 9614 7693 9614 7711 9614 7693 9615 7710 9615 7712 9615 7712 9616 7711 9616 7693 9616 7711 9617 7703 9617 7694 9617 7696 9618 7695 9618 7698 9618 7696 9619 7713 9619 7704 9619 7696 9620 7714 9620 7713 9620 7696 9621 7715 9621 7714 9621 7696 9622 7716 9622 7715 9622 7696 9623 7717 9623 7716 9623 7696 9624 7718 9624 7717 9624 7696 9625 7719 9625 7718 9625 7696 9626 7720 9626 7719 9626 7696 9627 7721 9627 7720 9627 7696 9628 7698 9628 7721 9628 7698 9629 7697 9629 7722 9629 7700 9630 7722 9630 7697 9630 7722 9631 7721 9631 7698 9631 7723 9632 7700 9632 7699 9632 7699 9633 7724 9633 7723 9633 7725 9634 7724 9634 7699 9634 7699 9635 7702 9635 7725 9635 7722 9636 7700 9636 7723 9636 7703 9637 7711 9637 7701 9637 7702 9638 7701 9638 7711 9638 7725 9639 7702 9639 7712 9639 7711 9640 7712 9640 7702 9640 7726 9641 7705 9641 7704 9641 7704 9642 7713 9642 7726 9642 7705 9643 7726 9643 7727 9643 7727 9644 7706 9644 7705 9644 7706 9645 7727 9645 7728 9645 7728 9646 7707 9646 7706 9646 7708 9647 7707 9647 7728 9647 7728 9648 7729 9648 7708 9648 7708 9649 7729 9649 7730 9649 7730 9650 7709 9650 7708 9650 7710 9651 7709 9651 7731 9651 7709 9652 7730 9652 7732 9652 7732 9653 7731 9653 7709 9653 7731 9654 7712 9654 7710 9654 7712 9655 7731 9655 7725 9655 7733 9656 7726 9656 7713 9656 7713 9657 7714 9657 7733 9657 7733 9658 7714 9658 7715 9658 7715 9659 7734 9659 7733 9659 7734 9660 7715 9660 7716 9660 7735 9661 7736 9661 7716 9661 7716 9662 7717 9662 7735 9662 7716 9663 7736 9663 7734 9663 7735 9664 7717 9664 7718 9664 7718 9665 7737 9665 7735 9665 7737 9666 7718 9666 7719 9666 7738 9667 7719 9667 7720 9667 7719 9668 7738 9668 7737 9668 7722 9669 7739 9669 7720 9669 7720 9670 7721 9670 7722 9670 7720 9671 7739 9671 7738 9671 7723 9672 7739 9672 7722 9672 7723 9673 7724 9673 7740 9673 7740 9674 7741 9674 7723 9674 7739 9675 7723 9675 7741 9675 7740 9676 7724 9676 7725 9676 7725 9677 7742 9677 7740 9677 7742 9678 7725 9678 7731 9678 7727 9679 7726 9679 7733 9679 7733 9680 7743 9680 7727 9680 7727 9681 7743 9681 7744 9681 7744 9682 7728 9682 7727 9682 7729 9683 7728 9683 7744 9683 7744 9684 7745 9684 7729 9684 7729 9685 7745 9685 7746 9685 7746 9686 7730 9686 7729 9686 7730 9687 7746 9687 7747 9687 7747 9688 7732 9688 7730 9688 7731 9689 7732 9689 7742 9689 7748 9690 7742 9690 7732 9690 7732 9691 7747 9691 7748 9691 7743 9692 7733 9692 7734 9692 7749 9693 7734 9693 7736 9693 7734 9694 7749 9694 7743 9694 7735 9695 7750 9695 7751 9695 7751 9696 7736 9696 7735 9696 7750 9697 7735 9697 7737 9697 7736 9698 7751 9698 7749 9698 7737 9699 7752 9699 7750 9699 7752 9700 7737 9700 7738 9700 7741 9701 7738 9701 7739 9701 7738 9702 7741 9702 7752 9702 7741 9703 7740 9703 7753 9703 7753 9704 7740 9704 7742 9704 7753 9705 7752 9705 7741 9705 7742 9706 7748 9706 7753 9706 7744 9707 7743 9707 7749 9707 7744 9708 7754 9708 7755 9708 7755 9709 7745 9709 7744 9709 7749 9710 7754 9710 7744 9710 7745 9711 7755 9711 7756 9711 7756 9712 7746 9712 7745 9712 7746 9713 7756 9713 7757 9713 7757 9714 7747 9714 7746 9714 7758 9715 7748 9715 7747 9715 7747 9716 7757 9716 7758 9716 7753 9717 7748 9717 7758 9717 7754 9718 7749 9718 7751 9718 7751 9719 7750 9719 7759 9719 7759 9720 7750 9720 7752 9720 7759 9721 7760 9721 7751 9721 7751 9722 7760 9722 7754 9722 7752 9723 7753 9723 7759 9723 7758 9724 7759 9724 7753 9724 7754 9725 7760 9725 7761 9725 7761 9726 7755 9726 7754 9726 7756 9727 7755 9727 7761 9727 7757 9728 7756 9728 7762 9728 7761 9729 7762 9729 7756 9729 7761 9730 7758 9730 7757 9730 7757 9731 7762 9731 7761 9731 7759 9732 7758 9732 7761 9732 7761 9733 7760 9733 7759 9733 7763 9734 7764 9734 7765 9734 7765 9735 7766 9735 7763 9735 7767 9736 7763 9736 7766 9736 7764 9737 7763 9737 7768 9737 7763 9738 7767 9738 7769 9738 7769 9739 7768 9739 7763 9739 7770 9740 7764 9740 7771 9740 7768 9741 7771 9741 7764 9741 7764 9742 7770 9742 7772 9742 7772 9743 7765 9743 7764 9743 7773 712 7765 712 7772 712 7773 9744 7766 9744 7765 9744 7766 9745 7774 9745 7767 9745 7773 712 7774 712 7766 712 7775 9746 7767 9746 7774 9746 7767 9747 7775 9747 7776 9747 7776 9748 7769 9748 7767 9748 7771 9749 7768 9749 7777 9749 7777 9750 7768 9750 7769 9750 7769 9751 7776 9751 7778 9751 7778 9752 7779 9752 7769 9752 7769 9753 7779 9753 7777 9753 7780 9754 7770 9754 7781 9754 7772 9755 7770 9755 7780 9755 7771 9756 7781 9756 7770 9756 7781 9757 7771 9757 7782 9757 7777 9758 7782 9758 7771 9758 7780 9759 7783 9759 7772 9759 7773 9760 7772 9760 7783 9760 7773 9761 7783 9761 7784 9761 7773 712 7785 712 7774 712 7773 712 7786 712 7785 712 7773 9762 7787 9762 7786 9762 7773 9763 7788 9763 7787 9763 7773 9764 7789 9764 7788 9764 7773 9765 7790 9765 7789 9765 7773 9766 7791 9766 7790 9766 7773 712 7792 712 7791 712 7773 712 7793 712 7792 712 7773 712 7794 712 7793 712 7773 712 7784 712 7794 712 7774 9767 7785 9767 7775 9767 7795 9768 7775 9768 7785 9768 7775 9769 7795 9769 7796 9769 7796 9770 7776 9770 7775 9770 7776 9771 7796 9771 7797 9771 7797 9772 7778 9772 7776 9772 7798 9773 7777 9773 7779 9773 7798 9774 7782 9774 7777 9774 7798 9775 7778 9775 7797 9775 7798 579 7779 579 7778 579 7781 9776 7799 9776 7780 9776 7800 9777 7780 9777 7799 9777 7780 9778 7800 9778 7784 9778 7784 9779 7783 9779 7780 9779 7799 9780 7781 9780 7801 9780 7782 9781 7801 9781 7781 9781 7798 9782 7801 9782 7782 9782 7794 9783 7784 9783 7800 9783 7785 9784 7786 9784 7795 9784 7802 9785 7795 9785 7786 9785 7786 9786 7787 9786 7802 9786 7803 9787 7802 9787 7787 9787 7787 9788 7788 9788 7803 9788 7804 9789 7803 9789 7788 9789 7788 9790 7789 9790 7804 9790 7805 9791 7804 9791 7789 9791 7789 9792 7790 9792 7805 9792 7806 9793 7805 9793 7790 9793 7790 9794 7791 9794 7806 9794 7807 9795 7806 9795 7791 9795 7791 9796 7792 9796 7807 9796 7808 9797 7807 9797 7792 9797 7792 9798 7793 9798 7808 9798 7809 9799 7808 9799 7793 9799 7793 9800 7794 9800 7809 9800 7800 9801 7809 9801 7794 9801 7795 9802 7802 9802 7810 9802 7810 9803 7796 9803 7795 9803 7796 9804 7810 9804 7811 9804 7811 9805 7797 9805 7796 9805 7798 579 7797 579 7811 579 7798 9806 7812 9806 7801 9806 7798 9807 7813 9807 7814 9807 7798 9808 7815 9808 7813 9808 7798 579 7816 579 7815 579 7798 9809 7817 9809 7816 9809 7798 579 7818 579 7817 579 7798 579 7819 579 7818 579 7798 9810 7811 9810 7819 9810 7798 9811 7814 9811 7820 9811 7798 9812 7820 9812 7812 9812 7801 9813 7812 9813 7799 9813 7799 9814 7821 9814 7800 9814 7799 9815 7812 9815 7820 9815 7820 9816 7821 9816 7799 9816 7809 9817 7800 9817 7821 9817 7802 9818 7803 9818 7822 9818 7822 9819 7810 9819 7802 9819 7803 9820 7804 9820 7823 9820 7823 9821 7822 9821 7803 9821 7804 9822 7805 9822 7824 9822 7824 9823 7823 9823 7804 9823 7805 9824 7806 9824 7825 9824 7825 9825 7824 9825 7805 9825 7806 9826 7807 9826 7826 9826 7826 9827 7825 9827 7806 9827 7807 9828 7808 9828 7827 9828 7827 9829 7826 9829 7807 9829 7808 9830 7809 9830 7828 9830 7828 9831 7827 9831 7808 9831 7821 9832 7828 9832 7809 9832 7811 9833 7810 9833 7822 9833 7822 9834 7819 9834 7811 9834 7826 9835 7827 9835 7813 9835 7813 9836 7815 9836 7826 9836 7814 9837 7813 9837 7827 9837 7827 9838 7828 9838 7814 9838 7821 9839 7820 9839 7814 9839 7814 9840 7828 9840 7821 9840 7826 9841 7815 9841 7816 9841 7825 9842 7816 9842 7817 9842 7816 9843 7825 9843 7826 9843 7817 9844 7824 9844 7825 9844 7823 9845 7824 9845 7817 9845 7817 9846 7818 9846 7823 9846 7822 9847 7823 9847 7818 9847 7818 9848 7819 9848 7822 9848 0 9849 1 9849 2 9849</p>
        </triangles>
        <triangles material="mat_2-material" count="6280">
          <input semantic="VERTEX" source="#geometry_f44b781c_b8b1_42f6_a000_4d6869c42b37-mesh-vertices" offset="0"/>
          <input semantic="NORMAL" source="#geometry_f44b781c_b8b1_42f6_a000_4d6869c42b37-mesh-normals" offset="1"/>
          <p>2 9850 1 9850 3 9850 4 9851 0 9851 5 9851 5 9852 0 9852 2 9852 6 1141 4 1141 7 1141 7 1141 4 1141 5 1141 8 9853 6 9853 9 9853 9 9853 6 9853 7 9853 10 9854 8 9854 11 9854 11 9854 8 9854 9 9854 1 1186 10 1186 3 1186 3 1186 10 1186 11 1186 12 9851 13 9851 14 9851 14 9852 13 9852 15 9852 16 1141 12 1141 17 1141 17 1141 12 1141 14 1141 18 9853 16 9853 19 9853 19 9853 16 9853 17 9853 20 9854 18 9854 21 9854 21 9855 18 9855 19 9855 22 1186 20 1186 23 1186 23 1186 20 1186 21 1186 13 9849 22 9849 15 9849 15 9856 22 9856 23 9856 24 1186 25 1186 26 1186 26 1186 25 1186 27 1186 28 9849 24 9849 29 9849 29 9857 24 9857 26 9857 30 9858 28 9858 31 9858 31 9852 28 9852 29 9852 32 1141 30 1141 33 1141 33 1141 30 1141 31 1141 34 9853 32 9853 35 9853 35 9859 32 9859 33 9859 25 9860 34 9860 27 9860 27 9854 34 9854 35 9854 36 1186 37 1186 38 1186 38 1186 37 1186 39 1186 40 9849 36 9849 41 9849 41 9857 36 9857 38 9857 42 9858 40 9858 43 9858 43 9852 40 9852 41 9852 44 1141 42 1141 45 1141 45 1141 42 1141 43 1141 46 9853 44 9853 47 9853 47 9859 44 9859 45 9859 37 9860 46 9860 39 9860 39 9854 46 9854 47 9854 48 1186 49 1186 50 1186 50 1186 49 1186 51 1186 52 9857 48 9857 53 9857 53 9857 48 9857 50 9857 54 9858 52 9858 55 9858 55 9858 52 9858 53 9858 56 1141 54 1141 57 1141 57 1141 54 1141 55 1141 58 9859 56 9859 59 9859 59 9861 56 9861 57 9861 49 9862 58 9862 51 9862 51 9860 58 9860 59 9860 60 1186 61 1186 62 1186 62 1186 61 1186 63 1186 64 9857 60 9857 65 9857 65 9857 60 9857 62 9857 66 9858 64 9858 67 9858 67 9858 64 9858 65 9858 68 1141 66 1141 69 1141 69 1141 66 1141 67 1141 70 9859 68 9859 71 9859 71 9861 68 9861 69 9861 61 9862 70 9862 63 9862 63 9860 70 9860 71 9860 72 1186 73 1186 74 1186 74 1186 73 1186 75 1186 76 9857 72 9857 77 9857 77 9863 72 9863 74 9863 78 9858 76 9858 79 9858 79 9858 76 9858 77 9858 80 1141 78 1141 81 1141 81 1141 78 1141 79 1141 82 9859 80 9859 83 9859 83 9859 80 9859 81 9859 73 9860 82 9860 75 9860 75 9864 82 9864 83 9864 84 1186 85 1186 86 1186 86 1186 85 1186 87 1186 88 9857 84 9857 89 9857 89 9857 84 9857 86 9857 90 9858 88 9858 91 9858 91 9858 88 9858 89 9858 92 1141 90 1141 93 1141 93 1141 90 1141 91 1141 94 9859 92 9859 95 9859 95 9859 92 9859 93 9859 85 9860 94 9860 87 9860 87 9860 94 9860 95 9860 96 1186 97 1186 98 1186 98 1186 97 1186 99 1186 100 9865 96 9865 101 9865 101 9865 96 9865 98 9865 102 9866 100 9866 103 9866 103 9866 100 9866 101 9866 104 1141 102 1141 105 1141 105 1141 102 1141 103 1141 106 9861 104 9861 107 9861 107 9861 104 9861 105 9861 97 9862 106 9862 99 9862 99 9862 106 9862 107 9862 108 1186 109 1186 110 1186 110 1186 109 1186 111 1186 112 9865 108 9865 113 9865 113 9865 108 9865 110 9865 114 9866 112 9866 115 9866 115 9866 112 9866 113 9866 116 1141 114 1141 117 1141 117 1141 114 1141 115 1141 118 9861 116 9861 119 9861 119 9861 116 9861 117 9861 109 9862 118 9862 111 9862 111 9862 118 9862 119 9862 120 1186 121 1186 122 1186 122 1186 121 1186 123 1186 124 9865 120 9865 125 9865 125 9867 120 9867 122 9867 126 9866 124 9866 127 9866 127 9866 124 9866 125 9866 128 1141 126 1141 129 1141 129 1141 126 1141 127 1141 130 9861 128 9861 131 9861 131 9861 128 9861 129 9861 121 9862 130 9862 123 9862 123 9868 130 9868 131 9868 132 1186 133 1186 134 1186 134 1186 133 1186 135 1186 136 9865 132 9865 137 9865 137 9865 132 9865 134 9865 138 9866 136 9866 139 9866 139 9866 136 9866 137 9866 140 1141 138 1141 141 1141 141 1141 138 1141 139 1141 142 9861 140 9861 143 9861 143 9861 140 9861 141 9861 133 9862 142 9862 135 9862 135 9862 142 9862 143 9862 144 1186 145 1186 146 1186 146 1186 145 1186 147 1186 148 9865 144 9865 149 9865 149 9865 144 9865 146 9865 150 9866 148 9866 151 9866 151 9866 148 9866 149 9866 152 1141 150 1141 153 1141 153 1141 150 1141 151 1141 154 9861 152 9861 155 9861 155 9861 152 9861 153 9861 145 9862 154 9862 147 9862 147 9862 154 9862 155 9862 156 1186 157 1186 158 1186 158 1186 157 1186 159 1186 160 9865 156 9865 161 9865 161 9865 156 9865 158 9865 162 9866 160 9866 163 9866 163 9866 160 9866 161 9866 164 1141 162 1141 165 1141 165 1141 162 1141 163 1141 166 9861 164 9861 167 9861 167 9861 164 9861 165 9861 157 9862 166 9862 159 9862 159 9862 166 9862 167 9862 168 1186 169 1186 170 1186 170 1186 169 1186 171 1186 172 9865 168 9865 173 9865 173 9865 168 9865 170 9865 174 9866 172 9866 175 9866 175 9866 172 9866 173 9866 176 1141 174 1141 177 1141 177 1141 174 1141 175 1141 178 9861 176 9861 179 9861 179 9861 176 9861 177 9861 169 9862 178 9862 171 9862 171 9862 178 9862 179 9862 180 1186 181 1186 182 1186 182 1186 181 1186 183 1186 184 9865 180 9865 185 9865 185 9867 180 9867 182 9867 186 9866 184 9866 187 9866 187 9866 184 9866 185 9866 188 1141 186 1141 189 1141 189 1141 186 1141 187 1141 190 9861 188 9861 191 9861 191 9869 188 9869 189 9869 181 9870 190 9870 183 9870 183 9868 190 9868 191 9868 192 1186 193 1186 194 1186 194 1186 193 1186 195 1186 196 9865 192 9865 197 9865 197 9865 192 9865 194 9865 198 9866 196 9866 199 9866 199 9866 196 9866 197 9866 200 1141 198 1141 201 1141 201 1141 198 1141 199 1141 202 9861 200 9861 203 9861 203 9869 200 9869 201 9869 193 9870 202 9870 195 9870 195 9862 202 9862 203 9862 204 1186 205 1186 206 1186 206 1186 205 1186 207 1186 208 9871 204 9871 209 9871 209 9865 204 9865 206 9865 210 9866 208 9866 211 9866 211 9872 208 9872 209 9872 212 1141 210 1141 213 1141 213 1141 210 1141 211 1141 214 9873 212 9873 215 9873 215 9861 212 9861 213 9861 205 9862 214 9862 207 9862 207 9874 214 9874 215 9874 216 1186 217 1186 218 1186 218 1186 217 1186 219 1186 220 9871 216 9871 221 9871 221 9865 216 9865 218 9865 222 9866 220 9866 223 9866 223 9872 220 9872 221 9872 224 1141 222 1141 225 1141 225 1141 222 1141 223 1141 226 9873 224 9873 227 9873 227 9861 224 9861 225 9861 217 9862 226 9862 219 9862 219 9874 226 9874 227 9874 228 1186 229 1186 230 1186 230 1186 229 1186 231 1186 232 9871 228 9871 233 9871 233 9867 228 9867 230 9867 234 9866 232 9866 235 9866 235 9872 232 9872 233 9872 236 1141 234 1141 237 1141 237 1141 234 1141 235 1141 238 9873 236 9873 239 9873 239 9861 236 9861 237 9861 229 9862 238 9862 231 9862 231 9875 238 9875 239 9875 240 1186 241 1186 242 1186 242 1186 241 1186 243 1186 244 9871 240 9871 245 9871 245 9865 240 9865 242 9865 246 9866 244 9866 247 9866 247 9872 244 9872 245 9872 248 1141 246 1141 249 1141 249 1141 246 1141 247 1141 250 9873 248 9873 251 9873 251 9861 248 9861 249 9861 241 9862 250 9862 243 9862 243 9874 250 9874 251 9874 252 1186 253 1186 254 1186 254 1186 253 1186 255 1186 256 9871 252 9871 257 9871 257 9865 252 9865 254 9865 258 9866 256 9866 259 9866 259 9872 256 9872 257 9872 260 1141 258 1141 261 1141 261 1141 258 1141 259 1141 262 9873 260 9873 263 9873 263 9861 260 9861 261 9861 253 9862 262 9862 255 9862 255 9874 262 9874 263 9874 264 1186 265 1186 266 1186 266 1186 265 1186 267 1186 268 9871 264 9871 269 9871 269 9865 264 9865 266 9865 270 9866 268 9866 271 9866 271 9872 268 9872 269 9872 272 1141 270 1141 273 1141 273 1141 270 1141 271 1141 274 9873 272 9873 275 9873 275 9861 272 9861 273 9861 265 9862 274 9862 267 9862 267 9874 274 9874 275 9874 276 1186 277 1186 278 1186 278 1186 277 1186 279 1186 280 9871 276 9871 281 9871 281 9865 276 9865 278 9865 282 9866 280 9866 283 9866 283 9872 280 9872 281 9872 284 1141 282 1141 285 1141 285 1141 282 1141 283 1141 286 9873 284 9873 287 9873 287 9861 284 9861 285 9861 277 9862 286 9862 279 9862 279 9874 286 9874 287 9874 288 1186 289 1186 290 1186 290 1186 289 1186 291 1186 292 9871 288 9871 293 9871 293 9867 288 9867 290 9867 294 9866 292 9866 295 9866 295 9872 292 9872 293 9872 296 1141 294 1141 297 1141 297 1141 294 1141 295 1141 298 9873 296 9873 299 9873 299 9873 296 9873 297 9873 289 9874 298 9874 291 9874 291 9875 298 9875 299 9875 300 1186 301 1186 302 1186 302 1186 301 1186 303 1186 304 9871 300 9871 305 9871 305 9865 300 9865 302 9865 306 9866 304 9866 307 9866 307 9872 304 9872 305 9872 308 1141 306 1141 309 1141 309 1141 306 1141 307 1141 310 9873 308 9873 311 9873 311 9873 308 9873 309 9873 301 9874 310 9874 303 9874 303 9874 310 9874 311 9874 312 1186 313 1186 314 1186 314 1186 313 1186 315 1186 316 9871 312 9871 317 9871 317 9865 312 9865 314 9865 318 9866 316 9866 319 9866 319 9872 316 9872 317 9872 320 1141 318 1141 321 1141 321 1141 318 1141 319 1141 322 9873 320 9873 323 9873 323 9873 320 9873 321 9873 313 9874 322 9874 315 9874 315 9874 322 9874 323 9874 324 1186 325 1186 326 1186 326 1186 325 1186 327 1186 328 9871 324 9871 329 9871 329 9865 324 9865 326 9865 330 9866 328 9866 331 9866 331 9872 328 9872 329 9872 332 1141 330 1141 333 1141 333 1141 330 1141 331 1141 334 9873 332 9873 335 9873 335 9873 332 9873 333 9873 325 9874 334 9874 327 9874 327 9874 334 9874 335 9874 336 1186 337 1186 338 1186 338 1186 337 1186 339 1186 340 9871 336 9871 341 9871 341 9865 336 9865 338 9865 342 9866 340 9866 343 9866 343 9872 340 9872 341 9872 344 1141 342 1141 345 1141 345 1141 342 1141 343 1141 346 9873 344 9873 347 9873 347 9873 344 9873 345 9873 337 9874 346 9874 339 9874 339 9874 346 9874 347 9874 348 1186 349 1186 350 1186 350 1186 349 1186 351 1186 352 9871 348 9871 353 9871 353 9865 348 9865 350 9865 354 9866 352 9866 355 9866 355 9872 352 9872 353 9872 356 1141 354 1141 357 1141 357 1141 354 1141 355 1141 358 9873 356 9873 359 9873 359 9873 356 9873 357 9873 349 9874 358 9874 351 9874 351 9874 358 9874 359 9874 360 1186 361 1186 362 1186 362 1186 361 1186 363 1186 364 9871 360 9871 365 9871 365 9865 360 9865 362 9865 366 9866 364 9866 367 9866 367 9872 364 9872 365 9872 368 1141 366 1141 369 1141 369 1141 366 1141 367 1141 370 9873 368 9873 371 9873 371 9873 368 9873 369 9873 361 9874 370 9874 363 9874 363 9874 370 9874 371 9874 372 1186 373 1186 374 1186 374 1186 373 1186 375 1186 376 9871 372 9871 377 9871 377 9865 372 9865 374 9865 378 9866 376 9866 379 9866 379 9872 376 9872 377 9872 380 1141 378 1141 381 1141 381 1141 378 1141 379 1141 382 9873 380 9873 383 9873 383 9873 380 9873 381 9873 373 9874 382 9874 375 9874 375 9874 382 9874 383 9874 384 1186 385 1186 386 1186 386 1186 385 1186 387 1186 388 9871 384 9871 389 9871 389 9867 384 9867 386 9867 390 9866 388 9866 391 9866 391 9872 388 9872 389 9872 392 1141 390 1141 393 1141 393 1141 390 1141 391 1141 394 9873 392 9873 395 9873 395 9861 392 9861 393 9861 385 9862 394 9862 387 9862 387 9875 394 9875 395 9875 396 1186 397 1186 398 1186 398 1186 397 1186 399 1186 400 9871 396 9871 401 9871 401 9865 396 9865 398 9865 402 9866 400 9866 403 9866 403 9872 400 9872 401 9872 404 1141 402 1141 405 1141 405 1141 402 1141 403 1141 406 9873 404 9873 407 9873 407 9861 404 9861 405 9861 397 9862 406 9862 399 9862 399 9874 406 9874 407 9874 408 1186 409 1186 410 1186 410 1186 409 1186 411 1186 412 9871 408 9871 413 9871 413 9865 408 9865 410 9865 414 9866 412 9866 415 9866 415 9872 412 9872 413 9872 416 1141 414 1141 417 1141 417 1141 414 1141 415 1141 418 9873 416 9873 419 9873 419 9861 416 9861 417 9861 409 9862 418 9862 411 9862 411 9874 418 9874 419 9874 420 1186 421 1186 422 1186 422 1186 421 1186 423 1186 424 9871 420 9871 425 9871 425 9865 420 9865 422 9865 426 9866 424 9866 427 9866 427 9872 424 9872 425 9872 428 1141 426 1141 429 1141 429 1141 426 1141 427 1141 430 9873 428 9873 431 9873 431 9861 428 9861 429 9861 421 9862 430 9862 423 9862 423 9874 430 9874 431 9874 432 1186 433 1186 434 1186 434 1186 433 1186 435 1186 436 9871 432 9871 437 9871 437 9867 432 9867 434 9867 438 9866 436 9866 439 9866 439 9872 436 9872 437 9872 440 1141 438 1141 441 1141 441 1141 438 1141 439 1141 442 9873 440 9873 443 9873 443 9861 440 9861 441 9861 433 9862 442 9862 435 9862 435 9875 442 9875 443 9875 444 1186 445 1186 446 1186 446 1186 445 1186 447 1186 448 9871 444 9871 449 9871 449 9865 444 9865 446 9865 450 9866 448 9866 451 9866 451 9872 448 9872 449 9872 452 1141 450 1141 453 1141 453 1141 450 1141 451 1141 454 9873 452 9873 455 9873 455 9861 452 9861 453 9861 445 9862 454 9862 447 9862 447 9874 454 9874 455 9874 456 1186 457 1186 458 1186 458 1186 457 1186 459 1186 460 9871 456 9871 461 9871 461 9865 456 9865 458 9865 462 9866 460 9866 463 9866 463 9872 460 9872 461 9872 464 1141 462 1141 465 1141 465 1141 462 1141 463 1141 466 9873 464 9873 467 9873 467 9861 464 9861 465 9861 457 9862 466 9862 459 9862 459 9874 466 9874 467 9874 468 1186 469 1186 470 1186 470 1186 469 1186 471 1186 472 9865 468 9865 473 9865 473 9865 468 9865 470 9865 474 9866 472 9866 475 9866 475 9866 472 9866 473 9866 476 1141 474 1141 477 1141 477 1141 474 1141 475 1141 478 9861 476 9861 479 9861 479 9869 476 9869 477 9869 469 9870 478 9870 471 9870 471 9862 478 9862 479 9862 480 1186 481 1186 482 1186 482 1186 481 1186 483 1186 484 9865 480 9865 485 9865 485 9865 480 9865 482 9865 486 9866 484 9866 487 9866 487 9866 484 9866 485 9866 488 1141 486 1141 489 1141 489 1141 486 1141 487 1141 490 9861 488 9861 491 9861 491 9869 488 9869 489 9869 481 9870 490 9870 483 9870 483 9862 490 9862 491 9862 492 1186 493 1186 494 1186 494 1186 493 1186 495 1186 496 9865 492 9865 497 9865 497 9867 492 9867 494 9867 498 9866 496 9866 499 9866 499 9866 496 9866 497 9866 500 1141 498 1141 501 1141 501 1141 498 1141 499 1141 502 9861 500 9861 503 9861 503 9861 500 9861 501 9861 493 9862 502 9862 495 9862 495 9868 502 9868 503 9868 504 1186 505 1186 506 1186 506 1186 505 1186 507 1186 508 9865 504 9865 509 9865 509 9865 504 9865 506 9865 510 9866 508 9866 511 9866 511 9866 508 9866 509 9866 512 1141 510 1141 513 1141 513 1141 510 1141 511 1141 514 9861 512 9861 515 9861 515 9861 512 9861 513 9861 505 9862 514 9862 507 9862 507 9862 514 9862 515 9862 516 1186 517 1186 518 1186 518 1186 517 1186 519 1186 520 9865 516 9865 521 9865 521 9865 516 9865 518 9865 522 9866 520 9866 523 9866 523 9866 520 9866 521 9866 524 1141 522 1141 525 1141 525 1141 522 1141 523 1141 526 9861 524 9861 527 9861 527 9861 524 9861 525 9861 517 9862 526 9862 519 9862 519 9862 526 9862 527 9862 528 1186 529 1186 530 1186 530 1186 529 1186 531 1186 532 9865 528 9865 533 9865 533 9865 528 9865 530 9865 534 9866 532 9866 535 9866 535 9866 532 9866 533 9866 536 1141 534 1141 537 1141 537 1141 534 1141 535 1141 538 9861 536 9861 539 9861 539 9861 536 9861 537 9861 529 9862 538 9862 531 9862 531 9862 538 9862 539 9862 540 1186 541 1186 542 1186 542 1186 541 1186 543 1186 544 9865 540 9865 545 9865 545 9867 540 9867 542 9867 546 9866 544 9866 547 9866 547 9866 544 9866 545 9866 548 1141 546 1141 549 1141 549 1141 546 1141 547 1141 550 9861 548 9861 551 9861 551 9861 548 9861 549 9861 541 9862 550 9862 543 9862 543 9868 550 9868 551 9868 552 1186 553 1186 554 1186 554 1186 553 1186 555 1186 556 9865 552 9865 557 9865 557 9865 552 9865 554 9865 558 9866 556 9866 559 9866 559 9866 556 9866 557 9866 560 1141 558 1141 561 1141 561 1141 558 1141 559 1141 562 9861 560 9861 563 9861 563 9861 560 9861 561 9861 553 9862 562 9862 555 9862 555 9862 562 9862 563 9862 564 1186 565 1186 566 1186 566 1186 565 1186 567 1186 568 9865 564 9865 569 9865 569 9865 564 9865 566 9865 570 9866 568 9866 571 9866 571 9866 568 9866 569 9866 572 1141 570 1141 573 1141 573 1141 570 1141 571 1141 574 9861 572 9861 575 9861 575 9861 572 9861 573 9861 565 9862 574 9862 567 9862 567 9862 574 9862 575 9862 576 1186 577 1186 578 1186 578 1186 577 1186 579 1186 580 9857 576 9857 581 9857 581 9857 576 9857 578 9857 582 9858 580 9858 583 9858 583 9858 580 9858 581 9858 584 1141 582 1141 585 1141 585 1141 582 1141 583 1141 586 9859 584 9859 587 9859 587 9859 584 9859 585 9859 577 9860 586 9860 579 9860 579 9860 586 9860 587 9860 588 1186 589 1186 590 1186 590 1186 589 1186 591 1186 592 9857 588 9857 593 9857 593 9857 588 9857 590 9857 594 9858 592 9858 595 9858 595 9858 592 9858 593 9858 596 1141 594 1141 597 1141 597 1141 594 1141 595 1141 598 9859 596 9859 599 9859 599 9859 596 9859 597 9859 589 9860 598 9860 591 9860 591 9860 598 9860 599 9860 600 1186 601 1186 602 1186 602 1186 601 1186 603 1186 604 9857 600 9857 605 9857 605 9863 600 9863 602 9863 606 9858 604 9858 607 9858 607 9858 604 9858 605 9858 608 1141 606 1141 609 1141 609 1141 606 1141 607 1141 610 9859 608 9859 611 9859 611 9861 608 9861 609 9861 601 9862 610 9862 603 9862 603 9864 610 9864 611 9864 612 1186 613 1186 614 1186 614 1186 613 1186 615 1186 616 9857 612 9857 617 9857 617 9857 612 9857 614 9857 618 9858 616 9858 619 9858 619 9858 616 9858 617 9858 620 1141 618 1141 621 1141 621 1141 618 1141 619 1141 622 9859 620 9859 623 9859 623 9861 620 9861 621 9861 613 9862 622 9862 615 9862 615 9860 622 9860 623 9860 624 1186 625 1186 626 1186 626 1186 625 1186 627 1186 628 9849 624 9849 629 9849 629 9857 624 9857 626 9857 630 9858 628 9858 631 9858 631 9852 628 9852 629 9852 632 1141 630 1141 633 1141 633 1141 630 1141 631 1141 634 9853 632 9853 635 9853 635 9859 632 9859 633 9859 625 9860 634 9860 627 9860 627 9854 634 9854 635 9854 636 1186 637 1186 638 1186 638 1186 637 1186 639 1186 640 9849 636 9849 641 9849 641 9857 636 9857 638 9857 642 9858 640 9858 643 9858 643 9852 640 9852 641 9852 644 1141 642 1141 645 1141 645 1141 642 1141 643 1141 646 9853 644 9853 647 9853 647 9859 644 9859 645 9859 637 9860 646 9860 639 9860 639 9854 646 9854 647 9854 648 1186 649 1186 650 1186 650 1186 649 1186 651 1186 652 9849 648 9849 653 9849 653 9863 648 9863 650 9863 654 9858 652 9858 655 9858 655 9852 652 9852 653 9852 656 1141 654 1141 657 1141 657 1141 654 1141 655 1141 658 9853 656 9853 659 9853 659 9859 656 9859 657 9859 649 9860 658 9860 651 9860 651 9855 658 9855 659 9855 660 1141 661 1141 662 1141 662 1141 661 1141 663 1141 664 9853 660 9853 665 9853 665 9853 660 9853 662 9853 666 9854 664 9854 667 9854 667 9854 664 9854 665 9854 668 1186 666 1186 669 1186 669 1186 666 1186 667 1186 670 9849 668 9849 671 9849 671 9850 668 9850 669 9850 661 9851 670 9851 663 9851 663 9852 670 9852 671 9852 672 9849 673 9849 674 9849 674 9850 673 9850 675 9850 676 9851 672 9851 677 9851 677 9852 672 9852 674 9852 678 1141 676 1141 679 1141 679 1141 676 1141 677 1141 680 9853 678 9853 681 9853 681 9853 678 9853 679 9853 682 9854 680 9854 683 9854 683 9854 680 9854 681 9854 673 1186 682 1186 675 1186 675 1186 682 1186 683 1186 684 1186 685 1186 686 1186 686 1186 685 1186 687 1186 688 9849 684 9849 689 9849 689 9850 684 9850 686 9850 690 9851 688 9851 691 9851 691 9852 688 9852 689 9852 692 1141 690 1141 693 1141 693 1141 690 1141 691 1141 694 9853 692 9853 695 9853 695 9853 692 9853 693 9853 685 9854 694 9854 687 9854 687 9854 694 9854 695 9854 696 1186 697 1186 698 1186 698 1186 697 1186 699 1186 700 9849 696 9849 701 9849 701 9857 696 9857 698 9857 702 9858 700 9858 703 9858 703 9852 700 9852 701 9852 704 1141 702 1141 705 1141 705 1141 702 1141 703 1141 706 9853 704 9853 707 9853 707 9859 704 9859 705 9859 697 9860 706 9860 699 9860 699 9854 706 9854 707 9854 708 1186 709 1186 710 1186 710 1186 709 1186 711 1186 712 9849 708 9849 713 9849 713 9857 708 9857 710 9857 714 9858 712 9858 715 9858 715 9852 712 9852 713 9852 716 1141 714 1141 717 1141 717 1141 714 1141 715 1141 718 9853 716 9853 719 9853 719 9859 716 9859 717 9859 709 9860 718 9860 711 9860 711 9854 718 9854 719 9854 720 1186 721 1186 722 1186 722 1186 721 1186 723 1186 724 9857 720 9857 725 9857 725 9857 720 9857 722 9857 726 9858 724 9858 727 9858 727 9858 724 9858 725 9858 728 1141 726 1141 729 1141 729 1141 726 1141 727 1141 730 9859 728 9859 731 9859 731 9861 728 9861 729 9861 721 9862 730 9862 723 9862 723 9860 730 9860 731 9860 732 1186 733 1186 734 1186 734 1186 733 1186 735 1186 736 9857 732 9857 737 9857 737 9857 732 9857 734 9857 738 9858 736 9858 739 9858 739 9858 736 9858 737 9858 740 1141 738 1141 741 1141 741 1141 738 1141 739 1141 742 9859 740 9859 743 9859 743 9861 740 9861 741 9861 733 9862 742 9862 735 9862 735 9860 742 9860 743 9860 744 1186 745 1186 746 1186 746 1186 745 1186 747 1186 748 9857 744 9857 749 9857 749 9863 744 9863 746 9863 750 9858 748 9858 751 9858 751 9858 748 9858 749 9858 752 1141 750 1141 753 1141 753 1141 750 1141 751 1141 754 9859 752 9859 755 9859 755 9859 752 9859 753 9859 745 9860 754 9860 747 9860 747 9864 754 9864 755 9864 756 1186 757 1186 758 1186 758 1186 757 1186 759 1186 760 9857 756 9857 761 9857 761 9857 756 9857 758 9857 762 9858 760 9858 763 9858 763 9858 760 9858 761 9858 764 1141 762 1141 765 1141 765 1141 762 1141 763 1141 766 9859 764 9859 767 9859 767 9859 764 9859 765 9859 757 9860 766 9860 759 9860 759 9860 766 9860 767 9860 768 1186 769 1186 770 1186 770 1186 769 1186 771 1186 772 9857 768 9857 773 9857 773 9857 768 9857 770 9857 774 9858 772 9858 775 9858 775 9858 772 9858 773 9858 776 1141 774 1141 777 1141 777 1141 774 1141 775 1141 778 9859 776 9859 779 9859 779 9859 776 9859 777 9859 769 9860 778 9860 771 9860 771 9860 778 9860 779 9860 780 1186 781 1186 782 1186 782 1186 781 1186 783 1186 784 9865 780 9865 785 9865 785 9865 780 9865 782 9865 786 9866 784 9866 787 9866 787 9866 784 9866 785 9866 788 1141 786 1141 789 1141 789 1141 786 1141 787 1141 790 9861 788 9861 791 9861 791 9861 788 9861 789 9861 781 9862 790 9862 783 9862 783 9862 790 9862 791 9862 792 1186 793 1186 794 1186 794 1186 793 1186 795 1186 796 9865 792 9865 797 9865 797 9867 792 9867 794 9867 798 9866 796 9866 799 9866 799 9866 796 9866 797 9866 800 1141 798 1141 801 1141 801 1141 798 1141 799 1141 802 9861 800 9861 803 9861 803 9861 800 9861 801 9861 793 9862 802 9862 795 9862 795 9868 802 9868 803 9868 804 1186 805 1186 806 1186 806 1186 805 1186 807 1186 808 9865 804 9865 809 9865 809 9865 804 9865 806 9865 810 9866 808 9866 811 9866 811 9866 808 9866 809 9866 812 1141 810 1141 813 1141 813 1141 810 1141 811 1141 814 9861 812 9861 815 9861 815 9861 812 9861 813 9861 805 9862 814 9862 807 9862 807 9862 814 9862 815 9862 816 1186 817 1186 818 1186 818 1186 817 1186 819 1186 820 9865 816 9865 821 9865 821 9865 816 9865 818 9865 822 9866 820 9866 823 9866 823 9866 820 9866 821 9866 824 1141 822 1141 825 1141 825 1141 822 1141 823 1141 826 9861 824 9861 827 9861 827 9861 824 9861 825 9861 817 9862 826 9862 819 9862 819 9862 826 9862 827 9862 828 1186 829 1186 830 1186 830 1186 829 1186 831 1186 832 9865 828 9865 833 9865 833 9865 828 9865 830 9865 834 9866 832 9866 835 9866 835 9866 832 9866 833 9866 836 1141 834 1141 837 1141 837 1141 834 1141 835 1141 838 9861 836 9861 839 9861 839 9861 836 9861 837 9861 829 9862 838 9862 831 9862 831 9862 838 9862 839 9862 840 1186 841 1186 842 1186 842 1186 841 1186 843 1186 844 9865 840 9865 845 9865 845 9865 840 9865 842 9865 846 9866 844 9866 847 9866 847 9866 844 9866 845 9866 848 1141 846 1141 849 1141 849 1141 846 1141 847 1141 850 9861 848 9861 851 9861 851 9861 848 9861 849 9861 841 9862 850 9862 843 9862 843 9862 850 9862 851 9862 852 1186 853 1186 854 1186 854 1186 853 1186 855 1186 856 9865 852 9865 857 9865 857 9867 852 9867 854 9867 858 9866 856 9866 859 9866 859 9866 856 9866 857 9866 860 1141 858 1141 861 1141 861 1141 858 1141 859 1141 862 9861 860 9861 863 9861 863 9869 860 9869 861 9869 853 9870 862 9870 855 9870 855 9868 862 9868 863 9868 864 1186 865 1186 866 1186 866 1186 865 1186 867 1186 868 9865 864 9865 869 9865 869 9865 864 9865 866 9865 870 9866 868 9866 871 9866 871 9866 868 9866 869 9866 872 1141 870 1141 873 1141 873 1141 870 1141 871 1141 874 9861 872 9861 875 9861 875 9869 872 9869 873 9869 865 9870 874 9870 867 9870 867 9862 874 9862 875 9862 876 1186 877 1186 878 1186 878 1186 877 1186 879 1186 880 9865 876 9865 881 9865 881 9865 876 9865 878 9865 882 9866 880 9866 883 9866 883 9866 880 9866 881 9866 884 1141 882 1141 885 1141 885 1141 882 1141 883 1141 886 9861 884 9861 887 9861 887 9869 884 9869 885 9869 877 9870 886 9870 879 9870 879 9862 886 9862 887 9862 888 1186 889 1186 890 1186 890 1186 889 1186 891 1186 892 9871 888 9871 893 9871 893 9865 888 9865 890 9865 894 9866 892 9866 895 9866 895 9872 892 9872 893 9872 896 1141 894 1141 897 1141 897 1141 894 1141 895 1141 898 9873 896 9873 899 9873 899 9861 896 9861 897 9861 889 9862 898 9862 891 9862 891 9874 898 9874 899 9874 900 1186 901 1186 902 1186 902 1186 901 1186 903 1186 904 9871 900 9871 905 9871 905 9867 900 9867 902 9867 906 9866 904 9866 907 9866 907 9872 904 9872 905 9872 908 1141 906 1141 909 1141 909 1141 906 1141 907 1141 910 9873 908 9873 911 9873 911 9861 908 9861 909 9861 901 9862 910 9862 903 9862 903 9875 910 9875 911 9875 912 1186 913 1186 914 1186 914 1186 913 1186 915 1186 916 9871 912 9871 917 9871 917 9865 912 9865 914 9865 918 9866 916 9866 919 9866 919 9872 916 9872 917 9872 920 1141 918 1141 921 1141 921 1141 918 1141 919 1141 922 9873 920 9873 923 9873 923 9861 920 9861 921 9861 913 9862 922 9862 915 9862 915 9874 922 9874 923 9874 924 1186 925 1186 926 1186 926 1186 925 1186 927 1186 928 9871 924 9871 929 9871 929 9865 924 9865 926 9865 930 9866 928 9866 931 9866 931 9872 928 9872 929 9872 932 1141 930 1141 933 1141 933 1141 930 1141 931 1141 934 9873 932 9873 935 9873 935 9861 932 9861 933 9861 925 9862 934 9862 927 9862 927 9874 934 9874 935 9874 936 1186 937 1186 938 1186 938 1186 937 1186 939 1186 940 9871 936 9871 941 9871 941 9865 936 9865 938 9865 942 9866 940 9866 943 9866 943 9872 940 9872 941 9872 944 1141 942 1141 945 1141 945 1141 942 1141 943 1141 946 9873 944 9873 947 9873 947 9861 944 9861 945 9861 937 9862 946 9862 939 9862 939 9874 946 9874 947 9874 948 1186 949 1186 950 1186 950 1186 949 1186 951 1186 952 9871 948 9871 953 9871 953 9865 948 9865 950 9865 954 9866 952 9866 955 9866 955 9872 952 9872 953 9872 956 1141 954 1141 957 1141 957 1141 954 1141 955 1141 958 9873 956 9873 959 9873 959 9861 956 9861 957 9861 949 9862 958 9862 951 9862 951 9874 958 9874 959 9874 960 1186 961 1186 962 1186 962 1186 961 1186 963 1186 964 9871 960 9871 965 9871 965 9867 960 9867 962 9867 966 9866 964 9866 967 9866 967 9872 964 9872 965 9872 968 1141 966 1141 969 1141 969 1141 966 1141 967 1141 970 9873 968 9873 971 9873 971 9873 968 9873 969 9873 961 9874 970 9874 963 9874 963 9875 970 9875 971 9875 972 1186 973 1186 974 1186 974 1186 973 1186 975 1186 976 9871 972 9871 977 9871 977 9865 972 9865 974 9865 978 9866 976 9866 979 9866 979 9872 976 9872 977 9872 980 1141 978 1141 981 1141 981 1141 978 1141 979 1141 982 9873 980 9873 983 9873 983 9873 980 9873 981 9873 973 9874 982 9874 975 9874 975 9874 982 9874 983 9874 984 1186 985 1186 986 1186 986 1186 985 1186 987 1186 988 9871 984 9871 989 9871 989 9865 984 9865 986 9865 990 9866 988 9866 991 9866 991 9872 988 9872 989 9872 992 1141 990 1141 993 1141 993 1141 990 1141 991 1141 994 9873 992 9873 995 9873 995 9873 992 9873 993 9873 985 9874 994 9874 987 9874 987 9874 994 9874 995 9874 996 1186 997 1186 998 1186 998 1186 997 1186 999 1186 1000 9871 996 9871 1001 9871 1001 9865 996 9865 998 9865 1002 9866 1000 9866 1003 9866 1003 9872 1000 9872 1001 9872 1004 1141 1002 1141 1005 1141 1005 1141 1002 1141 1003 1141 1006 9873 1004 9873 1007 9873 1007 9873 1004 9873 1005 9873 997 9874 1006 9874 999 9874 999 9874 1006 9874 1007 9874 1008 1186 1009 1186 1010 1186 1010 1186 1009 1186 1011 1186 1012 9871 1008 9871 1013 9871 1013 9867 1008 9867 1010 9867 1014 9866 1012 9866 1015 9866 1015 9872 1012 9872 1013 9872 1016 1141 1014 1141 1017 1141 1017 1141 1014 1141 1015 1141 1018 9873 1016 9873 1019 9873 1019 9873 1016 9873 1017 9873 1009 9874 1018 9874 1011 9874 1011 9875 1018 9875 1019 9875 1020 1186 1021 1186 1022 1186 1022 1186 1021 1186 1023 1186 1024 9871 1020 9871 1025 9871 1025 9865 1020 9865 1022 9865 1026 9866 1024 9866 1027 9866 1027 9872 1024 9872 1025 9872 1028 1141 1026 1141 1029 1141 1029 1141 1026 1141 1027 1141 1030 9873 1028 9873 1031 9873 1031 9873 1028 9873 1029 9873 1021 9874 1030 9874 1023 9874 1023 9874 1030 9874 1031 9874 1032 1186 1033 1186 1034 1186 1034 1186 1033 1186 1035 1186 1036 9871 1032 9871 1037 9871 1037 9865 1032 9865 1034 9865 1038 9866 1036 9866 1039 9866 1039 9872 1036 9872 1037 9872 1040 1141 1038 1141 1041 1141 1041 1141 1038 1141 1039 1141 1042 9873 1040 9873 1043 9873 1043 9873 1040 9873 1041 9873 1033 9874 1042 9874 1035 9874 1035 9874 1042 9874 1043 9874 1044 1186 1045 1186 1046 1186 1046 1186 1045 1186 1047 1186 1048 9871 1044 9871 1049 9871 1049 9865 1044 9865 1046 9865 1050 9866 1048 9866 1051 9866 1051 9872 1048 9872 1049 9872 1052 1141 1050 1141 1053 1141 1053 1141 1050 1141 1051 1141 1054 9873 1052 9873 1055 9873 1055 9873 1052 9873 1053 9873 1045 9874 1054 9874 1047 9874 1047 9874 1054 9874 1055 9874 1056 1186 1057 1186 1058 1186 1058 1186 1057 1186 1059 1186 1060 9871 1056 9871 1061 9871 1061 9867 1056 9867 1058 9867 1062 9866 1060 9866 1063 9866 1063 9872 1060 9872 1061 9872 1064 1141 1062 1141 1065 1141 1065 1141 1062 1141 1063 1141 1066 9873 1064 9873 1067 9873 1067 9861 1064 9861 1065 9861 1057 9862 1066 9862 1059 9862 1059 9875 1066 9875 1067 9875 1068 1186 1069 1186 1070 1186 1070 1186 1069 1186 1071 1186 1072 9871 1068 9871 1073 9871 1073 9865 1068 9865 1070 9865 1074 9866 1072 9866 1075 9866 1075 9872 1072 9872 1073 9872 1076 1141 1074 1141 1077 1141 1077 1141 1074 1141 1075 1141 1078 9873 1076 9873 1079 9873 1079 9861 1076 9861 1077 9861 1069 9862 1078 9862 1071 9862 1071 9874 1078 9874 1079 9874 1080 1186 1081 1186 1082 1186 1082 1186 1081 1186 1083 1186 1084 9871 1080 9871 1085 9871 1085 9865 1080 9865 1082 9865 1086 9866 1084 9866 1087 9866 1087 9872 1084 9872 1085 9872 1088 1141 1086 1141 1089 1141 1089 1141 1086 1141 1087 1141 1090 9873 1088 9873 1091 9873 1091 9861 1088 9861 1089 9861 1081 9862 1090 9862 1083 9862 1083 9874 1090 9874 1091 9874 1092 1186 1093 1186 1094 1186 1094 1186 1093 1186 1095 1186 1096 9871 1092 9871 1097 9871 1097 9865 1092 9865 1094 9865 1098 9866 1096 9866 1099 9866 1099 9872 1096 9872 1097 9872 1100 1141 1098 1141 1101 1141 1101 1141 1098 1141 1099 1141 1102 9873 1100 9873 1103 9873 1103 9861 1100 9861 1101 9861 1093 9862 1102 9862 1095 9862 1095 9874 1102 9874 1103 9874 1104 1186 1105 1186 1106 1186 1106 1186 1105 1186 1107 1186 1108 9871 1104 9871 1109 9871 1109 9867 1104 9867 1106 9867 1110 9866 1108 9866 1111 9866 1111 9872 1108 9872 1109 9872 1112 1141 1110 1141 1113 1141 1113 1141 1110 1141 1111 1141 1114 9873 1112 9873 1115 9873 1115 9861 1112 9861 1113 9861 1105 9862 1114 9862 1107 9862 1107 9875 1114 9875 1115 9875 1116 1186 1117 1186 1118 1186 1118 1186 1117 1186 1119 1186 1120 9871 1116 9871 1121 9871 1121 9865 1116 9865 1118 9865 1122 9866 1120 9866 1123 9866 1123 9872 1120 9872 1121 9872 1124 1141 1122 1141 1125 1141 1125 1141 1122 1141 1123 1141 1126 9873 1124 9873 1127 9873 1127 9861 1124 9861 1125 9861 1117 9862 1126 9862 1119 9862 1119 9874 1126 9874 1127 9874 1128 1186 1129 1186 1130 1186 1130 1186 1129 1186 1131 1186 1132 9871 1128 9871 1133 9871 1133 9865 1128 9865 1130 9865 1134 9866 1132 9866 1135 9866 1135 9872 1132 9872 1133 9872 1136 1141 1134 1141 1137 1141 1137 1141 1134 1141 1135 1141 1138 9873 1136 9873 1139 9873 1139 9861 1136 9861 1137 9861 1129 9862 1138 9862 1131 9862 1131 9874 1138 9874 1139 9874 1140 1186 1141 1186 1142 1186 1142 1186 1141 1186 1143 1186 1144 9865 1140 9865 1145 9865 1145 9865 1140 9865 1142 9865 1146 9866 1144 9866 1147 9866 1147 9866 1144 9866 1145 9866 1148 1141 1146 1141 1149 1141 1149 1141 1146 1141 1147 1141 1150 9861 1148 9861 1151 9861 1151 9869 1148 9869 1149 9869 1141 9870 1150 9870 1143 9870 1143 9862 1150 9862 1151 9862 1152 1186 1153 1186 1154 1186 1154 1186 1153 1186 1155 1186 1156 9865 1152 9865 1157 9865 1157 9865 1152 9865 1154 9865 1158 9866 1156 9866 1159 9866 1159 9866 1156 9866 1157 9866 1160 1141 1158 1141 1161 1141 1161 1141 1158 1141 1159 1141 1162 9861 1160 9861 1163 9861 1163 9869 1160 9869 1161 9869 1153 9870 1162 9870 1155 9870 1155 9862 1162 9862 1163 9862 1164 1186 1165 1186 1166 1186 1166 1186 1165 1186 1167 1186 1168 9865 1164 9865 1169 9865 1169 9867 1164 9867 1166 9867 1170 9866 1168 9866 1171 9866 1171 9866 1168 9866 1169 9866 1172 1141 1170 1141 1173 1141 1173 1141 1170 1141 1171 1141 1174 9861 1172 9861 1175 9861 1175 9861 1172 9861 1173 9861 1165 9862 1174 9862 1167 9862 1167 9868 1174 9868 1175 9868 1176 1186 1177 1186 1178 1186 1178 1186 1177 1186 1179 1186 1180 9865 1176 9865 1181 9865 1181 9865 1176 9865 1178 9865 1182 9866 1180 9866 1183 9866 1183 9866 1180 9866 1181 9866 1184 1141 1182 1141 1185 1141 1185 1141 1182 1141 1183 1141 1186 9861 1184 9861 1187 9861 1187 9861 1184 9861 1185 9861 1177 9862 1186 9862 1179 9862 1179 9862 1186 9862 1187 9862 1188 1186 1189 1186 1190 1186 1190 1186 1189 1186 1191 1186 1192 9865 1188 9865 1193 9865 1193 9865 1188 9865 1190 9865 1194 9866 1192 9866 1195 9866 1195 9866 1192 9866 1193 9866 1196 1141 1194 1141 1197 1141 1197 1141 1194 1141 1195 1141 1198 9861 1196 9861 1199 9861 1199 9861 1196 9861 1197 9861 1189 9862 1198 9862 1191 9862 1191 9862 1198 9862 1199 9862 1200 1186 1201 1186 1202 1186 1202 1186 1201 1186 1203 1186 1204 9865 1200 9865 1205 9865 1205 9865 1200 9865 1202 9865 1206 9866 1204 9866 1207 9866 1207 9866 1204 9866 1205 9866 1208 1141 1206 1141 1209 1141 1209 1141 1206 1141 1207 1141 1210 9861 1208 9861 1211 9861 1211 9861 1208 9861 1209 9861 1201 9862 1210 9862 1203 9862 1203 9862 1210 9862 1211 9862 1212 1186 1213 1186 1214 1186 1214 1186 1213 1186 1215 1186 1216 9865 1212 9865 1217 9865 1217 9867 1212 9867 1214 9867 1218 9866 1216 9866 1219 9866 1219 9866 1216 9866 1217 9866 1220 1141 1218 1141 1221 1141 1221 1141 1218 1141 1219 1141 1222 9861 1220 9861 1223 9861 1223 9861 1220 9861 1221 9861 1213 9862 1222 9862 1215 9862 1215 9868 1222 9868 1223 9868 1224 1186 1225 1186 1226 1186 1226 1186 1225 1186 1227 1186 1228 9865 1224 9865 1229 9865 1229 9865 1224 9865 1226 9865 1230 9866 1228 9866 1231 9866 1231 9866 1228 9866 1229 9866 1232 1141 1230 1141 1233 1141 1233 1141 1230 1141 1231 1141 1234 9861 1232 9861 1235 9861 1235 9861 1232 9861 1233 9861 1225 9862 1234 9862 1227 9862 1227 9862 1234 9862 1235 9862 1236 1186 1237 1186 1238 1186 1238 1186 1237 1186 1239 1186 1240 9865 1236 9865 1241 9865 1241 9865 1236 9865 1238 9865 1242 9866 1240 9866 1243 9866 1243 9866 1240 9866 1241 9866 1244 1141 1242 1141 1245 1141 1245 1141 1242 1141 1243 1141 1246 9861 1244 9861 1247 9861 1247 9861 1244 9861 1245 9861 1237 9862 1246 9862 1239 9862 1239 9862 1246 9862 1247 9862 1248 1186 1249 1186 1250 1186 1250 1186 1249 1186 1251 1186 1252 9857 1248 9857 1253 9857 1253 9857 1248 9857 1250 9857 1254 9858 1252 9858 1255 9858 1255 9858 1252 9858 1253 9858 1256 1141 1254 1141 1257 1141 1257 1141 1254 1141 1255 1141 1258 9859 1256 9859 1259 9859 1259 9859 1256 9859 1257 9859 1249 9860 1258 9860 1251 9860 1251 9860 1258 9860 1259 9860 1260 1186 1261 1186 1262 1186 1262 1186 1261 1186 1263 1186 1264 9857 1260 9857 1265 9857 1265 9857 1260 9857 1262 9857 1266 9858 1264 9858 1267 9858 1267 9858 1264 9858 1265 9858 1268 1141 1266 1141 1269 1141 1269 1141 1266 1141 1267 1141 1270 9859 1268 9859 1271 9859 1271 9859 1268 9859 1269 9859 1261 9860 1270 9860 1263 9860 1263 9860 1270 9860 1271 9860 1272 1186 1273 1186 1274 1186 1274 1186 1273 1186 1275 1186 1276 9857 1272 9857 1277 9857 1277 9863 1272 9863 1274 9863 1278 9858 1276 9858 1279 9858 1279 9858 1276 9858 1277 9858 1280 1141 1278 1141 1281 1141 1281 1141 1278 1141 1279 1141 1282 9859 1280 9859 1283 9859 1283 9861 1280 9861 1281 9861 1273 9862 1282 9862 1275 9862 1275 9864 1282 9864 1283 9864 1284 1186 1285 1186 1286 1186 1286 1186 1285 1186 1287 1186 1288 9857 1284 9857 1289 9857 1289 9857 1284 9857 1286 9857 1290 9858 1288 9858 1291 9858 1291 9858 1288 9858 1289 9858 1292 1141 1290 1141 1293 1141 1293 1141 1290 1141 1291 1141 1294 9859 1292 9859 1295 9859 1295 9861 1292 9861 1293 9861 1285 9862 1294 9862 1287 9862 1287 9860 1294 9860 1295 9860 1296 1186 1297 1186 1298 1186 1298 1186 1297 1186 1299 1186 1300 9857 1296 9857 1301 9857 1301 9857 1296 9857 1298 9857 1302 9858 1300 9858 1303 9858 1303 9858 1300 9858 1301 9858 1304 1141 1302 1141 1305 1141 1305 1141 1302 1141 1303 1141 1306 9859 1304 9859 1307 9859 1307 9861 1304 9861 1305 9861 1297 9862 1306 9862 1299 9862 1299 9860 1306 9860 1307 9860 1308 1186 1309 1186 1310 1186 1310 1186 1309 1186 1311 1186 1312 9849 1308 9849 1313 9849 1313 9857 1308 9857 1310 9857 1314 9858 1312 9858 1315 9858 1315 9852 1312 9852 1313 9852 1316 1141 1314 1141 1317 1141 1317 1141 1314 1141 1315 1141 1318 9853 1316 9853 1319 9853 1319 9859 1316 9859 1317 9859 1309 9860 1318 9860 1311 9860 1311 9854 1318 9854 1319 9854 1320 1186 1321 1186 1322 1186 1322 1186 1321 1186 1323 1186 1324 9849 1320 9849 1325 9849 1325 9863 1320 9863 1322 9863 1326 9858 1324 9858 1327 9858 1327 9852 1324 9852 1325 9852 1328 1141 1326 1141 1329 1141 1329 1141 1326 1141 1327 1141 1330 9853 1328 9853 1331 9853 1331 9859 1328 9859 1329 9859 1321 9860 1330 9860 1323 9860 1323 9855 1330 9855 1331 9855 1332 1186 1333 1186 1334 1186 1334 1186 1333 1186 1335 1186 1336 9849 1332 9849 1337 9849 1337 9850 1332 9850 1334 9850 1338 9851 1336 9851 1339 9851 1339 9852 1336 9852 1337 9852 1340 1141 1338 1141 1341 1141 1341 1141 1338 1141 1339 1141 1342 9853 1340 9853 1343 9853 1343 9853 1340 9853 1341 9853 1333 9854 1342 9854 1335 9854 1335 9854 1342 9854 1343 9854 1344 9849 1345 9849 1346 9849 1346 9850 1345 9850 1347 9850 1348 9851 1344 9851 1349 9851 1349 9852 1344 9852 1346 9852 1350 1141 1348 1141 1351 1141 1351 1141 1348 1141 1349 1141 1352 9853 1350 9853 1353 9853 1353 9853 1350 9853 1351 9853 1354 9854 1352 9854 1355 9854 1355 9854 1352 9854 1353 9854 1345 1186 1354 1186 1347 1186 1347 1186 1354 1186 1355 1186 1356 1141 1357 1141 1358 1141 1358 1141 1357 1141 1359 1141 1360 1141 1361 1141 1362 1141 1362 1141 1361 1141 1363 1141 1364 9876 1356 9876 1365 9876 1365 9876 1356 9876 1358 9876 1366 9877 1360 9877 1367 9877 1367 9877 1360 9877 1362 9877 1357 9878 1368 9878 1359 9878 1359 9878 1368 9878 1369 9878 1370 9879 1364 9879 1371 9879 1371 9879 1364 9879 1365 9879 1372 9880 1366 9880 1373 9880 1373 9880 1366 9880 1367 9880 1368 9881 1374 9881 1369 9881 1369 9881 1374 9881 1375 9881 1374 1186 1370 1186 1375 1186 1375 1186 1370 1186 1371 1186 1376 1186 1372 1186 1377 1186 1377 1186 1372 1186 1373 1186 1378 9882 1376 9882 1379 9882 1379 9882 1376 9882 1377 9882 1361 9883 1378 9883 1363 9883 1363 9883 1378 9883 1379 9883 1380 1141 1381 1141 1382 1141 1382 1141 1381 1141 1383 1141 1384 1141 1385 1141 1386 1141 1386 1141 1385 1141 1387 1141 1388 9876 1380 9876 1389 9876 1389 9876 1380 9876 1382 9876 1390 9877 1384 9877 1391 9877 1391 9877 1384 9877 1386 9877 1381 9878 1392 9878 1383 9878 1383 9878 1392 9878 1393 9878 1394 9879 1388 9879 1395 9879 1395 9879 1388 9879 1389 9879 1396 9880 1390 9880 1397 9880 1397 9880 1390 9880 1391 9880 1392 9881 1398 9881 1393 9881 1393 9881 1398 9881 1399 9881 1398 1186 1394 1186 1399 1186 1399 1186 1394 1186 1395 1186 1400 1186 1396 1186 1401 1186 1401 1186 1396 1186 1397 1186 1402 9882 1400 9882 1403 9882 1403 9882 1400 9882 1401 9882 1385 9883 1402 9883 1387 9883 1387 9883 1402 9883 1403 9883 1404 9876 1405 9876 1406 9876 1406 9884 1405 9884 1407 9884 1408 9885 1409 9885 1410 9885 1410 9886 1409 9886 1411 9886 1412 9879 1404 9879 1413 9879 1413 9879 1404 9879 1406 9879 1414 9887 1408 9887 1415 9887 1415 9887 1408 9887 1410 9887 1405 1141 1416 1141 1407 1141 1407 1141 1416 1141 1417 1141 1418 1186 1412 1186 1419 1186 1419 1186 1412 1186 1413 1186 1420 1186 1414 1186 1421 1186 1421 1186 1414 1186 1415 1186 1416 9888 1422 9888 1417 9888 1417 9878 1422 9878 1423 9878 1422 9881 1418 9881 1423 9881 1423 9881 1418 9881 1419 9881 1424 9882 1420 9882 1425 9882 1425 9882 1420 9882 1421 9882 1426 9889 1424 9889 1427 9889 1427 9883 1424 9883 1425 9883 1409 1141 1426 1141 1411 1141 1411 1141 1426 1141 1427 1141 1428 9884 1429 9884 1430 9884 1430 9876 1429 9876 1431 9876 1432 9890 1433 9890 1434 9890 1434 9877 1433 9877 1435 9877 1436 9879 1428 9879 1437 9879 1437 9891 1428 9891 1430 9891 1438 9880 1432 9880 1439 9880 1439 9892 1432 9892 1434 9892 1429 1141 1440 1141 1431 1141 1431 1141 1440 1141 1441 1141 1442 1186 1436 1186 1443 1186 1443 1186 1436 1186 1437 1186 1444 1186 1438 1186 1445 1186 1445 1186 1438 1186 1439 1186 1440 9878 1446 9878 1441 9878 1441 9888 1446 9888 1447 9888 1446 9893 1442 9893 1447 9893 1447 9881 1442 9881 1443 9881 1448 9893 1444 9893 1449 9893 1449 9881 1444 9881 1445 9881 1450 9878 1448 9878 1451 9878 1451 9888 1448 9888 1449 9888 1433 1141 1450 1141 1435 1141 1435 1141 1450 1141 1451 1141 1452 9876 1453 9876 1454 9876 1454 9876 1453 9876 1455 9876 1456 9877 1457 9877 1458 9877 1458 9877 1457 9877 1459 9877 1460 9879 1452 9879 1461 9879 1461 9879 1452 9879 1454 9879 1462 9880 1456 9880 1463 9880 1463 9880 1456 9880 1458 9880 1453 1141 1464 1141 1455 1141 1455 1141 1464 1141 1465 1141 1466 1186 1460 1186 1467 1186 1467 1186 1460 1186 1461 1186 1468 1186 1462 1186 1469 1186 1469 1186 1462 1186 1463 1186 1464 9878 1470 9878 1465 9878 1465 9878 1470 9878 1471 9878 1470 9881 1466 9881 1471 9881 1471 9881 1466 9881 1467 9881 1472 9881 1468 9881 1473 9881 1473 9881 1468 9881 1469 9881 1474 9878 1472 9878 1475 9878 1475 9878 1472 9878 1473 9878 1457 1141 1474 1141 1459 1141 1459 1141 1474 1141 1475 1141 1476 9876 1477 9876 1478 9876 1478 9876 1477 9876 1479 9876 1480 9877 1481 9877 1482 9877 1482 9877 1481 9877 1483 9877 1484 9879 1476 9879 1485 9879 1485 9879 1476 9879 1478 9879 1486 9880 1480 9880 1487 9880 1487 9880 1480 9880 1482 9880 1477 1141 1488 1141 1479 1141 1479 1141 1488 1141 1489 1141 1490 1186 1484 1186 1491 1186 1491 1186 1484 1186 1485 1186 1492 1186 1486 1186 1493 1186 1493 1186 1486 1186 1487 1186 1488 9878 1494 9878 1489 9878 1489 9878 1494 9878 1495 9878 1494 9881 1490 9881 1495 9881 1495 9881 1490 9881 1491 9881 1496 9881 1492 9881 1497 9881 1497 9881 1492 9881 1493 9881 1498 9878 1496 9878 1499 9878 1499 9878 1496 9878 1497 9878 1481 1141 1498 1141 1483 1141 1483 1141 1498 1141 1499 1141 1500 9876 1501 9876 1502 9876 1502 9884 1501 9884 1503 9884 1504 9877 1505 9877 1506 9877 1506 9890 1505 9890 1507 9890 1508 9879 1500 9879 1509 9879 1509 9879 1500 9879 1502 9879 1510 9880 1504 9880 1511 9880 1511 9880 1504 9880 1506 9880 1501 1141 1512 1141 1503 1141 1503 1141 1512 1141 1513 1141 1514 1186 1508 1186 1515 1186 1515 1186 1508 1186 1509 1186 1516 1186 1510 1186 1517 1186 1517 1186 1510 1186 1511 1186 1512 9888 1518 9888 1513 9888 1513 9878 1518 9878 1519 9878 1518 9881 1514 9881 1519 9881 1519 9881 1514 9881 1515 9881 1520 9881 1516 9881 1521 9881 1521 9881 1516 9881 1517 9881 1522 9888 1520 9888 1523 9888 1523 9878 1520 9878 1521 9878 1505 1141 1522 1141 1507 1141 1507 1141 1522 1141 1523 1141 1524 1141 1525 1141 1526 1141 1526 1141 1525 1141 1527 1141 1528 1141 1529 1141 1530 1141 1530 1141 1529 1141 1531 1141 1532 9876 1524 9876 1533 9876 1533 9884 1524 9884 1526 9884 1534 9877 1528 9877 1535 9877 1535 9890 1528 9890 1530 9890 1525 9888 1536 9888 1527 9888 1527 9878 1536 9878 1537 9878 1538 9879 1532 9879 1539 9879 1539 9879 1532 9879 1533 9879 1540 9880 1534 9880 1541 9880 1541 9880 1534 9880 1535 9880 1536 9881 1542 9881 1537 9881 1537 9881 1542 9881 1543 9881 1542 1186 1538 1186 1543 1186 1543 1186 1538 1186 1539 1186 1544 1186 1540 1186 1545 1186 1545 1186 1540 1186 1541 1186 1546 9882 1544 9882 1547 9882 1547 9882 1544 9882 1545 9882 1529 9889 1546 9889 1531 9889 1531 9883 1546 9883 1547 9883 1548 9876 1549 9876 1550 9876 1550 9876 1549 9876 1551 9876 1552 9885 1553 9885 1554 9885 1554 9885 1553 9885 1555 9885 1556 9879 1548 9879 1557 9879 1557 9879 1548 9879 1550 9879 1558 9887 1552 9887 1559 9887 1559 9887 1552 9887 1554 9887 1549 1141 1560 1141 1551 1141 1551 1141 1560 1141 1561 1141 1562 1186 1556 1186 1563 1186 1563 1186 1556 1186 1557 1186 1564 1186 1558 1186 1565 1186 1565 1186 1558 1186 1559 1186 1560 9878 1566 9878 1561 9878 1561 9878 1566 9878 1567 9878 1566 9881 1562 9881 1567 9881 1567 9881 1562 9881 1563 9881 1568 9882 1564 9882 1569 9882 1569 9882 1564 9882 1565 9882 1570 9883 1568 9883 1571 9883 1571 9883 1568 9883 1569 9883 1553 1141 1570 1141 1555 1141 1555 1141 1570 1141 1571 1141 1572 9876 1573 9876 1574 9876 1574 9876 1573 9876 1575 9876 1576 9885 1577 9885 1578 9885 1578 9885 1577 9885 1579 9885 1580 9879 1572 9879 1581 9879 1581 9879 1572 9879 1574 9879 1582 9887 1576 9887 1583 9887 1583 9887 1576 9887 1578 9887 1573 1141 1584 1141 1575 1141 1575 1141 1584 1141 1585 1141 1586 1186 1580 1186 1587 1186 1587 1186 1580 1186 1581 1186 1588 1186 1582 1186 1589 1186 1589 1186 1582 1186 1583 1186 1584 9878 1590 9878 1585 9878 1585 9878 1590 9878 1591 9878 1590 9881 1586 9881 1591 9881 1591 9881 1586 9881 1587 9881 1592 9882 1588 9882 1593 9882 1593 9882 1588 9882 1589 9882 1594 9883 1592 9883 1595 9883 1595 9883 1592 9883 1593 9883 1577 1141 1594 1141 1579 1141 1579 1141 1594 1141 1595 1141 1596 9876 1597 9876 1598 9876 1598 9876 1597 9876 1599 9876 1600 9885 1601 9885 1602 9885 1602 9885 1601 9885 1603 9885 1604 9879 1596 9879 1605 9879 1605 9879 1596 9879 1598 9879 1606 9887 1600 9887 1607 9887 1607 9887 1600 9887 1602 9887 1597 1141 1608 1141 1599 1141 1599 1141 1608 1141 1609 1141 1610 1186 1604 1186 1611 1186 1611 1186 1604 1186 1605 1186 1612 1186 1606 1186 1613 1186 1613 1186 1606 1186 1607 1186 1608 9878 1614 9878 1609 9878 1609 9878 1614 9878 1615 9878 1614 9881 1610 9881 1615 9881 1615 9881 1610 9881 1611 9881 1616 9882 1612 9882 1617 9882 1617 9882 1612 9882 1613 9882 1618 9883 1616 9883 1619 9883 1619 9883 1616 9883 1617 9883 1601 1141 1618 1141 1603 1141 1603 1141 1618 1141 1619 1141 1620 9876 1621 9876 1622 9876 1622 9876 1621 9876 1623 9876 1624 9885 1625 9885 1626 9885 1626 9885 1625 9885 1627 9885 1628 9879 1620 9879 1629 9879 1629 9879 1620 9879 1622 9879 1630 9887 1624 9887 1631 9887 1631 9887 1624 9887 1626 9887 1621 1141 1632 1141 1623 1141 1623 1141 1632 1141 1633 1141 1634 1186 1628 1186 1635 1186 1635 1186 1628 1186 1629 1186 1636 1186 1630 1186 1637 1186 1637 1186 1630 1186 1631 1186 1632 9878 1638 9878 1633 9878 1633 9878 1638 9878 1639 9878 1638 9881 1634 9881 1639 9881 1639 9881 1634 9881 1635 9881 1640 9882 1636 9882 1641 9882 1641 9882 1636 9882 1637 9882 1642 9883 1640 9883 1643 9883 1643 9883 1640 9883 1641 9883 1625 1141 1642 1141 1627 1141 1627 1141 1642 1141 1643 1141 1644 9876 1645 9876 1646 9876 1646 9876 1645 9876 1647 9876 1648 9885 1649 9885 1650 9885 1650 9885 1649 9885 1651 9885 1652 9879 1644 9879 1653 9879 1653 9879 1644 9879 1646 9879 1654 9887 1648 9887 1655 9887 1655 9887 1648 9887 1650 9887 1645 1141 1656 1141 1647 1141 1647 1141 1656 1141 1657 1141 1658 1186 1652 1186 1659 1186 1659 1186 1652 1186 1653 1186 1660 1186 1654 1186 1661 1186 1661 1186 1654 1186 1655 1186 1656 9878 1662 9878 1657 9878 1657 9878 1662 9878 1663 9878 1662 9881 1658 9881 1663 9881 1663 9881 1658 9881 1659 9881 1664 9882 1660 9882 1665 9882 1665 9882 1660 9882 1661 9882 1666 9883 1664 9883 1667 9883 1667 9883 1664 9883 1665 9883 1649 1141 1666 1141 1651 1141 1651 1141 1666 1141 1667 1141 1668 9884 1669 9884 1670 9884 1670 9876 1669 9876 1671 9876 1672 9886 1673 9886 1674 9886 1674 9885 1673 9885 1675 9885 1676 9879 1668 9879 1677 9879 1677 9891 1668 9891 1670 9891 1678 9887 1672 9887 1679 9887 1679 9894 1672 9894 1674 9894 1669 1141 1680 1141 1671 1141 1671 1141 1680 1141 1681 1141 1682 1186 1676 1186 1683 1186 1683 1186 1676 1186 1677 1186 1684 1186 1678 1186 1685 1186 1685 1186 1678 1186 1679 1186 1680 9878 1686 9878 1681 9878 1681 9888 1686 9888 1687 9888 1686 9893 1682 9893 1687 9893 1687 9881 1682 9881 1683 9881 1688 9895 1684 9895 1689 9895 1689 9882 1684 9882 1685 9882 1690 9883 1688 9883 1691 9883 1691 9889 1688 9889 1689 9889 1673 1141 1690 1141 1675 1141 1675 1141 1690 1141 1691 1141 1692 9876 1693 9876 1694 9876 1694 9876 1693 9876 1695 9876 1696 9877 1697 9877 1698 9877 1698 9877 1697 9877 1699 9877 1700 9879 1692 9879 1701 9879 1701 9879 1692 9879 1694 9879 1702 9880 1696 9880 1703 9880 1703 9880 1696 9880 1698 9880 1693 1141 1704 1141 1695 1141 1695 1141 1704 1141 1705 1141 1706 1186 1700 1186 1707 1186 1707 1186 1700 1186 1701 1186 1708 1186 1702 1186 1709 1186 1709 1186 1702 1186 1703 1186 1704 9878 1710 9878 1705 9878 1705 9878 1710 9878 1711 9878 1710 9881 1706 9881 1711 9881 1711 9881 1706 9881 1707 9881 1712 9881 1708 9881 1713 9881 1713 9881 1708 9881 1709 9881 1714 9878 1712 9878 1715 9878 1715 9878 1712 9878 1713 9878 1697 1141 1714 1141 1699 1141 1699 1141 1714 1141 1715 1141 1716 9876 1717 9876 1718 9876 1718 9876 1717 9876 1719 9876 1720 9877 1721 9877 1722 9877 1722 9877 1721 9877 1723 9877 1724 9879 1716 9879 1725 9879 1725 9879 1716 9879 1718 9879 1726 9880 1720 9880 1727 9880 1727 9880 1720 9880 1722 9880 1717 1141 1728 1141 1719 1141 1719 1141 1728 1141 1729 1141 1730 1186 1724 1186 1731 1186 1731 1186 1724 1186 1725 1186 1732 1186 1726 1186 1733 1186 1733 1186 1726 1186 1727 1186 1728 9878 1734 9878 1729 9878 1729 9878 1734 9878 1735 9878 1734 9881 1730 9881 1735 9881 1735 9881 1730 9881 1731 9881 1736 9881 1732 9881 1737 9881 1737 9881 1732 9881 1733 9881 1738 9878 1736 9878 1739 9878 1739 9878 1736 9878 1737 9878 1721 1141 1738 1141 1723 1141 1723 1141 1738 1141 1739 1141 1740 9876 1741 9876 1742 9876 1742 9876 1741 9876 1743 9876 1744 9877 1745 9877 1746 9877 1746 9877 1745 9877 1747 9877 1748 9879 1740 9879 1749 9879 1749 9879 1740 9879 1742 9879 1750 9880 1744 9880 1751 9880 1751 9880 1744 9880 1746 9880 1741 1141 1752 1141 1743 1141 1743 1141 1752 1141 1753 1141 1754 1186 1748 1186 1755 1186 1755 1186 1748 1186 1749 1186 1756 1186 1750 1186 1757 1186 1757 1186 1750 1186 1751 1186 1752 9878 1758 9878 1753 9878 1753 9878 1758 9878 1759 9878 1758 9881 1754 9881 1759 9881 1759 9881 1754 9881 1755 9881 1760 9881 1756 9881 1761 9881 1761 9881 1756 9881 1757 9881 1762 9878 1760 9878 1763 9878 1763 9878 1760 9878 1761 9878 1745 1141 1762 1141 1747 1141 1747 1141 1762 1141 1763 1141 1764 1141 1765 1141 1766 1141 1766 1141 1765 1141 1767 1141 1768 1141 1769 1141 1770 1141 1770 1141 1769 1141 1771 1141 1772 9884 1764 9884 1773 9884 1773 9876 1764 9876 1766 9876 1774 9890 1768 9890 1775 9890 1775 9877 1768 9877 1770 9877 1765 9878 1776 9878 1767 9878 1767 9888 1776 9888 1777 9888 1778 9879 1772 9879 1779 9879 1779 9891 1772 9891 1773 9891 1780 9880 1774 9880 1781 9880 1781 9892 1774 9892 1775 9892 1776 9893 1782 9893 1777 9893 1777 9881 1782 9881 1783 9881 1782 1186 1778 1186 1783 1186 1783 1186 1778 1186 1779 1186 1784 1186 1780 1186 1785 1186 1785 1186 1780 1186 1781 1186 1786 9895 1784 9895 1787 9895 1787 9882 1784 9882 1785 9882 1769 9883 1786 9883 1771 9883 1771 9889 1786 9889 1787 9889 1788 1141 1789 1141 1790 1141 1790 1141 1789 1141 1791 1141 1792 1141 1793 1141 1794 1141 1794 1141 1793 1141 1795 1141 1796 9876 1788 9876 1797 9876 1797 9876 1788 9876 1790 9876 1798 9877 1792 9877 1799 9877 1799 9877 1792 9877 1794 9877 1789 9878 1800 9878 1791 9878 1791 9878 1800 9878 1801 9878 1802 9879 1796 9879 1803 9879 1803 9879 1796 9879 1797 9879 1804 9880 1798 9880 1805 9880 1805 9880 1798 9880 1799 9880 1800 9881 1806 9881 1801 9881 1801 9881 1806 9881 1807 9881 1806 1186 1802 1186 1807 1186 1807 1186 1802 1186 1803 1186 1808 1186 1804 1186 1809 1186 1809 1186 1804 1186 1805 1186 1810 9882 1808 9882 1811 9882 1811 9882 1808 9882 1809 9882 1793 9883 1810 9883 1795 9883 1795 9883 1810 9883 1811 9883 1812 1141 1813 1141 1814 1141 1814 1141 1813 1141 1815 1141 1816 1141 1817 1141 1818 1141 1818 1141 1817 1141 1819 1141 1820 9876 1812 9876 1821 9876 1821 9876 1812 9876 1814 9876 1822 9877 1816 9877 1823 9877 1823 9877 1816 9877 1818 9877 1813 9878 1824 9878 1815 9878 1815 9878 1824 9878 1825 9878 1826 9879 1820 9879 1827 9879 1827 9879 1820 9879 1821 9879 1828 9880 1822 9880 1829 9880 1829 9880 1822 9880 1823 9880 1824 9881 1830 9881 1825 9881 1825 9881 1830 9881 1831 9881 1830 1186 1826 1186 1831 1186 1831 1186 1826 1186 1827 1186 1832 1186 1828 1186 1833 1186 1833 1186 1828 1186 1829 1186 1834 9882 1832 9882 1835 9882 1835 9882 1832 9882 1833 9882 1817 9883 1834 9883 1819 9883 1819 9883 1834 9883 1835 9883 1836 9876 1837 9876 1838 9876 1838 9876 1837 9876 1839 9876 1840 9877 1841 9877 1842 9877 1842 9877 1841 9877 1843 9877 1844 9879 1836 9879 1845 9879 1845 9879 1836 9879 1838 9879 1846 9880 1840 9880 1847 9880 1847 9880 1840 9880 1842 9880 1837 1141 1848 1141 1839 1141 1839 1141 1848 1141 1849 1141 1850 1186 1844 1186 1851 1186 1851 1186 1844 1186 1845 1186 1852 1186 1846 1186 1853 1186 1853 1186 1846 1186 1847 1186 1848 9878 1854 9878 1849 9878 1849 9878 1854 9878 1855 9878 1854 9881 1850 9881 1855 9881 1855 9881 1850 9881 1851 9881 1856 9882 1852 9882 1857 9882 1857 9882 1852 9882 1853 9882 1858 9883 1856 9883 1859 9883 1859 9883 1856 9883 1857 9883 1841 1141 1858 1141 1843 1141 1843 1141 1858 1141 1859 1141 1860 579 1861 579 1862 579 1862 579 1861 579 1863 579 1864 579 1865 579 1866 579 1866 579 1865 579 1867 579 1868 9896 1860 9896 1869 9896 1869 9896 1860 9896 1862 9896 1870 9896 1864 9896 1871 9896 1871 9896 1864 9896 1866 9896 1861 9897 1872 9897 1863 9897 1863 9897 1872 9897 1873 9897 1874 9898 1868 9898 1875 9898 1875 9898 1868 9898 1869 9898 1876 9898 1870 9898 1877 9898 1877 9898 1870 9898 1871 9898 1872 9899 1878 9899 1873 9899 1873 9899 1878 9899 1879 9899 1878 712 1874 712 1879 712 1879 712 1874 712 1875 712 1880 712 1876 712 1881 712 1881 712 1876 712 1877 712 1882 9899 1880 9899 1883 9899 1883 9899 1880 9899 1881 9899 1865 9897 1882 9897 1867 9897 1867 9897 1882 9897 1883 9897 1884 9896 1885 9896 1886 9896 1886 9896 1885 9896 1887 9896 1888 9896 1889 9896 1890 9896 1890 9896 1889 9896 1891 9896 1892 9898 1884 9898 1893 9898 1893 9898 1884 9898 1886 9898 1894 9898 1888 9898 1895 9898 1895 9898 1888 9898 1890 9898 1885 579 1896 579 1887 579 1887 579 1896 579 1897 579 1898 712 1892 712 1899 712 1899 712 1892 712 1893 712 1900 712 1894 712 1901 712 1901 712 1894 712 1895 712 1896 9900 1902 9900 1897 9900 1897 9900 1902 9900 1903 9900 1902 9901 1898 9901 1903 9901 1903 9901 1898 9901 1899 9901 1904 9901 1900 9901 1905 9901 1905 9901 1900 9901 1901 9901 1906 9900 1904 9900 1907 9900 1907 9900 1904 9900 1905 9900 1889 579 1906 579 1891 579 1891 579 1906 579 1907 579 1908 9899 1909 9899 1910 9899 1910 9899 1909 9899 1911 9899 1912 9899 1913 9899 1914 9899 1914 9899 1913 9899 1915 9899 1916 9897 1908 9897 1917 9897 1917 9897 1908 9897 1910 9897 1918 9897 1912 9897 1919 9897 1919 9897 1912 9897 1914 9897 1909 712 1920 712 1911 712 1911 712 1920 712 1921 712 1922 579 1916 579 1923 579 1923 579 1916 579 1917 579 1924 579 1918 579 1925 579 1925 579 1918 579 1919 579 1920 9902 1926 9902 1921 9902 1921 9898 1926 9898 1927 9898 1926 9896 1922 9896 1927 9896 1927 9903 1922 9903 1923 9903 1928 9896 1924 9896 1929 9896 1929 9903 1924 9903 1925 9903 1930 9902 1928 9902 1931 9902 1931 9898 1928 9898 1929 9898 1913 712 1930 712 1915 712 1915 712 1930 712 1931 712 1932 9899 1933 9899 1934 9899 1934 9899 1933 9899 1935 9899 1936 9904 1937 9904 1938 9904 1938 9904 1937 9904 1939 9904 1940 9897 1932 9897 1941 9897 1941 9897 1932 9897 1934 9897 1942 9897 1936 9897 1943 9897 1943 9897 1936 9897 1938 9897 1933 712 1944 712 1935 712 1935 712 1944 712 1945 712 1946 579 1940 579 1947 579 1947 579 1940 579 1941 579 1948 579 1942 579 1949 579 1949 579 1942 579 1943 579 1944 9898 1950 9898 1945 9898 1945 9898 1950 9898 1951 9898 1950 9896 1946 9896 1951 9896 1951 9896 1946 9896 1947 9896 1952 9896 1948 9896 1953 9896 1953 9896 1948 9896 1949 9896 1954 9905 1952 9905 1955 9905 1955 9905 1952 9905 1953 9905 1937 712 1954 712 1939 712 1939 712 1954 712 1955 712 1956 579 1957 579 1958 579 1958 579 1957 579 1959 579 1960 579 1961 579 1962 579 1962 579 1961 579 1963 579 1964 9896 1956 9896 1965 9896 1965 9896 1956 9896 1958 9896 1966 9906 1960 9906 1967 9906 1967 9906 1960 9906 1962 9906 1957 9900 1968 9900 1959 9900 1959 9900 1968 9900 1969 9900 1970 9898 1964 9898 1971 9898 1971 9898 1964 9898 1965 9898 1972 9905 1966 9905 1973 9905 1973 9905 1966 9905 1967 9905 1968 9901 1974 9901 1969 9901 1969 9901 1974 9901 1975 9901 1974 712 1970 712 1975 712 1975 712 1970 712 1971 712 1976 712 1972 712 1977 712 1977 712 1972 712 1973 712 1978 9907 1976 9907 1979 9907 1979 9907 1976 9907 1977 9907 1961 9908 1978 9908 1963 9908 1963 9908 1978 9908 1979 9908 1980 9897 1981 9897 1982 9897 1982 9897 1981 9897 1983 9897 1984 9897 1985 9897 1986 9897 1986 9897 1985 9897 1987 9897 1988 579 1980 579 1989 579 1989 579 1980 579 1982 579 1990 579 1984 579 1991 579 1991 579 1984 579 1986 579 1981 9899 1992 9899 1983 9899 1983 9899 1992 9899 1993 9899 1994 9896 1988 9896 1995 9896 1995 9903 1988 9903 1989 9903 1996 9896 1990 9896 1997 9896 1997 9903 1990 9903 1991 9903 1992 712 1998 712 1993 712 1993 712 1998 712 1999 712 1998 9902 1994 9902 1999 9902 1999 9898 1994 9898 1995 9898 2000 9902 1996 9902 2001 9902 2001 9898 1996 9898 1997 9898 2002 712 2000 712 2003 712 2003 712 2000 712 2001 712 1985 9899 2002 9899 1987 9899 1987 9899 2002 9899 2003 9899 2004 9899 2005 9899 2006 9899 2006 9899 2005 9899 2007 9899 2008 9909 2009 9909 2010 9909 2010 9909 2009 9909 2011 9909 2012 9897 2004 9897 2013 9897 2013 9897 2004 9897 2006 9897 2014 9910 2008 9910 2015 9910 2015 9910 2008 9910 2010 9910 2005 712 2016 712 2007 712 2007 712 2016 712 2017 712 2018 579 2012 579 2019 579 2019 579 2012 579 2013 579 2020 579 2014 579 2021 579 2021 579 2014 579 2015 579 2016 9898 2022 9898 2017 9898 2017 9898 2022 9898 2023 9898 2022 9896 2018 9896 2023 9896 2023 9896 2018 9896 2019 9896 2024 9911 2020 9911 2025 9911 2025 9911 2020 9911 2021 9911 2026 9912 2024 9912 2027 9912 2027 9912 2024 9912 2025 9912 2009 712 2026 712 2011 712 2011 712 2026 712 2027 712 2028 579 2029 579 2030 579 2030 579 2029 579 2031 579 2032 579 2033 579 2034 579 2034 579 2033 579 2035 579 2036 9896 2028 9896 2037 9896 2037 9903 2028 9903 2030 9903 2038 9896 2032 9896 2039 9896 2039 9903 2032 9903 2034 9903 2029 9897 2040 9897 2031 9897 2031 9897 2040 9897 2041 9897 2042 9902 2036 9902 2043 9902 2043 9898 2036 9898 2037 9898 2044 9902 2038 9902 2045 9902 2045 9898 2038 9898 2039 9898 2040 9899 2046 9899 2041 9899 2041 9899 2046 9899 2047 9899 2046 712 2042 712 2047 712 2047 712 2042 712 2043 712 2048 712 2044 712 2049 712 2049 712 2044 712 2045 712 2050 9899 2048 9899 2051 9899 2051 9899 2048 9899 2049 9899 2033 9897 2050 9897 2035 9897 2035 9897 2050 9897 2051 9897 2052 9901 2053 9901 2054 9901 2054 9901 2053 9901 2055 9901 2056 9901 2057 9901 2058 9901 2058 9901 2057 9901 2059 9901 2060 9900 2052 9900 2061 9900 2061 9900 2052 9900 2054 9900 2062 9900 2056 9900 2063 9900 2063 9900 2056 9900 2058 9900 2053 712 2064 712 2055 712 2055 712 2064 712 2065 712 2066 579 2060 579 2067 579 2067 579 2060 579 2061 579 2068 579 2062 579 2069 579 2069 579 2062 579 2063 579 2064 9898 2070 9898 2065 9898 2065 9898 2070 9898 2071 9898 2070 9896 2066 9896 2071 9896 2071 9896 2066 9896 2067 9896 2072 9896 2068 9896 2073 9896 2073 9896 2068 9896 2069 9896 2074 9898 2072 9898 2075 9898 2075 9898 2072 9898 2073 9898 2057 712 2074 712 2059 712 2059 712 2074 712 2075 712 2076 9899 2077 9899 2078 9899 2078 9899 2077 9899 2079 9899 2080 9899 2081 9899 2082 9899 2082 9899 2081 9899 2083 9899 2084 9897 2076 9897 2085 9897 2085 9897 2076 9897 2078 9897 2086 9897 2080 9897 2087 9897 2087 9897 2080 9897 2082 9897 2077 712 2088 712 2079 712 2079 712 2088 712 2089 712 2090 579 2084 579 2091 579 2091 579 2084 579 2085 579 2092 579 2086 579 2093 579 2093 579 2086 579 2087 579 2088 9898 2094 9898 2089 9898 2089 9898 2094 9898 2095 9898 2094 9896 2090 9896 2095 9896 2095 9896 2090 9896 2091 9896 2096 9896 2092 9896 2097 9896 2097 9896 2092 9896 2093 9896 2098 9898 2096 9898 2099 9898 2099 9898 2096 9898 2097 9898 2081 712 2098 712 2083 712 2083 712 2098 712 2099 712 2100 9900 2101 9900 2102 9900 2102 9900 2101 9900 2103 9900 2104 9900 2105 9900 2106 9900 2106 9900 2105 9900 2107 9900 2108 579 2100 579 2109 579 2109 579 2100 579 2102 579 2110 579 2104 579 2111 579 2111 579 2104 579 2106 579 2101 9901 2112 9901 2103 9901 2103 9901 2112 9901 2113 9901 2114 9896 2108 9896 2115 9896 2115 9896 2108 9896 2109 9896 2116 9896 2110 9896 2117 9896 2117 9896 2110 9896 2111 9896 2112 712 2118 712 2113 712 2113 712 2118 712 2119 712 2118 9898 2114 9898 2119 9898 2119 9898 2114 9898 2115 9898 2120 9898 2116 9898 2121 9898 2121 9898 2116 9898 2117 9898 2122 712 2120 712 2123 712 2123 712 2120 712 2121 712 2105 9901 2122 9901 2107 9901 2107 9901 2122 9901 2123 9901 2124 579 2125 579 2126 579 2126 579 2125 579 2127 579 2128 579 2129 579 2130 579 2130 579 2129 579 2131 579 2132 9896 2124 9896 2133 9896 2133 9903 2124 9903 2126 9903 2134 9906 2128 9906 2135 9906 2135 9913 2128 9913 2130 9913 2125 9897 2136 9897 2127 9897 2127 9897 2136 9897 2137 9897 2138 9902 2132 9902 2139 9902 2139 9898 2132 9898 2133 9898 2140 9914 2134 9914 2141 9914 2141 9905 2134 9905 2135 9905 2136 9899 2142 9899 2137 9899 2137 9899 2142 9899 2143 9899 2142 712 2138 712 2143 712 2143 712 2138 712 2139 712 2144 712 2140 712 2145 712 2145 712 2140 712 2141 712 2146 9904 2144 9904 2147 9904 2147 9904 2144 9904 2145 9904 2129 9915 2146 9915 2131 9915 2131 9915 2146 9915 2147 9915 2148 9899 2149 9899 2150 9899 2150 9899 2149 9899 2151 9899 2152 9899 2153 9899 2154 9899 2154 9899 2153 9899 2155 9899 2156 9897 2148 9897 2157 9897 2157 9897 2148 9897 2150 9897 2158 9897 2152 9897 2159 9897 2159 9897 2152 9897 2154 9897 2149 712 2160 712 2151 712 2151 712 2160 712 2161 712 2162 579 2156 579 2163 579 2163 579 2156 579 2157 579 2164 579 2158 579 2165 579 2165 579 2158 579 2159 579 2160 9898 2166 9898 2161 9898 2161 9898 2166 9898 2167 9898 2166 9896 2162 9896 2167 9896 2167 9896 2162 9896 2163 9896 2168 9896 2164 9896 2169 9896 2169 9896 2164 9896 2165 9896 2170 9898 2168 9898 2171 9898 2171 9898 2168 9898 2169 9898 2153 712 2170 712 2155 712 2155 712 2170 712 2171 712 2172 9896 2173 9896 2174 9896 2174 9896 2173 9896 2175 9896 2176 9896 2177 9896 2178 9896 2178 9896 2177 9896 2179 9896 2180 9898 2172 9898 2181 9898 2181 9898 2172 9898 2174 9898 2182 9898 2176 9898 2183 9898 2183 9898 2176 9898 2178 9898 2173 579 2184 579 2175 579 2175 579 2184 579 2185 579 2186 712 2180 712 2187 712 2187 712 2180 712 2181 712 2188 712 2182 712 2189 712 2189 712 2182 712 2183 712 2184 9900 2190 9900 2185 9900 2185 9900 2190 9900 2191 9900 2190 9901 2186 9901 2191 9901 2191 9901 2186 9901 2187 9901 2192 9901 2188 9901 2193 9901 2193 9901 2188 9901 2189 9901 2194 9900 2192 9900 2195 9900 2195 9900 2192 9900 2193 9900 2177 579 2194 579 2179 579 2179 579 2194 579 2195 579 2196 9899 2197 9899 2198 9899 2198 9899 2197 9899 2199 9899 2200 9899 2201 9899 2202 9899 2202 9899 2201 9899 2203 9899 2204 9897 2196 9897 2205 9897 2205 9897 2196 9897 2198 9897 2206 9897 2200 9897 2207 9897 2207 9897 2200 9897 2202 9897 2197 712 2208 712 2199 712 2199 712 2208 712 2209 712 2210 579 2204 579 2211 579 2211 579 2204 579 2205 579 2212 579 2206 579 2213 579 2213 579 2206 579 2207 579 2208 9902 2214 9902 2209 9902 2209 9898 2214 9898 2215 9898 2214 9896 2210 9896 2215 9896 2215 9903 2210 9903 2211 9903 2216 9896 2212 9896 2217 9896 2217 9903 2212 9903 2213 9903 2218 9902 2216 9902 2219 9902 2219 9898 2216 9898 2217 9898 2201 712 2218 712 2203 712 2203 712 2218 712 2219 712 2220 9897 2221 9897 2222 9897 2222 9897 2221 9897 2223 9897 2224 9897 2225 9897 2226 9897 2226 9897 2225 9897 2227 9897 2228 579 2220 579 2229 579 2229 579 2220 579 2222 579 2230 579 2224 579 2231 579 2231 579 2224 579 2226 579 2221 9899 2232 9899 2223 9899 2223 9899 2232 9899 2233 9899 2234 9896 2228 9896 2235 9896 2235 9896 2228 9896 2229 9896 2236 9896 2230 9896 2237 9896 2237 9896 2230 9896 2231 9896 2232 712 2238 712 2233 712 2233 712 2238 712 2239 712 2238 9898 2234 9898 2239 9898 2239 9898 2234 9898 2235 9898 2240 9898 2236 9898 2241 9898 2241 9898 2236 9898 2237 9898 2242 712 2240 712 2243 712 2243 712 2240 712 2241 712 2225 9899 2242 9899 2227 9899 2227 9899 2242 9899 2243 9899 2244 579 2245 579 2246 579 2246 579 2245 579 2247 579 2248 579 2249 579 2250 579 2250 579 2249 579 2251 579 2252 9896 2244 9896 2253 9896 2253 9903 2244 9903 2246 9903 2254 9896 2248 9896 2255 9896 2255 9903 2248 9903 2250 9903 2245 9897 2256 9897 2247 9897 2247 9897 2256 9897 2257 9897 2258 9902 2252 9902 2259 9902 2259 9898 2252 9898 2253 9898 2260 9902 2254 9902 2261 9902 2261 9898 2254 9898 2255 9898 2256 9899 2262 9899 2257 9899 2257 9899 2262 9899 2263 9899 2262 712 2258 712 2263 712 2263 712 2258 712 2259 712 2264 712 2260 712 2265 712 2265 712 2260 712 2261 712 2266 9899 2264 9899 2267 9899 2267 9899 2264 9899 2265 9899 2249 9897 2266 9897 2251 9897 2251 9897 2266 9897 2267 9897 2268 9896 2269 9896 2270 9896 2270 9896 2269 9896 2271 9896 2272 9896 2273 9896 2274 9896 2274 9896 2273 9896 2275 9896 2276 9898 2268 9898 2277 9898 2277 9898 2268 9898 2270 9898 2278 9898 2272 9898 2279 9898 2279 9898 2272 9898 2274 9898 2269 579 2280 579 2271 579 2271 579 2280 579 2281 579 2282 712 2276 712 2283 712 2283 712 2276 712 2277 712 2284 712 2278 712 2285 712 2285 712 2278 712 2279 712 2280 9900 2286 9900 2281 9900 2281 9900 2286 9900 2287 9900 2286 9901 2282 9901 2287 9901 2287 9901 2282 9901 2283 9901 2288 9901 2284 9901 2289 9901 2289 9901 2284 9901 2285 9901 2290 9900 2288 9900 2291 9900 2291 9900 2288 9900 2289 9900 2273 579 2290 579 2275 579 2275 579 2290 579 2291 579 2292 9899 2293 9899 2294 9899 2294 9899 2293 9899 2295 9899 2296 9899 2297 9899 2298 9899 2298 9899 2297 9899 2299 9899 2300 9897 2292 9897 2301 9897 2301 9897 2292 9897 2294 9897 2302 9897 2296 9897 2303 9897 2303 9897 2296 9897 2298 9897 2293 712 2304 712 2295 712 2295 712 2304 712 2305 712 2306 579 2300 579 2307 579 2307 579 2300 579 2301 579 2308 579 2302 579 2309 579 2309 579 2302 579 2303 579 2304 9898 2310 9898 2305 9898 2305 9898 2310 9898 2311 9898 2310 9896 2306 9896 2311 9896 2311 9896 2306 9896 2307 9896 2312 9896 2308 9896 2313 9896 2313 9896 2308 9896 2309 9896 2314 9898 2312 9898 2315 9898 2315 9898 2312 9898 2313 9898 2297 712 2314 712 2299 712 2299 712 2314 712 2315 712 2316 9899 2317 9899 2318 9899 2318 9899 2317 9899 2319 9899 2320 9904 2321 9904 2322 9904 2322 9904 2321 9904 2323 9904 2324 9897 2316 9897 2325 9897 2325 9897 2316 9897 2318 9897 2326 9897 2320 9897 2327 9897 2327 9897 2320 9897 2322 9897 2317 712 2328 712 2319 712 2319 712 2328 712 2329 712 2330 579 2324 579 2331 579 2331 579 2324 579 2325 579 2332 579 2326 579 2333 579 2333 579 2326 579 2327 579 2328 9902 2334 9902 2329 9902 2329 9898 2334 9898 2335 9898 2334 9896 2330 9896 2335 9896 2335 9903 2330 9903 2331 9903 2336 9896 2332 9896 2337 9896 2337 9903 2332 9903 2333 9903 2338 9914 2336 9914 2339 9914 2339 9905 2336 9905 2337 9905 2321 712 2338 712 2323 712 2323 712 2338 712 2339 712 2340 579 2341 579 2342 579 2342 579 2341 579 2343 579 2344 579 2345 579 2346 579 2346 579 2345 579 2347 579 2348 9896 2340 9896 2349 9896 2349 9896 2340 9896 2342 9896 2350 9896 2344 9896 2351 9896 2351 9896 2344 9896 2346 9896 2341 9900 2352 9900 2343 9900 2343 9900 2352 9900 2353 9900 2354 9898 2348 9898 2355 9898 2355 9898 2348 9898 2349 9898 2356 9898 2350 9898 2357 9898 2357 9898 2350 9898 2351 9898 2352 9901 2358 9901 2353 9901 2353 9901 2358 9901 2359 9901 2358 712 2354 712 2359 712 2359 712 2354 712 2355 712 2360 712 2356 712 2361 712 2361 712 2356 712 2357 712 2362 9901 2360 9901 2363 9901 2363 9901 2360 9901 2361 9901 2345 9900 2362 9900 2347 9900 2347 9900 2362 9900 2363 9900 2364 579 2365 579 2366 579 2366 579 2365 579 2367 579 2368 579 2369 579 2370 579 2370 579 2369 579 2371 579 2372 9896 2364 9896 2373 9896 2373 9896 2364 9896 2366 9896 2374 9896 2368 9896 2375 9896 2375 9896 2368 9896 2370 9896 2365 9897 2376 9897 2367 9897 2367 9897 2376 9897 2377 9897 2378 9898 2372 9898 2379 9898 2379 9898 2372 9898 2373 9898 2380 9898 2374 9898 2381 9898 2381 9898 2374 9898 2375 9898 2376 9899 2382 9899 2377 9899 2377 9899 2382 9899 2383 9899 2382 712 2378 712 2383 712 2383 712 2378 712 2379 712 2384 712 2380 712 2385 712 2385 712 2380 712 2381 712 2386 9899 2384 9899 2387 9899 2387 9899 2384 9899 2385 9899 2369 9897 2386 9897 2371 9897 2371 9897 2386 9897 2387 9897 2388 9897 2389 9897 2390 9897 2390 9897 2389 9897 2391 9897 2392 9910 2393 9910 2394 9910 2394 9910 2393 9910 2395 9910 2396 579 2388 579 2397 579 2397 579 2388 579 2390 579 2398 579 2392 579 2399 579 2399 579 2392 579 2394 579 2389 9899 2400 9899 2391 9899 2391 9899 2400 9899 2401 9899 2402 9896 2396 9896 2403 9896 2403 9903 2396 9903 2397 9903 2404 9911 2398 9911 2405 9911 2405 9916 2398 9916 2399 9916 2400 712 2406 712 2401 712 2401 712 2406 712 2407 712 2406 9902 2402 9902 2407 9902 2407 9898 2402 9898 2403 9898 2408 9917 2404 9917 2409 9917 2409 9912 2404 9912 2405 9912 2410 712 2408 712 2411 712 2411 712 2408 712 2409 712 2393 9909 2410 9909 2395 9909 2395 9909 2410 9909 2411 9909 2412 579 2413 579 2414 579 2414 579 2413 579 2415 579 2416 579 2417 579 2418 579 2418 579 2417 579 2419 579 2420 9896 2412 9896 2421 9896 2421 9903 2412 9903 2414 9903 2422 9896 2416 9896 2423 9896 2423 9903 2416 9903 2418 9903 2413 9897 2424 9897 2415 9897 2415 9897 2424 9897 2425 9897 2426 9902 2420 9902 2427 9902 2427 9898 2420 9898 2421 9898 2428 9902 2422 9902 2429 9902 2429 9898 2422 9898 2423 9898 2424 9899 2430 9899 2425 9899 2425 9899 2430 9899 2431 9899 2430 712 2426 712 2431 712 2431 712 2426 712 2427 712 2432 712 2428 712 2433 712 2433 712 2428 712 2429 712 2434 9899 2432 9899 2435 9899 2435 9899 2432 9899 2433 9899 2417 9897 2434 9897 2419 9897 2419 9897 2434 9897 2435 9897 2436 9901 2437 9901 2438 9901 2438 9901 2437 9901 2439 9901 2440 9901 2441 9901 2442 9901 2442 9901 2441 9901 2443 9901 2444 9900 2436 9900 2445 9900 2445 9900 2436 9900 2438 9900 2446 9900 2440 9900 2447 9900 2447 9900 2440 9900 2442 9900 2437 712 2448 712 2439 712 2439 712 2448 712 2449 712 2450 579 2444 579 2451 579 2451 579 2444 579 2445 579 2452 579 2446 579 2453 579 2453 579 2446 579 2447 579 2448 9898 2454 9898 2449 9898 2449 9898 2454 9898 2455 9898 2454 9896 2450 9896 2455 9896 2455 9896 2450 9896 2451 9896 2456 9896 2452 9896 2457 9896 2457 9896 2452 9896 2453 9896 2458 9898 2456 9898 2459 9898 2459 9898 2456 9898 2457 9898 2441 712 2458 712 2443 712 2443 712 2458 712 2459 712 2460 9899 2461 9899 2462 9899 2462 9899 2461 9899 2463 9899 2464 9899 2465 9899 2466 9899 2466 9899 2465 9899 2467 9899 2468 9897 2460 9897 2469 9897 2469 9897 2460 9897 2462 9897 2470 9897 2464 9897 2471 9897 2471 9897 2464 9897 2466 9897 2461 712 2472 712 2463 712 2463 712 2472 712 2473 712 2474 579 2468 579 2475 579 2475 579 2468 579 2469 579 2476 579 2470 579 2477 579 2477 579 2470 579 2471 579 2472 9898 2478 9898 2473 9898 2473 9898 2478 9898 2479 9898 2478 9896 2474 9896 2479 9896 2479 9896 2474 9896 2475 9896 2480 9896 2476 9896 2481 9896 2481 9896 2476 9896 2477 9896 2482 9898 2480 9898 2483 9898 2483 9898 2480 9898 2481 9898 2465 712 2482 712 2467 712 2467 712 2482 712 2483 712 2484 9901 2485 9901 2486 9901 2486 9901 2485 9901 2487 9901 2488 9918 2489 9918 2490 9918 2490 9918 2489 9918 2491 9918 2492 9900 2484 9900 2493 9900 2493 9900 2484 9900 2486 9900 2494 9919 2488 9919 2495 9919 2495 9919 2488 9919 2490 9919 2485 712 2496 712 2487 712 2487 712 2496 712 2497 712 2498 579 2492 579 2499 579 2499 579 2492 579 2493 579 2500 579 2494 579 2501 579 2501 579 2494 579 2495 579 2496 9898 2502 9898 2497 9898 2497 9898 2502 9898 2503 9898 2502 9896 2498 9896 2503 9896 2503 9896 2498 9896 2499 9896 2504 9911 2500 9911 2505 9911 2505 9911 2500 9911 2501 9911 2506 9912 2504 9912 2507 9912 2507 9912 2504 9912 2505 9912 2489 712 2506 712 2491 712 2491 712 2506 712 2507 712 2508 9899 2509 9899 2510 9899 2510 9899 2509 9899 2511 9899 2512 9904 2513 9904 2514 9904 2514 9904 2513 9904 2515 9904 2516 9897 2508 9897 2517 9897 2517 9897 2508 9897 2510 9897 2518 9915 2512 9915 2519 9915 2519 9915 2512 9915 2514 9915 2509 712 2520 712 2511 712 2511 712 2520 712 2521 712 2522 579 2516 579 2523 579 2523 579 2516 579 2517 579 2524 579 2518 579 2525 579 2525 579 2518 579 2519 579 2520 9898 2526 9898 2521 9898 2521 9898 2526 9898 2527 9898 2526 9896 2522 9896 2527 9896 2527 9896 2522 9896 2523 9896 2528 9906 2524 9906 2529 9906 2529 9906 2524 9906 2525 9906 2530 9905 2528 9905 2531 9905 2531 9905 2528 9905 2529 9905 2513 712 2530 712 2515 712 2515 712 2530 712 2531 712 2532 579 2533 579 2534 579 2534 579 2533 579 2535 579 2536 579 2537 579 2538 579 2538 579 2537 579 2539 579 2540 9896 2532 9896 2541 9896 2541 9903 2532 9903 2534 9903 2542 9896 2536 9896 2543 9896 2543 9903 2536 9903 2538 9903 2533 9897 2544 9897 2535 9897 2535 9897 2544 9897 2545 9897 2546 9902 2540 9902 2547 9902 2547 9898 2540 9898 2541 9898 2548 9902 2542 9902 2549 9902 2549 9898 2542 9898 2543 9898 2544 9899 2550 9899 2545 9899 2545 9899 2550 9899 2551 9899 2550 712 2546 712 2551 712 2551 712 2546 712 2547 712 2552 712 2548 712 2553 712 2553 712 2548 712 2549 712 2554 9899 2552 9899 2555 9899 2555 9899 2552 9899 2553 9899 2537 9897 2554 9897 2539 9897 2539 9897 2554 9897 2555 9897 2556 9896 2557 9896 2558 9896 2558 9896 2557 9896 2559 9896 2560 9896 2561 9896 2562 9896 2562 9896 2561 9896 2563 9896 2564 9898 2556 9898 2565 9898 2565 9898 2556 9898 2558 9898 2566 9905 2560 9905 2567 9905 2567 9905 2560 9905 2562 9905 2557 579 2568 579 2559 579 2559 579 2568 579 2569 579 2570 712 2564 712 2571 712 2571 712 2564 712 2565 712 2572 712 2566 712 2573 712 2573 712 2566 712 2567 712 2568 9900 2574 9900 2569 9900 2569 9900 2574 9900 2575 9900 2574 9901 2570 9901 2575 9901 2575 9901 2570 9901 2571 9901 2576 9907 2572 9907 2577 9907 2577 9907 2572 9907 2573 9907 2578 9900 2576 9900 2579 9900 2579 9900 2576 9900 2577 9900 2561 579 2578 579 2563 579 2563 579 2578 579 2579 579 2580 9899 2581 9899 2582 9899 2582 9899 2581 9899 2583 9899 2584 9899 2585 9899 2586 9899 2586 9899 2585 9899 2587 9899 2588 9897 2580 9897 2589 9897 2589 9897 2580 9897 2582 9897 2590 9897 2584 9897 2591 9897 2591 9897 2584 9897 2586 9897 2581 712 2592 712 2583 712 2583 712 2592 712 2593 712 2594 579 2588 579 2595 579 2595 579 2588 579 2589 579 2596 579 2590 579 2597 579 2597 579 2590 579 2591 579 2592 9898 2598 9898 2593 9898 2593 9898 2598 9898 2599 9898 2598 9896 2594 9896 2599 9896 2599 9896 2594 9896 2595 9896 2600 9896 2596 9896 2601 9896 2601 9896 2596 9896 2597 9896 2602 9898 2600 9898 2603 9898 2603 9898 2600 9898 2601 9898 2585 712 2602 712 2587 712 2587 712 2602 712 2603 712 2604 9897 2605 9897 2606 9897 2606 9897 2605 9897 2607 9897 2608 9897 2609 9897 2610 9897 2610 9897 2609 9897 2611 9897 2612 579 2604 579 2613 579 2613 579 2604 579 2606 579 2614 579 2608 579 2615 579 2615 579 2608 579 2610 579 2605 9899 2616 9899 2607 9899 2607 9899 2616 9899 2617 9899 2618 9896 2612 9896 2619 9896 2619 9903 2612 9903 2613 9903 2620 9896 2614 9896 2621 9896 2621 9903 2614 9903 2615 9903 2616 712 2622 712 2617 712 2617 712 2622 712 2623 712 2622 9902 2618 9902 2623 9902 2623 9898 2618 9898 2619 9898 2624 9902 2620 9902 2625 9902 2625 9898 2620 9898 2621 9898 2626 712 2624 712 2627 712 2627 712 2624 712 2625 712 2609 9899 2626 9899 2611 9899 2611 9899 2626 9899 2627 9899 2628 9896 2629 9896 2630 9896 2630 9896 2629 9896 2631 9896 2632 9896 2633 9896 2634 9896 2634 9896 2633 9896 2635 9896 2636 9898 2628 9898 2637 9898 2637 9898 2628 9898 2630 9898 2638 9898 2632 9898 2639 9898 2639 9898 2632 9898 2634 9898 2629 579 2640 579 2631 579 2631 579 2640 579 2641 579 2642 712 2636 712 2643 712 2643 712 2636 712 2637 712 2644 712 2638 712 2645 712 2645 712 2638 712 2639 712 2640 9900 2646 9900 2641 9900 2641 9900 2646 9900 2647 9900 2646 9901 2642 9901 2647 9901 2647 9901 2642 9901 2643 9901 2648 9901 2644 9901 2649 9901 2649 9901 2644 9901 2645 9901 2650 9900 2648 9900 2651 9900 2651 9900 2648 9900 2649 9900 2633 579 2650 579 2635 579 2635 579 2650 579 2651 579 2652 1141 2653 1141 2654 1141 2654 1141 2653 1141 2655 1141 2656 579 2652 579 2657 579 2657 579 2652 579 2654 579 2658 1186 2656 1186 2659 1186 2659 1186 2656 1186 2657 1186 2653 712 2658 712 2655 712 2655 712 2658 712 2659 712 2660 2748 2655 2748 2661 2748 2661 2748 2655 2748 2659 2748 2661 2748 2659 2748 2662 2748 2662 2748 2659 2748 2657 2748 2662 2748 2657 2748 2663 2748 2663 2748 2657 2748 2660 2748 2660 2748 2657 2748 2654 2748 2660 2748 2654 2748 2655 2748 2663 1186 2362 1186 2662 1186 2662 1186 2362 1186 2576 1186 2662 1186 2576 1186 2192 1186 2192 1186 2576 1186 2188 1186 2188 1186 2576 1186 2578 1186 2188 1186 2578 1186 2182 1186 2182 1186 2578 1186 2561 1186 2182 1186 2561 1186 2176 1186 2176 1186 2561 1186 2560 1186 2176 1186 2560 1186 1912 1186 1912 1186 2560 1186 2320 1186 1912 1186 2320 1186 1913 1186 1913 1186 2320 1186 2326 1186 1913 1186 2326 1186 1930 1186 1930 1186 2326 1186 2332 1186 1930 1186 2332 1186 1928 1186 1928 1186 2332 1186 2336 1186 1928 1186 2336 1186 2296 1186 2296 1186 2336 1186 1936 1186 2296 1186 1936 1186 2297 1186 2297 1186 1936 1186 1942 1186 2297 1186 1942 1186 2314 1186 2314 1186 1942 1186 1948 1186 2314 1186 1948 1186 2312 1186 2312 1186 1948 1186 1952 1186 2312 1186 1952 1186 2664 1186 2664 1186 1952 1186 2168 1186 2664 1186 2168 1186 2665 1186 2665 1186 2168 1186 2528 1186 2665 1186 2528 1186 2374 1186 2374 1186 2528 1186 2368 1186 2368 1186 2528 1186 2530 1186 2368 1186 2530 1186 2369 1186 2369 1186 2530 1186 2513 1186 2369 1186 2513 1186 2386 1186 2386 1186 2513 1186 2512 1186 2386 1186 2512 1186 1996 1186 1996 1186 2512 1186 2134 1186 1996 1186 2134 1186 1990 1186 1990 1186 2134 1186 2140 1186 1990 1186 2140 1186 1984 1186 1984 1186 2140 1186 2144 1186 1984 1186 2144 1186 1985 1186 1985 1186 2144 1186 2146 1186 1985 1186 2146 1186 2116 1186 2116 1186 2146 1186 1966 1186 2116 1186 1966 1186 2110 1186 2110 1186 1966 1186 1972 1186 2110 1186 1972 1186 2104 1186 2104 1186 1972 1186 1976 1186 2104 1186 1976 1186 2105 1186 2105 1186 1976 1186 1978 1186 2105 1186 1978 1186 2663 1186 2663 1186 1978 1186 2362 1186 2666 1186 2665 1186 2663 1186 2663 1186 2665 1186 2428 1186 2663 1186 2428 1186 2432 1186 2666 1186 2667 1186 2665 1186 2668 1186 2669 1186 2664 1186 2664 1186 2669 1186 2662 1186 2664 1186 2662 1186 2248 1186 2248 1186 2662 1186 2249 1186 2249 1186 2662 1186 2633 1186 2249 1186 2633 1186 2632 1186 2648 1186 2288 1186 2644 1186 2644 1186 2288 1186 2290 1186 2644 1186 2290 1186 2638 1186 2638 1186 2290 1186 2273 1186 2638 1186 2273 1186 2632 1186 2632 1186 2273 1186 2272 1186 2632 1186 2272 1186 2266 1186 2266 1186 2272 1186 2609 1186 2266 1186 2609 1186 2264 1186 2264 1186 2609 1186 2608 1186 2264 1186 2608 1186 2260 1186 2260 1186 2608 1186 2614 1186 2260 1186 2614 1186 2254 1186 2254 1186 2614 1186 2620 1186 2254 1186 2620 1186 1882 1186 1882 1186 2620 1186 2225 1186 1882 1186 2225 1186 1880 1186 1880 1186 2225 1186 2224 1186 1880 1186 2224 1186 1876 1186 1876 1186 2224 1186 2230 1186 1876 1186 2230 1186 1870 1186 1870 1186 2230 1186 2236 1186 1870 1186 2236 1186 2664 1186 2664 1186 2236 1186 2600 1186 2664 1186 2600 1186 2312 1186 2312 1186 2600 1186 2308 1186 2308 1186 2600 1186 2602 1186 2308 1186 2602 1186 2302 1186 2302 1186 2602 1186 2585 1186 2302 1186 2585 1186 2296 1186 2296 1186 2585 1186 2584 1186 2296 1186 2584 1186 1928 1186 1928 1186 2584 1186 2216 1186 1928 1186 2216 1186 1924 1186 1924 1186 2216 1186 2218 1186 1924 1186 2218 1186 1918 1186 1918 1186 2218 1186 2201 1186 1918 1186 2201 1186 1912 1186 1912 1186 2201 1186 2200 1186 1912 1186 2200 1186 2176 1186 2176 1186 2200 1186 1888 1186 2176 1186 1888 1186 2177 1186 2177 1186 1888 1186 1894 1186 2177 1186 1894 1186 2194 1186 2194 1186 1894 1186 1900 1186 2194 1186 1900 1186 2192 1186 2192 1186 1900 1186 1904 1186 2192 1186 1904 1186 2662 1186 2662 1186 1904 1186 2288 1186 2662 1186 2288 1186 2648 1186 2648 1186 2650 1186 2662 1186 2662 1186 2650 1186 2633 1186 2624 1186 2212 1186 2620 1186 2620 1186 2212 1186 2216 1186 2620 1186 2216 1186 2225 1186 2225 1186 2216 1186 2584 1186 2225 1186 2584 1186 2242 1186 2242 1186 2584 1186 2590 1186 2242 1186 2590 1186 2240 1186 2240 1186 2590 1186 2596 1186 2240 1186 2596 1186 2236 1186 2236 1186 2596 1186 2600 1186 2212 1186 2624 1186 2206 1186 2206 1186 2624 1186 2626 1186 2206 1186 2626 1186 2200 1186 2200 1186 2626 1186 2609 1186 2200 1186 2609 1186 1888 1186 1888 1186 2609 1186 2272 1186 1888 1186 2272 1186 1889 1186 1889 1186 2272 1186 2278 1186 1889 1186 2278 1186 1906 1186 1906 1186 2278 1186 2284 1186 1906 1186 2284 1186 1904 1186 1904 1186 2284 1186 2288 1186 2576 1186 2362 1186 2572 1186 2572 1186 2362 1186 2345 1186 2572 1186 2345 1186 2566 1186 2566 1186 2345 1186 2344 1186 2566 1186 2344 1186 2560 1186 2560 1186 2344 1186 2350 1186 2560 1186 2350 1186 2320 1186 2320 1186 2350 1186 2554 1186 2320 1186 2554 1186 2321 1186 2321 1186 2554 1186 2537 1186 2321 1186 2537 1186 2338 1186 2338 1186 2537 1186 2536 1186 2338 1186 2536 1186 2336 1186 2336 1186 2536 1186 2542 1186 2336 1186 2542 1186 1936 1186 1936 1186 2542 1186 2152 1186 1936 1186 2152 1186 1937 1186 1937 1186 2152 1186 2158 1186 1937 1186 2158 1186 1954 1186 1954 1186 2158 1186 2164 1186 1954 1186 2164 1186 1952 1186 1952 1186 2164 1186 2168 1186 2552 1186 2129 1186 2548 1186 2548 1186 2129 1186 2128 1186 2548 1186 2128 1186 2542 1186 2542 1186 2128 1186 2134 1186 2542 1186 2134 1186 2152 1186 2152 1186 2134 1186 2512 1186 2152 1186 2512 1186 2153 1186 2153 1186 2512 1186 2518 1186 2153 1186 2518 1186 2170 1186 2170 1186 2518 1186 2524 1186 2170 1186 2524 1186 2168 1186 2168 1186 2524 1186 2528 1186 2129 1186 2552 1186 2146 1186 2146 1186 2552 1186 2554 1186 2146 1186 2554 1186 1966 1186 1966 1186 2554 1186 2350 1186 1966 1186 2350 1186 1960 1186 1960 1186 2350 1186 2356 1186 1960 1186 2356 1186 1961 1186 1961 1186 2356 1186 2360 1186 1961 1186 2360 1186 1978 1186 1978 1186 2360 1186 2362 1186 2504 1186 2116 1186 2500 1186 2500 1186 2116 1186 2120 1186 2500 1186 2120 1186 2494 1186 2494 1186 2120 1186 2122 1186 2494 1186 2122 1186 2488 1186 2488 1186 2122 1186 2105 1186 2488 1186 2105 1186 2663 1186 2506 1186 2068 1186 2504 1186 2504 1186 2068 1186 2072 1186 2504 1186 2072 1186 2393 1186 2393 1186 2072 1186 2050 1186 2393 1186 2050 1186 2410 1186 2410 1186 2050 1186 2033 1186 2410 1186 2033 1186 2408 1186 2408 1186 2033 1186 2032 1186 2408 1186 2032 1186 2404 1186 2404 1186 2032 1186 2038 1186 2404 1186 2038 1186 2008 1186 2008 1186 2038 1186 2080 1186 2008 1186 2080 1186 2009 1186 2009 1186 2080 1186 2086 1186 2009 1186 2086 1186 2026 1186 2026 1186 2086 1186 2092 1186 2026 1186 2092 1186 2024 1186 2024 1186 2092 1186 2096 1186 2024 1186 2096 1186 2665 1186 2665 1186 2096 1186 2480 1186 2665 1186 2480 1186 2482 1186 2068 1186 2506 1186 2062 1186 2062 1186 2506 1186 2489 1186 2062 1186 2489 1186 2056 1186 2056 1186 2489 1186 2488 1186 2056 1186 2488 1186 2663 1186 2480 1186 2096 1186 2476 1186 2476 1186 2096 1186 2098 1186 2476 1186 2098 1186 2470 1186 2470 1186 2098 1186 2081 1186 2470 1186 2081 1186 2464 1186 2464 1186 2081 1186 2080 1186 2464 1186 2080 1186 2422 1186 2422 1186 2080 1186 2038 1186 2422 1186 2038 1186 2416 1186 2416 1186 2038 1186 2044 1186 2416 1186 2044 1186 2417 1186 2417 1186 2044 1186 2048 1186 2417 1186 2048 1186 2434 1186 2434 1186 2048 1186 2050 1186 2434 1186 2050 1186 2456 1186 2456 1186 2050 1186 2072 1186 2456 1186 2072 1186 2452 1186 2452 1186 2072 1186 2074 1186 2452 1186 2074 1186 2446 1186 2446 1186 2074 1186 2057 1186 2446 1186 2057 1186 2440 1186 2440 1186 2057 1186 2056 1186 2440 1186 2056 1186 2663 1186 2482 1186 2465 1186 2665 1186 2665 1186 2465 1186 2428 1186 2428 1186 2465 1186 2422 1186 2422 1186 2465 1186 2464 1186 2434 1186 2456 1186 2432 1186 2432 1186 2456 1186 2458 1186 2432 1186 2458 1186 2663 1186 2663 1186 2458 1186 2441 1186 2663 1186 2441 1186 2440 1186 2392 1186 2002 1186 2393 1186 2393 1186 2002 1186 1985 1186 2393 1186 1985 1186 2504 1186 2504 1186 1985 1186 2116 1186 2002 1186 2392 1186 2000 1186 2000 1186 2392 1186 2398 1186 2000 1186 2398 1186 1996 1186 1996 1186 2398 1186 2404 1186 1996 1186 2404 1186 2386 1186 2386 1186 2404 1186 2008 1186 2386 1186 2008 1186 2384 1186 2384 1186 2008 1186 2014 1186 2384 1186 2014 1186 2380 1186 2380 1186 2014 1186 2020 1186 2380 1186 2020 1186 2374 1186 2374 1186 2020 1186 2024 1186 2374 1186 2024 1186 2665 1186 2266 1186 2249 1186 2632 1186 2664 1186 2248 1186 1865 1186 1865 1186 2248 1186 2254 1186 1865 1186 2254 1186 1882 1186 1865 1186 1864 1186 2664 1186 2664 1186 1864 1186 1870 1186 2660 579 1712 579 2663 579 2663 579 1712 579 1472 579 2663 579 1472 579 1496 579 1496 579 1472 579 1492 579 1492 579 1472 579 1474 579 1492 579 1474 579 1486 579 1486 579 1474 579 1457 579 1486 579 1457 579 1588 579 1588 579 1457 579 1642 579 1588 579 1642 579 1582 579 1582 579 1642 579 1625 579 1582 579 1625 579 1376 579 1376 579 1625 579 1817 579 1376 579 1817 579 1372 579 1372 579 1817 579 1816 579 1372 579 1816 579 1366 579 1366 579 1816 579 1822 579 1366 579 1822 579 2670 579 2670 579 1822 579 1390 579 2670 579 1390 579 2671 579 2671 579 1390 579 1798 579 2671 579 1798 579 1534 579 1534 579 1798 579 1528 579 1528 579 1798 579 1804 579 1528 579 1804 579 1529 579 1529 579 1804 579 1808 579 1529 579 1808 579 1409 579 1409 579 1808 579 1654 579 1409 579 1654 579 1426 579 1426 579 1654 579 1660 579 1426 579 1660 579 1505 579 1505 579 1660 579 1750 579 1505 579 1750 579 1522 579 1522 579 1750 579 1756 579 1522 579 1756 579 1520 579 1520 579 1756 579 1760 579 1520 579 1760 579 2660 579 2660 579 1760 579 1712 579 2672 579 1780 579 2660 579 2660 579 1780 579 1784 579 2660 579 1784 579 1678 579 1678 579 1784 579 1672 579 1672 579 1784 579 1786 579 1672 579 1786 579 1769 579 2673 579 2671 579 2672 579 2672 579 2671 579 1780 579 2674 579 2666 579 2670 579 2670 579 2666 579 1841 579 2670 579 1841 579 1840 579 2666 579 2663 579 1841 579 1841 579 2663 579 1858 579 1858 579 2663 579 1601 579 1858 579 1601 579 1600 579 1856 579 1600 579 1852 579 1852 579 1600 579 1606 579 1852 579 1606 579 1577 579 1577 579 1606 579 1594 579 1594 579 1606 579 1612 579 1594 579 1612 579 1481 579 1481 579 1612 579 1726 579 1481 579 1726 579 1498 579 1498 579 1726 579 1732 579 1498 579 1732 579 1496 579 1496 579 1732 579 1736 579 1496 579 1736 579 2663 579 2663 579 1736 579 1738 579 2663 579 1738 579 1721 579 1856 579 1858 579 1600 579 1840 579 1846 579 2670 579 2670 579 1846 579 1360 579 2670 579 1360 579 1366 579 1360 579 1846 579 1361 579 1361 579 1846 579 1852 579 1361 579 1852 579 1577 579 1832 579 1385 579 1828 579 1828 579 1385 579 1384 579 1828 579 1384 579 1822 579 1822 579 1384 579 1390 579 1834 579 1624 579 1832 579 1832 579 1624 579 1630 579 1832 579 1630 579 1553 579 1553 579 1630 579 1570 579 1570 579 1630 579 1636 579 1570 579 1636 579 1697 579 1697 579 1636 579 1462 579 1697 579 1462 579 1714 579 1714 579 1462 579 1468 579 1714 579 1468 579 1712 579 1712 579 1468 579 1472 579 1834 579 1817 579 1624 579 1624 579 1817 579 1625 579 1654 579 1808 579 1648 579 1648 579 1808 579 1810 579 1648 579 1810 579 1793 579 1792 579 1396 579 1793 579 1793 579 1396 579 1400 579 1793 579 1400 579 1649 579 1649 579 1400 579 1558 579 1649 579 1558 579 1666 579 1666 579 1558 579 1564 579 1666 579 1564 579 1745 579 1745 579 1564 579 1702 579 1745 579 1702 579 1762 579 1762 579 1702 579 1708 579 1762 579 1708 579 1760 579 1760 579 1708 579 1712 579 1396 579 1792 579 1390 579 1390 579 1792 579 1798 579 1768 579 1540 579 1769 579 1769 579 1540 579 1544 579 1769 579 1544 579 1673 579 1673 579 1544 579 1414 579 1673 579 1414 579 1690 579 1690 579 1414 579 1420 579 1690 579 1420 579 1433 579 1433 579 1420 579 1510 579 1433 579 1510 579 1450 579 1450 579 1510 579 1516 579 1450 579 1516 579 1448 579 1448 579 1516 579 1520 579 1448 579 1520 579 2660 579 1540 579 1768 579 2671 579 2671 579 1768 579 1774 579 2671 579 1774 579 1780 579 1745 579 1744 579 1666 579 1666 579 1744 579 1664 579 1664 579 1744 579 1660 579 1660 579 1744 579 1750 579 2663 579 1721 579 1618 579 1618 579 1721 579 1720 579 1618 579 1720 579 1616 579 1616 579 1720 579 1612 579 1612 579 1720 579 1726 579 1697 579 1696 579 1570 579 1570 579 1696 579 1568 579 1568 579 1696 579 1564 579 1564 579 1696 579 1702 579 1688 579 1432 579 1684 579 1684 579 1432 579 1438 579 1684 579 1438 579 2660 579 2660 579 1438 579 1444 579 2660 579 1444 579 1448 579 1688 579 1690 579 1432 579 1432 579 1690 579 1433 579 1673 579 1672 579 1769 579 1678 579 1684 579 2660 579 1649 579 1648 579 1793 579 1462 579 1636 579 1456 579 1456 579 1636 579 1640 579 1456 579 1640 579 1642 579 1618 579 1601 579 2663 579 1486 579 1588 579 1480 579 1480 579 1588 579 1592 579 1480 579 1592 579 1594 579 1577 579 1576 579 1361 579 1361 579 1576 579 1378 579 1378 579 1576 579 1376 579 1376 579 1576 579 1582 579 1832 579 1553 579 1385 579 1385 579 1553 579 1552 579 1385 579 1552 579 1402 579 1402 579 1552 579 1400 579 1400 579 1552 579 1558 579 1414 579 1544 579 1408 579 1408 579 1544 579 1546 579 1408 579 1546 579 1529 579 1534 579 1540 579 2671 579 1505 579 1504 579 1426 579 1426 579 1504 579 1424 579 1424 579 1504 579 1420 579 1420 579 1504 579 1510 579 1481 579 1480 579 1594 579 1457 579 1456 579 1642 579 1409 579 1408 579 1529 579 2675 1186 2671 1186 2676 1186 2676 1186 2671 1186 2673 1186 2677 712 2675 712 2678 712 2678 712 2675 712 2676 712 2672 2748 2678 2748 2673 2748 2673 2748 2678 2748 2676 2748 2679 712 2665 712 2680 712 2680 712 2665 712 2667 712 2670 1141 2679 1141 2674 1141 2674 1141 2679 1141 2680 1141 2674 2748 2680 2748 2666 2748 2666 2748 2680 2748 2667 2748 2677 2748 648 2748 2675 2748 2675 2748 648 2748 652 2748 2675 2748 652 2748 20 2748 20 2748 652 2748 654 2748 20 2748 654 2748 1320 2748 1320 2748 654 2748 656 2748 1320 2748 656 2748 1321 2748 1321 2748 656 2748 1278 2748 1321 2748 1278 2748 600 2748 600 2748 1278 2748 1280 2748 600 2748 1280 2748 601 2748 601 2748 1280 2748 750 2748 601 2748 750 2748 72 2748 72 2748 750 2748 752 2748 72 2748 752 2748 73 2748 73 2748 752 2748 126 2748 73 2748 126 2748 792 2748 792 2748 126 2748 128 2748 792 2748 128 2748 793 2748 793 2748 128 2748 546 2748 793 2748 546 2748 1212 2748 1212 2748 546 2748 548 2748 1212 2748 548 2748 1213 2748 1213 2748 548 2748 1170 2748 1213 2748 1170 2748 492 2748 492 2748 1170 2748 1172 2748 492 2748 1172 2748 493 2748 493 2748 1172 2748 858 2748 493 2748 858 2748 180 2748 180 2748 858 2748 860 2748 180 2748 860 2748 181 2748 181 2748 860 2748 234 2748 181 2748 234 2748 900 2748 900 2748 234 2748 236 2748 900 2748 236 2748 901 2748 901 2748 236 2748 438 2748 901 2748 438 2748 1104 2748 1104 2748 438 2748 440 2748 1104 2748 440 2748 1105 2748 1105 2748 440 2748 1062 2748 1105 2748 1062 2748 384 2748 384 2748 1062 2748 1064 2748 384 2748 1064 2748 385 2748 385 2748 1064 2748 966 2748 385 2748 966 2748 288 2748 288 2748 966 2748 968 2748 288 2748 968 2748 289 2748 289 2748 968 2748 1008 2748 289 2748 1008 2748 298 2748 298 2748 1008 2748 1012 2748 298 2748 1012 2748 296 2748 296 2748 1012 2748 1014 2748 296 2748 1014 2748 373 2748 373 2748 1014 2748 336 2748 373 2748 336 2748 382 2748 382 2748 336 2748 340 2748 382 2748 340 2748 380 2748 380 2748 340 2748 342 2748 380 2748 342 2748 1045 2748 1045 2748 342 2748 324 2748 1045 2748 324 2748 1054 2748 1054 2748 324 2748 328 2748 1054 2748 328 2748 1052 2748 1052 2748 328 2748 330 2748 1052 2748 330 2748 973 2748 973 2748 330 2748 996 2748 973 2748 996 2748 982 2748 982 2748 996 2748 1000 2748 982 2748 1000 2748 980 2748 980 2748 1000 2748 1002 2748 980 2748 1002 2748 301 2748 301 2748 1002 2748 1020 2748 301 2748 1020 2748 310 2748 310 2748 1020 2748 1024 2748 310 2748 1024 2748 308 2748 308 2748 1024 2748 1026 2748 308 2748 1026 2748 361 2748 361 2748 1026 2748 348 2748 361 2748 348 2748 370 2748 370 2748 348 2748 352 2748 370 2748 352 2748 368 2748 368 2748 352 2748 354 2748 368 2748 354 2748 1033 2748 1033 2748 354 2748 312 2748 1033 2748 312 2748 1042 2748 1042 2748 312 2748 316 2748 1042 2748 316 2748 1040 2748 1040 2748 316 2748 318 2748 1040 2748 318 2748 985 2748 985 2748 318 2748 994 2748 994 2748 318 2748 2681 2748 994 2748 2681 2748 992 2748 992 2748 2681 2748 2664 2748 992 2748 2664 2748 990 2748 990 2748 2664 2748 1088 2748 990 2748 1088 2748 988 2748 988 2748 1088 2748 1090 2748 988 2748 1090 2748 984 2748 984 2748 1090 2748 1081 2748 984 2748 1081 2748 1038 2748 1038 2748 1081 2748 944 2748 1038 2748 944 2748 1036 2748 1036 2748 944 2748 946 2748 1036 2748 946 2748 1032 2748 1032 2748 946 2748 937 2748 1032 2748 937 2748 366 2748 366 2748 937 2748 272 2748 366 2748 272 2748 364 2748 364 2748 272 2748 274 2748 364 2748 274 2748 360 2748 360 2748 274 2748 265 2748 360 2748 265 2748 306 2748 306 2748 265 2748 404 2748 306 2748 404 2748 304 2748 304 2748 404 2748 406 2748 304 2748 406 2748 300 2748 300 2748 406 2748 397 2748 300 2748 397 2748 978 2748 978 2748 397 2748 1076 2748 978 2748 1076 2748 976 2748 976 2748 1076 2748 1078 2748 976 2748 1078 2748 972 2748 972 2748 1078 2748 1069 2748 972 2748 1069 2748 1050 2748 1050 2748 1069 2748 956 2748 1050 2748 956 2748 1048 2748 1048 2748 956 2748 958 2748 1048 2748 958 2748 1044 2748 1044 2748 958 2748 949 2748 1044 2748 949 2748 378 2748 378 2748 949 2748 284 2748 378 2748 284 2748 376 2748 376 2748 284 2748 286 2748 376 2748 286 2748 372 2748 372 2748 286 2748 277 2748 372 2748 277 2748 294 2748 294 2748 277 2748 392 2748 294 2748 392 2748 292 2748 292 2748 392 2748 394 2748 292 2748 394 2748 288 2748 288 2748 394 2748 385 2748 2682 2748 1164 2748 2677 2748 2677 2748 1164 2748 541 2748 2677 2748 541 2748 540 2748 2683 2748 961 2748 2682 2748 2682 2748 961 2748 960 2748 2682 2748 960 2748 1057 2748 1057 2748 960 2748 1066 2748 1066 2748 960 2748 964 2748 1066 2748 964 2748 1064 2748 1064 2748 964 2748 966 2748 2684 2748 1009 2748 2683 2748 2683 2748 1009 2748 1008 2748 2683 2748 1008 2748 970 2748 970 2748 1008 2748 968 2748 2685 2748 1006 2748 2684 2748 2684 2748 1006 2748 334 2748 2684 9920 334 9920 346 9920 346 2748 334 2748 344 2748 344 2748 334 2748 325 2748 344 2748 325 2748 324 2748 2681 2748 320 2748 2685 2748 2685 2748 320 2748 322 2748 2685 9921 322 9921 358 9921 358 2748 322 2748 356 2748 356 9922 322 9922 313 9922 356 2748 313 2748 312 2748 2665 2748 1196 2748 2664 2748 2664 2748 1196 2748 882 2748 2664 2748 882 2748 884 2748 2679 2748 630 2748 2665 2748 2665 2748 630 2748 632 2748 2665 2748 632 2748 1302 2748 1302 2748 632 2748 1300 2748 1300 2748 632 2748 634 2748 1300 2748 634 2748 1296 2748 1296 2748 634 2748 625 2748 1296 2748 625 2748 726 2748 726 2748 625 2748 44 2748 726 2748 44 2748 724 2748 724 2748 44 2748 46 2748 724 2748 46 2748 720 2748 720 2748 46 2748 37 2748 720 2748 37 2748 54 2748 54 2748 37 2748 716 2748 54 2748 716 2748 52 2748 52 2748 716 2748 718 2748 52 2748 718 2748 48 2748 48 2748 718 2748 709 2748 48 2748 709 2748 618 2748 618 2748 709 2748 1316 2748 618 2748 1316 2748 616 2748 616 2748 1316 2748 1318 2748 616 2748 1318 2748 612 2748 612 2748 1318 2748 1309 2748 612 2748 1309 2748 1290 2748 1290 2748 1309 2748 644 2748 1290 2748 644 2748 1288 2748 1288 2748 644 2748 646 2748 1288 2748 646 2748 1284 2748 1284 2748 646 2748 637 2748 1284 2748 637 2748 738 2748 738 2748 637 2748 32 2748 738 2748 32 2748 736 2748 736 2748 32 2748 34 2748 736 2748 34 2748 732 2748 732 2748 34 2748 25 2748 732 2748 25 2748 66 2748 66 2748 25 2748 704 2748 66 2748 704 2748 64 2748 64 2748 704 2748 706 2748 64 2748 706 2748 60 2748 60 2748 706 2748 697 2748 60 2748 697 2748 606 2748 606 2748 697 2748 1328 2748 606 2748 1328 2748 604 2748 604 2748 1328 2748 1330 2748 604 2748 1330 2748 600 2748 600 2748 1330 2748 1321 2748 2670 2748 1348 2748 2679 2748 2679 2748 1348 2748 1350 2748 2679 2748 1350 2748 628 2748 628 2748 1350 2748 624 2748 624 2748 1350 2748 42 2748 624 2748 42 2748 44 2748 2671 2748 670 2748 2670 2748 2670 2748 670 2748 0 2748 2670 9923 0 9923 672 9923 672 2748 0 2748 4 2748 672 2748 4 2748 673 2748 673 2748 4 2748 6 2748 673 2748 6 2748 682 2748 682 2748 6 2748 1314 2748 682 2748 1314 2748 708 2748 708 2748 1314 2748 1316 2748 708 2748 1316 2748 709 2748 2675 2748 22 2748 2671 2748 2671 2748 22 2748 13 2748 2671 9924 13 9924 688 9924 688 2748 13 2748 12 2748 688 2748 12 2748 684 2748 684 2748 12 2748 16 2748 684 2748 16 2748 685 2748 685 2748 16 2748 1326 2748 685 2748 1326 2748 696 2748 696 2748 1326 2748 1328 2748 696 2748 1328 2748 697 2748 42 2748 1350 2748 40 2748 40 2748 1350 2748 1352 2748 40 2748 1352 2748 36 2748 36 2748 1352 2748 1354 2748 36 2748 1354 2748 714 2748 714 2748 1354 2748 678 2748 714 2748 678 2748 712 2748 712 2748 678 2748 680 2748 712 2748 680 2748 708 2748 708 2748 680 2748 682 2748 1354 2748 1345 2748 678 2748 678 2748 1345 2748 676 2748 676 9925 1345 9925 1344 9925 676 2748 1344 2748 672 2748 672 9926 1344 9926 2670 9926 1344 2748 1348 2748 2670 2748 1340 2748 668 2748 1338 2748 1338 2748 668 2748 670 2748 1338 2748 670 2748 1336 2748 1336 2748 670 2748 2671 2748 1336 2748 2671 2748 688 2748 1342 2748 28 2748 1340 2748 1340 2748 28 2748 30 2748 1340 2748 30 2748 666 2748 666 2748 30 2748 636 2748 666 2748 636 2748 664 2748 664 2748 636 2748 640 2748 664 2748 640 2748 660 2748 660 2748 640 2748 642 2748 660 2748 642 2748 10 2748 10 2748 642 2748 1308 2748 10 2748 1308 2748 8 2748 8 2748 1308 2748 1312 2748 8 2748 1312 2748 6 2748 6 2748 1312 2748 1314 2748 28 2748 1342 2748 24 2748 24 2748 1342 2748 1333 2748 24 2748 1333 2748 702 2748 702 2748 1333 2748 692 2748 702 2748 692 2748 700 2748 700 2748 692 2748 694 2748 700 2748 694 2748 696 2748 696 2748 694 2748 685 2748 1333 2748 1332 2748 692 2748 692 2748 1332 2748 690 2748 690 2748 1332 2748 1336 2748 690 2748 1336 2748 688 2748 20 2748 1320 2748 18 2748 18 2748 1320 2748 1324 2748 18 2748 1324 2748 16 2748 16 2748 1324 2748 1326 2748 1309 2748 1308 2748 644 2748 644 2748 1308 2748 642 2748 1302 2748 1304 2748 2665 2748 2665 2748 1304 2748 774 2748 2665 2748 774 2748 776 2748 774 2748 1304 2748 772 2748 772 2748 1304 2748 1306 2748 772 2748 1306 2748 768 2748 768 2748 1306 2748 1297 2748 768 2748 1297 2748 1254 2748 1254 2748 1297 2748 728 2748 1254 2748 728 2748 1252 2748 1252 2748 728 2748 730 2748 1252 2748 730 2748 1248 2748 1248 2748 730 2748 721 2748 1248 2748 721 2748 582 2748 582 2748 721 2748 56 2748 582 2748 56 2748 580 2748 580 2748 56 2748 58 2748 580 2748 58 2748 576 2748 576 2748 58 2748 49 2748 576 2748 49 2748 90 2748 90 2748 49 2748 620 2748 90 2748 620 2748 88 2748 88 2748 620 2748 622 2748 88 2748 622 2748 84 2748 84 2748 622 2748 613 2748 84 2748 613 2748 762 2748 762 2748 613 2748 1292 2748 762 2748 1292 2748 760 2748 760 2748 1292 2748 1294 2748 760 2748 1294 2748 756 2748 756 2748 1294 2748 1285 2748 756 2748 1285 2748 1266 2748 1266 2748 1285 2748 740 2748 1266 2748 740 2748 1264 2748 1264 2748 740 2748 742 2748 1264 2748 742 2748 1260 2748 1260 2748 742 2748 733 2748 1260 2748 733 2748 594 2748 594 2748 733 2748 68 2748 594 2748 68 2748 592 2748 592 2748 68 2748 70 2748 592 2748 70 2748 588 2748 588 2748 70 2748 61 2748 588 2748 61 2748 78 2748 78 2748 61 2748 608 2748 78 2748 608 2748 76 2748 76 2748 608 2748 610 2748 76 2748 610 2748 72 2748 72 2748 610 2748 601 2748 1297 2748 1296 2748 728 2748 728 2748 1296 2748 726 2748 1290 2748 1292 2748 612 2748 612 2748 1292 2748 613 2748 1285 2748 1284 2748 740 2748 740 2748 1284 2748 738 2748 750 2748 1280 2748 748 2748 748 2748 1280 2748 1282 2748 748 2748 1282 2748 744 2748 744 2748 1282 2748 1273 2748 744 2748 1273 2748 2677 2748 2677 2748 1273 2748 1272 2748 2677 2748 1272 2748 649 2748 649 2748 1272 2748 658 2748 658 2748 1272 2748 1276 2748 658 2748 1276 2748 656 2748 656 2748 1276 2748 1278 2748 1266 2748 1268 2748 756 2748 756 2748 1268 2748 757 2748 757 2748 1268 2748 558 2748 757 2748 558 2748 108 2748 108 2748 558 2748 560 2748 108 2748 560 2748 109 2748 109 2748 560 2748 138 2748 109 2748 138 2748 528 2748 528 2748 138 2748 140 2748 528 2748 140 2748 529 2748 529 2748 140 2748 846 2748 529 2748 846 2748 1176 2748 1176 2748 846 2748 848 2748 1176 2748 848 2748 1177 2748 1177 2748 848 2748 1158 2748 1177 2748 1158 2748 864 2748 864 2748 1158 2748 1160 2748 864 2748 1160 2748 865 2748 865 2748 1160 2748 450 2748 865 2748 450 2748 216 2748 216 2748 450 2748 452 2748 216 2748 452 2748 217 2748 217 2748 452 2748 246 2748 217 2748 246 2748 420 2748 420 2748 246 2748 248 2748 420 2748 248 2748 421 2748 421 2748 248 2748 954 2748 421 2748 954 2748 1068 2748 1068 2748 954 2748 956 2748 1068 2748 956 2748 1069 2748 558 2748 1268 2748 556 2748 556 2748 1268 2748 1270 2748 556 2748 1270 2748 552 2748 552 2748 1270 2748 1261 2748 552 2748 1261 2748 1230 2748 1230 2748 1261 2748 596 2748 1230 2748 596 2748 1228 2748 1228 2748 596 2748 598 2748 1228 2748 598 2748 1224 2748 1224 2748 598 2748 589 2748 1224 2748 589 2748 798 2748 798 2748 589 2748 80 2748 798 2748 80 2748 796 2748 796 2748 80 2748 82 2748 796 2748 82 2748 792 2748 792 2748 82 2748 73 2748 1261 2748 1260 2748 596 2748 596 2748 1260 2748 594 2748 1254 2748 1256 2748 768 2748 768 2748 1256 2748 769 2748 769 2748 1256 2748 570 2748 769 2748 570 2748 96 2748 96 2748 570 2748 572 2748 96 2748 572 2748 97 2748 97 2748 572 2748 150 2748 97 2748 150 2748 516 2748 516 2748 150 2748 152 2748 516 2748 152 2748 517 2748 517 2748 152 2748 834 2748 517 2748 834 2748 1188 2748 1188 2748 834 2748 836 2748 1188 2748 836 2748 1189 2748 1189 2748 836 2748 1146 2748 1189 2748 1146 2748 876 2748 876 2748 1146 2748 1148 2748 876 2748 1148 2748 877 2748 877 2748 1148 2748 462 2748 877 2748 462 2748 204 2748 204 2748 462 2748 464 2748 204 2748 464 2748 205 2748 205 2748 464 2748 258 2748 205 2748 258 2748 408 2748 408 2748 258 2748 260 2748 408 2748 260 2748 409 2748 409 2748 260 2748 942 2748 409 2748 942 2748 1080 2748 1080 2748 942 2748 944 2748 1080 2748 944 2748 1081 2748 570 2748 1256 2748 568 2748 568 2748 1256 2748 1258 2748 568 2748 1258 2748 564 2748 564 2748 1258 2748 1249 2748 564 2748 1249 2748 1242 2748 1242 2748 1249 2748 584 2748 1242 2748 584 2748 1240 2748 1240 2748 584 2748 586 2748 1240 2748 586 2748 1236 2748 1236 2748 586 2748 577 2748 1236 2748 577 2748 786 2748 786 2748 577 2748 92 2748 786 2748 92 2748 784 2748 784 2748 92 2748 94 2748 784 2748 94 2748 780 2748 780 2748 94 2748 85 2748 780 2748 85 2748 114 2748 114 2748 85 2748 764 2748 114 2748 764 2748 112 2748 112 2748 764 2748 766 2748 112 2748 766 2748 108 2748 108 2748 766 2748 757 2748 1249 2748 1248 2748 584 2748 584 2748 1248 2748 582 2748 1242 2748 1244 2748 564 2748 564 2748 1244 2748 565 2748 565 2748 1244 2748 822 2748 565 2748 822 2748 144 2748 144 2748 822 2748 824 2748 144 2748 824 2748 145 2748 145 2748 824 2748 162 2748 145 2748 162 2748 828 2748 828 2748 162 2748 164 2748 828 2748 164 2748 829 2748 829 2748 164 2748 474 2748 829 2748 474 2748 1140 2748 1140 2748 474 2748 476 2748 1140 2748 476 2748 1141 2748 1141 2748 476 2748 1134 2748 1141 2748 1134 2748 456 2748 456 2748 1134 2748 1136 2748 456 2748 1136 2748 457 2748 457 2748 1136 2748 930 2748 457 2748 930 2748 252 2748 252 2748 930 2748 932 2748 252 2748 932 2748 253 2748 253 2748 932 2748 270 2748 253 2748 270 2748 936 2748 936 2748 270 2748 272 2748 936 2748 272 2748 937 2748 822 2748 1244 2748 820 2748 820 2748 1244 2748 1246 2748 820 2748 1246 2748 816 2748 816 2748 1246 2748 1237 2748 816 2748 1237 2748 1206 2748 1206 2748 1237 2748 788 2748 1206 2748 788 2748 1204 2748 1204 2748 788 2748 790 2748 1204 2748 790 2748 1200 2748 1200 2748 790 2748 781 2748 1200 2748 781 2748 534 2748 534 2748 781 2748 116 2748 534 2748 116 2748 532 2748 532 2748 116 2748 118 2748 532 2748 118 2748 528 2748 528 2748 118 2748 109 2748 1237 2748 1236 2748 788 2748 788 2748 1236 2748 786 2748 1230 2748 1232 2748 552 2748 552 2748 1232 2748 553 2748 553 2748 1232 2748 810 2748 553 2748 810 2748 132 2748 132 2748 810 2748 812 2748 132 2748 812 2748 133 2748 133 2748 812 2748 174 2748 133 2748 174 2748 840 2748 840 2748 174 2748 176 2748 840 2748 176 2748 841 2748 841 2748 176 2748 486 2748 841 2748 486 2748 1152 2748 1152 2748 486 2748 488 2748 1152 2748 488 2748 1153 2748 1153 2748 488 2748 1122 2748 1153 2748 1122 2748 444 2748 444 2748 1122 2748 1124 2748 444 2748 1124 2748 445 2748 445 2748 1124 2748 918 2748 445 2748 918 2748 240 2748 240 2748 918 2748 920 2748 240 2748 920 2748 241 2748 241 2748 920 2748 282 2748 241 2748 282 2748 948 2748 948 2748 282 2748 284 2748 948 2748 284 2748 949 2748 810 2748 1232 2748 808 2748 808 2748 1232 2748 1234 2748 808 2748 1234 2748 804 2748 804 2748 1234 2748 1225 2748 804 2748 1225 2748 1218 2748 1218 2748 1225 2748 800 2748 1218 2748 800 2748 1216 2748 1216 2748 800 2748 802 2748 1216 2748 802 2748 1212 2748 1212 2748 802 2748 793 2748 1225 2748 1224 2748 800 2748 800 2748 1224 2748 798 2748 1218 2748 1220 2748 804 2748 804 2748 1220 2748 805 2748 805 2748 1220 2748 498 2748 805 2748 498 2748 168 2748 168 2748 498 2748 500 2748 168 2748 500 2748 169 2748 169 2748 500 2748 186 2748 169 2748 186 2748 480 2748 480 2748 186 2748 188 2748 480 2748 188 2748 481 2748 481 2748 188 2748 906 2748 481 2748 906 2748 1116 2748 1116 2748 906 2748 908 2748 1116 2748 908 2748 1117 2748 1117 2748 908 2748 1110 2748 1117 2748 1110 2748 912 2748 912 2748 1110 2748 1112 2748 912 2748 1112 2748 913 2748 913 2748 1112 2748 390 2748 913 2748 390 2748 276 2748 276 2748 390 2748 392 2748 276 2748 392 2748 277 2748 498 2748 1220 2748 496 2748 496 2748 1220 2748 1222 2748 496 2748 1222 2748 492 2748 492 2748 1222 2748 1213 2748 1206 2748 1208 2748 816 2748 816 2748 1208 2748 817 2748 817 2748 1208 2748 510 2748 817 2748 510 2748 156 2748 156 2748 510 2748 512 2748 156 2748 512 2748 157 2748 157 2748 512 2748 198 2748 157 2748 198 2748 468 2748 468 2748 198 2748 200 2748 468 2748 200 2748 469 2748 469 2748 200 2748 894 2748 469 2748 894 2748 1128 2748 1128 2748 894 2748 896 2748 1128 2748 896 2748 1129 2748 1129 2748 896 2748 1098 2748 1129 2748 1098 2748 924 2748 924 2748 1098 2748 1100 2748 924 2748 1100 2748 925 2748 925 2748 1100 2748 402 2748 925 2748 402 2748 264 2748 264 2748 402 2748 404 2748 264 2748 404 2748 265 2748 510 2748 1208 2748 508 2748 508 2748 1208 2748 1210 2748 508 2748 1210 2748 504 2748 504 2748 1210 2748 1201 2748 504 2748 1201 2748 1182 2748 1182 2748 1201 2748 536 2748 1182 2748 536 2748 1180 2748 1180 2748 536 2748 538 2748 1180 2748 538 2748 1176 2748 1176 2748 538 2748 529 2748 1201 2748 1200 2748 536 2748 536 2748 1200 2748 534 2748 1196 2748 2665 2748 1194 2748 1194 2748 2665 2748 524 2748 1194 2748 524 2748 1192 2748 1192 2748 524 2748 526 2748 1192 2748 526 2748 1188 2748 1188 2748 526 2748 517 2748 882 2748 1196 2748 880 2748 880 2748 1196 2748 1198 2748 880 2748 1198 2748 876 2748 876 2748 1198 2748 1189 2748 1182 2748 1184 2748 504 2748 504 2748 1184 2748 505 2748 505 2748 1184 2748 870 2748 505 2748 870 2748 192 2748 192 2748 870 2748 872 2748 192 2748 872 2748 193 2748 193 2748 872 2748 222 2748 193 2748 222 2748 888 2748 888 2748 222 2748 224 2748 888 2748 224 2748 889 2748 889 2748 224 2748 426 2748 889 2748 426 2748 1092 2748 1092 2748 426 2748 428 2748 1092 2748 428 2748 1093 2748 1093 2748 428 2748 1074 2748 1093 2748 1074 2748 396 2748 396 2748 1074 2748 1076 2748 396 2748 1076 2748 397 2748 870 2748 1184 2748 868 2748 868 2748 1184 2748 1186 2748 868 2748 1186 2748 864 2748 864 2748 1186 2748 1177 2748 858 2748 1172 2748 856 2748 856 2748 1172 2748 1174 2748 856 2748 1174 2748 852 2748 852 2748 1174 2748 1165 2748 852 2748 1165 2748 2682 2748 2682 2748 1165 2748 1164 2748 541 2748 1164 2748 550 2748 550 2748 1164 2748 1168 2748 550 2748 1168 2748 548 2748 548 2748 1168 2748 1170 2748 450 2748 1160 2748 448 2748 448 2748 1160 2748 1162 2748 448 2748 1162 2748 444 2748 444 2748 1162 2748 1153 2748 841 2748 1152 2748 850 2748 850 2748 1152 2748 1156 2748 850 2748 1156 2748 848 2748 848 2748 1156 2748 1158 2748 462 2748 1148 2748 460 2748 460 2748 1148 2748 1150 2748 460 2748 1150 2748 456 2748 456 2748 1150 2748 1141 2748 829 2748 1140 2748 838 2748 838 2748 1140 2748 1144 2748 838 2748 1144 2748 836 2748 836 2748 1144 2748 1146 2748 930 2748 1136 2748 928 2748 928 2748 1136 2748 1138 2748 928 2748 1138 2748 924 2748 924 2748 1138 2748 1129 2748 469 2748 1128 2748 478 2748 478 2748 1128 2748 1132 2748 478 2748 1132 2748 476 2748 476 2748 1132 2748 1134 2748 918 2748 1124 2748 916 2748 916 2748 1124 2748 1126 2748 916 2748 1126 2748 912 2748 912 2748 1126 2748 1117 2748 481 2748 1116 2748 490 2748 490 2748 1116 2748 1120 2748 490 2748 1120 2748 488 2748 488 2748 1120 2748 1122 2748 390 2748 1112 2748 388 2748 388 2748 1112 2748 1114 2748 388 2748 1114 2748 384 2748 384 2748 1114 2748 1105 2748 901 2748 1104 2748 910 2748 910 2748 1104 2748 1108 2748 910 2748 1108 2748 908 2748 908 2748 1108 2748 1110 2748 402 2748 1100 2748 400 2748 400 2748 1100 2748 1102 2748 400 2748 1102 2748 396 2748 396 2748 1102 2748 1093 2748 889 2748 1092 2748 898 2748 898 2748 1092 2748 1096 2748 898 2748 1096 2748 896 2748 896 2748 1096 2748 1098 2748 1088 2748 2664 2748 1086 2748 1086 2748 2664 2748 416 2748 1086 2748 416 2748 1084 2748 1084 2748 416 2748 418 2748 1084 2748 418 2748 1080 2748 1080 2748 418 2748 409 2748 421 2748 1068 2748 430 2748 430 2748 1068 2748 1072 2748 430 2748 1072 2748 428 2748 428 2748 1072 2748 1074 2748 1057 2748 1056 2748 2682 2748 2682 2748 1056 2748 433 2748 2682 2748 433 2748 432 2748 433 2748 1056 2748 442 2748 442 2748 1056 2748 1060 2748 442 2748 1060 2748 440 2748 440 2748 1060 2748 1062 2748 1050 2748 1052 2748 972 2748 972 2748 1052 2748 973 2748 1045 2748 1044 2748 380 2748 380 2748 1044 2748 378 2748 1038 2748 1040 2748 984 2748 984 2748 1040 2748 985 2748 1033 2748 1032 2748 368 2748 368 2748 1032 2748 366 2748 1026 2748 1028 2748 348 2748 348 2748 1028 2748 349 2748 349 2748 1028 2748 358 2748 358 2748 1028 2748 1030 2748 358 2748 1030 2748 2685 2748 2685 2748 1030 2748 1006 2748 1006 2748 1030 2748 1004 2748 1004 2748 1030 2748 1021 2748 1004 2748 1021 2748 1020 2748 1014 2748 1016 2748 336 2748 336 2748 1016 2748 337 2748 337 2748 1016 2748 346 2748 346 2748 1016 2748 1018 2748 346 9927 1018 9927 2684 9927 2684 2748 1018 2748 1009 2748 1002 2748 1004 2748 1020 2748 334 2748 1006 2748 332 2748 332 2748 1006 2748 997 2748 332 2748 997 2748 996 2748 978 2748 980 2748 300 2748 300 2748 980 2748 301 2748 970 2748 961 2748 2683 2748 241 2748 948 2748 250 2748 250 2748 948 2748 952 2748 250 2748 952 2748 248 2748 248 2748 952 2748 954 2748 253 2748 936 2748 262 2748 262 2748 936 2748 940 2748 262 2748 940 2748 260 2748 260 2748 940 2748 942 2748 270 2748 932 2748 268 2748 268 2748 932 2748 934 2748 268 2748 934 2748 264 2748 264 2748 934 2748 925 2748 282 2748 920 2748 280 2748 280 2748 920 2748 922 2748 280 2748 922 2748 276 2748 276 2748 922 2748 913 2748 181 2748 900 2748 190 2748 190 2748 900 2748 904 2748 190 2748 904 2748 188 2748 188 2748 904 2748 906 2748 193 2748 888 2748 202 2748 202 2748 888 2748 892 2748 202 2748 892 2748 200 2748 200 2748 892 2748 894 2748 886 2748 208 2748 884 2748 884 2748 208 2748 210 2748 884 2748 210 2748 2664 2748 2664 2748 210 2748 212 2748 2664 2748 212 2748 414 2748 414 2748 212 2748 412 2748 412 2748 212 2748 214 2748 412 2748 214 2748 408 2748 408 2748 214 2748 205 2748 208 2748 886 2748 204 2748 204 2748 886 2748 877 2748 222 2748 872 2748 220 2748 220 2748 872 2748 874 2748 220 2748 874 2748 216 2748 216 2748 874 2748 865 2748 234 2748 860 2748 232 2748 232 2748 860 2748 862 2748 232 2748 862 2748 228 2748 228 2748 862 2748 853 2748 228 2748 853 2748 2682 2748 2682 2748 853 2748 852 2748 133 2748 840 2748 142 2748 142 2748 840 2748 844 2748 142 2748 844 2748 140 2748 140 2748 844 2748 846 2748 145 2748 828 2748 154 2748 154 2748 828 2748 832 2748 154 2748 832 2748 152 2748 152 2748 832 2748 834 2748 162 2748 824 2748 160 2748 160 2748 824 2748 826 2748 160 2748 826 2748 156 2748 156 2748 826 2748 817 2748 174 2748 812 2748 172 2748 172 2748 812 2748 814 2748 172 2748 814 2748 168 2748 168 2748 814 2748 805 2748 781 2748 780 2748 116 2748 116 2748 780 2748 114 2748 778 2748 100 2748 776 2748 776 2748 100 2748 102 2748 776 2748 102 2748 2665 2748 2665 2748 102 2748 104 2748 2665 2748 104 2748 522 2748 522 2748 104 2748 520 2748 520 2748 104 2748 106 2748 520 2748 106 2748 516 2748 516 2748 106 2748 97 2748 100 2748 778 2748 96 2748 96 2748 778 2748 769 2748 762 2748 764 2748 84 2748 84 2748 764 2748 85 2748 126 2748 752 2748 124 2748 124 2748 752 2748 754 2748 124 2748 754 2748 120 2748 120 2748 754 2748 745 2748 120 2748 745 2748 2677 2748 2677 2748 745 2748 744 2748 733 2748 732 2748 68 2748 68 2748 732 2748 66 2748 721 2748 720 2748 56 2748 56 2748 720 2748 54 2748 714 2748 716 2748 36 2748 36 2748 716 2748 37 2748 702 2748 704 2748 24 2748 24 2748 704 2748 25 2748 666 2748 668 2748 1340 2748 670 2748 661 2748 0 2748 0 2748 661 2748 1 2748 1 2748 661 2748 660 2748 1 2748 660 2748 10 2748 649 2748 648 2748 2677 2748 637 2748 636 2748 32 2748 32 2748 636 2748 30 2748 625 2748 624 2748 44 2748 628 2748 630 2748 2679 2748 618 2748 620 2748 48 2748 48 2748 620 2748 49 2748 606 2748 608 2748 60 2748 60 2748 608 2748 61 2748 589 2748 588 2748 80 2748 80 2748 588 2748 78 2748 577 2748 576 2748 92 2748 92 2748 576 2748 90 2748 150 2748 572 2748 148 2748 148 2748 572 2748 574 2748 148 2748 574 2748 144 2748 144 2748 574 2748 565 2748 138 2748 560 2748 136 2748 136 2748 560 2748 562 2748 136 2748 562 2748 132 2748 132 2748 562 2748 553 2748 544 2748 130 2748 540 2748 540 2748 130 2748 121 2748 540 2748 121 2748 2677 2748 2677 2748 121 2748 120 2748 130 2748 544 2748 128 2748 128 2748 544 2748 546 2748 522 2748 524 2748 2665 2748 198 2748 512 2748 196 2748 196 2748 512 2748 514 2748 196 2748 514 2748 192 2748 192 2748 514 2748 505 2748 186 2748 500 2748 184 2748 184 2748 500 2748 502 2748 184 2748 502 2748 180 2748 180 2748 502 2748 493 2748 169 2748 480 2748 178 2748 178 2748 480 2748 484 2748 178 2748 484 2748 176 2748 176 2748 484 2748 486 2748 157 2748 468 2748 166 2748 166 2748 468 2748 472 2748 166 2748 472 2748 164 2748 164 2748 472 2748 474 2748 258 2748 464 2748 256 2748 256 2748 464 2748 466 2748 256 2748 466 2748 252 2748 252 2748 466 2748 457 2748 246 2748 452 2748 244 2748 244 2748 452 2748 454 2748 244 2748 454 2748 240 2748 240 2748 454 2748 445 2748 436 2748 238 2748 432 2748 432 2748 238 2748 229 2748 432 2748 229 2748 2682 2748 2682 2748 229 2748 228 2748 238 2748 436 2748 236 2748 236 2748 436 2748 438 2748 217 2748 420 2748 226 2748 226 2748 420 2748 424 2748 226 2748 424 2748 224 2748 224 2748 424 2748 426 2748 414 2748 416 2748 2664 2748 373 2748 372 2748 296 2748 296 2748 372 2748 294 2748 361 2748 360 2748 308 2748 308 2748 360 2748 306 2748 354 2748 356 2748 312 2748 342 2748 344 2748 324 2748 330 2748 332 2748 996 2748 318 2748 320 2748 2681 2748 20 2748 22 2748 2675 2748 2683 579 2682 579 2686 579 2686 579 2682 579 2687 579 2684 1186 2683 1186 2688 1186 2688 1186 2683 1186 2686 1186 2688 2748 2686 2748 2689 2748 2689 2748 2686 2748 2687 2748 2681 1141 2685 1141 2690 1141 2690 1141 2685 1141 2691 1141 2664 579 2681 579 2668 579 2668 579 2681 579 2690 579 2669 2748 2668 2748 2691 2748 2691 2748 2668 2748 2690 2748 2692 1186 2166 1186 2693 1186 2693 9928 2166 9928 2526 9928 2693 1186 2526 1186 2372 1186 2372 9929 2526 9929 2364 9929 2364 9930 2526 9930 2520 9930 2364 1186 2520 1186 2365 1186 2365 1186 2520 1186 2509 1186 2365 1186 2509 1186 2376 1186 2376 9931 2509 9931 2508 9931 2376 1186 2508 1186 1994 1186 1994 1186 2508 1186 2132 1186 1994 9932 2132 9932 1988 9932 1988 9933 2132 9933 2138 9933 1988 1186 2138 1186 1980 1186 1980 1186 2138 1186 2142 1186 1980 1186 2142 1186 1981 1186 1981 9931 2142 9931 2136 9931 1981 1186 2136 1186 2114 1186 2114 1186 2136 1186 1964 1186 2114 9929 1964 9929 2108 9929 2108 9930 1964 9930 1970 9930 2108 1186 1970 1186 2100 1186 2100 1186 1970 1186 1974 1186 2100 1186 1974 1186 2101 1186 2101 9934 1974 9934 1968 9934 2101 1186 1968 1186 2694 1186 2694 9935 1968 9935 2352 9935 2694 1186 2352 1186 2695 1186 2695 9936 2352 9936 2574 9936 2695 9937 2574 9937 2190 9937 2190 1186 2574 1186 2186 1186 2186 1186 2574 1186 2568 1186 2186 1186 2568 1186 2180 1186 2180 1186 2568 1186 2557 1186 2180 1186 2557 1186 2172 1186 2172 1186 2557 1186 2556 1186 2172 1186 2556 1186 1908 1186 1908 1186 2556 1186 2316 1186 1908 1186 2316 1186 1909 1186 1909 1186 2316 1186 2324 1186 1909 1186 2324 1186 1920 1186 1920 1186 2324 1186 2330 1186 1920 1186 2330 1186 1926 1186 1926 1186 2330 1186 2334 1186 1926 1186 2334 1186 2292 1186 2292 1186 2334 1186 1932 1186 2292 1186 1932 1186 2293 1186 2293 1186 1932 1186 1940 1186 2293 1186 1940 1186 2304 1186 2304 1186 1940 1186 1946 1186 2304 1186 1946 1186 2310 1186 2310 1186 1946 1186 1950 1186 2310 1186 1950 1186 2692 1186 2692 9938 1950 9938 2166 9938 2695 1186 2245 1186 2692 1186 2692 1186 2245 1186 2244 1186 2692 1186 2244 1186 1861 1186 1861 1186 2244 1186 1872 1186 1872 1186 2244 1186 2252 1186 1872 1186 2252 1186 2618 1186 2618 1186 2252 1186 2612 1186 2612 1186 2252 1186 2258 1186 2612 1186 2258 1186 2604 1186 2604 1186 2258 1186 2262 1186 2604 1186 2262 1186 2605 1186 2605 1186 2262 1186 2256 1186 2605 1186 2256 1186 2268 1186 2268 1186 2256 1186 2628 1186 2268 1186 2628 1186 2269 1186 2269 1186 2628 1186 2636 1186 2269 1186 2636 1186 2280 1186 2280 1186 2636 1186 2642 1186 2280 1186 2642 1186 2286 1186 2286 1186 2642 1186 2646 1186 2286 1186 2646 1186 2695 1186 2695 1186 2646 1186 2640 1186 2695 1186 2640 1186 2629 1186 2693 1186 2430 1186 2694 1186 2694 1186 2430 1186 2448 1186 2694 1186 2448 1186 2437 1186 2695 1186 2629 1186 2245 1186 2245 1186 2629 1186 2628 1186 2245 1186 2628 1186 2256 1186 2622 1186 2210 1186 2618 1186 2618 9939 2210 9939 2214 9939 2618 1186 2214 1186 2221 1186 2221 1186 2214 1186 2580 1186 2221 9940 2580 9940 2232 9940 2232 1186 2580 1186 2588 1186 2232 1186 2588 1186 2238 1186 2238 1186 2588 1186 2594 1186 2238 1186 2594 1186 2234 1186 2234 9941 2594 9941 2598 9941 2234 1186 2598 1186 2692 1186 2692 9942 2598 9942 2310 9942 2210 1186 2622 1186 2204 1186 2204 1186 2622 1186 2616 1186 2204 1186 2616 1186 2196 1186 2196 9940 2616 9940 2605 9940 2196 1186 2605 1186 1884 1186 1884 1186 2605 1186 2268 1186 1884 9941 2268 9941 1885 9941 1885 1186 2268 1186 2276 1186 1885 1186 2276 1186 1896 1186 1896 1186 2276 1186 2282 1186 1896 1186 2282 1186 1902 1186 1902 9943 2282 9943 2286 9943 1902 1186 2286 1186 2695 1186 2310 9944 2598 9944 2306 9944 2306 1186 2598 1186 2592 1186 2306 1186 2592 1186 2300 1186 2300 1186 2592 1186 2581 1186 2300 1186 2581 1186 2292 1186 2292 9945 2581 9945 2580 9945 2292 1186 2580 1186 1926 1186 1926 1186 2580 1186 2214 1186 1926 9946 2214 9946 1922 9946 1922 1186 2214 1186 2208 1186 1922 1186 2208 1186 1916 1186 1916 1186 2208 1186 2197 1186 1916 1186 2197 1186 1908 1186 1908 9945 2197 9945 2196 9945 1908 1186 2196 1186 2172 1186 2172 1186 2196 1186 1884 1186 2172 9944 1884 9944 2173 9944 2173 1186 1884 1186 1892 1186 2173 1186 1892 1186 2184 1186 2184 1186 1892 1186 1898 1186 2184 1186 1898 1186 2190 1186 2190 9947 1898 9947 1902 9947 2190 1186 1902 1186 2695 1186 2574 9947 2352 9947 2570 9947 2570 1186 2352 1186 2341 1186 2570 1186 2341 1186 2564 1186 2564 1186 2341 1186 2340 1186 2564 9948 2340 9948 2556 9948 2556 9944 2340 9944 2348 9944 2556 1186 2348 1186 2316 1186 2316 1186 2348 1186 2544 1186 2316 9949 2544 9949 2317 9949 2317 1186 2544 1186 2533 1186 2317 1186 2533 1186 2328 1186 2328 1186 2533 1186 2532 1186 2328 9950 2532 9950 2334 9950 2334 9951 2532 9951 2540 9951 2334 1186 2540 1186 1932 1186 1932 1186 2540 1186 2148 1186 1932 9949 2148 9949 1933 9949 1933 1186 2148 1186 2156 1186 1933 1186 2156 1186 1944 1186 1944 1186 2156 1186 2162 1186 1944 9948 2162 9948 1950 9948 1950 9944 2162 9944 2166 9944 2550 1186 2125 1186 2546 1186 2546 1186 2125 1186 2124 1186 2546 1186 2124 1186 2540 1186 2540 9952 2124 9952 2132 9952 2540 1186 2132 1186 2148 1186 2148 1186 2132 1186 2508 1186 2148 1186 2508 1186 2149 1186 2149 9953 2508 9953 2516 9953 2149 1186 2516 1186 2160 1186 2160 1186 2516 1186 2522 1186 2160 1186 2522 1186 2166 1186 2166 9954 2522 9954 2526 9954 2125 1186 2550 1186 2136 1186 2136 1186 2550 1186 2544 1186 2136 1186 2544 1186 1964 1186 1964 1186 2544 1186 2348 1186 1964 9945 2348 9945 1956 9945 1956 1186 2348 1186 2354 1186 1956 1186 2354 1186 1957 1186 1957 1186 2354 1186 2358 1186 1957 1186 2358 1186 1968 1186 1968 1186 2358 1186 2352 1186 2502 1186 2114 1186 2498 1186 2498 1186 2114 1186 2118 1186 2498 1186 2118 1186 2492 1186 2492 1186 2118 1186 2112 1186 2492 1186 2112 1186 2484 1186 2484 1186 2112 1186 2101 1186 2484 1186 2101 1186 2694 1186 2496 1186 2066 1186 2502 1186 2502 9955 2066 9955 2070 9955 2502 1186 2070 1186 2389 1186 2389 1186 2070 1186 2040 1186 2389 9956 2040 9956 2400 9956 2400 1186 2040 1186 2029 1186 2400 1186 2029 1186 2406 1186 2406 1186 2029 1186 2028 1186 2406 1186 2028 1186 2402 1186 2402 9957 2028 9957 2036 9957 2402 1186 2036 1186 2004 1186 2004 1186 2036 1186 2076 1186 2004 9956 2076 9956 2005 9956 2005 1186 2076 1186 2084 1186 2005 1186 2084 1186 2016 1186 2016 1186 2084 1186 2090 1186 2016 1186 2090 1186 2022 1186 2022 9955 2090 9955 2094 9955 2022 1186 2094 1186 2693 1186 2693 1186 2094 1186 2478 1186 2693 1186 2478 1186 2472 1186 2066 1186 2496 1186 2060 1186 2060 1186 2496 1186 2485 1186 2060 1186 2485 1186 2052 1186 2052 9958 2485 9958 2484 9958 2052 1186 2484 1186 2694 1186 2478 9955 2094 9955 2474 9955 2474 1186 2094 1186 2088 1186 2474 1186 2088 1186 2468 1186 2468 1186 2088 1186 2077 1186 2468 1186 2077 1186 2460 1186 2460 9959 2077 9959 2076 9959 2460 1186 2076 1186 2420 1186 2420 1186 2076 1186 2036 1186 2420 9960 2036 9960 2412 9960 2412 1186 2036 1186 2042 1186 2412 1186 2042 1186 2413 1186 2413 1186 2042 1186 2046 1186 2413 1186 2046 1186 2424 1186 2424 9959 2046 9959 2040 9959 2424 1186 2040 1186 2454 1186 2454 1186 2040 1186 2070 1186 2454 9955 2070 9955 2450 9955 2450 1186 2070 1186 2064 1186 2450 1186 2064 1186 2444 1186 2444 1186 2064 1186 2053 1186 2444 1186 2053 1186 2436 1186 2436 9961 2053 9961 2052 9961 2436 1186 2052 1186 2694 1186 2472 1186 2461 1186 2693 1186 2693 1186 2461 1186 2426 1186 2693 1186 2426 1186 2430 1186 2461 1186 2460 1186 2426 1186 2426 1186 2460 1186 2420 1186 2424 1186 2454 1186 2430 1186 2430 1186 2454 1186 2448 1186 2437 1186 2436 1186 2694 1186 2388 1186 1992 1186 2389 1186 2389 1186 1992 1186 1981 1186 2389 1186 1981 1186 2502 1186 2502 1186 1981 1186 2114 1186 1992 1186 2388 1186 1998 1186 1998 1186 2388 1186 2396 1186 1998 1186 2396 1186 1994 1186 1994 9962 2396 9962 2402 9962 1994 1186 2402 1186 2376 1186 2376 1186 2402 1186 2004 1186 2376 1186 2004 1186 2382 1186 2382 9963 2004 9963 2012 9963 2382 1186 2012 1186 2378 1186 2378 1186 2012 1186 2018 1186 2378 1186 2018 1186 2372 1186 2372 9964 2018 9964 2022 9964 2372 1186 2022 1186 2693 1186 2220 1186 1878 1186 2221 1186 2221 1186 1878 1186 1872 1186 2221 1186 1872 1186 2618 1186 1878 1186 2220 1186 1874 1186 1874 1186 2220 1186 2228 1186 1874 1186 2228 1186 1868 1186 1868 1186 2228 1186 2234 1186 1868 1186 2234 1186 2692 1186 1861 1186 1860 1186 2692 1186 2692 1186 1860 1186 1868 1186 2696 579 1388 579 2692 579 2692 579 1388 579 1796 579 2692 579 1796 579 1532 579 1532 579 1796 579 1524 579 1524 579 1796 579 1802 579 1524 579 1802 579 1525 579 1525 579 1802 579 1806 579 1525 579 1806 579 1536 579 1536 579 1806 579 1800 579 1536 579 1800 579 1404 579 1404 579 1800 579 1644 579 1404 579 1644 579 1405 579 1405 579 1644 579 1652 579 1405 579 1652 579 1416 579 1416 579 1652 579 1658 579 1416 579 1658 579 1422 579 1422 579 1658 579 1662 579 1422 579 1662 579 1500 579 1500 579 1662 579 1740 579 1500 579 1740 579 1501 579 1501 579 1740 579 1748 579 1501 579 1748 579 1512 579 1512 579 1748 579 1754 579 1512 579 1754 579 1518 579 1518 579 1754 579 1758 579 1518 579 1758 579 2695 579 2695 579 1758 579 1710 579 2695 579 1710 579 2697 579 2697 579 1710 579 1470 579 2697 579 1470 579 1494 579 1494 579 1470 579 1490 579 1490 579 1470 579 1464 579 1490 579 1464 579 1484 579 1484 579 1464 579 1453 579 1484 579 1453 579 1476 579 1476 579 1453 579 1452 579 1476 579 1452 579 1590 579 1590 579 1452 579 1638 579 1590 579 1638 579 1586 579 1586 579 1638 579 1632 579 1586 579 1632 579 1580 579 1580 579 1632 579 1621 579 1580 579 1621 579 1572 579 1572 579 1621 579 1620 579 1572 579 1620 579 1368 579 1368 579 1620 579 1824 579 1368 579 1824 579 1374 579 1374 579 1824 579 1813 579 1374 579 1813 579 1370 579 1370 579 1813 579 1812 579 1370 579 1812 579 1364 579 1364 579 1812 579 1820 579 1364 579 1820 579 2696 579 2696 579 1820 579 1388 579 2697 579 1608 579 2696 579 2696 9965 1608 9965 1597 9965 2696 9966 1597 9966 1848 9966 1848 579 1597 579 1596 579 1848 9967 1596 9967 1854 9967 1854 579 1596 579 1572 579 1854 579 1572 579 1368 579 2692 579 1682 579 2695 579 2695 579 1682 579 1436 579 2695 9968 1436 9968 1442 9968 1854 579 1368 579 1850 579 1850 579 1368 579 1357 579 1850 579 1357 579 1844 579 1844 579 1357 579 1356 579 1844 579 1356 579 1836 579 1836 579 1356 579 1364 579 1836 579 1364 579 2696 579 1848 9969 1837 9969 2696 9969 2696 579 1837 579 1836 579 1830 579 1381 579 1826 579 1826 579 1381 579 1380 579 1826 579 1380 579 1820 579 1820 579 1380 579 1388 579 1381 579 1830 579 1392 579 1392 579 1830 579 1824 579 1392 579 1824 579 1548 579 1548 579 1824 579 1620 579 1548 579 1620 579 1549 579 1549 579 1620 579 1628 579 1549 579 1628 579 1560 579 1560 579 1628 579 1634 579 1560 579 1634 579 1566 579 1566 579 1634 579 1638 579 1566 579 1638 579 1692 579 1692 579 1638 579 1452 579 1692 579 1452 579 1693 579 1693 579 1452 579 1460 579 1693 579 1460 579 1704 579 1704 579 1460 579 1466 579 1704 579 1466 579 1710 579 1710 579 1466 579 1470 579 1789 579 1398 579 1800 579 1800 579 1398 579 1392 579 1800 579 1392 579 1644 579 1644 579 1392 579 1548 579 1644 579 1548 579 1645 579 1645 579 1548 579 1556 579 1645 579 1556 579 1656 579 1656 579 1556 579 1562 579 1656 579 1562 579 1662 579 1662 579 1562 579 1566 579 1662 579 1566 579 1740 579 1740 579 1566 579 1692 579 1740 579 1692 579 1741 579 1741 579 1692 579 1700 579 1741 579 1700 579 1752 579 1752 579 1700 579 1706 579 1752 579 1706 579 1758 579 1758 579 1706 579 1710 579 1398 579 1789 579 1394 579 1394 579 1789 579 1788 579 1394 579 1788 579 1388 579 1388 579 1788 579 1796 579 1772 579 1778 579 2692 579 2692 9968 1778 9968 1782 9968 2692 9970 1782 9970 1676 9970 1676 579 1782 579 1668 579 1668 9971 1782 9971 1776 9971 1668 579 1776 579 1536 579 1536 579 1776 579 1542 579 1542 579 1776 579 1765 579 1542 579 1765 579 1538 579 1538 579 1765 579 1764 579 1538 579 1764 579 1532 579 1532 579 1764 579 1772 579 1532 579 1772 579 2692 579 1734 579 1494 579 1730 579 1730 579 1494 579 1488 579 1730 579 1488 579 1724 579 1724 579 1488 579 1477 579 1724 579 1477 579 1716 579 1716 579 1477 579 1476 579 1716 579 1476 579 1614 579 1614 579 1476 579 1590 579 1614 579 1590 579 1610 579 1610 579 1590 579 1584 579 1610 579 1584 579 1604 579 1604 579 1584 579 1573 579 1604 579 1573 579 1596 579 1596 579 1573 579 1572 579 1494 579 1734 579 2697 579 2697 9972 1734 9972 1728 9972 2697 9973 1728 9973 1717 9973 2697 579 1717 579 1608 579 1608 9974 1717 9974 1716 9974 1608 9967 1716 9967 1614 9967 1436 9975 1682 9975 1428 9975 1428 9971 1682 9971 1686 9971 1428 579 1686 579 1422 579 1422 579 1686 579 1418 579 1418 579 1686 579 1680 579 1418 579 1680 579 1412 579 1412 579 1680 579 1669 579 1412 579 1669 579 1404 579 1404 579 1669 579 1668 579 1404 579 1668 579 1536 579 1676 579 1682 579 2692 579 1518 579 1446 579 1514 579 1514 579 1446 579 1440 579 1514 579 1440 579 1508 579 1508 579 1440 579 1429 579 1508 579 1429 579 1500 579 1500 579 1429 579 1428 579 1500 579 1428 579 1422 579 1442 9976 1446 9976 2695 9976 2695 579 1446 579 1518 579 2698 1141 2169 1141 2696 1141 2696 1141 2169 1141 1953 1141 2696 1141 1953 1141 2313 1141 2313 1141 1953 1141 2315 1141 2315 1141 1953 1141 1949 1141 2315 1141 1949 1141 2299 1141 2299 1141 1949 1141 1943 1141 2299 1141 1943 1141 2298 1141 2298 1141 1943 1141 1938 1141 2298 1141 1938 1141 1929 1141 1929 1141 1938 1141 2337 1141 1929 1141 2337 1141 1931 1141 1931 1141 2337 1141 2333 1141 1931 1141 2333 1141 1915 1141 1915 1141 2333 1141 2327 1141 1915 1141 2327 1141 1914 1141 1914 1141 2327 1141 2322 1141 1914 1141 2322 1141 2178 1141 2178 1141 2322 1141 2562 1141 2178 1141 2562 1141 2183 1141 2183 1141 2562 1141 2563 1141 2183 1141 2563 1141 2189 1141 2189 1141 2563 1141 2579 1141 2189 1141 2579 1141 2193 1141 2193 1141 2579 1141 2577 1141 2193 1141 2577 1141 2697 1141 2697 1141 2577 1141 2363 1141 2697 1141 2363 1141 2699 1141 2699 1141 2363 1141 1979 1141 2699 1141 1979 1141 2107 1141 2107 1141 1979 1141 2106 1141 2106 1141 1979 1141 1977 1141 2106 1141 1977 1141 2111 1141 2111 1141 1977 1141 1973 1141 2111 1141 1973 1141 2117 1141 2117 1141 1973 1141 1967 1141 2117 1141 1967 1141 1987 1141 1987 1141 1967 1141 2147 1141 1987 1141 2147 1141 1986 1141 1986 1141 2147 1141 2145 1141 1986 1141 2145 1141 1991 1141 1991 1141 2145 1141 2141 1141 1991 1141 2141 1141 1997 1141 1997 1141 2141 1141 2135 1141 1997 1141 2135 1141 2387 1141 2387 1141 2135 1141 2514 1141 2387 1141 2514 1141 2371 1141 2371 1141 2514 1141 2515 1141 2371 1141 2515 1141 2370 1141 2370 1141 2515 1141 2531 1141 2370 1141 2531 1141 2375 1141 2375 1141 2531 1141 2529 1141 2375 1141 2529 1141 2698 1141 2698 1141 2529 1141 2169 1141 2699 1141 2433 1141 2698 1141 2698 1141 2433 1141 2429 1141 2698 1141 2429 1141 2467 1141 2467 1141 2429 1141 2466 1141 2466 1141 2429 1141 2423 1141 2466 1141 2423 1141 2039 1141 2039 1141 2423 1141 2045 1141 2045 1141 2423 1141 2418 1141 2045 1141 2418 1141 2049 1141 2049 1141 2418 1141 2419 1141 2049 1141 2419 1141 2051 1141 2051 1141 2419 1141 2435 1141 2051 1141 2435 1141 2073 1141 2073 1141 2435 1141 2457 1141 2073 1141 2457 1141 2075 1141 2075 1141 2457 1141 2453 1141 2075 1141 2453 1141 2059 1141 2059 1141 2453 1141 2447 1141 2059 1141 2447 1141 2058 1141 2058 1141 2447 1141 2442 1141 2058 1141 2442 1141 2699 1141 2699 1141 2442 1141 2443 1141 2699 1141 2443 1141 2459 1141 2696 1141 2251 1141 2697 1141 2697 1141 2251 1141 2635 1141 2697 1141 2635 1141 2651 1141 2645 1141 2291 1141 2649 1141 2649 1141 2291 1141 2289 1141 2649 1141 2289 1141 2697 1141 2697 1141 2289 1141 1905 1141 2697 1141 1905 1141 2193 1141 2193 1141 1905 1141 2195 1141 2195 1141 1905 1141 1901 1141 2195 1141 1901 1141 2179 1141 2179 1141 1901 1141 1895 1141 2179 1141 1895 1141 2178 1141 2178 1141 1895 1141 1890 1141 2178 1141 1890 1141 1914 1141 1914 1141 1890 1141 2202 1141 1914 1141 2202 1141 1919 1141 1919 1141 2202 1141 2203 1141 1919 1141 2203 1141 1925 1141 1925 1141 2203 1141 2219 1141 1925 1141 2219 1141 1929 1141 1929 1141 2219 1141 2217 1141 1929 1141 2217 1141 2298 1141 2298 1141 2217 1141 2586 1141 2298 1141 2586 1141 2303 1141 2303 1141 2586 1141 2587 1141 2303 1141 2587 1141 2309 1141 2309 1141 2587 1141 2603 1141 2309 1141 2603 1141 2313 1141 2313 1141 2603 1141 2601 1141 2313 1141 2601 1141 2696 1141 2696 1141 2601 1141 2237 1141 2696 1141 2237 1141 1871 1141 1871 1141 2237 1141 1877 1141 1877 1141 2237 1141 2231 1141 1877 1141 2231 1141 1881 1141 1881 1141 2231 1141 2226 1141 1881 1141 2226 1141 1883 1141 1883 1141 2226 1141 2227 1141 1883 1141 2227 1141 2255 1141 2255 1141 2227 1141 2621 1141 2255 1141 2621 1141 2261 1141 2261 1141 2621 1141 2615 1141 2261 1141 2615 1141 2265 1141 2265 1141 2615 1141 2610 1141 2265 1141 2610 1141 2267 1141 2267 1141 2610 1141 2611 1141 2267 1141 2611 1141 2634 1141 2634 1141 2611 1141 2274 1141 2634 1141 2274 1141 2639 1141 2639 1141 2274 1141 2275 1141 2639 1141 2275 1141 2645 1141 2645 1141 2275 1141 2291 1141 2267 1141 2634 1141 2251 1141 2251 1141 2634 1141 2635 1141 2651 1141 2649 1141 2697 1141 2621 1141 2217 1141 2625 1141 2625 1141 2217 1141 2213 1141 2625 1141 2213 1141 2627 1141 2627 1141 2213 1141 2207 1141 2627 1141 2207 1141 2611 1141 2611 1141 2207 1141 2202 1141 2611 1141 2202 1141 2274 1141 2274 1141 2202 1141 1890 1141 2274 1141 1890 1141 2279 1141 2279 1141 1890 1141 1891 1141 2279 1141 1891 1141 2285 1141 2285 1141 1891 1141 1907 1141 2285 1141 1907 1141 2289 1141 2289 1141 1907 1141 1905 1141 2237 1141 2601 1141 2241 1141 2241 1141 2601 1141 2597 1141 2241 1141 2597 1141 2243 1141 2243 1141 2597 1141 2591 1141 2243 1141 2591 1141 2227 1141 2227 1141 2591 1141 2586 1141 2227 1141 2586 1141 2621 1141 2621 1141 2586 1141 2217 1141 2363 1141 2577 1141 2347 1141 2347 1141 2577 1141 2573 1141 2347 1141 2573 1141 2346 1141 2346 1141 2573 1141 2567 1141 2346 1141 2567 1141 2351 1141 2351 1141 2567 1141 2562 1141 2351 1141 2562 1141 2555 1141 2555 1141 2562 1141 2322 1141 2555 1141 2322 1141 2539 1141 2539 1141 2322 1141 2323 1141 2539 1141 2323 1141 2538 1141 2538 1141 2323 1141 2339 1141 2538 1141 2339 1141 2543 1141 2543 1141 2339 1141 2337 1141 2543 1141 2337 1141 2154 1141 2154 1141 2337 1141 1938 1141 2154 1141 1938 1141 2159 1141 2159 1141 1938 1141 1939 1141 2159 1141 1939 1141 2165 1141 2165 1141 1939 1141 1955 1141 2165 1141 1955 1141 2169 1141 2169 1141 1955 1141 1953 1141 2549 1141 2130 1141 2553 1141 2553 1141 2130 1141 2131 1141 2553 1141 2131 1141 2555 1141 2555 1141 2131 1141 2147 1141 2555 1141 2147 1141 2351 1141 2351 1141 2147 1141 1967 1141 2351 1141 1967 1141 2357 1141 2357 1141 1967 1141 1962 1141 2357 1141 1962 1141 2361 1141 2361 1141 1962 1141 1963 1141 2361 1141 1963 1141 2363 1141 2363 1141 1963 1141 1979 1141 2130 1141 2549 1141 2135 1141 2135 1141 2549 1141 2543 1141 2135 1141 2543 1141 2514 1141 2514 1141 2543 1141 2154 1141 2514 1141 2154 1141 2519 1141 2519 1141 2154 1141 2155 1141 2519 1141 2155 1141 2525 1141 2525 1141 2155 1141 2171 1141 2525 1141 2171 1141 2529 1141 2529 1141 2171 1141 2169 1141 2501 1141 2121 1141 2505 1141 2505 1141 2121 1141 2117 1141 2505 1141 2117 1141 2395 1141 2395 1141 2117 1141 1987 1141 2395 1141 1987 1141 2394 1141 2394 1141 1987 1141 2003 1141 2394 1141 2003 1141 2399 1141 2399 1141 2003 1141 2001 1141 2399 1141 2001 1141 2405 1141 2405 1141 2001 1141 1997 1141 2405 1141 1997 1141 2010 1141 2010 1141 1997 1141 2387 1141 2010 1141 2387 1141 2015 1141 2015 1141 2387 1141 2385 1141 2015 1141 2385 1141 2021 1141 2021 1141 2385 1141 2381 1141 2021 1141 2381 1141 2025 1141 2025 1141 2381 1141 2375 1141 2025 1141 2375 1141 2698 1141 2121 1141 2501 1141 2123 1141 2123 1141 2501 1141 2495 1141 2123 1141 2495 1141 2107 1141 2107 1141 2495 1141 2490 1141 2107 1141 2490 1141 2699 1141 2699 1141 2490 1141 2058 1141 2058 1141 2490 1141 2063 1141 2063 1141 2490 1141 2491 1141 2063 1141 2491 1141 2069 1141 2069 1141 2491 1141 2507 1141 2069 1141 2507 1141 2073 1141 2073 1141 2507 1141 2505 1141 2073 1141 2505 1141 2051 1141 2051 1141 2505 1141 2395 1141 2051 1141 2395 1141 2035 1141 2035 1141 2395 1141 2411 1141 2035 1141 2411 1141 2034 1141 2034 1141 2411 1141 2409 1141 2034 1141 2409 1141 2039 1141 2039 1141 2409 1141 2405 1141 2039 1141 2405 1141 2082 1141 2082 1141 2405 1141 2010 1141 2082 1141 2010 1141 2087 1141 2087 1141 2010 1141 2011 1141 2087 1141 2011 1141 2093 1141 2093 1141 2011 1141 2027 1141 2093 1141 2027 1141 2097 1141 2097 1141 2027 1141 2025 1141 2097 1141 2025 1141 2698 1141 2477 1141 2099 1141 2481 1141 2481 1141 2099 1141 2097 1141 2481 1141 2097 1141 2698 1141 2099 1141 2477 1141 2083 1141 2083 1141 2477 1141 2471 1141 2083 1141 2471 1141 2082 1141 2082 1141 2471 1141 2466 1141 2082 1141 2466 1141 2039 1141 2467 1141 2483 1141 2698 1141 2698 1141 2483 1141 2481 1141 2699 1141 2459 1141 2433 1141 2433 1141 2459 1141 2457 1141 2433 1141 2457 1141 2435 1141 2255 1141 2250 1141 1883 1141 1883 1141 2250 1141 1867 1141 1867 1141 2250 1141 2696 1141 1867 1141 2696 1141 1866 1141 1866 1141 2696 1141 1871 1141 2250 1141 2251 1141 2696 1141 2693 712 1391 712 2698 712 2698 712 1391 712 1823 712 2698 712 1823 712 1367 712 1367 712 1823 712 1373 712 1373 712 1823 712 1818 712 1373 712 1818 712 1377 712 1377 712 1818 712 1819 712 1377 712 1819 712 1379 712 1379 712 1819 712 1835 712 1379 712 1835 712 1578 712 1578 712 1835 712 1626 712 1578 712 1626 712 1583 712 1583 712 1626 712 1627 712 1583 712 1627 712 1589 712 1589 712 1627 712 1643 712 1589 712 1643 712 1593 712 1593 712 1643 712 1641 712 1593 712 1641 712 1482 712 1482 712 1641 712 1458 712 1482 712 1458 712 1487 712 1487 712 1458 712 1459 712 1487 712 1459 712 1493 712 1493 712 1459 712 1475 712 1493 712 1475 712 1497 712 1497 712 1475 712 1473 712 1497 712 1473 712 2699 712 2699 712 1473 712 1713 712 2699 712 1713 712 2694 712 2694 712 1713 712 1761 712 2694 712 1761 712 1521 712 1521 712 1761 712 1523 712 1523 712 1761 712 1757 712 1523 712 1757 712 1507 712 1507 712 1757 712 1751 712 1507 712 1751 712 1506 712 1506 712 1751 712 1746 712 1506 712 1746 712 1425 712 1425 712 1746 712 1665 712 1425 712 1665 712 1427 712 1427 712 1665 712 1661 712 1427 712 1661 712 1411 712 1411 712 1661 712 1655 712 1411 712 1655 712 1410 712 1410 712 1655 712 1650 712 1410 712 1650 712 1547 712 1547 712 1650 712 1811 712 1547 712 1811 712 1531 712 1531 712 1811 712 1809 712 1531 712 1809 712 1530 712 1530 712 1809 712 1805 712 1530 712 1805 712 1535 712 1535 712 1805 712 1799 712 1535 712 1799 712 2693 712 2693 712 1799 712 1391 712 2694 712 1685 712 2693 712 2693 712 1685 712 1679 712 2693 712 1679 712 1785 712 1785 712 1679 712 1674 712 1785 712 1674 712 1787 712 1787 712 1674 712 1410 712 1787 712 1410 712 1547 712 2698 712 1619 712 2699 712 2699 712 1619 712 1723 712 2699 712 1723 712 1739 712 1853 712 1363 712 1857 712 1857 712 1363 712 1379 712 1857 712 1379 712 1602 712 1602 712 1379 712 1578 712 1602 712 1578 712 1607 712 1607 712 1578 712 1579 712 1607 712 1579 712 1613 712 1613 712 1579 712 1595 712 1613 712 1595 712 1617 712 1617 712 1595 712 1593 712 1617 712 1593 712 1722 712 1722 712 1593 712 1482 712 1722 712 1482 712 1727 712 1727 712 1482 712 1483 712 1727 712 1483 712 1733 712 1733 712 1483 712 1499 712 1733 712 1499 712 1737 712 1737 712 1499 712 1497 712 1737 712 1497 712 2699 712 1363 712 1853 712 1362 712 1362 712 1853 712 1847 712 1362 712 1847 712 1367 712 1367 712 1847 712 1842 712 1367 712 1842 712 2698 712 2698 712 1842 712 1843 712 2698 712 1843 712 1859 712 1857 712 1602 712 1859 712 1859 712 1602 712 1603 712 1859 712 1603 712 2698 712 2698 712 1603 712 1619 712 1829 712 1386 712 1833 712 1833 712 1386 712 1387 712 1833 712 1387 712 1835 712 1835 712 1387 712 1403 712 1835 712 1403 712 1626 712 1626 712 1403 712 1554 712 1626 712 1554 712 1631 712 1631 712 1554 712 1555 712 1631 712 1555 712 1637 712 1637 712 1555 712 1571 712 1637 712 1571 712 1641 712 1641 712 1571 712 1569 712 1641 712 1569 712 1458 712 1458 712 1569 712 1698 712 1458 712 1698 712 1463 712 1463 712 1698 712 1699 712 1463 712 1699 712 1469 712 1469 712 1699 712 1715 712 1469 712 1715 712 1473 712 1473 712 1715 712 1713 712 1386 712 1829 712 1391 712 1391 712 1829 712 1823 712 1391 712 1799 712 1397 712 1397 712 1799 712 1794 712 1397 712 1794 712 1401 712 1401 712 1794 712 1795 712 1401 712 1795 712 1403 712 1403 712 1795 712 1811 712 1403 712 1811 712 1554 712 1554 712 1811 712 1650 712 1554 712 1650 712 1559 712 1559 712 1650 712 1651 712 1559 712 1651 712 1565 712 1565 712 1651 712 1667 712 1565 712 1667 712 1569 712 1569 712 1667 712 1665 712 1569 712 1665 712 1698 712 1698 712 1665 712 1746 712 1698 712 1746 712 1703 712 1703 712 1746 712 1747 712 1703 712 1747 712 1709 712 1709 712 1747 712 1763 712 1709 712 1763 712 1713 712 1713 712 1763 712 1761 712 1785 712 1781 712 2693 712 2693 712 1781 712 1775 712 2693 712 1775 712 1535 712 1535 712 1775 712 1541 712 1541 712 1775 712 1770 712 1541 712 1770 712 1545 712 1545 712 1770 712 1771 712 1545 712 1771 712 1547 712 1547 712 1771 712 1787 712 1617 712 1722 712 1619 712 1619 712 1722 712 1723 712 1739 712 1737 712 2699 712 1685 712 1434 712 1689 712 1689 712 1434 712 1506 712 1689 712 1506 712 1425 712 1410 712 1674 712 1415 712 1415 712 1674 712 1675 712 1415 712 1675 712 1421 712 1421 712 1675 712 1691 712 1421 712 1691 712 1425 712 1425 712 1691 712 1689 712 1517 712 1451 712 1521 712 1521 712 1451 712 1449 712 1521 712 1449 712 2694 712 2694 712 1449 712 1445 712 2694 712 1445 712 1439 712 1451 712 1517 712 1435 712 1435 712 1517 712 1511 712 1435 712 1511 712 1434 712 1434 712 1511 712 1506 712 2694 712 1439 712 1685 712 1685 712 1439 712 1434 712 2698 2664 671 2664 2693 2664 2693 9977 671 9977 1337 9977 2693 2664 1337 2664 689 2664 689 2664 1337 2664 691 2664 691 2664 1337 2664 1334 2664 691 2664 1334 2664 1335 2664 2696 2664 1195 2664 2698 2664 2698 2664 1195 2664 525 2664 2698 2664 525 2664 523 2664 2692 2664 1007 2664 2696 2664 2696 2664 1007 2664 1031 2664 2696 9978 1031 9978 359 9978 359 2664 1031 2664 1029 2664 359 2664 1029 2664 351 2664 351 2664 1029 2664 1027 2664 351 2664 1027 2664 350 2664 350 2664 1027 2664 309 2664 350 2664 309 2664 363 2664 363 2664 309 2664 307 2664 363 2664 307 2664 362 2664 362 2664 307 2664 405 2664 362 2664 405 2664 267 2664 267 2664 405 2664 403 2664 267 2664 403 2664 266 2664 266 2664 403 2664 1101 2664 266 2664 1101 2664 927 2664 927 2664 1101 2664 1099 2664 927 2664 1099 2664 926 2664 926 2664 1099 2664 897 2664 926 2664 897 2664 1131 2664 1131 2664 897 2664 895 2664 1131 2664 895 2664 1130 2664 1130 2664 895 2664 201 2664 1130 2664 201 2664 471 2664 471 2664 201 2664 199 2664 471 2664 199 2664 470 2664 470 2664 199 2664 513 2664 470 2664 513 2664 159 2664 159 2664 513 2664 511 2664 159 2664 511 2664 158 2664 158 2664 511 2664 1209 2664 158 2664 1209 2664 819 2664 819 2664 1209 2664 1207 2664 819 2664 1207 2664 818 2664 818 2664 1207 2664 789 2664 818 2664 789 2664 1239 2664 1239 2664 789 2664 787 2664 1239 2664 787 2664 1238 2664 1238 2664 787 2664 93 2664 1238 2664 93 2664 579 2664 579 2664 93 2664 91 2664 579 2664 91 2664 578 2664 578 2664 91 2664 621 2664 578 2664 621 2664 51 2664 51 2664 621 2664 619 2664 51 2664 619 2664 50 2664 50 2664 619 2664 1317 2664 50 2664 1317 2664 711 2664 711 2664 1317 2664 1315 2664 711 2664 1315 2664 710 2664 710 2664 1315 2664 7 2664 710 2664 7 2664 683 2664 683 2664 7 2664 5 2664 683 2664 5 2664 675 2664 675 2664 5 2664 674 2664 674 2664 5 2664 2 2664 674 2664 2 2664 2698 2664 2698 2664 2 2664 671 2664 2693 2664 1167 2664 2692 2664 2692 2664 1167 2664 854 2664 2692 2664 854 2664 855 2664 1351 2664 43 2664 1353 2664 1353 2664 43 2664 41 2664 1353 2664 41 2664 1355 2664 1355 2664 41 2664 38 2664 1355 2664 38 2664 679 2664 679 2664 38 2664 715 2664 679 2664 715 2664 681 2664 681 2664 715 2664 713 2664 681 2664 713 2664 683 2664 683 2664 713 2664 710 2664 1349 2664 629 2664 1351 2664 1351 9979 629 9979 626 9979 1351 2664 626 2664 43 2664 43 2664 626 2664 627 2664 43 2664 627 2664 45 2664 45 2664 627 2664 1298 2664 45 2664 1298 2664 727 2664 727 2664 1298 2664 1299 2664 727 2664 1299 2664 729 2664 729 2664 1299 2664 770 2664 729 2664 770 2664 1255 2664 1255 2664 770 2664 771 2664 1255 2664 771 2664 1257 2664 1257 2664 771 2664 98 2664 1257 2664 98 2664 571 2664 571 2664 98 2664 99 2664 571 2664 99 2664 573 2664 573 2664 99 2664 518 2664 573 2664 518 2664 151 2664 151 2664 518 2664 519 2664 151 2664 519 2664 153 2664 153 2664 519 2664 1190 2664 153 2664 1190 2664 835 2664 835 2664 1190 2664 1191 2664 835 2664 1191 2664 837 2664 837 2664 1191 2664 878 2664 837 2664 878 2664 1147 2664 1147 2664 878 2664 879 2664 1147 2664 879 2664 1149 2664 1149 2664 879 2664 206 2664 1149 2664 206 2664 463 2664 463 2664 206 2664 207 2664 463 2664 207 2664 465 2664 465 2664 207 2664 410 2664 465 2664 410 2664 259 2664 259 2664 410 2664 411 2664 259 2664 411 2664 261 2664 261 2664 411 2664 1082 2664 261 2664 1082 2664 943 2664 943 2664 1082 2664 1083 2664 943 2664 1083 2664 945 2664 945 2664 1083 2664 986 2664 945 2664 986 2664 1039 2664 1039 2664 986 2664 987 2664 1039 2664 987 2664 1041 2664 1041 2664 987 2664 319 2664 1041 2664 319 2664 1043 2664 1043 2664 319 2664 317 2664 1043 2664 317 2664 1035 2664 1035 2664 317 2664 314 2664 1035 2664 314 2664 369 2664 369 2664 314 2664 355 2664 369 2664 355 2664 371 2664 371 2664 355 2664 353 2664 371 2664 353 2664 363 2664 363 2664 353 2664 350 2664 629 2664 1349 2664 2698 2664 2698 2664 1349 2664 1346 2664 2698 9980 1346 9980 674 9980 674 2664 1346 2664 677 2664 677 2664 1346 2664 1347 2664 677 2664 1347 2664 1355 2664 1339 2664 667 2664 1341 2664 1341 2664 667 2664 638 2664 1341 2664 638 2664 31 2664 31 2664 638 2664 639 2664 31 2664 639 2664 33 2664 33 2664 639 2664 1286 2664 33 2664 1286 2664 739 2664 739 2664 1286 2664 1287 2664 739 2664 1287 2664 741 2664 741 2664 1287 2664 758 2664 741 2664 758 2664 1267 2664 1267 2664 758 2664 759 2664 1267 2664 759 2664 1269 2664 1269 2664 759 2664 110 2664 1269 2664 110 2664 559 2664 559 2664 110 2664 111 2664 559 2664 111 2664 561 2664 561 2664 111 2664 530 2664 561 2664 530 2664 139 2664 139 2664 530 2664 531 2664 139 2664 531 2664 141 2664 141 2664 531 2664 1178 2664 141 2664 1178 2664 847 2664 847 2664 1178 2664 1179 2664 847 2664 1179 2664 849 2664 849 2664 1179 2664 866 2664 849 2664 866 2664 1159 2664 1159 2664 866 2664 867 2664 1159 2664 867 2664 1161 2664 1161 2664 867 2664 218 2664 1161 2664 218 2664 451 2664 451 2664 218 2664 219 2664 451 2664 219 2664 453 2664 453 2664 219 2664 422 2664 453 2664 422 2664 247 2664 247 2664 422 2664 423 2664 247 2664 423 2664 249 2664 249 2664 423 2664 1070 2664 249 2664 1070 2664 955 2664 955 2664 1070 2664 1071 2664 955 2664 1071 2664 957 2664 957 2664 1071 2664 974 2664 957 2664 974 2664 1051 2664 1051 2664 974 2664 975 2664 1051 2664 975 2664 1053 2664 1053 2664 975 2664 998 2664 1053 2664 998 2664 331 2664 331 2664 998 2664 999 2664 331 2664 999 2664 333 2664 333 9981 999 9981 1007 9981 333 2664 1007 2664 335 2664 335 2664 1007 2664 2692 2664 335 2664 2692 2664 347 2664 347 9982 2692 9982 1019 9982 347 2664 1019 2664 1017 2664 1337 2664 671 2664 1339 2664 1339 9983 671 9983 669 9983 1339 2664 669 2664 667 2664 1343 2664 29 2664 1335 2664 1335 2664 29 2664 26 2664 1335 2664 26 2664 693 2664 693 2664 26 2664 703 2664 693 2664 703 2664 695 2664 695 2664 703 2664 701 2664 695 2664 701 2664 687 2664 687 2664 701 2664 698 2664 687 2664 698 2664 17 2664 17 2664 698 2664 1327 2664 17 2664 1327 2664 19 2664 19 2664 1327 2664 1325 2664 19 2664 1325 2664 21 2664 21 2664 1325 2664 1322 2664 21 2664 1322 2664 655 2664 655 2664 1322 2664 1323 2664 655 2664 1323 2664 657 2664 657 2664 1323 2664 602 2664 657 2664 602 2664 1279 2664 1279 2664 602 2664 603 2664 1279 2664 603 2664 1281 2664 1281 2664 603 2664 74 2664 1281 2664 74 2664 751 2664 751 2664 74 2664 75 2664 751 2664 75 2664 753 2664 753 2664 75 2664 794 2664 753 2664 794 2664 127 2664 127 2664 794 2664 795 2664 127 2664 795 2664 129 2664 129 2664 795 2664 1214 2664 129 2664 1214 2664 547 2664 547 2664 1214 2664 1215 2664 547 2664 1215 2664 549 2664 549 2664 1215 2664 494 2664 549 2664 494 2664 1171 2664 1171 2664 494 2664 495 2664 1171 2664 495 2664 1173 2664 1173 2664 495 2664 182 2664 1173 2664 182 2664 859 2664 859 2664 182 2664 183 2664 859 2664 183 2664 861 2664 861 2664 183 2664 902 2664 861 2664 902 2664 235 2664 235 2664 902 2664 903 2664 235 2664 903 2664 237 2664 237 2664 903 2664 1106 2664 237 2664 1106 2664 439 2664 439 2664 1106 2664 1107 2664 439 2664 1107 2664 441 2664 441 2664 1107 2664 386 2664 441 2664 386 2664 1063 2664 1063 2664 386 2664 387 2664 1063 2664 387 2664 1065 2664 1065 2664 387 2664 290 2664 1065 2664 290 2664 967 2664 967 2664 290 2664 291 2664 967 2664 291 2664 969 2664 969 2664 291 2664 1010 2664 969 2664 1010 2664 971 2664 971 2664 1010 2664 1011 2664 971 2664 1011 2664 2692 2664 2692 9984 1011 9984 1019 9984 29 2664 1343 2664 31 2664 31 2664 1343 2664 1341 2664 1327 2664 699 2664 1329 2664 1329 2664 699 2664 62 2664 1329 2664 62 2664 607 2664 607 2664 62 2664 63 2664 607 2664 63 2664 609 2664 609 2664 63 2664 590 2664 609 2664 590 2664 79 2664 79 2664 590 2664 591 2664 79 2664 591 2664 81 2664 81 2664 591 2664 1226 2664 81 2664 1226 2664 799 2664 799 2664 1226 2664 1227 2664 799 2664 1227 2664 801 2664 801 2664 1227 2664 806 2664 801 2664 806 2664 1219 2664 1219 2664 806 2664 807 2664 1219 2664 807 2664 1221 2664 1221 2664 807 2664 170 2664 1221 2664 170 2664 499 2664 499 2664 170 2664 171 2664 499 2664 171 2664 501 2664 501 2664 171 2664 482 2664 501 2664 482 2664 187 2664 187 2664 482 2664 483 2664 187 2664 483 2664 189 2664 189 2664 483 2664 1118 2664 189 2664 1118 2664 907 2664 907 2664 1118 2664 1119 2664 907 2664 1119 2664 909 2664 909 2664 1119 2664 914 2664 909 2664 914 2664 1111 2664 1111 2664 914 2664 915 2664 1111 2664 915 2664 1113 2664 1113 2664 915 2664 278 2664 1113 2664 278 2664 391 2664 391 2664 278 2664 279 2664 391 2664 279 2664 393 2664 393 2664 279 2664 374 2664 393 2664 374 2664 295 2664 295 2664 374 2664 375 2664 295 2664 375 2664 297 2664 297 2664 375 2664 338 2664 297 2664 338 2664 1015 2664 1015 2664 338 2664 339 2664 1015 2664 339 2664 1017 2664 1017 2664 339 2664 347 2664 602 2664 1323 2664 605 2664 605 2664 1323 2664 1331 2664 605 2664 1331 2664 607 2664 607 2664 1331 2664 1329 2664 7 2664 1315 2664 9 2664 9 2664 1315 2664 1313 2664 9 2664 1313 2664 11 2664 11 2664 1313 2664 1310 2664 11 2664 1310 2664 662 2664 662 2664 1310 2664 643 2664 662 2664 643 2664 665 2664 665 2664 643 2664 641 2664 665 2664 641 2664 667 2664 667 2664 641 2664 638 2664 1310 2664 1311 2664 643 2664 643 2664 1311 2664 645 2664 645 2664 1311 2664 614 2664 645 2664 614 2664 1291 2664 1291 2664 614 2664 615 2664 1291 2664 615 2664 1293 2664 1293 2664 615 2664 86 2664 1293 2664 86 2664 763 2664 763 2664 86 2664 87 2664 763 2664 87 2664 765 2664 765 2664 87 2664 782 2664 765 2664 782 2664 115 2664 115 2664 782 2664 783 2664 115 2664 783 2664 117 2664 117 2664 783 2664 1202 2664 117 2664 1202 2664 535 2664 535 2664 1202 2664 1203 2664 535 2664 1203 2664 537 2664 537 2664 1203 2664 506 2664 537 2664 506 2664 1183 2664 1183 2664 506 2664 507 2664 1183 2664 507 2664 1185 2664 1185 2664 507 2664 194 2664 1185 2664 194 2664 871 2664 871 2664 194 2664 195 2664 871 2664 195 2664 873 2664 873 2664 195 2664 890 2664 873 2664 890 2664 223 2664 223 2664 890 2664 891 2664 223 2664 891 2664 225 2664 225 2664 891 2664 1094 2664 225 2664 1094 2664 427 2664 427 2664 1094 2664 1095 2664 427 2664 1095 2664 429 2664 429 2664 1095 2664 398 2664 429 2664 398 2664 1075 2664 1075 2664 398 2664 399 2664 1075 2664 399 2664 1077 2664 1077 2664 399 2664 302 2664 1077 2664 302 2664 979 2664 979 2664 302 2664 303 2664 979 2664 303 2664 981 2664 981 2664 303 2664 1022 2664 981 2664 1022 2664 1003 2664 1003 2664 1022 2664 1023 2664 1003 2664 1023 2664 1005 2664 1005 2664 1023 2664 1031 2664 1005 2664 1031 2664 1007 2664 614 2664 1311 2664 617 2664 617 2664 1311 2664 1319 2664 617 2664 1319 2664 619 2664 619 2664 1319 2664 1317 2664 1303 2664 2698 2664 1305 2664 1305 2664 2698 2664 775 2664 1305 2664 775 2664 1307 2664 1307 2664 775 2664 773 2664 1307 2664 773 2664 1299 2664 1299 2664 773 2664 770 2664 1301 2664 635 2664 1303 2664 1303 2664 635 2664 633 2664 1303 2664 633 2664 2698 2664 2698 2664 633 2664 631 2664 2698 2664 631 2664 629 2664 635 2664 1301 2664 627 2664 627 2664 1301 2664 1298 2664 645 2664 1291 2664 647 2664 647 2664 1291 2664 1289 2664 647 2664 1289 2664 639 2664 639 2664 1289 2664 1286 2664 758 2664 1287 2664 761 2664 761 2664 1287 2664 1295 2664 761 2664 1295 2664 763 2664 763 2664 1295 2664 1293 2664 657 2664 1279 2664 659 2664 659 2664 1279 2664 1277 2664 659 2664 1277 2664 651 2664 651 2664 1277 2664 1274 2664 651 2664 1274 2664 2693 2664 2693 2664 1274 2664 1275 2664 2693 2664 1275 2664 746 2664 746 2664 1275 2664 749 2664 749 2664 1275 2664 1283 2664 749 2664 1283 2664 751 2664 751 2664 1283 2664 1281 2664 741 2664 1267 2664 743 2664 743 2664 1267 2664 1265 2664 743 2664 1265 2664 735 2664 735 2664 1265 2664 1262 2664 735 2664 1262 2664 69 2664 69 2664 1262 2664 595 2664 69 2664 595 2664 71 2664 71 2664 595 2664 593 2664 71 2664 593 2664 63 2664 63 2664 593 2664 590 2664 1262 2664 1263 2664 595 2664 595 2664 1263 2664 597 2664 597 2664 1263 2664 554 2664 597 2664 554 2664 1231 2664 1231 2664 554 2664 555 2664 1231 2664 555 2664 1233 2664 1233 2664 555 2664 134 2664 1233 2664 134 2664 811 2664 811 2664 134 2664 135 2664 811 2664 135 2664 813 2664 813 2664 135 2664 842 2664 813 2664 842 2664 175 2664 175 2664 842 2664 843 2664 175 2664 843 2664 177 2664 177 2664 843 2664 1154 2664 177 2664 1154 2664 487 2664 487 2664 1154 2664 1155 2664 487 2664 1155 2664 489 2664 489 2664 1155 2664 446 2664 489 2664 446 2664 1123 2664 1123 2664 446 2664 447 2664 1123 2664 447 2664 1125 2664 1125 2664 447 2664 242 2664 1125 2664 242 2664 919 2664 919 2664 242 2664 243 2664 919 2664 243 2664 921 2664 921 2664 243 2664 950 2664 921 2664 950 2664 283 2664 283 2664 950 2664 951 2664 283 2664 951 2664 285 2664 285 2664 951 2664 1046 2664 285 2664 1046 2664 379 2664 379 2664 1046 2664 1047 2664 379 2664 1047 2664 381 2664 381 2664 1047 2664 326 2664 381 2664 326 2664 343 2664 343 2664 326 2664 327 2664 343 2664 327 2664 345 2664 345 2664 327 2664 335 2664 345 2664 335 2664 347 2664 554 2664 1263 2664 557 2664 557 2664 1263 2664 1271 2664 557 2664 1271 2664 559 2664 559 2664 1271 2664 1269 2664 729 2664 1255 2664 731 2664 731 2664 1255 2664 1253 2664 731 2664 1253 2664 723 2664 723 2664 1253 2664 1250 2664 723 2664 1250 2664 57 2664 57 2664 1250 2664 583 2664 57 2664 583 2664 59 2664 59 2664 583 2664 581 2664 59 2664 581 2664 51 2664 51 2664 581 2664 578 2664 1250 2664 1251 2664 583 2664 583 2664 1251 2664 585 2664 585 2664 1251 2664 566 2664 585 2664 566 2664 1243 2664 1243 2664 566 2664 567 2664 1243 2664 567 2664 1245 2664 1245 2664 567 2664 146 2664 1245 2664 146 2664 823 2664 823 2664 146 2664 147 2664 823 2664 147 2664 825 2664 825 2664 147 2664 830 2664 825 2664 830 2664 163 2664 163 2664 830 2664 831 2664 163 2664 831 2664 165 2664 165 2664 831 2664 1142 2664 165 2664 1142 2664 475 2664 475 2664 1142 2664 1143 2664 475 2664 1143 2664 477 2664 477 2664 1143 2664 458 2664 477 2664 458 2664 1135 2664 1135 2664 458 2664 459 2664 1135 2664 459 2664 1137 2664 1137 2664 459 2664 254 2664 1137 2664 254 2664 931 2664 931 2664 254 2664 255 2664 931 2664 255 2664 933 2664 933 2664 255 2664 938 2664 933 2664 938 2664 271 2664 271 2664 938 2664 939 2664 271 2664 939 2664 273 2664 273 2664 939 2664 1034 2664 273 2664 1034 2664 367 2664 367 2664 1034 2664 1035 2664 367 2664 1035 2664 369 2664 566 2664 1251 2664 569 2664 569 2664 1251 2664 1259 2664 569 2664 1259 2664 571 2664 571 2664 1259 2664 1257 2664 585 2664 1243 2664 587 2664 587 2664 1243 2664 1241 2664 587 2664 1241 2664 579 2664 579 2664 1241 2664 1238 2664 818 2664 1239 2664 821 2664 821 2664 1239 2664 1247 2664 821 2664 1247 2664 823 2664 823 2664 1247 2664 1245 2664 597 2664 1231 2664 599 2664 599 2664 1231 2664 1229 2664 599 2664 1229 2664 591 2664 591 2664 1229 2664 1226 2664 806 2664 1227 2664 809 2664 809 2664 1227 2664 1235 2664 809 2664 1235 2664 811 2664 811 2664 1235 2664 1233 2664 801 2664 1219 2664 803 2664 803 2664 1219 2664 1217 2664 803 2664 1217 2664 795 2664 795 2664 1217 2664 1214 2664 494 2664 1215 2664 497 2664 497 2664 1215 2664 1223 2664 497 2664 1223 2664 499 2664 499 2664 1223 2664 1221 2664 789 2664 1207 2664 791 2664 791 2664 1207 2664 1205 2664 791 2664 1205 2664 783 2664 783 2664 1205 2664 1202 2664 506 2664 1203 2664 509 2664 509 2664 1203 2664 1211 2664 509 2664 1211 2664 511 2664 511 2664 1211 2664 1209 2664 1195 2664 2696 2664 1197 2664 1197 2664 2696 2664 883 2664 1197 2664 883 2664 1199 2664 1199 2664 883 2664 881 2664 1199 2664 881 2664 1191 2664 1191 2664 881 2664 878 2664 525 2664 1195 2664 527 2664 527 2664 1195 2664 1193 2664 527 2664 1193 2664 519 2664 519 2664 1193 2664 1190 2664 537 2664 1183 2664 539 2664 539 2664 1183 2664 1181 2664 539 2664 1181 2664 531 2664 531 2664 1181 2664 1178 2664 866 2664 1179 2664 869 2664 869 2664 1179 2664 1187 2664 869 2664 1187 2664 871 2664 871 2664 1187 2664 1185 2664 549 2664 1171 2664 551 2664 551 2664 1171 2664 1169 2664 551 2664 1169 2664 543 2664 543 2664 1169 2664 1166 2664 543 2664 1166 2664 2693 2664 2693 2664 1166 2664 1167 2664 854 2664 1167 2664 857 2664 857 2664 1167 2664 1175 2664 857 2664 1175 2664 859 2664 859 2664 1175 2664 1173 2664 849 2664 1159 2664 851 2664 851 2664 1159 2664 1157 2664 851 2664 1157 2664 843 2664 843 2664 1157 2664 1154 2664 446 2664 1155 2664 449 2664 449 2664 1155 2664 1163 2664 449 2664 1163 2664 451 2664 451 2664 1163 2664 1161 2664 837 2664 1147 2664 839 2664 839 2664 1147 2664 1145 2664 839 2664 1145 2664 831 2664 831 2664 1145 2664 1142 2664 458 2664 1143 2664 461 2664 461 2664 1143 2664 1151 2664 461 2664 1151 2664 463 2664 463 2664 1151 2664 1149 2664 477 2664 1135 2664 479 2664 479 2664 1135 2664 1133 2664 479 2664 1133 2664 471 2664 471 2664 1133 2664 1130 2664 926 2664 1131 2664 929 2664 929 2664 1131 2664 1139 2664 929 2664 1139 2664 931 2664 931 2664 1139 2664 1137 2664 489 2664 1123 2664 491 2664 491 2664 1123 2664 1121 2664 491 2664 1121 2664 483 2664 483 2664 1121 2664 1118 2664 914 2664 1119 2664 917 2664 917 2664 1119 2664 1127 2664 917 2664 1127 2664 919 2664 919 2664 1127 2664 1125 2664 909 2664 1111 2664 911 2664 911 2664 1111 2664 1109 2664 911 2664 1109 2664 903 2664 903 2664 1109 2664 1106 2664 386 2664 1107 2664 389 2664 389 2664 1107 2664 1115 2664 389 2664 1115 2664 391 2664 391 2664 1115 2664 1113 2664 897 2664 1099 2664 899 2664 899 2664 1099 2664 1097 2664 899 2664 1097 2664 891 2664 891 2664 1097 2664 1094 2664 398 2664 1095 2664 401 2664 401 2664 1095 2664 1103 2664 401 2664 1103 2664 403 2664 403 2664 1103 2664 1101 2664 1087 2664 2696 2664 1089 2664 1089 2664 2696 2664 991 2664 1089 2664 991 2664 1091 2664 1091 2664 991 2664 989 2664 1091 2664 989 2664 1083 2664 1083 2664 989 2664 986 2664 1085 2664 419 2664 1087 2664 1087 2664 419 2664 417 2664 1087 2664 417 2664 2696 2664 2696 2664 417 2664 415 2664 2696 2664 415 2664 213 2664 213 2664 415 2664 215 2664 215 2664 415 2664 413 2664 215 2664 413 2664 207 2664 207 2664 413 2664 410 2664 419 2664 1085 2664 411 2664 411 2664 1085 2664 1082 2664 429 2664 1075 2664 431 2664 431 2664 1075 2664 1073 2664 431 2664 1073 2664 423 2664 423 2664 1073 2664 1070 2664 974 2664 1071 2664 977 2664 977 2664 1071 2664 1079 2664 977 2664 1079 2664 979 2664 979 2664 1079 2664 1077 2664 441 2664 1063 2664 443 2664 443 2664 1063 2664 1061 2664 443 2664 1061 2664 435 2664 435 2664 1061 2664 1058 2664 435 2664 1058 2664 2692 2664 2692 2664 1058 2664 1059 2664 2692 2664 1059 2664 962 2664 962 2664 1059 2664 965 2664 965 2664 1059 2664 1067 2664 965 2664 1067 2664 967 2664 967 2664 1067 2664 1065 2664 957 2664 1051 2664 959 2664 959 2664 1051 2664 1049 2664 959 2664 1049 2664 951 2664 951 2664 1049 2664 1046 2664 326 2664 1047 2664 329 2664 329 2664 1047 2664 1055 2664 329 2664 1055 2664 331 2664 331 2664 1055 2664 1053 2664 945 2664 1039 2664 947 2664 947 2664 1039 2664 1037 2664 947 2664 1037 2664 939 2664 939 2664 1037 2664 1034 2664 309 2664 1027 2664 311 2664 311 2664 1027 2664 1025 2664 311 2664 1025 2664 303 2664 303 2664 1025 2664 1022 2664 297 2664 1015 2664 299 2664 299 2664 1015 2664 1013 2664 299 2664 1013 2664 291 2664 291 2664 1013 2664 1010 2664 981 2664 1003 2664 983 2664 983 2664 1003 2664 1001 2664 983 2664 1001 2664 975 2664 975 2664 1001 2664 998 2664 995 2664 993 2664 2696 2664 2696 2664 993 2664 991 2664 987 9985 995 9985 319 9985 319 2664 995 2664 321 2664 321 2664 995 2664 2696 2664 321 2664 2696 2664 323 2664 323 9986 2696 9986 359 9986 323 2664 359 2664 357 2664 962 2664 963 2664 2692 2664 2692 9987 963 9987 971 9987 249 2664 955 2664 251 2664 251 2664 955 2664 953 2664 251 2664 953 2664 243 2664 243 2664 953 2664 950 2664 261 2664 943 2664 263 2664 263 2664 943 2664 941 2664 263 2664 941 2664 255 2664 255 2664 941 2664 938 2664 266 2664 927 2664 269 2664 269 2664 927 2664 935 2664 269 2664 935 2664 271 2664 271 2664 935 2664 933 2664 278 2664 915 2664 281 2664 281 2664 915 2664 923 2664 281 2664 923 2664 283 2664 283 2664 923 2664 921 2664 189 2664 907 2664 191 2664 191 2664 907 2664 905 2664 191 2664 905 2664 183 2664 183 2664 905 2664 902 2664 201 2664 895 2664 203 2664 203 2664 895 2664 893 2664 203 2664 893 2664 195 2664 195 2664 893 2664 890 2664 883 2664 2696 2664 885 2664 885 2664 2696 2664 211 2664 885 2664 211 2664 887 2664 887 2664 211 2664 209 2664 887 2664 209 2664 879 2664 879 2664 209 2664 206 2664 218 2664 867 2664 221 2664 221 2664 867 2664 875 2664 221 2664 875 2664 223 2664 223 2664 875 2664 873 2664 863 2664 233 2664 855 2664 855 2664 233 2664 230 2664 855 2664 230 2664 2692 2664 2692 2664 230 2664 231 2664 2692 2664 231 2664 434 2664 434 2664 231 2664 437 2664 437 2664 231 2664 239 2664 437 2664 239 2664 439 2664 439 2664 239 2664 237 2664 233 2664 863 2664 235 2664 235 2664 863 2664 861 2664 141 2664 847 2664 143 2664 143 2664 847 2664 845 2664 143 2664 845 2664 135 2664 135 2664 845 2664 842 2664 153 2664 835 2664 155 2664 155 2664 835 2664 833 2664 155 2664 833 2664 147 2664 147 2664 833 2664 830 2664 158 2664 819 2664 161 2664 161 2664 819 2664 827 2664 161 2664 827 2664 163 2664 163 2664 827 2664 825 2664 170 2664 807 2664 173 2664 173 2664 807 2664 815 2664 173 2664 815 2664 175 2664 175 2664 815 2664 813 2664 81 2664 799 2664 83 2664 83 2664 799 2664 797 2664 83 2664 797 2664 75 2664 75 2664 797 2664 794 2664 93 2664 787 2664 95 2664 95 2664 787 2664 785 2664 95 2664 785 2664 87 2664 87 2664 785 2664 782 2664 775 2664 2698 2664 777 2664 777 2664 2698 2664 103 2664 777 2664 103 2664 779 2664 779 2664 103 2664 101 2664 779 2664 101 2664 771 2664 771 2664 101 2664 98 2664 110 2664 759 2664 113 2664 113 2664 759 2664 767 2664 113 2664 767 2664 115 2664 115 2664 767 2664 765 2664 746 2664 747 2664 2693 2664 2693 2664 747 2664 122 2664 2693 2664 122 2664 123 2664 122 2664 747 2664 125 2664 125 2664 747 2664 755 2664 125 2664 755 2664 127 2664 127 2664 755 2664 753 2664 33 2664 739 2664 35 2664 35 2664 739 2664 737 2664 35 2664 737 2664 27 2664 27 2664 737 2664 734 2664 27 2664 734 2664 705 2664 705 2664 734 2664 67 2664 705 2664 67 2664 707 2664 707 2664 67 2664 65 2664 707 2664 65 2664 699 2664 699 2664 65 2664 62 2664 734 2664 735 2664 67 2664 67 2664 735 2664 69 2664 45 2664 727 2664 47 2664 47 2664 727 2664 725 2664 47 2664 725 2664 39 2664 39 2664 725 2664 722 2664 39 2664 722 2664 717 2664 717 2664 722 2664 55 2664 717 2664 55 2664 719 2664 719 2664 55 2664 53 2664 719 2664 53 2664 711 2664 711 2664 53 2664 50 2664 722 2664 723 2664 55 2664 55 2664 723 2664 57 2664 717 2664 715 2664 39 2664 39 2664 715 2664 38 2664 705 2664 703 2664 27 2664 27 2664 703 2664 26 2664 698 2664 699 2664 1327 2664 693 2664 691 2664 1335 2664 686 2664 14 2664 689 2664 689 2664 14 2664 15 2664 689 9988 15 9988 2693 9988 2693 9989 15 9989 23 9989 2693 2664 23 2664 653 2664 653 2664 23 2664 21 2664 653 2664 21 2664 655 2664 686 2664 687 2664 14 2664 14 2664 687 2664 17 2664 679 2664 677 2664 1355 2664 662 2664 663 2664 11 2664 11 2664 663 2664 3 2664 3 2664 663 2664 2 2664 2 2664 663 2664 671 2664 653 9990 650 9990 2693 9990 2693 2664 650 2664 651 2664 86 2664 615 2664 89 2664 89 2664 615 2664 623 2664 89 2664 623 2664 91 2664 91 2664 623 2664 621 2664 74 2664 603 2664 77 2664 77 2664 603 2664 611 2664 77 2664 611 2664 79 2664 79 2664 611 2664 609 2664 146 2664 567 2664 149 2664 149 2664 567 2664 575 2664 149 2664 575 2664 151 2664 151 2664 575 2664 573 2664 134 2664 555 2664 137 2664 137 2664 555 2664 563 2664 137 2664 563 2664 139 2664 139 2664 563 2664 561 2664 129 2664 547 2664 131 2664 131 2664 547 2664 545 2664 131 2664 545 2664 123 2664 123 2664 545 2664 542 2664 123 2664 542 2664 2693 2664 2693 2664 542 2664 543 2664 117 2664 535 2664 119 2664 119 2664 535 2664 533 2664 119 2664 533 2664 111 2664 111 2664 533 2664 530 2664 521 2664 107 2664 523 2664 523 2664 107 2664 105 2664 523 2664 105 2664 2698 2664 2698 2664 105 2664 103 2664 107 2664 521 2664 99 2664 99 2664 521 2664 518 2664 194 2664 507 2664 197 2664 197 2664 507 2664 515 2664 197 2664 515 2664 199 2664 199 2664 515 2664 513 2664 182 2664 495 2664 185 2664 185 2664 495 2664 503 2664 185 2664 503 2664 187 2664 187 2664 503 2664 501 2664 177 2664 487 2664 179 2664 179 2664 487 2664 485 2664 179 2664 485 2664 171 2664 171 2664 485 2664 482 2664 165 2664 475 2664 167 2664 167 2664 475 2664 473 2664 167 2664 473 2664 159 2664 159 2664 473 2664 470 2664 254 2664 459 2664 257 2664 257 2664 459 2664 467 2664 257 2664 467 2664 259 2664 259 2664 467 2664 465 2664 242 2664 447 2664 245 2664 245 2664 447 2664 455 2664 245 2664 455 2664 247 2664 247 2664 455 2664 453 2664 434 2664 435 2664 2692 2664 225 2664 427 2664 227 2664 227 2664 427 2664 425 2664 227 2664 425 2664 219 2664 219 2664 425 2664 422 2664 302 2664 399 2664 305 2664 305 2664 399 2664 407 2664 305 2664 407 2664 307 2664 307 2664 407 2664 405 2664 290 2664 387 2664 293 2664 293 2664 387 2664 395 2664 293 2664 395 2664 295 2664 295 2664 395 2664 393 2664 285 2664 379 2664 287 2664 287 2664 379 2664 377 2664 287 2664 377 2664 279 2664 279 2664 377 2664 374 2664 338 2664 375 2664 341 2664 341 2664 375 2664 383 2664 341 2664 383 2664 343 2664 343 2664 383 2664 381 2664 273 2664 367 2664 275 2664 275 2664 367 2664 365 2664 275 2664 365 2664 267 2664 267 2664 365 2664 362 2664 323 2664 357 2664 315 2664 315 2664 357 2664 355 2664 315 2664 355 2664 314 2664 213 2664 211 2664 2696 2664 2661 1141 2353 1141 2660 1141 2660 1141 2353 1141 1969 1141 2660 1141 1969 1141 2103 1141 2103 1141 1969 1141 2102 1141 2102 9991 1969 9991 1975 9991 2102 1141 1975 1141 2109 1141 2109 1141 1975 1141 1971 1141 2109 1141 1971 1141 2115 1141 2115 9992 1971 9992 1965 9992 2115 1141 1965 1141 1983 1141 1983 1141 1965 1141 2137 1141 1983 1141 2137 1141 1982 1141 1982 9993 2137 9993 2143 9993 1982 1141 2143 1141 1989 1141 1989 1141 2143 1141 2139 1141 1989 1141 2139 1141 1995 1141 1995 9994 2139 9994 2133 9994 1995 1141 2133 1141 2377 1141 2377 1141 2133 1141 2510 1141 2377 1141 2510 1141 2367 1141 2367 9993 2510 9993 2511 9993 2367 1141 2511 1141 2366 1141 2366 1141 2511 1141 2521 1141 2366 1141 2521 1141 2373 1141 2373 9992 2521 9992 2527 9992 2373 1141 2527 1141 2677 1141 2677 1141 2527 1141 2167 1141 2677 1141 2167 1141 2682 1141 2682 9995 2167 9995 1951 9995 2682 9996 1951 9996 2311 9996 2311 9997 1951 9997 2305 9997 2305 1141 1951 1141 1947 1141 2305 1141 1947 1141 2295 1141 2295 1141 1947 1141 1941 1141 2295 1141 1941 1141 2294 1141 2294 9998 1941 9998 1934 9998 2294 1141 1934 1141 1927 1141 1927 1141 1934 1141 2335 1141 1927 9999 2335 9999 1921 9999 1921 1141 2335 1141 2331 1141 1921 1141 2331 1141 1911 1141 1911 1141 2331 1141 2325 1141 1911 1141 2325 1141 1910 1141 1910 9998 2325 9998 2318 9998 1910 1141 2318 1141 2174 1141 2174 1141 2318 1141 2558 1141 2174 9997 2558 9997 2181 9997 2181 1141 2558 1141 2559 1141 2181 1141 2559 1141 2187 1141 2187 1141 2559 1141 2569 1141 2187 1141 2569 1141 2191 1141 2191 10000 2569 10000 2575 10000 2191 1141 2575 1141 2661 1141 2661 10001 2575 10001 2353 10001 2689 1141 2682 1141 2661 1141 2661 1141 2682 1141 2246 1141 2661 1141 2246 1141 2247 1141 2689 1141 2687 1141 2682 1141 2678 1141 2672 1141 2677 1141 2677 1141 2672 1141 2660 1141 2677 1141 2660 1141 2427 1141 2427 1141 2660 1141 2431 1141 2431 1141 2660 1141 2449 1141 2431 1141 2449 1141 2455 1141 2643 1141 2281 1141 2647 1141 2647 1141 2281 1141 2287 1141 2647 1141 2287 1141 2661 1141 2661 1141 2287 1141 1903 1141 2661 10002 1903 10002 2191 10002 2191 1141 1903 1141 2185 1141 2185 1141 1903 1141 1899 1141 2185 1141 1899 1141 2175 1141 2175 1141 1899 1141 1893 1141 2175 1141 1893 1141 2174 1141 2174 1141 1893 1141 1886 1141 2174 1141 1886 1141 1910 1141 1910 1141 1886 1141 2198 1141 1910 1141 2198 1141 1917 1141 1917 1141 2198 1141 2199 1141 1917 1141 2199 1141 1923 1141 1923 1141 2199 1141 2209 1141 1923 1141 2209 1141 1927 1141 1927 1141 2209 1141 2215 1141 1927 1141 2215 1141 2294 1141 2294 1141 2215 1141 2582 1141 2294 1141 2582 1141 2301 1141 2301 1141 2582 1141 2583 1141 2301 1141 2583 1141 2307 1141 2307 1141 2583 1141 2593 1141 2307 1141 2593 1141 2311 1141 2311 1141 2593 1141 2599 1141 2311 10003 2599 10003 2682 10003 2682 1141 2599 1141 2235 1141 2682 1141 2235 1141 1869 1141 1869 1141 2235 1141 1875 1141 1875 1141 2235 1141 2229 1141 1875 1141 2229 1141 1879 1141 1879 1141 2229 1141 2222 1141 1879 1141 2222 1141 1873 1141 1873 1141 2222 1141 2223 1141 1873 1141 2223 1141 2253 1141 2253 1141 2223 1141 2619 1141 2253 1141 2619 1141 2259 1141 2259 1141 2619 1141 2613 1141 2259 1141 2613 1141 2263 1141 2263 1141 2613 1141 2606 1141 2263 1141 2606 1141 2257 1141 2257 1141 2606 1141 2607 1141 2257 1141 2607 1141 2630 1141 2630 1141 2607 1141 2270 1141 2630 1141 2270 1141 2637 1141 2637 1141 2270 1141 2271 1141 2637 1141 2271 1141 2643 1141 2643 1141 2271 1141 2281 1141 2257 1141 2630 1141 2247 1141 2247 1141 2630 1141 2631 1141 2247 1141 2631 1141 2661 1141 2661 1141 2631 1141 2641 1141 2661 1141 2641 1141 2647 1141 2619 10004 2215 10004 2623 10004 2623 1141 2215 1141 2211 1141 2623 1141 2211 1141 2617 1141 2617 1141 2211 1141 2205 1141 2617 1141 2205 1141 2607 1141 2607 10005 2205 10005 2198 10005 2607 1141 2198 1141 2270 1141 2270 1141 2198 1141 1886 1141 2270 10006 1886 10006 2277 10006 2277 1141 1886 1141 1887 1141 2277 1141 1887 1141 2283 1141 2283 1141 1887 1141 1897 1141 2283 1141 1897 1141 2287 1141 2287 10007 1897 10007 1903 10007 2235 10006 2599 10006 2239 10006 2239 1141 2599 1141 2595 1141 2239 1141 2595 1141 2233 1141 2233 1141 2595 1141 2589 1141 2233 1141 2589 1141 2223 1141 2223 10005 2589 10005 2582 10005 2223 1141 2582 1141 2619 1141 2619 1141 2582 1141 2215 1141 2353 1141 2575 1141 2343 1141 2343 10008 2575 10008 2571 10008 2343 1141 2571 1141 2342 1141 2342 1141 2571 1141 2565 1141 2342 1141 2565 1141 2349 1141 2349 10009 2565 10009 2558 10009 2349 1141 2558 1141 2545 1141 2545 1141 2558 1141 2318 1141 2545 1141 2318 1141 2535 1141 2535 10010 2318 10010 2319 10010 2535 1141 2319 1141 2534 1141 2534 1141 2319 1141 2329 1141 2534 1141 2329 1141 2541 1141 2541 10011 2329 10011 2335 10011 2541 1141 2335 1141 2150 1141 2150 1141 2335 1141 1934 1141 2150 1141 1934 1141 2157 1141 2157 10010 1934 10010 1935 10010 2157 1141 1935 1141 2163 1141 2163 1141 1935 1141 1945 1141 2163 1141 1945 1141 2167 1141 2167 10009 1945 10009 1951 10009 2547 1141 2126 1141 2551 1141 2551 1141 2126 1141 2127 1141 2551 1141 2127 1141 2545 1141 2545 10012 2127 10012 2137 10012 2545 1141 2137 1141 2349 1141 2349 1141 2137 1141 1965 1141 2349 10013 1965 10013 2355 10013 2355 10014 1965 10014 1958 10014 2355 1141 1958 1141 2359 1141 2359 1141 1958 1141 1959 1141 2359 1141 1959 1141 2353 1141 2353 10015 1959 10015 1969 10015 2126 10016 2547 10016 2133 10016 2133 10017 2547 10017 2541 10017 2133 1141 2541 1141 2510 1141 2510 1141 2541 1141 2150 1141 2510 10018 2150 10018 2517 10018 2517 1141 2150 1141 2151 1141 2517 1141 2151 1141 2523 1141 2523 1141 2151 1141 2161 1141 2523 10019 2161 10019 2527 10019 2527 10013 2161 10013 2167 10013 2499 10020 2119 10020 2503 10020 2503 1141 2119 1141 2115 1141 2503 1141 2115 1141 2391 1141 2391 1141 2115 1141 1983 1141 2391 10021 1983 10021 2390 10021 2390 1141 1983 1141 1993 1141 2390 1141 1993 1141 2397 1141 2397 1141 1993 1141 1999 1141 2397 10022 1999 10022 2403 10022 2403 1141 1999 1141 1995 1141 2403 1141 1995 1141 2006 1141 2006 1141 1995 1141 2377 1141 2006 10021 2377 10021 2013 10021 2013 1141 2377 1141 2383 1141 2013 1141 2383 1141 2019 1141 2019 1141 2383 1141 2379 1141 2019 10020 2379 10020 2023 10020 2023 1141 2379 1141 2373 1141 2023 1141 2373 1141 2677 1141 2119 1141 2499 1141 2113 1141 2113 1141 2499 1141 2493 1141 2113 1141 2493 1141 2103 1141 2103 10023 2493 10023 2486 10023 2103 1141 2486 1141 2660 1141 2660 10024 2486 10024 2054 10024 2660 10025 2054 10025 2438 10025 2438 1141 2054 1141 2445 1141 2445 1141 2054 1141 2055 1141 2445 1141 2055 1141 2451 1141 2451 1141 2055 1141 2065 1141 2451 1141 2065 1141 2455 1141 2455 1141 2065 1141 2071 1141 2455 1141 2071 1141 2425 1141 2425 1141 2071 1141 2041 1141 2425 1141 2041 1141 2415 1141 2415 1141 2041 1141 2047 1141 2415 1141 2047 1141 2414 1141 2414 1141 2047 1141 2043 1141 2414 1141 2043 1141 2421 1141 2421 1141 2043 1141 2037 1141 2421 1141 2037 1141 2462 1141 2462 1141 2037 1141 2078 1141 2462 1141 2078 1141 2469 1141 2469 1141 2078 1141 2079 1141 2469 1141 2079 1141 2475 1141 2475 1141 2079 1141 2089 1141 2475 1141 2089 1141 2479 1141 2479 1141 2089 1141 2095 1141 2479 1141 2095 1141 2677 1141 2677 1141 2095 1141 2023 1141 2054 1141 2486 1141 2061 1141 2061 10026 2486 10026 2487 10026 2061 1141 2487 1141 2067 1141 2067 1141 2487 1141 2497 1141 2067 1141 2497 1141 2071 1141 2071 10027 2497 10027 2503 10027 2071 1141 2503 1141 2041 1141 2041 1141 2503 1141 2391 1141 2041 1141 2391 1141 2031 1141 2031 10028 2391 10028 2401 10028 2031 1141 2401 1141 2030 1141 2030 1141 2401 1141 2407 1141 2030 1141 2407 1141 2037 1141 2037 10029 2407 10029 2403 10029 2037 1141 2403 1141 2078 1141 2078 1141 2403 1141 2006 1141 2078 1141 2006 1141 2085 1141 2085 10028 2006 10028 2007 10028 2085 1141 2007 1141 2091 1141 2091 1141 2007 1141 2017 1141 2091 1141 2017 1141 2095 1141 2095 10027 2017 10027 2023 10027 2462 1141 2463 1141 2421 1141 2421 1141 2463 1141 2427 1141 2427 1141 2463 1141 2677 1141 2463 1141 2473 1141 2677 1141 2677 1141 2473 1141 2479 1141 2438 1141 2439 1141 2660 1141 2660 1141 2439 1141 2449 1141 2425 1141 2431 1141 2455 1141 1873 1141 2253 1141 1863 1141 1863 1141 2253 1141 2246 1141 1863 1141 2246 1141 2682 1141 1869 1141 1862 1141 2682 1141 2682 1141 1862 1141 1863 1141 2662 712 1711 712 2661 712 2661 712 1711 712 1759 712 2661 712 1759 712 1519 712 1519 712 1759 712 1513 712 1513 712 1759 712 1755 712 1513 712 1755 712 1503 712 1503 712 1755 712 1749 712 1503 712 1749 712 1417 712 1417 712 1749 712 1659 712 1417 712 1659 712 1407 712 1407 712 1659 712 1653 712 1407 712 1653 712 1527 712 1527 712 1653 712 1807 712 1527 712 1807 712 1526 712 1526 712 1807 712 1803 712 1526 712 1803 712 1533 712 1533 712 1803 712 1797 712 1533 712 1797 712 2684 712 2684 712 1797 712 1389 712 2684 712 1389 712 2685 712 2685 712 1389 712 1821 712 2685 712 1821 712 1365 712 1365 712 1821 712 1371 712 1371 712 1821 712 1814 712 1371 712 1814 712 1375 712 1375 712 1814 712 1815 712 1375 712 1815 712 1581 712 1581 712 1815 712 1623 712 1581 712 1623 712 1587 712 1587 712 1623 712 1633 712 1587 712 1633 712 1485 712 1485 712 1633 712 1455 712 1485 712 1455 712 1491 712 1491 712 1455 712 1465 712 1491 712 1465 712 1495 712 1495 712 1465 712 1471 712 1495 712 1471 712 2662 712 2662 712 1471 712 1711 712 2669 10030 1839 10030 2662 10030 2662 10031 1839 10031 1849 10031 2662 10032 1849 10032 1599 10032 1599 712 1849 712 1598 712 1598 712 1849 712 1855 712 1598 712 1855 712 1851 712 2691 712 2685 712 2669 712 2669 10033 2685 10033 1839 10033 2688 712 2689 712 2684 712 2684 712 2689 712 1779 712 2684 10034 1779 10034 1773 10034 2689 10035 2661 10035 1779 10035 1779 10036 2661 10036 1783 10036 1783 712 2661 712 1677 712 1783 712 1677 712 1670 712 1845 712 1358 712 1851 712 1851 712 1358 712 1359 712 1851 712 1359 712 1605 712 1605 712 1359 712 1575 712 1605 712 1575 712 1611 712 1611 712 1575 712 1585 712 1611 712 1585 712 1725 712 1725 712 1585 712 1479 712 1725 712 1479 712 1731 712 1731 712 1479 712 1489 712 1731 712 1489 712 1735 712 1735 712 1489 712 1495 712 1735 712 1495 712 2662 712 1358 712 1845 712 2685 712 2685 10037 1845 10037 1838 10037 2685 10038 1838 10038 1839 10038 1827 712 1382 712 1831 712 1831 712 1382 712 1383 712 1831 712 1383 712 1629 712 1629 712 1383 712 1551 712 1629 712 1551 712 1635 712 1635 712 1551 712 1561 712 1635 712 1561 712 1461 712 1461 712 1561 712 1695 712 1461 712 1695 712 1467 712 1467 712 1695 712 1705 712 1467 712 1705 712 1471 712 1471 712 1705 712 1711 712 1382 712 1827 712 1389 712 1389 712 1827 712 1821 712 1623 712 1815 712 1622 712 1622 712 1815 712 1825 712 1622 712 1825 712 1831 712 1389 712 1797 712 1395 712 1395 712 1797 712 1790 712 1395 712 1790 712 1399 712 1399 712 1790 712 1791 712 1399 712 1791 712 1557 712 1557 712 1791 712 1647 712 1557 712 1647 712 1563 712 1563 712 1647 712 1657 712 1563 712 1657 712 1701 712 1701 712 1657 712 1743 712 1701 712 1743 712 1707 712 1707 712 1743 712 1753 712 1707 712 1753 712 1711 712 1711 712 1753 712 1759 712 1647 712 1791 712 1646 712 1646 712 1791 712 1801 712 1646 712 1801 712 1807 712 1773 712 1766 712 2684 712 2684 712 1766 712 1539 712 2684 10039 1539 10039 1533 10039 1539 712 1766 712 1543 712 1543 712 1766 712 1767 712 1543 712 1767 712 1413 712 1413 712 1767 712 1671 712 1413 712 1671 712 1419 712 1419 712 1671 712 1681 712 1419 712 1681 712 1509 712 1509 712 1681 712 1431 712 1509 712 1431 712 1515 712 1515 712 1431 712 1441 712 1515 712 1441 712 1519 712 1519 712 1441 712 1447 712 1519 712 1447 712 2661 712 2661 10040 1447 10040 1443 10040 2661 10041 1443 10041 1437 10041 1671 712 1767 712 1670 712 1670 712 1767 712 1777 712 1670 712 1777 712 1783 712 1749 10042 1742 10042 1659 10042 1659 712 1742 712 1663 712 1663 712 1742 712 1657 712 1657 10043 1742 10043 1743 10043 1725 10042 1718 10042 1611 10042 1611 712 1718 712 1615 712 1615 712 1718 712 1609 712 1609 10043 1718 10043 1719 10043 1609 10044 1719 10044 2662 10044 2662 10045 1719 10045 1729 10045 2662 10046 1729 10046 1735 10046 1701 10042 1694 10042 1563 10042 1563 712 1694 712 1567 712 1567 712 1694 712 1561 712 1561 10043 1694 10043 1695 10043 1681 712 1687 712 1430 712 1430 712 1687 712 1683 712 1430 712 1683 712 1437 712 1437 10047 1683 10047 2661 10047 1683 712 1677 712 2661 712 1431 10048 1681 10048 1430 10048 1653 712 1646 712 1807 712 1633 712 1639 712 1454 712 1454 712 1639 712 1635 712 1454 712 1635 712 1461 712 1629 712 1622 712 1831 712 1455 10049 1633 10049 1454 10049 1605 712 1598 712 1851 712 1599 10050 1609 10050 2662 10050 1585 712 1591 712 1478 712 1478 712 1591 712 1587 712 1478 712 1587 712 1485 712 1581 712 1574 712 1375 712 1375 712 1574 712 1369 712 1369 712 1574 712 1359 712 1359 712 1574 712 1575 712 1479 10049 1585 10049 1478 10049 1557 712 1550 712 1399 712 1399 712 1550 712 1393 712 1393 712 1550 712 1383 712 1383 712 1550 712 1551 712 1407 712 1527 712 1406 712 1406 712 1527 712 1537 712 1406 712 1537 712 1543 712 1509 10042 1502 10042 1419 10042 1419 712 1502 712 1423 712 1423 712 1502 712 1417 712 1417 10051 1502 10051 1503 10051 1413 712 1406 712 1543 712 1365 712 1358 712 2685 712 2653 2664 2695 2664 2658 2664 2658 2664 2695 2664 2697 2664 2658 2664 2697 2664 2699 2664 2653 2664 2652 2664 2695 2664 2695 2664 2652 2664 2694 2664 2694 2664 2652 2664 2656 2664 2694 2664 2656 2664 2699 2664 2699 2664 2656 2664 2658 2664 2700 10052 2701 10052 2702 10052</p>
        </triangles>
      </mesh>
    </geometry>
  </library_geometries>
  <library_visual_scenes>
    <visual_scene id="Scene" name="Scene">
      <node id="node_464673e4_cefc_4fda_8604_43765ca474ad" name="node_464673e4_cefc_4fda_8604_43765ca474ad" type="NODE">
        <matrix sid="transform">1 0 0 0 0 1 0 0 0 0 1 0 0 0 0 1</matrix>
        <node id="node_ecd53585_129d_49f6_8703_8e2aa4e476bd" name="node_ecd53585_129d_49f6_8703_8e2aa4e476bd" type="NODE">
          <matrix sid="transform">1 0 0 0 0 1 0 0 0 0 1 0 0 0 0 1</matrix>
          <node id="node_ecd53585_129d_49f6_8703_8e2aa4e476bd_mesh0" name="node_ecd53585_129d_49f6_8703_8e2aa4e476bd_mesh0" type="NODE">
            <matrix sid="transform">1 0 0 0 0 1 0 0 0 0 1 0 0 0 0 1</matrix>
            <instance_geometry url="#geometry_f44b781c_b8b1_42f6_a000_4d6869c42b37-mesh" name="node_ecd53585_129d_49f6_8703_8e2aa4e476bd_mesh0">
              <bind_material>
                <technique_common>
                  <instance_material symbol="mat_1-material" target="#mat_1-material"/>
                  <instance_material symbol="mat_2-material" target="#mat_2-material"/>
                </technique_common>
              </bind_material>
            </instance_geometry>
          </node>
        </node>
      </node>
    </visual_scene>
  </library_visual_scenes>
  <scene>
    <instance_visual_scene url="#Scene"/>
  </scene>
</COLLADA>