<?xml version="1.0" encoding="utf-8"?>
<COLLADA xmlns="http://www.collada.org/2005/11/COLLADASchema" version="1.4.1" xmlns:xsi="http://www.w3.org/2001/XMLSchema-instance">
  <asset>
    <contributor>
      <author>Blender User</author>
      <authoring_tool>Blender 4.4.3 commit date:2025-04-29, commit time:14:09, hash:802179c51ccc</authoring_tool>
    </contributor>
    <created>2025-07-09T20:31:17</created>
    <modified>2025-07-09T20:31:17</modified>
    <unit name="meter" meter="1"/>
    <up_axis>Z_UP</up_axis>
  </asset>
  <library_cameras>
    <camera id="Camera-camera" name="Camera">
      <optics>
        <technique_common>
          <perspective>
            <xfov sid="xfov">39.59775</xfov>
            <aspect_ratio>1.777778</aspect_ratio>
            <znear sid="znear">0.1</znear>
            <zfar sid="zfar">100</zfar>
          </perspective>
        </technique_common>
      </optics>
      <extra>
        <technique profile="blender">
          <shiftx sid="shiftx" type="float">0</shiftx>
          <shifty sid="shifty" type="float">0</shifty>
          <dof_distance sid="dof_distance" type="float">10</dof_distance>
        </technique>
      </extra>
    </camera>
  </library_cameras>
  <library_lights>
    <light id="Light-light" name="Light">
      <technique_common>
        <point>
          <color sid="color">1000 1000 1000</color>
          <constant_attenuation>1</constant_attenuation>
          <linear_attenuation>0</linear_attenuation>
          <quadratic_attenuation>0</quadratic_attenuation>
        </point>
      </technique_common>
      <extra>
        <technique profile="blender">
          <type sid="type" type="int">0</type>
          <flag sid="flag" type="int">0</flag>
          <mode sid="mode" type="int">2097153</mode>
          <red sid="red" type="float">1</red>
          <green sid="green" type="float">1</green>
          <blue sid="blue" type="float">1</blue>
          <energy sid="blender_energy" type="float">1000</energy>
          <spotsize sid="spotsize" type="float">75</spotsize>
          <spotblend sid="spotblend" type="float">0.15</spotblend>
          <clipsta sid="clipsta" type="float">0.04999995</clipsta>
          <clipend sid="clipend" type="float">40</clipend>
          <radius sid="radius" type="float">0.1</radius>
          <area_shape sid="area_shape" type="int">1</area_shape>
          <area_size sid="area_size" type="float">0.1</area_size>
          <area_sizey sid="area_sizey" type="float">0.1</area_sizey>
          <area_sizez sid="area_sizez" type="float">1</area_sizez>
        </technique>
      </extra>
    </light>
  </library_lights>
  <library_effects>
    <effect id="Material_001-effect">
      <profile_COMMON>
        <technique sid="common">
          <lambert>
            <emission>
              <color sid="emission">0 0 0 1</color>
            </emission>
            <diffuse>
              <color sid="diffuse">0.8 0.8 0.8 1</color>
            </diffuse>
            <index_of_refraction>
              <float sid="ior">1.5</float>
            </index_of_refraction>
          </lambert>
        </technique>
      </profile_COMMON>
    </effect>
    <effect id="Material_002-effect">
      <profile_COMMON>
        <technique sid="common">
          <lambert>
            <emission>
              <color sid="emission">0 0 0 1</color>
            </emission>
            <diffuse>
              <color sid="diffuse">0.8001566 0 0.002423449 1</color>
            </diffuse>
            <index_of_refraction>
              <float sid="ior">1.5</float>
            </index_of_refraction>
          </lambert>
        </technique>
      </profile_COMMON>
    </effect>
  </library_effects>
  <library_images/>
  <library_materials>
    <material id="Material_001-material" name="Material.001">
      <instance_effect url="#Material_001-effect"/>
    </material>
    <material id="Material_002-material" name="Material.002">
      <instance_effect url="#Material_002-effect"/>
    </material>
  </library_materials>
  <library_geometries>
    <geometry id="box_main-mesh" name="box main">
      <mesh>
        <source id="box_main-mesh-positions">
          <float_array id="box_main-mesh-positions-array" count="11586">104 -77.99996 0 100 -77.99996 0 104 -77.99996 1 100 -77.99996 1 100 -69.99996 0 100 -69.99996 1 108 -69.99996 0 108 -69.99996 1 108 -73.99996 0 108 -73.99996 1 104 -73.99996 0 104 -73.99996 1 108 74 0 108 70 0 108 74 1 108 70 1 100 70 0 100 70 1 100 78 0 100 78 1 104 78 0 104 78 1 104 74 0 104 74 1 -104 -74 0 -108 -74 0 -104 -74 1 -108 -74 1 -108 -70 0 -108 -70 1 -100 -70 0 -100 -70 1 -100 -78 0 -100 -78 1 -104 -78 0 -104 -78 1 -104 77.99996 0 -100 77.99996 0 -104 77.99996 1 -100 77.99996 1 -100 69.99996 0 -100 69.99996 1 -108 69.99996 0 -108 69.99996 1 -108 73.99996 0 -108 73.99996 1 -104 73.99996 0 -104 73.99996 1 22.5 7.5 174 7.5 7.5 174 22.5 -7.5 174 7.5 -7.5 174 -7.5 7.5 174 -7.5 -7.5 174 -22.5 7.5 174 -22.5 -7.5 174 7.5 22.5 174 -7.5 22.5 174 -7.5 -22.5 174 7.5 -22.5 174 22.5 -7.5 172 7.5 -7.5 172 22.5 7.5 172 7.5 7.5 172 -7.5 -7.5 172 -7.5 7.5 172 -22.5 -7.5 172 -22.5 7.5 172 7.5 -22.5 172 -7.5 -22.5 172 -7.5 22.5 172 7.5 22.5 172 7.5 80 50 -7.5 80 50 7.5 80 60 -7.5 80 60 16.11111 -43.77991 2 11.11111 -29.10684 2 11.11111 -40.89316 2 6.111113 -26.22009 2 -6.111112 -26.22008 2 6.111112 -20.44659 2 -6.111113 -20.44658 2 -11.11111 -5.773501 2 -11.11111 -17.55983 2 -16.11111 -2.886752 2 -28.33333 -2.886749 2 -16.11111 2.886749 2 -28.33334 2.886752 2 -33.33333 17.55983 2 -33.33333 5.773501 2 -38.33333 20.44658 2 -50.55556 20.44659 2 -38.33333 26.22008 2 -50.55556 26.22009 2 -55.55555 40.89316 2 -55.55556 29.10684 2 -60.55555 43.77991 2 -72.77778 43.77992 2 -60.55555 49.55342 2 -72.77778 49.55342 2 -77.77778 64.2265 2 -77.77778 52.44017 2 -82.77778 49.55342 2 -95 49.55342 2 -95 43.77992 2 28.33333 -43.77992 2 16.11111 -49.55342 2 28.33334 -49.55342 2 33.33333 -64.2265 2 33.33333 -52.44017 2 38.33333 -67.11325 2 50.55556 -67.11325 2 38.33333 -72.88675 2 50.55556 -72.88675 2 33.33333 -75.7735 2 55.55556 -75.7735 2 108 -78 2 77.77778 -75.7735 2 82.77778 -72.88675 2 82.77778 -67.11325 2 100 -52.44017 2 95 -49.55342 2 28.33333 -67.11325 2 11.11111 -52.44017 2 16.11111 -67.11325 2 11.11111 -64.2265 2 6.111113 -49.55342 2 -6.111112 -49.55342 2 6.111112 -43.77992 2 -6.111113 -43.77991 2 -11.11111 -29.10684 2 -11.11111 -40.89316 2 -16.11111 -26.22009 2 -28.33333 -26.22008 2 -16.11111 -20.44659 2 -28.33334 -20.44658 2 -33.33333 -5.773501 2 -33.33333 -17.55983 2 -38.33333 -2.886752 2 -50.55556 -2.886749 2 -38.33333 2.886749 2 -50.55556 2.886752 2 -55.55555 17.55983 2 -55.55556 5.773501 2 -60.55555 20.44658 2 -72.77778 20.44659 2 -60.55555 26.22008 2 -72.77778 26.22009 2 -77.77778 40.89316 2 -77.77778 29.10684 2 -82.77778 43.77991 2 11.11111 -75.7735 2 28.33334 -72.88675 2 16.11111 -72.88675 2 105 2.886752 2 100 17.55983 2 100 5.773501 2 95 20.44658 2 82.77778 20.44659 2 95 26.22008 2 82.77778 26.22009 2 77.77778 40.89316 2 77.77778 29.10684 2 72.77778 43.77991 2 60.55555 43.77992 2 72.77778 49.55342 2 60.55555 49.55342 2 55.55556 64.2265 2 55.55555 52.44017 2 50.55556 67.11325 2 38.33333 67.11325 2 50.55556 72.88675 2 38.33333 72.88675 2 55.55555 75.7735 2 33.33333 75.7735 2 108 78 2 11.11111 75.7735 2 -108 78 2 -11.11111 75.7735 2 -33.33333 75.7735 2 -28.33334 72.88675 2 105 -2.886749 2 105 20.44659 2 100 -5.773501 2 105 -20.44658 2 100 -17.55983 2 95 -2.886752 2 82.77778 -2.886749 2 95 2.886749 2 82.77778 2.886752 2 77.77778 17.55983 2 77.77778 5.773501 2 72.77778 20.44658 2 60.55555 20.44659 2 72.77778 26.22008 2 60.55555 26.22009 2 55.55556 40.89316 2 55.55555 29.10684 2 50.55556 43.77991 2 38.33333 43.77992 2 50.55556 49.55342 2 38.33333 49.55342 2 33.33333 64.2265 2 33.33333 52.44017 2 28.33334 67.11325 2 16.11111 67.11325 2 28.33333 72.88675 2 16.11111 72.88675 2 77.77778 75.7735 2 60.55555 72.88675 2 72.77778 72.88675 2 60.55555 67.11325 2 72.77778 67.11325 2 77.77778 52.44017 2 77.77778 64.2265 2 82.77778 49.55342 2 95 49.55342 2 82.77778 43.77992 2 95 43.77991 2 100 29.10684 2 100 40.89316 2 105 26.22009 2 105 43.77992 2 105 49.55342 2 100 52.44017 2 82.77778 67.11325 2 16.11111 2.886752 2 11.11111 17.55983 2 11.11111 5.773501 2 6.111113 20.44658 2 -6.111112 20.44659 2 6.111112 26.22008 2 -6.111113 26.22009 2 -11.11111 40.89316 2 -11.11111 29.10684 2 -16.11111 43.77991 2 -28.33333 43.77992 2 -16.11111 49.55342 2 -28.33334 49.55342 2 -33.33333 64.2265 2 -33.33333 52.44017 2 -38.33333 67.11325 2 -50.55556 67.11325 2 -38.33333 72.88675 2 -50.55556 72.88675 2 -55.55556 75.7735 2 -77.77778 75.7735 2 -82.77778 72.88675 2 -82.77778 67.11325 2 -100 52.44017 2 28.33333 2.886749 2 16.11111 -2.886749 2 28.33334 -2.886752 2 33.33333 -17.55983 2 33.33333 -5.773501 2 38.33333 -20.44658 2 50.55556 -20.44659 2 38.33333 -26.22008 2 50.55556 -26.22009 2 55.55555 -40.89316 2 55.55556 -29.10684 2 60.55555 -43.77991 2 72.77778 -43.77992 2 60.55555 -49.55342 2 72.77778 -49.55342 2 77.77778 -64.2265 2 77.77778 -52.44017 2 82.77778 -49.55342 2 95 -43.77992 2 28.33333 -20.44659 2 11.11111 -5.773501 2 16.11111 -20.44658 2 11.11111 -17.55983 2 6.111113 -2.886752 2 -6.111112 -2.886749 2 6.111112 2.886749 2 -6.111113 2.886752 2 -11.11111 17.55983 2 -11.11111 5.773501 2 -16.11111 20.44658 2 -28.33333 20.44659 2 -16.11111 26.22008 2 -28.33334 26.22009 2 -33.33333 40.89316 2 -33.33333 29.10684 2 -38.33333 43.77991 2 -50.55556 43.77992 2 -38.33333 49.55342 2 -50.55556 49.55342 2 -55.55555 64.2265 2 -55.55556 52.44017 2 -60.55555 67.11325 2 -72.77778 67.11325 2 -60.55555 72.88675 2 -72.77778 72.88675 2 16.11111 26.22009 2 11.11111 40.89316 2 11.11111 29.10684 2 6.111113 43.77991 2 -6.111112 43.77992 2 6.111112 49.55342 2 -6.111113 49.55342 2 -11.11111 64.2265 2 -11.11111 52.44017 2 -16.11111 67.11325 2 -28.33333 67.11325 2 -16.11111 72.88675 2 28.33333 26.22008 2 16.11111 20.44659 2 28.33334 20.44658 2 33.33333 5.773501 2 33.33333 17.55983 2 38.33333 2.886752 2 50.55556 2.886749 2 38.33333 -2.886749 2 50.55556 -2.886752 2 55.55555 -17.55983 2 55.55556 -5.773501 2 60.55555 -20.44658 2 72.77778 -20.44659 2 60.55555 -26.22008 2 72.77778 -26.22009 2 77.77778 -40.89316 2 77.77778 -29.10684 2 82.77778 -43.77991 2 50.55556 -43.77992 2 33.33333 -29.10684 2 38.33333 -43.77991 2 33.33333 -40.89316 2 28.33334 -26.22009 2 16.11111 -26.22008 2 -28.33334 -67.11325 2 -33.33333 -52.44017 2 -33.33333 -64.2265 2 -38.33333 -49.55342 2 -50.55556 -49.55342 2 -38.33333 -43.77992 2 -50.55556 -43.77991 2 -55.55555 -29.10684 2 -55.55556 -40.89316 2 -60.55555 -26.22009 2 -72.77778 -26.22008 2 -60.55555 -20.44659 2 -72.77778 -20.44658 2 -77.77778 -5.773501 2 -77.77778 -17.55983 2 -82.77778 -2.886752 2 -95 -2.886749 2 -82.77778 2.886749 2 -95 2.886752 2 -100 17.55983 2 -100 5.773501 2 -105 20.44658 2 -105 2.886749 2 -108 -78 2 -16.11111 -67.11325 2 -28.33333 -72.88675 2 -16.11111 -72.88675 2 -33.33333 -75.7735 2 -11.11111 -75.7735 2 -55.55555 -75.7735 2 -38.33333 -72.88675 2 -50.55556 -72.88675 2 -38.33333 -67.11325 2 -50.55556 -67.11325 2 -55.55555 -52.44017 2 -55.55556 -64.2265 2 -60.55555 -49.55342 2 -72.77778 -49.55342 2 -60.55555 -43.77992 2 -72.77778 -43.77991 2 -77.77778 -29.10684 2 -77.77778 -40.89316 2 -82.77778 -26.22009 2 -95 -26.22008 2 -82.77778 -20.44659 2 -95 -20.44658 2 -100 -5.773501 2 -100 -17.55983 2 -105 -2.886752 2 -105 -20.44659 2 -105 -26.22009 2 -105 -43.77992 2 -100 -40.89316 2 -38.33333 -20.44659 2 -55.55555 -5.773501 2 -50.55556 -20.44658 2 -55.55556 -17.55983 2 -60.55555 -2.886752 2 -72.77778 -2.886749 2 -60.55555 2.886749 2 -72.77778 2.886752 2 -77.77778 17.55983 2 -77.77778 5.773501 2 -82.77778 20.44658 2 -95 20.44659 2 -82.77778 26.22008 2 -95 26.22009 2 -100 40.89316 2 -100 29.10684 2 -105 43.77991 2 -105 26.22008 2 -72.77778 -67.11325 2 -77.77778 -52.44017 2 -77.77778 -64.2265 2 -82.77778 -49.55342 2 -95 -49.55342 2 -82.77778 -43.77992 2 -95 -43.77991 2 -100 -29.10684 2 -60.55555 -67.11325 2 -72.77778 -72.88675 2 -60.55555 -72.88675 2 -77.77778 -75.7735 2 -82.77778 -72.88675 2 -82.77778 -67.11325 2 -100 -52.44017 2 -105 49.55342 2 -50.55556 -26.22008 2 -38.33333 -26.22009 2 -33.33333 -40.89316 2 -33.33333 -29.10684 2 -28.33334 -43.77991 2 -16.11111 -43.77992 2 -28.33333 -49.55342 2 -16.11111 -49.55342 2 -11.11111 -64.2265 2 -11.11111 -52.44017 2 -6.111113 -67.11325 2 6.111112 -67.11325 2 -6.111112 -72.88675 2 6.111113 -72.88675 2 -6.111113 72.88675 2 6.111112 72.88675 2 -6.111112 67.11325 2 6.111113 67.11325 2 11.11111 52.44017 2 11.11111 64.2265 2 16.11111 49.55342 2 28.33333 49.55342 2 16.11111 43.77992 2 28.33334 43.77991 2 33.33333 29.10684 2 33.33333 40.89316 2 38.33333 26.22009 2 50.55556 26.22008 2 38.33333 20.44659 2 50.55556 20.44658 2 55.55555 5.773501 2 55.55556 17.55983 2 60.55555 2.886752 2 72.77778 2.886749 2 60.55555 -2.886749 2 72.77778 -2.886752 2 77.77778 -17.55983 2 77.77778 -5.773501 2 82.77778 -20.44658 2 95 -20.44659 2 82.77778 -26.22008 2 95 -26.22009 2 100 -40.89316 2 100 -29.10684 2 105 -43.77991 2 105 -26.22008 2 38.33333 -49.55342 2 50.55556 -49.55342 2 55.55555 -64.2265 2 55.55556 -52.44017 2 60.55555 -67.11325 2 72.77778 -67.11325 2 60.55555 -72.88675 2 72.77778 -72.88675 2 105 -49.55342 2 82.77778 72.88675 2 -105 -49.55342 2 -108 18.33333 27.88675 -108 5.000001 27.88675 -108 18.33333 22.11325 -108 5.000001 22.11325 -108 23.33333 19.2265 -108 1.04308e-6 19.2265 -108 23.33333 15.7735 -108 1.04308e-6 15.7735 -108 18.33333 12.88675 -108 5.000001 12.88675 -108 18.33333 7.113249 -108 5.000001 7.113249 -108 23.33333 4.226497 -108 1.04308e-6 4.226497 -108 -23.33333 4.226497 -108 -46.66666 4.226497 -108 -41.66666 7.113249 -108 -28.33333 7.113249 -108 -41.66666 12.88675 -108 -28.33333 12.88675 -108 -46.66666 15.7735 -108 -23.33333 15.7735 -108 -46.66666 19.2265 -108 -23.33333 19.2265 -108 -41.66666 22.11325 -108 -28.33333 22.11325 -108 -41.66666 27.88675 -108 -28.33333 27.88675 -108 -46.66666 30.7735 -108 -23.33333 30.7735 -108 -46.66666 34.2265 -108 -23.33333 34.2265 -108 -41.66666 37.11325 -108 -28.33333 37.11325 -108 -41.66666 42.88675 -108 -28.33333 42.88675 -108 -46.66666 45.7735 -108 -23.33333 45.7735 -108 -7.5 50 -108 -18.33333 42.88675 -108 -4.999999 42.88675 -108 -4.999999 37.11325 -108 -18.33333 37.11325 -108 1.04308e-6 34.2265 -108 1.04308e-6 30.7735 -108 -4.999999 27.88675 -108 -18.33333 27.88675 -108 -4.999999 22.11325 -108 -18.33333 22.11325 -108 -4.999999 12.88675 -108 -18.33333 12.88675 -108 -4.999999 7.113249 -108 -18.33333 7.113249 -108 23.33333 30.7735 -108 23.33333 34.2265 -108 5.000001 37.11325 -108 18.33333 37.11325 -108 5.000001 42.88675 -108 18.33333 42.88675 -108 7.5 50 -108 23.33333 45.7735 -108 46.66667 45.7735 -108 41.66667 42.88675 -108 28.33333 42.88675 -108 41.66667 37.11325 -108 28.33333 37.11325 -108 46.66667 34.2265 -108 46.66667 30.7735 -108 41.66667 27.88675 -108 28.33333 27.88675 -108 41.66667 22.11325 -108 28.33333 22.11325 -108 46.66667 19.2265 -108 46.66667 15.7735 -108 41.66667 12.88675 -108 28.33333 12.88675 -108 41.66667 7.113249 -108 28.33333 7.113249 -108 46.66667 4.226497 -108 65 42.88675 -108 51.66667 42.88675 -108 65 37.11325 -108 51.66667 37.11325 -108 70 34.2265 -108 70 30.7735 -108 65 27.88675 -108 51.66667 27.88675 -108 65 22.11325 -108 51.66667 22.11325 -108 70 19.2265 -108 70 15.7735 -108 65 12.88675 -108 51.66667 12.88675 -108 65 7.113249 -108 51.66667 7.113249 -108 70 4.226497 -108 70 45.7735 -108 78 50 -108 75 42.88675 -108 75 37.11325 -108 75 27.88675 -108 -75 27.88675 -108 -75 22.11325 -108 -75 12.88675 -108 -70 19.2265 -108 -70 15.7735 -108 -51.66666 12.88675 -108 -65 12.88675 -108 -51.66666 7.113249 -108 -65 7.113249 -108 -70 4.226497 -108 -75 7.113249 -108 -70 30.7735 -108 -70 34.2265 -108 -75 37.11325 -108 -78 50 -108 -75 42.88675 -108 -70 45.7735 -108 -65 27.88675 -108 -51.66666 27.88675 -108 -65 37.11325 -108 -51.66666 37.11325 -108 -65 42.88675 -108 -51.66666 42.88675 -108 -51.66666 22.11325 -108 -65 22.11325 -108 75 12.88675 -108 75 22.11325 -108 75 7.113249 -108 1.04308e-6 45.7735 -108 -7.5 60 -108 7.5 60 -115 85 50 115 85 50 108 78 50 110 7.5 50 108 7.5 50 -115 -85 50 -110 7.5 50 -7.5 78 50 115 -85 50 -7.5 -80 50 -110 -7.5 50 110 -7.5 50 108 -78 50 108 -7.5 50 7.5 78 50 7.5 -78 50 7.5 -80 50 -7.5 -78 50 110 -80 0 -11.11111 -80 4.226497 -110 -80 0 -33.33333 -80 4.226497 -55.55556 -80 4.226497 -50.55556 -80 7.113249 -38.33333 -80 7.113249 -50.55556 -80 12.88675 -38.33333 -80 12.88675 -55.55556 -80 15.7735 -33.33333 -80 15.7735 -55.55556 -80 19.2265 -33.33333 -80 19.2265 -50.55556 -80 22.11325 -38.33333 -80 22.11325 -50.55556 -80 27.88675 -38.33333 -80 27.88675 -55.55556 -80 30.7735 -33.33333 -80 30.7735 -55.55556 -80 34.2265 -33.33333 -80 34.2265 -50.55556 -80 37.11325 -38.33333 -80 37.11325 -50.55556 -80 42.88675 -38.33333 -80 42.88675 -55.55556 -80 45.7735 -33.33333 -80 45.7735 -110 -80 47 -11.11111 -80 45.7735 11.11111 -80 45.7735 6.111111 -80 42.88675 -6.111111 -80 42.88675 6.111111 -80 37.11325 -6.111111 -80 37.11325 11.11111 -80 34.2265 -11.11111 -80 34.2265 11.11111 -80 30.7735 -11.11111 -80 30.7735 6.111111 -80 27.88675 -6.111111 -80 27.88675 6.111111 -80 22.11325 -6.111111 -80 22.11325 11.11111 -80 19.2265 -11.11111 -80 19.2265 11.11111 -80 15.7735 -11.11111 -80 15.7735 6.111111 -80 12.88675 -6.111111 -80 12.88675 6.111111 -80 7.113249 -6.111111 -80 7.113249 11.11111 -80 4.226497 110 -80 47 105 -80 22.11325 105 -80 12.88675 105 -80 7.113249 33.33333 -80 45.7735 55.55556 -80 45.7735 50.55556 -80 42.88675 38.33333 -80 42.88675 50.55556 -80 37.11325 38.33333 -80 37.11325 55.55556 -80 34.2265 33.33333 -80 34.2265 55.55556 -80 30.7735 33.33333 -80 30.7735 50.55556 -80 27.88675 38.33333 -80 27.88675 50.55556 -80 22.11325 38.33333 -80 22.11325 55.55556 -80 19.2265 33.33333 -80 19.2265 55.55556 -80 15.7735 33.33333 -80 15.7735 50.55556 -80 12.88675 38.33333 -80 12.88675 50.55556 -80 7.113249 38.33333 -80 7.113249 55.55556 -80 4.226497 33.33333 -80 4.226497 -105 -80 22.11325 -105 -80 27.88675 -105 -80 37.11325 -100 -80 34.2265 -100 -80 30.7735 -77.77778 -80 30.7735 -82.77778 -80 27.88675 -95 -80 27.88675 -82.77778 -80 22.11325 -95 -80 22.11325 -77.77778 -80 19.2265 -100 -80 19.2265 -77.77778 -80 15.7735 -100 -80 15.7735 -82.77778 -80 12.88675 -95 -80 12.88675 -82.77778 -80 7.113249 -95 -80 7.113249 -77.77778 -80 4.226497 -100 -80 4.226497 -105 -80 7.113249 -105 -80 12.88675 -16.11111 -80 42.88675 -28.33333 -80 42.88675 -16.11111 -80 37.11325 -28.33333 -80 37.11325 -16.11111 -80 27.88675 -28.33333 -80 27.88675 -16.11111 -80 22.11325 -28.33333 -80 22.11325 -16.11111 -80 12.88675 -28.33333 -80 12.88675 -16.11111 -80 7.113249 -28.33333 -80 7.113249 95 -80 42.88675 82.77778 -80 42.88675 95 -80 37.11325 82.77778 -80 37.11325 100 -80 34.2265 77.77778 -80 34.2265 100 -80 30.7735 77.77778 -80 30.7735 95 -80 27.88675 82.77778 -80 27.88675 95 -80 22.11325 82.77778 -80 22.11325 100 -80 19.2265 77.77778 -80 19.2265 100 -80 15.7735 77.77778 -80 15.7735 95 -80 12.88675 82.77778 -80 12.88675 95 -80 7.113249 82.77778 -80 7.113249 100 -80 4.226497 77.77778 -80 4.226497 77.77778 -80 45.7735 100 -80 45.7735 105 -80 42.88675 105 -80 37.11325 105 -80 27.88675 60.55556 -80 27.88675 72.77778 -80 27.88675 60.55556 -80 37.11325 72.77778 -80 37.11325 60.55556 -80 42.88675 72.77778 -80 42.88675 72.77778 -80 22.11325 60.55556 -80 22.11325 72.77778 -80 12.88675 60.55556 -80 12.88675 72.77778 -80 7.113249 60.55556 -80 7.113249 16.11111 -80 12.88675 28.33333 -80 12.88675 16.11111 -80 22.11325 28.33333 -80 22.11325 16.11111 -80 27.88675 28.33333 -80 27.88675 16.11111 -80 37.11325 28.33333 -80 37.11325 16.11111 -80 42.88675 28.33333 -80 42.88675 28.33333 -80 7.113249 16.11111 -80 7.113249 -60.55556 -80 42.88675 -72.77778 -80 42.88675 -60.55556 -80 37.11325 -72.77778 -80 37.11325 -77.77778 -80 34.2265 -60.55556 -80 27.88675 -72.77778 -80 27.88675 -60.55556 -80 22.11325 -72.77778 -80 22.11325 -60.55556 -80 12.88675 -72.77778 -80 12.88675 -60.55556 -80 7.113249 -72.77778 -80 7.113249 -77.77778 -80 45.7735 -82.77778 -80 42.88675 -95 -80 42.88675 -82.77778 -80 37.11325 -95 -80 37.11325 -100 -80 45.7735 -105 -80 42.88675 108 18.33333 22.11325 108 5.000001 22.11325 108 18.33333 27.88675 108 5.000001 27.88675 108 23.33333 30.7735 108 1.04308e-6 30.7735 108 23.33333 34.2265 108 1.04308e-6 34.2265 108 18.33333 37.11325 108 5.000001 37.11325 108 18.33333 42.88675 108 5.000001 42.88675 108 1.04308e-6 45.7735 108 -4.999999 42.88675 108 -18.33333 42.88675 108 -18.33333 37.11325 108 -4.999999 37.11325 108 -23.33333 34.2265 108 -23.33333 30.7735 108 -18.33333 27.88675 108 -4.999999 27.88675 108 -18.33333 22.11325 108 -4.999999 22.11325 108 -23.33333 19.2265 108 1.04308e-6 19.2265 108 -23.33333 15.7735 108 1.04308e-6 15.7735 108 -18.33333 12.88675 108 -4.999999 12.88675 108 -18.33333 7.113249 108 -4.999999 7.113249 108 -23.33333 4.226497 108 1.04308e-6 4.226497 108 23.33333 4.226497 108 46.66667 4.226497 108 41.66667 7.113249 108 28.33333 7.113249 108 41.66667 12.88675 108 28.33333 12.88675 108 46.66667 15.7735 108 23.33333 15.7735 108 46.66667 19.2265 108 23.33333 19.2265 108 41.66667 22.11325 108 28.33333 22.11325 108 41.66667 27.88675 108 28.33333 27.88675 108 46.66667 30.7735 108 46.66667 34.2265 108 41.66667 37.11325 108 28.33333 37.11325 108 41.66667 42.88675 108 28.33333 42.88675 108 46.66667 45.7735 108 23.33333 45.7735 108 5.000001 12.88675 108 18.33333 12.88675 108 5.000001 7.113249 108 18.33333 7.113249 108 -28.33333 7.113249 108 -41.66666 7.113249 108 -28.33333 12.88675 108 -41.66666 12.88675 108 -46.66666 15.7735 108 -46.66666 19.2265 108 -28.33333 22.11325 108 -41.66666 22.11325 108 -28.33333 27.88675 108 -41.66666 27.88675 108 -46.66666 30.7735 108 -46.66666 34.2265 108 -28.33333 37.11325 108 -41.66666 37.11325 108 -28.33333 42.88675 108 -41.66666 42.88675 108 -23.33333 45.7735 108 -46.66666 45.7735 108 -70 45.7735 108 -75 42.88675 108 -46.66666 4.226497 108 65 37.11325 108 51.66667 37.11325 108 65 42.88675 108 51.66667 42.88675 108 70 45.7735 108 70 34.2265 108 70 30.7735 108 51.66667 27.88675 108 65 27.88675 108 51.66667 22.11325 108 65 22.11325 108 70 19.2265 108 70 15.7735 108 51.66667 12.88675 108 65 12.88675 108 51.66667 7.113249 108 65 7.113249 108 70 4.226497 108 75 7.113249 108 75 12.88675 108 75 27.88675 108 75 37.11325 108 75 42.88675 108 -75 22.11325 108 -75 27.88675 108 -75 37.11325 108 -75 12.88675 108 -70 19.2265 108 -70 15.7735 108 -51.66666 22.11325 108 -65 22.11325 108 -51.66666 27.88675 108 -65 27.88675 108 -70 30.7735 108 -70 34.2265 108 -51.66666 37.11325 108 -65 37.11325 108 -51.66666 42.88675 108 -65 42.88675 108 75 22.11325 108 -75 7.113249 108 -70 4.226497 108 -51.66666 7.113249 108 -65 7.113249 108 -51.66666 12.88675 108 -65 12.88675 108 -7.5 60 108 7.5 60 110 80 0 110 1.04308e-6 4.226497 110 -23.33333 4.226497 110 -46.66666 4.226497 110 -41.66666 7.113249 110 -28.33333 7.113249 110 -41.66666 12.88675 110 -28.33333 12.88675 110 -46.66666 15.7735 110 -23.33333 15.7735 110 -46.66666 19.2265 110 -23.33333 19.2265 110 -41.66666 22.11325 110 -28.33333 22.11325 110 -41.66666 27.88675 110 -28.33333 27.88675 110 -46.66666 30.7735 110 -23.33333 30.7735 110 -46.66666 34.2265 110 -23.33333 34.2265 110 -41.66666 37.11325 110 -28.33333 37.11325 110 -41.66666 42.88675 110 -28.33333 42.88675 110 -46.66666 45.7735 110 -23.33333 45.7735 110 1.04308e-6 45.7735 110 80 47 110 23.33333 45.7735 110 46.66667 45.7735 110 41.66667 42.88675 110 28.33333 42.88675 110 41.66667 37.11325 110 28.33333 37.11325 110 46.66667 34.2265 110 23.33333 34.2265 110 46.66667 30.7735 110 23.33333 30.7735 110 41.66667 27.88675 110 28.33333 27.88675 110 41.66667 22.11325 110 28.33333 22.11325 110 46.66667 19.2265 110 23.33333 19.2265 110 46.66667 15.7735 110 23.33333 15.7735 110 41.66667 12.88675 110 28.33333 12.88675 110 41.66667 7.113249 110 28.33333 7.113249 110 46.66667 4.226497 110 23.33333 4.226497 110 75 22.11325 110 75 12.88675 110 75 7.113249 110 -75 22.11325 110 -75 27.88675 110 -75 37.11325 110 -70 34.2265 110 -70 30.7735 110 -51.66666 27.88675 110 -65 27.88675 110 -51.66666 22.11325 110 -65 22.11325 110 -70 19.2265 110 -70 15.7735 110 -51.66666 12.88675 110 -65 12.88675 110 -51.66666 7.113249 110 -65 7.113249 110 -70 4.226497 110 -75 7.113249 110 -75 12.88675 110 18.33333 27.88675 110 5.000001 27.88675 110 18.33333 22.11325 110 5.000001 22.11325 110 1.04308e-6 19.2265 110 1.04308e-6 15.7735 110 18.33333 12.88675 110 5.000001 12.88675 110 18.33333 7.113249 110 5.000001 7.113249 110 1.04308e-6 30.7735 110 1.04308e-6 34.2265 110 5.000001 37.11325 110 18.33333 37.11325 110 5.000001 42.88675 110 18.33333 42.88675 110 -18.33333 12.88675 110 -4.999999 12.88675 110 -18.33333 22.11325 110 -4.999999 22.11325 110 -18.33333 27.88675 110 -4.999999 27.88675 110 -18.33333 37.11325 110 -4.999999 37.11325 110 -18.33333 42.88675 110 -4.999999 42.88675 110 -4.999999 7.113249 110 -18.33333 7.113249 110 65 42.88675 110 51.66667 42.88675 110 65 37.11325 110 51.66667 37.11325 110 70 34.2265 110 70 30.7735 110 65 27.88675 110 51.66667 27.88675 110 65 22.11325 110 51.66667 22.11325 110 70 19.2265 110 70 15.7735 110 65 12.88675 110 51.66667 12.88675 110 65 7.113249 110 51.66667 7.113249 110 70 4.226497 110 70 45.7735 110 75 42.88675 110 75 37.11325 110 75 27.88675 110 -75 42.88675 110 -70 45.7735 110 -51.66666 42.88675 110 -65 42.88675 110 -51.66666 37.11325 110 -65 37.11325 110 -7.5 60 110 7.5 60 -7.5 -80 60 7.5 -80 60 -110 80 0 11.11111 80 4.226497 33.33333 80 4.226497 55.55556 80 4.226497 50.55556 80 7.113249 38.33333 80 7.113249 50.55556 80 12.88675 38.33333 80 12.88675 55.55556 80 15.7735 33.33333 80 15.7735 55.55556 80 19.2265 33.33333 80 19.2265 50.55556 80 22.11325 38.33333 80 22.11325 50.55556 80 27.88675 38.33333 80 27.88675 55.55556 80 30.7735 33.33333 80 30.7735 55.55556 80 34.2265 33.33333 80 34.2265 50.55556 80 37.11325 38.33333 80 37.11325 50.55556 80 42.88675 38.33333 80 42.88675 55.55556 80 45.7735 33.33333 80 45.7735 11.11111 80 45.7735 -11.11111 80 45.7735 -6.111111 80 42.88675 6.111111 80 42.88675 -6.111111 80 37.11325 6.111111 80 37.11325 -11.11111 80 34.2265 11.11111 80 34.2265 -11.11111 80 30.7735 11.11111 80 30.7735 -6.111111 80 27.88675 6.111111 80 27.88675 -6.111111 80 22.11325 6.111111 80 22.11325 -11.11111 80 19.2265 11.11111 80 19.2265 -11.11111 80 15.7735 11.11111 80 15.7735 -6.111111 80 12.88675 6.111111 80 12.88675 -6.111111 80 7.113249 6.111111 80 7.113249 -11.11111 80 4.226497 -110 80 47 -105 80 22.11325 -105 80 12.88675 -105 80 7.113249 -33.33333 80 45.7735 -55.55556 80 45.7735 -50.55556 80 42.88675 -38.33333 80 42.88675 -50.55556 80 37.11325 -38.33333 80 37.11325 -55.55556 80 34.2265 -33.33333 80 34.2265 -55.55556 80 30.7735 -33.33333 80 30.7735 -50.55556 80 27.88675 -38.33333 80 27.88675 -50.55556 80 22.11325 -38.33333 80 22.11325 -55.55556 80 19.2265 -33.33333 80 19.2265 -55.55556 80 15.7735 -33.33333 80 15.7735 -50.55556 80 12.88675 -38.33333 80 12.88675 -50.55556 80 7.113249 -38.33333 80 7.113249 -55.55556 80 4.226497 -33.33333 80 4.226497 105 80 22.11325 105 80 27.88675 105 80 37.11325 100 80 34.2265 100 80 30.7735 77.77778 80 30.7735 82.77778 80 27.88675 95 80 27.88675 82.77778 80 22.11325 95 80 22.11325 77.77778 80 19.2265 100 80 19.2265 77.77778 80 15.7735 100 80 15.7735 82.77778 80 12.88675 95 80 12.88675 82.77778 80 7.113249 95 80 7.113249 77.77778 80 4.226497 100 80 4.226497 105 80 7.113249 105 80 12.88675 -16.11111 80 37.11325 -28.33333 80 37.11325 -16.11111 80 42.88675 -28.33333 80 42.88675 -28.33333 80 27.88675 -16.11111 80 27.88675 -28.33333 80 22.11325 -16.11111 80 22.11325 -28.33333 80 12.88675 -16.11111 80 12.88675 -28.33333 80 7.113249 -16.11111 80 7.113249 95 80 37.11325 82.77778 80 37.11325 95 80 42.88675 82.77778 80 42.88675 100 80 45.7735 77.77778 80 45.7735 77.77778 80 34.2265 105 80 42.88675 -105 80 27.88675 -105 80 37.11325 -100 80 34.2265 -100 80 19.2265 -100 80 15.7735 -77.77778 80 19.2265 -77.77778 80 15.7735 -82.77778 80 22.11325 -95 80 22.11325 -82.77778 80 27.88675 -95 80 27.88675 -77.77778 80 30.7735 -100 80 30.7735 -77.77778 80 34.2265 -82.77778 80 37.11325 -95 80 37.11325 -82.77778 80 42.88675 -95 80 42.88675 -77.77778 80 45.7735 -100 80 45.7735 -105 80 42.88675 60.55556 80 22.11325 72.77778 80 22.11325 60.55556 80 12.88675 72.77778 80 12.88675 60.55556 80 7.113249 72.77778 80 7.113249 72.77778 80 27.88675 60.55556 80 27.88675 72.77778 80 37.11325 60.55556 80 37.11325 72.77778 80 42.88675 60.55556 80 42.88675 28.33333 80 7.113249 16.11111 80 7.113249 28.33333 80 12.88675 16.11111 80 12.88675 28.33333 80 22.11325 16.11111 80 22.11325 28.33333 80 27.88675 16.11111 80 27.88675 28.33333 80 37.11325 16.11111 80 37.11325 28.33333 80 42.88675 16.11111 80 42.88675 -60.55556 80 37.11325 -72.77778 80 37.11325 -60.55556 80 42.88675 -72.77778 80 42.88675 -72.77778 80 27.88675 -60.55556 80 27.88675 -72.77778 80 22.11325 -60.55556 80 22.11325 -82.77778 80 7.113249 -95 80 7.113249 -82.77778 80 12.88675 -95 80 12.88675 -100 80 4.226497 -77.77778 80 4.226497 -60.55556 80 7.113249 -72.77778 80 7.113249 -60.55556 80 12.88675 -72.77778 80 12.88675 -110 7.5 60 -110 -7.5 60 -115 -85 47 115 -85 47 115 85 47 -115 85 47 108.3762 7.5 65.96202 106.0715 7.5 66.94776 107.7954 7.5 67.93826 105.3832 7.5 69.22657 107.1378 7.5 70.0914 106.4587 7.5 72.2288 104.6722 7.5 71.48682 105.7582 7.5 74.35047 103.9384 7.5 73.72852 105.0363 7.5 76.45638 103.182 7.5 75.95166 104.2929 7.5 78.54655 102.4028 7.5 78.15625 103.5281 7.5 80.62097 101.6009 7.5 80.34229 102.7419 7.5 82.67966 100.7763 7.5 82.50977 101.9342 7.5 84.7226 99.9289 7.5 84.65869 101.1051 7.5 86.7498 99.05881 7.5 86.78907 100.2546 7.5 88.76125 98.166 7.5 88.90088 99.38263 7.5 90.75695 97.25047 7.5 90.99414 98.48925 7.5 92.73692 96.31221 7.5 93.06885 97.57442 7.5 94.70114 95.35123 7.5 95.125 96.63817 7.5 96.64962 94.36753 7.5 97.1626 95.68048 7.5 98.58235 93.36109 7.5 99.18164 94.70137 7.5 100.4993 92.33193 7.5 101.1821 93.70082 7.5 102.4006 91.28005 7.5 103.1641 92.67884 7.5 104.2861 91.63542 7.5 106.1558 90.20545 7.5 105.1274 90.57058 7.5 108.0099 89.10812 7.5 107.0723 89.4843 7.5 109.8481 87.98806 7.5 108.9985 88.3766 7.5 111.6707 86.84529 7.5 110.9063 87.24745 7.5 113.4774 85.67978 7.5 112.7954 86.09689 7.5 115.2685 84.49156 7.5 114.666 84.92488 7.5 117.0438 83.2806 7.5 116.5181 83.73145 7.5 118.8033 82.04692 7.5 118.3516 82.51658 7.5 120.5471 80.79052 7.5 120.1665 81.28028 7.5 122.2752 79.5114 7.5 121.9629 80.02256 7.5 123.9875 78.20954 7.5 123.7407 78.7434 7.5 125.6841 76.88497 7.5 125.5 77.4428 7.5 127.3649 75.53767 7.5 127.2407 76.12078 7.5 129.03 74.16765 7.5 128.9629 74.77732 7.5 130.6793 72.7749 7.5 130.6665 73.41243 7.5 132.3129 71.35942 7.5 132.3516 72.02611 7.5 133.9308 69.92123 7.5 134.0181 70.61836 7.5 135.5329 68.46031 7.5 135.666 69.18917 7.5 137.1193 66.97666 7.5 137.2954 67.73856 7.5 138.6899 65.47029 7.5 138.9062 66.26651 7.5 140.2448 63.94119 7.5 140.4985 64.77303 7.5 141.7839 62.38936 7.5 142.0723 63.25812 7.5 143.3073 61.72177 7.5 144.8149 60.81482 7.5 143.6274 60.164 7.5 146.3068 59.21755 7.5 145.1641 58.58479 7.5 147.783 57.59756 7.5 146.6821 56.98416 7.5 149.2434 55.95484 7.5 148.1816 55.36209 7.5 150.6881 54.28939 7.5 149.6626 53.71858 7.5 152.117 52.60123 7.5 151.125 52.05365 7.5 153.5302 50.89033 7.5 152.5688 50.36729 7.5 154.9276 49.15671 7.5 153.9941 48.65949 7.5 156.3093 47.40037 7.5 155.4009 46.93026 7.5 157.6753 45.62131 7.5 156.7891 45.1796 7.5 159.0255 43.81952 7.5 158.1587 43.40751 7.5 160.36 41.995 7.5 159.5098 41.61398 7.5 161.6787 40.14776 7.5 160.8423 39.79903 7.5 162.9817 38.2778 7.5 162.1562 37.96264 7.5 164.2689 36.38511 7.5 163.4517 36.10482 7.5 165.5404 34.46969 7.5 164.7285 34.22557 7.5 166.7961 32.53156 7.5 165.9868 32.32489 7.5 168.0361 30.5707 7.5 167.2266 30.40278 7.5 169.2604 28.58711 7.5 168.4477 28.45923 7.5 170.4689 26.5808 7.5 169.6504 26.49425 7.5 171.6617 24.55176 7.5 170.8345 24.50784 7.5 172.8387 106.737 7.5 64.65039 108.9371 7.5 63.98006 107.3799 7.5 62.33447 109.4783 7.5 61.99264 7.5 -78.89227 65.42727 7.5 -76.06653 69.22657 7.5 -77.70943 70.75862 7.5 -75.02303 73.72852 7.5 -76.71726 74.92144 7.5 -75.67778 79.02384 7.5 -73.92835 78.15625 7.5 -74.59101 83.06581 7.5 -72.7825 82.50977 7.5 -73.45694 87.04737 7.5 -71.58547 86.78907 7.5 -72.27558 90.96851 7.5 -70.33728 90.99414 7.5 -71.04691 94.82923 7.5 -69.0379 95.125 7.5 -69.77095 98.62952 7.5 -67.68734 99.18164 7.5 -68.44768 102.3694 7.5 -66.28561 103.1641 7.5 -67.07712 106.0488 7.5 -65.56555 105.1274 7.5 -64.8327 107.0723 7.5 -78 60 7.5 -77.05886 64.65039 7.5 -65.65927 109.6679 7.5 -64.08705 108.9985 7.5 -63.32861 110.9063 7.5 -64.19411 113.2265 7.5 -62.55738 112.7954 7.5 -63.44379 114.9831 7.5 -61.77335 114.666 7.5 -62.68165 116.7247 7.5 -60.97653 116.5181 7.5 -61.90769 118.4511 7.5 -60.16692 118.3516 7.5 -61.1219 120.1624 7.5 -59.34451 120.1665 7.5 -60.32429 121.8587 7.5 -58.50931 121.9629 7.5 -59.51485 123.5398 7.5 -57.66131 123.7407 7.5 -58.69359 125.2058 7.5 -57.8605 126.8567 7.5 -56.80052 125.5 7.5 -57.01559 128.4925 7.5 -55.92694 127.2407 7.5 -56.15886 130.1132 7.5 -55.04056 128.9629 7.5 -55.2903 131.7188 7.5 -54.14139 130.6665 7.5 -54.40991 133.3093 7.5 -53.22942 132.3516 7.5 -53.51771 134.8847 7.5 -52.30466 134.0181 7.5 -52.61367 136.445 7.5 -51.3671 135.666 7.5 -51.69781 137.9901 7.5 -50.41675 137.2954 7.5 -50.77013 139.5202 7.5 -49.45361 138.9062 7.5 -49.83063 141.0352 7.5 -48.47768 140.4985 7.5 -48.87929 142.535 7.5 -47.48895 142.0723 7.5 -47.91614 144.0198 7.5 -46.48742 143.6274 7.5 -46.94116 145.4894 7.5 -45.47311 145.1641 7.5 -45.95436 146.944 7.5 -44.44599 146.6821 7.5 -44.95573 148.3834 7.5 -43.40608 148.1816 7.5 -43.94527 149.8077 7.5 -42.35338 149.6626 7.5 -42.923 151.2169 7.5 -41.28789 151.125 7.5 -41.88889 152.6111 7.5 -40.2096 152.5688 7.5 -40.84296 153.9901 7.5 -39.78521 155.354 7.5 -39.11852 153.9941 7.5 -38.71564 156.7028 7.5 -38.01464 155.4009 7.5 -37.63423 158.0365 7.5 -36.89797 156.7891 7.5 -36.54101 159.3551 7.5 -35.76851 158.1587 7.5 -35.43596 160.6586 7.5 -34.62625 159.5098 7.5 -34.31909 161.947 7.5 -33.4712 160.8423 7.5 -33.19039 163.2202 7.5 -32.30335 162.1562 7.5 -32.04986 164.4784 7.5 -31.12271 163.4517 7.5 -30.89752 165.7215 7.5 -29.92928 164.7285 7.5 -29.73335 166.9494 7.5 -28.72305 165.9868 7.5 -28.55735 168.1623 7.5 -27.50403 167.2266 7.5 -27.36953 169.36 7.5 -26.27221 168.4477 7.5 -26.16988 170.5427 7.5 -25.0276 169.6504 7.5 -24.95841 171.7102 7.5 -23.7702 170.8345 7.5 -23.73512 172.8627 -7.5 78.89227 65.42727 -7.5 76.99829 64.93882 -7.5 77.70943 70.75862 -7.5 76.00482 69.5012 -7.5 76.71726 74.92144 -7.5 74.96038 73.98966 -7.5 75.67778 79.02384 -7.5 73.86498 78.4042 -7.5 74.59101 83.06581 -7.5 72.71861 82.74482 -7.5 73.45694 87.04737 -7.5 71.52127 87.01152 -7.5 72.27558 90.96851 -7.5 70.27295 91.2043 -7.5 71.04691 94.82923 -7.5 68.97367 95.32317 -7.5 69.77095 98.62952 -7.5 67.62342 99.36811 -7.5 68.44768 102.3694 -7.5 66.22219 103.3391 -7.5 67.07712 106.0488 -7.5 65.50247 105.2969 -7.5 64.77001 107.2362 -7.5 77.99977 60.30252 -7.5 77.9999 60.20168 -7.5 77.99998 60.10084 -7.5 78 60 -7.5 77.94078 60.30252 -7.5 65.65927 109.6679 -7.5 64.0248 109.1571 -7.5 64.19411 113.2265 -7.5 63.26684 111.0594 -7.5 62.49615 112.9433 -7.5 63.44379 114.9831 -7.5 61.71271 114.8087 -7.5 62.68165 116.7247 -7.5 60.91653 116.6556 -7.5 61.90769 118.4511 -7.5 60.10761 118.484 -7.5 61.1219 120.1624 -7.5 59.28594 120.294 -7.5 60.32429 121.8587 -7.5 58.45154 122.0855 -7.5 59.51485 123.5398 -7.5 58.69359 125.2058 -7.5 57.60439 123.8584 -7.5 57.8605 126.8567 -7.5 56.7445 125.613 -7.5 57.01559 128.4925 -7.5 55.87187 127.349 -7.5 56.15886 130.1132 -7.5 54.98649 129.0665 -7.5 55.2903 131.7188 -7.5 54.08837 130.7656 -7.5 54.40991 133.3093 -7.5 53.17751 132.4462 -7.5 53.51771 134.8847 -7.5 52.25391 134.1083 -7.5 52.61367 136.445 -7.5 51.31756 135.7519 -7.5 51.69781 137.9901 -7.5 50.36848 137.3771 -7.5 50.77013 139.5202 -7.5 49.40665 138.9838 -7.5 49.83063 141.0352 -7.5 48.43207 140.572 -7.5 48.87929 142.535 -7.5 47.44476 142.1417 -7.5 47.91614 144.0198 -7.5 46.4447 143.6929 -7.5 46.94116 145.4894 -7.5 45.4319 145.2257 -7.5 45.95436 146.944 -7.5 44.40636 146.74 -7.5 44.95573 148.3834 -7.5 43.36808 148.2357 -7.5 43.94527 149.8077 -7.5 42.31705 149.7131 -7.5 42.923 151.2169 -7.5 41.25328 151.1719 -7.5 41.88889 152.6111 -7.5 40.84296 153.9901 -7.5 40.17676 152.6123 -7.5 39.78521 155.354 -7.5 39.08751 154.0341 -7.5 38.71564 156.7028 -7.5 37.98551 155.4375 -7.5 37.63423 158.0365 -7.5 36.87078 156.8224 -7.5 36.54101 159.3551 -7.5 35.74329 158.1889 -7.5 35.43596 160.6586 -7.5 34.60307 159.5368 -7.5 34.31909 161.947 -7.5 33.4501 160.8663 -7.5 33.19039 163.2202 -7.5 32.2844 162.1773 -7.5 32.04986 164.4784 -7.5 31.10595 163.4698 -7.5 30.89752 165.7215 -7.5 29.91475 164.7439 -7.5 29.73335 166.9494 -7.5 28.71082 165.9994 -7.5 28.55735 168.1623 -7.5 27.49414 167.2365 -7.5 27.36953 169.36 -7.5 26.26472 168.4551 -7.5 26.16988 170.5427 -7.5 25.02256 169.6552 -7.5 24.95841 171.7102 -7.5 23.76765 170.8368 -7.5 23.73512 172.8627 -108.373 -7.5 65.97309 -106.0715 -7.5 66.94776 -107.7954 -7.5 67.93826 -105.3832 -7.5 69.22657 -107.1378 -7.5 70.0914 -106.4587 -7.5 72.2288 -104.6722 -7.5 71.48682 -105.7582 -7.5 74.35047 -103.9384 -7.5 73.72852 -105.0363 -7.5 76.45638 -103.182 -7.5 75.95166 -104.2929 -7.5 78.54655 -102.4028 -7.5 78.15625 -103.5281 -7.5 80.62097 -101.6009 -7.5 80.34229 -102.7419 -7.5 82.67966 -100.7763 -7.5 82.50977 -101.9342 -7.5 84.7226 -99.9289 -7.5 84.65869 -101.1051 -7.5 86.7498 -99.05881 -7.5 86.78907 -100.2546 -7.5 88.76125 -98.166 -7.5 88.90088 -99.38263 -7.5 90.75695 -97.25047 -7.5 90.99414 -98.48925 -7.5 92.73692 -96.31221 -7.5 93.06885 -97.57442 -7.5 94.70114 -95.35123 -7.5 95.125 -96.63817 -7.5 96.64962 -94.36753 -7.5 97.1626 -95.68048 -7.5 98.58235 -93.36109 -7.5 99.18164 -94.70137 -7.5 100.4993 -92.33193 -7.5 101.1821 -93.70082 -7.5 102.4006 -91.28005 -7.5 103.1641 -92.67884 -7.5 104.2861 -91.63542 -7.5 106.1558 -90.20545 -7.5 105.1274 -90.57058 -7.5 108.0099 -89.10812 -7.5 107.0723 -89.4843 -7.5 109.8481 -87.98806 -7.5 108.9985 -88.3766 -7.5 111.6707 -86.84529 -7.5 110.9063 -87.24745 -7.5 113.4774 -85.67978 -7.5 112.7954 -86.09689 -7.5 115.2685 -84.49156 -7.5 114.666 -84.92488 -7.5 117.0438 -83.2806 -7.5 116.5181 -83.73145 -7.5 118.8033 -82.04692 -7.5 118.3516 -82.51658 -7.5 120.5471 -80.79052 -7.5 120.1665 -81.28028 -7.5 122.2752 -79.5114 -7.5 121.9629 -80.02256 -7.5 123.9875 -78.20954 -7.5 123.7407 -78.7434 -7.5 125.6841 -76.88497 -7.5 125.5 -77.4428 -7.5 127.3649 -75.53767 -7.5 127.2407 -76.12078 -7.5 129.03 -74.16765 -7.5 128.9629 -74.77732 -7.5 130.6793 -72.7749 -7.5 130.6665 -73.41243 -7.5 132.3129 -71.35942 -7.5 132.3516 -72.02611 -7.5 133.9308 -69.92123 -7.5 134.0181 -70.61836 -7.5 135.5329 -68.46031 -7.5 135.666 -69.18917 -7.5 137.1193 -66.97666 -7.5 137.2954 -67.73856 -7.5 138.6899 -65.47029 -7.5 138.9062 -66.26651 -7.5 140.2448 -63.94119 -7.5 140.4985 -64.77303 -7.5 141.7839 -62.38936 -7.5 142.0723 -63.25812 -7.5 143.3073 -61.72177 -7.5 144.8149 -60.81482 -7.5 143.6274 -60.164 -7.5 146.3068 -59.21755 -7.5 145.1641 -58.58479 -7.5 147.783 -57.59756 -7.5 146.6821 -56.98416 -7.5 149.2434 -55.95484 -7.5 148.1816 -55.36209 -7.5 150.6881 -54.28939 -7.5 149.6626 -53.71858 -7.5 152.117 -52.60123 -7.5 151.125 -52.05365 -7.5 153.5302 -50.89033 -7.5 152.5688 -50.36729 -7.5 154.9276 -49.15671 -7.5 153.9941 -48.65949 -7.5 156.3093 -47.40037 -7.5 155.4009 -46.93026 -7.5 157.6753 -45.62131 -7.5 156.7891 -45.1796 -7.5 159.0255 -43.81952 -7.5 158.1587 -43.40751 -7.5 160.36 -41.995 -7.5 159.5098 -41.61398 -7.5 161.6787 -40.14776 -7.5 160.8423 -39.79903 -7.5 162.9817 -38.2778 -7.5 162.1562 -37.96264 -7.5 164.2689 -36.38511 -7.5 163.4517 -36.10482 -7.5 165.5404 -34.46969 -7.5 164.7285 -34.22557 -7.5 166.7961 -32.53156 -7.5 165.9868 -32.32489 -7.5 168.0361 -30.5707 -7.5 167.2266 -30.40278 -7.5 169.2604 -28.58711 -7.5 168.4477 -28.45923 -7.5 170.4689 -26.5808 -7.5 169.6504 -26.49425 -7.5 171.6617 -24.55176 -7.5 170.8345 -24.50784 -7.5 172.8387 -106.737 -7.5 64.65039 -108.9329 -7.5 63.99499 -107.3799 -7.5 62.33447 -109.4753 -7.5 62.00396 7.5 77.99977 60.30252 7.5 77.9999 60.20168 7.5 77.99998 60.10084 7.5 78 60 -16.11111 78 42.88675 -28.33333 78 42.88675 -16.11111 78 37.11325 -28.33333 78 37.11325 -11.11111 78 34.2265 -33.33333 78 34.2265 -11.11111 78 30.7735 -33.33333 78 30.7735 -16.11111 78 27.88675 -28.33333 78 27.88675 -16.11111 78 22.11325 -28.33333 78 22.11325 -11.11111 78 19.2265 -33.33333 78 19.2265 -11.11111 78 15.7735 -33.33333 78 15.7735 -16.11111 78 12.88675 -28.33333 78 12.88675 -16.11111 78 7.113249 -28.33333 78 7.113249 -11.11111 78 4.226497 -33.33333 78 4.226497 -55.55556 78 4.226497 -77.77778 78 4.226497 -72.77778 78 7.113249 -60.55556 78 7.113249 -72.77778 78 12.88675 -60.55556 78 12.88675 -77.77778 78 15.7735 -55.55556 78 15.7735 -77.77778 78 19.2265 -55.55556 78 19.2265 -72.77778 78 22.11325 -60.55556 78 22.11325 -72.77778 78 27.88675 -60.55556 78 27.88675 -77.77778 78 30.7735 -55.55556 78 30.7735 -77.77778 78 34.2265 -55.55556 78 34.2265 -72.77778 78 37.11325 -60.55556 78 37.11325 -72.77778 78 42.88675 -60.55556 78 42.88675 -77.77778 78 45.7735 -55.55556 78 45.7735 -33.33333 78 45.7735 -11.11111 78 45.7735 -6.111111 78 42.88675 6.111111 78 42.88675 11.11111 78 45.7735 6.111111 78 37.11325 -6.111111 78 37.11325 11.11111 78 34.2265 11.11111 78 30.7735 6.111111 78 27.88675 -6.111111 78 27.88675 6.111111 78 22.11325 -6.111111 78 22.11325 11.11111 78 19.2265 11.11111 78 15.7735 6.111111 78 12.88675 -6.111111 78 12.88675 6.111111 78 7.113249 -6.111111 78 7.113249 11.11111 78 4.226497 95 78 42.88675 82.77778 78 42.88675 95 78 37.11325 82.77778 78 37.11325 100 78 34.2265 77.77778 78 34.2265 100 78 30.7735 77.77778 78 30.7735 95 78 27.88675 82.77778 78 27.88675 95 78 22.11325 82.77778 78 22.11325 100 78 19.2265 77.77778 78 19.2265 100 78 15.7735 77.77778 78 15.7735 95 78 12.88675 82.77778 78 12.88675 95 78 7.113249 82.77778 78 7.113249 100 78 4.226497 77.77778 78 4.226497 55.55556 78 4.226497 33.33333 78 4.226497 38.33333 78 7.113249 50.55556 78 7.113249 38.33333 78 12.88675 50.55556 78 12.88675 33.33333 78 15.7735 55.55556 78 15.7735 33.33333 78 19.2265 55.55556 78 19.2265 38.33333 78 22.11325 50.55556 78 22.11325 38.33333 78 27.88675 50.55556 78 27.88675 33.33333 78 30.7735 55.55556 78 30.7735 33.33333 78 34.2265 55.55556 78 34.2265 38.33333 78 37.11325 50.55556 78 37.11325 38.33333 78 42.88675 50.55556 78 42.88675 33.33333 78 45.7735 55.55556 78 45.7735 77.77778 78 45.7735 100 78 45.7735 105 78 42.88675 105 78 37.11325 105 78 27.88675 -105 78 27.88675 -105 78 22.11325 -105 78 12.88675 -100 78 19.2265 -100 78 15.7735 -82.77778 78 12.88675 -95 78 12.88675 -82.77778 78 7.113249 -95 78 7.113249 -100 78 4.226497 -105 78 7.113249 -100 78 30.7735 -100 78 34.2265 -105 78 37.11325 -105 78 42.88675 -100 78 45.7735 -95 78 27.88675 -82.77778 78 27.88675 -95 78 37.11325 -82.77778 78 37.11325 -95 78 42.88675 -82.77778 78 42.88675 -82.77778 78 22.11325 -95 78 22.11325 60.55556 78 27.88675 72.77778 78 27.88675 60.55556 78 37.11325 72.77778 78 37.11325 60.55556 78 42.88675 72.77778 78 42.88675 72.77778 78 22.11325 60.55556 78 22.11325 72.77778 78 12.88675 60.55556 78 12.88675 72.77778 78 7.113249 60.55556 78 7.113249 -38.33333 78 12.88675 -50.55556 78 12.88675 -38.33333 78 7.113249 -50.55556 78 7.113249 -50.55556 78 22.11325 -38.33333 78 22.11325 -50.55556 78 27.88675 -38.33333 78 27.88675 -50.55556 78 37.11325 -38.33333 78 37.11325 -50.55556 78 42.88675 -38.33333 78 42.88675 16.11111 78 12.88675 28.33333 78 12.88675 16.11111 78 22.11325 28.33333 78 22.11325 16.11111 78 27.88675 28.33333 78 27.88675 16.11111 78 37.11325 28.33333 78 37.11325 16.11111 78 42.88675 28.33333 78 42.88675 28.33333 78 7.113249 16.11111 78 7.113249 105 78 22.11325 105 78 12.88675 105 78 7.113249 7.5 23.73512 172.8627 0 24.34824 172.2883 0 26.16988 170.5427 0 27.96492 168.7631 0 29.73335 166.9494 0 31.47517 165.1018 0 33.19039 163.2202 0 34.879 161.3047 0 36.54101 159.3551 0 38.17641 157.3715 0 39.78521 155.354 0 41.36741 153.3025 0 42.923 151.2169 0 44.45198 149.0974 0 45.95436 146.944 0 47.43013 144.7565 0 48.87929 142.535 0 50.30186 140.2796 0 51.69781 137.9901 0 53.06717 135.6667 0 54.40991 133.3093 0 55.72606 130.9179 0 57.01559 128.4925 0 58.27853 126.0331 0 59.51485 123.5398 0 60.72457 121.0124 0 61.90769 118.4511 0 63.0642 115.8558 0 64.19411 113.2265 0 65.65927 109.6679 0 67.07712 106.0488 0 68.44768 102.3694 0 69.77095 98.62952 0 71.04691 94.82923 0 72.27558 90.96851 0 73.45694 87.04737 0 74.59101 83.06581 0 75.67778 79.02384 0 76.71726 74.92144 7.5 77.70943 70.75862 7.5 76.71726 74.92144 7.5 75.67778 79.02384 7.5 74.59101 83.06581 7.5 73.45694 87.04737 7.5 72.27558 90.96851 7.5 71.04691 94.82923 7.5 69.77095 98.62952 7.5 68.44768 102.3694 7.5 67.07712 106.0488 7.5 65.65927 109.6679 7.5 64.19411 113.2265 7.5 63.44379 114.9831 7.5 62.68165 116.7247 7.5 61.90769 118.4511 7.5 61.1219 120.1624 7.5 60.32429 121.8587 7.5 59.51485 123.5398 7.5 58.69359 125.2058 7.5 57.8605 126.8567 7.5 57.01559 128.4925 7.5 56.15886 130.1132 7.5 55.2903 131.7188 7.5 54.40991 133.3093 7.5 53.51771 134.8847 7.5 52.61367 136.445 7.5 51.69781 137.9901 7.5 50.77013 139.5202 7.5 49.83063 141.0352 7.5 48.87929 142.535 7.5 47.91614 144.0198 7.5 46.94116 145.4894 7.5 45.95436 146.944 7.5 44.95573 148.3834 7.5 43.94527 149.8077 7.5 42.923 151.2169 7.5 41.88889 152.6111 7.5 40.84296 153.9901 7.5 39.78521 155.354 7.5 38.71564 156.7028 7.5 37.63423 158.0365 7.5 36.54101 159.3551 7.5 35.43596 160.6586 7.5 34.31909 161.947 7.5 33.19039 163.2202 7.5 32.04986 164.4784 7.5 30.89752 165.7215 7.5 29.73335 166.9494 7.5 28.55735 168.1623 7.5 27.36953 169.36 7.5 26.16988 170.5427 7.5 24.95841 171.7102 7.5 77.94078 60.30252 7.5 76.99829 64.93882 2.5 76.99829 64.93882 -2.5 76.99829 64.93882 -2.5 76.00482 69.5012 -2.5 74.96038 73.98966 -2.5 73.86498 78.4042 -2.5 72.71861 82.74482 -2.5 71.52127 87.01152 -2.5 70.27295 91.2043 -2.5 68.97367 95.32317 -2.5 67.62342 99.36811 -2.5 66.22219 103.3391 -2.5 65.50247 105.2969 -2.5 64.77001 107.2362 -2.5 64.0248 109.1571 -2.5 63.26684 111.0594 -2.5 62.49615 112.9433 -2.5 61.71271 114.8087 -2.5 60.91653 116.6556 -2.5 60.10761 118.484 -2.5 59.28594 120.294 -2.5 58.45154 122.0855 -2.5 57.60439 123.8584 -2.5 56.7445 125.613 -2.5 55.87187 127.349 2.5 55.87187 127.349 2.5 54.98649 129.0665 7.5 54.98649 129.0665 7.5 54.08837 130.7656 7.5 76.00482 69.5012 2.5 76.00482 69.5012 7.5 74.96038 73.98966 2.5 74.96038 73.98966 7.5 73.86498 78.4042 2.5 73.86498 78.4042 7.5 72.71861 82.74482 2.5 72.71861 82.74482 7.5 71.52127 87.01152 2.5 71.52127 87.01152 7.5 70.27295 91.2043 2.5 70.27295 91.2043 7.5 68.97367 95.32317 2.5 68.97367 95.32317 7.5 67.62342 99.36811 2.5 67.62342 99.36811 7.5 66.22219 103.3391 2.5 66.22219 103.3391 7.5 65.50247 105.2969 2.5 65.50247 105.2969 7.5 64.77001 107.2362 2.5 64.77001 107.2362 7.5 64.0248 109.1571 2.5 64.0248 109.1571 7.5 63.26684 111.0594 2.5 63.26684 111.0594 7.5 62.49615 112.9433 2.5 62.49615 112.9433 7.5 61.71271 114.8087 2.5 61.71271 114.8087 7.5 60.91653 116.6556 2.5 60.91653 116.6556 7.5 60.10761 118.484 2.5 60.10761 118.484 7.5 59.28594 120.294 2.5 59.28594 120.294 7.5 58.45154 122.0855 2.5 58.45154 122.0855 7.5 57.60439 123.8584 2.5 57.60439 123.8584 7.5 56.7445 125.613 2.5 56.7445 125.613 7.5 55.87187 127.349 2.5 54.08837 130.7656 7.5 53.17751 132.4462 2.5 53.17751 132.4462 7.5 52.25391 134.1083 2.5 52.25391 134.1083 7.5 51.31756 135.7519 2.5 51.31756 135.7519 7.5 50.36848 137.3771 2.5 50.36848 137.3771 7.5 49.40665 138.9838 2.5 49.40665 138.9838 7.5 48.43207 140.572 2.5 48.43207 140.572 7.5 47.44476 142.1417 2.5 47.44476 142.1417 7.5 46.4447 143.6929 2.5 46.4447 143.6929 7.5 45.4319 145.2257 2.5 45.4319 145.2257 7.5 44.40636 146.74 2.5 44.40636 146.74 7.5 43.36808 148.2357 2.5 43.36808 148.2357 7.5 42.31705 149.7131 2.5 42.31705 149.7131 7.5 41.25328 151.1719 2.5 41.25328 151.1719 7.5 40.17676 152.6123 2.5 40.17676 152.6123 7.5 39.08751 154.0341 2.5 39.08751 154.0341 7.5 37.98551 155.4375 2.5 37.98551 155.4375 7.5 36.87078 156.8224 2.5 36.87078 156.8224 7.5 35.74329 158.1889 2.5 35.74329 158.1889 7.5 34.60307 159.5368 2.5 34.60307 159.5368 7.5 33.4501 160.8663 2.5 33.4501 160.8663 7.5 32.2844 162.1773 2.5 32.2844 162.1773 7.5 31.10595 163.4698 2.5 31.10595 163.4698 7.5 29.91475 164.7439 2.5 29.91475 164.7439 7.5 28.71082 165.9994 2.5 28.71082 165.9994 7.5 27.49414 167.2365 2.5 27.49414 167.2365 7.5 26.26472 168.4551 2.5 26.26472 168.4551 7.5 25.02256 169.6552 2.5 25.02256 169.6552 7.5 23.76765 170.8368 2.5 23.76765 170.8368 -2.5 23.76765 170.8368 -2.5 25.02256 169.6552 -2.5 26.26472 168.4551 -2.5 27.49414 167.2365 -2.5 28.71082 165.9994 -2.5 29.91475 164.7439 -2.5 31.10595 163.4698 -2.5 32.2844 162.1773 -2.5 33.4501 160.8663 -2.5 34.60307 159.5368 -2.5 35.74329 158.1889 -2.5 36.87078 156.8224 -2.5 37.98551 155.4375 -2.5 39.08751 154.0341 -2.5 40.17676 152.6123 -2.5 41.25328 151.1719 -2.5 42.31705 149.7131 -2.5 43.36808 148.2357 -2.5 44.40636 146.74 -2.5 45.4319 145.2257 -2.5 46.4447 143.6929 -2.5 47.44476 142.1417 -2.5 48.43207 140.572 -2.5 49.40665 138.9838 -2.5 50.36848 137.3771 -2.5 51.31756 135.7519 -2.5 52.25391 134.1083 -2.5 53.17751 132.4462 -2.5 54.08837 130.7656 -2.5 54.98649 129.0665 -16.11111 -78 37.11325 -28.33333 -78 37.11325 -16.11111 -78 42.88675 -28.33333 -78 42.88675 -11.11111 -78 45.7735 -33.33333 -78 45.7735 -55.55556 -78 45.7735 -77.77778 -78 45.7735 -100 -78 45.7735 -95 -78 42.88675 -82.77778 -78 42.88675 -95 -78 37.11325 -82.77778 -78 37.11325 -100 -78 34.2265 -77.77778 -78 34.2265 -100 -78 30.7735 -77.77778 -78 30.7735 -95 -78 27.88675 -82.77778 -78 27.88675 -95 -78 22.11325 -82.77778 -78 22.11325 -100 -78 19.2265 -77.77778 -78 19.2265 -100 -78 15.7735 -77.77778 -78 15.7735 -95 -78 12.88675 -82.77778 -78 12.88675 -95 -78 7.113249 -82.77778 -78 7.113249 -100 -78 4.226497 -77.77778 -78 4.226497 -55.55556 -78 4.226497 -33.33333 -78 4.226497 -38.33333 -78 7.113249 -50.55556 -78 7.113249 -38.33333 -78 12.88675 -50.55556 -78 12.88675 -33.33333 -78 15.7735 -55.55556 -78 15.7735 -33.33333 -78 19.2265 -55.55556 -78 19.2265 -38.33333 -78 22.11325 -50.55556 -78 22.11325 -38.33333 -78 27.88675 -50.55556 -78 27.88675 -33.33333 -78 30.7735 -55.55556 -78 30.7735 -33.33333 -78 34.2265 -55.55556 -78 34.2265 -38.33333 -78 37.11325 -50.55556 -78 37.11325 -38.33333 -78 42.88675 -50.55556 -78 42.88675 -11.11111 -78 34.2265 -11.11111 -78 30.7735 -28.33333 -78 27.88675 -16.11111 -78 27.88675 -28.33333 -78 22.11325 -16.11111 -78 22.11325 -11.11111 -78 19.2265 -11.11111 -78 15.7735 -28.33333 -78 12.88675 -16.11111 -78 12.88675 -28.33333 -78 7.113249 -16.11111 -78 7.113249 -11.11111 -78 4.226497 11.11111 -78 4.226497 33.33333 -78 4.226497 55.55556 -78 4.226497 50.55556 -78 7.113249 38.33333 -78 7.113249 50.55556 -78 12.88675 38.33333 -78 12.88675 55.55556 -78 15.7735 33.33333 -78 15.7735 55.55556 -78 19.2265 33.33333 -78 19.2265 50.55556 -78 22.11325 38.33333 -78 22.11325 50.55556 -78 27.88675 38.33333 -78 27.88675 55.55556 -78 30.7735 33.33333 -78 30.7735 55.55556 -78 34.2265 33.33333 -78 34.2265 50.55556 -78 37.11325 38.33333 -78 37.11325 50.55556 -78 42.88675 38.33333 -78 42.88675 55.55556 -78 45.7735 33.33333 -78 45.7735 11.11111 -78 45.7735 -6.111111 -78 42.88675 6.111111 -78 42.88675 -6.111111 -78 37.11325 6.111111 -78 37.11325 11.11111 -78 34.2265 11.11111 -78 30.7735 -6.111111 -78 27.88675 6.111111 -78 27.88675 -6.111111 -78 22.11325 6.111111 -78 22.11325 11.11111 -78 19.2265 11.11111 -78 15.7735 -6.111111 -78 12.88675 6.111111 -78 12.88675 -6.111111 -78 7.113249 6.111111 -78 7.113249 95 -78 37.11325 82.77778 -78 37.11325 95 -78 42.88675 82.77778 -78 42.88675 100 -78 45.7735 77.77778 -78 45.7735 77.77778 -78 34.2265 100 -78 34.2265 77.77778 -78 30.7735 100 -78 30.7735 82.77778 -78 27.88675 95 -78 27.88675 82.77778 -78 22.11325 95 -78 22.11325 77.77778 -78 19.2265 100 -78 19.2265 77.77778 -78 15.7735 100 -78 15.7735 82.77778 -78 12.88675 95 -78 12.88675 82.77778 -78 7.113249 95 -78 7.113249 77.77778 -78 4.226497 100 -78 4.226497 105 -78 7.113249 105 -78 12.88675 105 -78 27.88675 105 -78 37.11325 105 -78 42.88675 -105 -78 22.11325 -105 -78 27.88675 -105 -78 37.11325 -105 -78 42.88675 -105 -78 12.88675 60.55556 -78 22.11325 72.77778 -78 22.11325 60.55556 -78 12.88675 72.77778 -78 12.88675 60.55556 -78 7.113249 72.77778 -78 7.113249 72.77778 -78 27.88675 60.55556 -78 27.88675 72.77778 -78 37.11325 60.55556 -78 37.11325 72.77778 -78 42.88675 60.55556 -78 42.88675 28.33333 -78 7.113249 16.11111 -78 7.113249 28.33333 -78 12.88675 16.11111 -78 12.88675 28.33333 -78 22.11325 16.11111 -78 22.11325 28.33333 -78 27.88675 16.11111 -78 27.88675 28.33333 -78 37.11325 16.11111 -78 37.11325 28.33333 -78 42.88675 16.11111 -78 42.88675 105 -78 22.11325 -60.55556 -78 37.11325 -72.77778 -78 37.11325 -60.55556 -78 42.88675 -72.77778 -78 42.88675 -72.77778 -78 27.88675 -60.55556 -78 27.88675 -72.77778 -78 22.11325 -60.55556 -78 22.11325 -72.77778 -78 12.88675 -60.55556 -78 12.88675 -72.77778 -78 7.113249 -60.55556 -78 7.113249 -105 -78 7.113249 -7.5 -78 60 2.5 -23.7702 170.8345 -2.5 -23.7702 170.8345 -7.5 -23.7702 170.8345 -2.5 -25.0276 169.6504 -7.5 -25.0276 169.6504 -2.5 -26.27221 168.4477 -7.5 -26.27221 168.4477 -2.5 -27.50403 167.2266 -7.5 -27.50403 167.2266 -2.5 -28.72305 165.9868 -7.5 -28.72305 165.9868 -2.5 -29.92928 164.7285 -7.5 -29.92928 164.7285 -2.5 -31.12271 163.4517 -7.5 -31.12271 163.4517 -2.5 -32.30335 162.1562 -7.5 -32.30335 162.1562 -2.5 -33.4712 160.8423 -7.5 -33.4712 160.8423 -2.5 -34.62625 159.5098 -7.5 -34.62625 159.5098 -2.5 -35.76851 158.1587 -7.5 -35.76851 158.1587 -2.5 -36.89797 156.7891 -7.5 -36.89797 156.7891 -2.5 -38.01464 155.4009 -7.5 -38.01464 155.4009 -2.5 -39.11852 153.9941 -7.5 -39.11852 153.9941 -2.5 -40.2096 152.5688 -7.5 -40.2096 152.5688 -2.5 -41.28789 151.125 -7.5 -41.28789 151.125 -2.5 -42.35338 149.6626 -7.5 -42.35338 149.6626 -2.5 -43.40608 148.1816 -7.5 -43.40608 148.1816 -2.5 -44.44599 146.6821 -7.5 -44.44599 146.6821 -2.5 -45.47311 145.1641 -7.5 -45.47311 145.1641 -2.5 -46.48742 143.6274 -7.5 -46.48742 143.6274 -2.5 -47.48895 142.0723 -7.5 -47.48895 142.0723 -2.5 -48.47768 140.4985 -7.5 -48.47768 140.4985 -2.5 -49.45361 138.9062 -7.5 -49.45361 138.9062 -2.5 -50.41675 137.2954 -7.5 -50.41675 137.2954 -2.5 -51.3671 135.666 -7.5 -51.3671 135.666 -2.5 -52.30466 134.0181 -7.5 -52.30466 134.0181 -2.5 -53.22942 132.3516 -7.5 -53.22942 132.3516 -2.5 -54.14139 130.6665 -7.5 -54.14139 130.6665 -2.5 -55.04056 128.9629 -7.5 -55.04056 128.9629 -2.5 -55.92694 127.2407 -7.5 -55.92694 127.2407 -2.5 -56.80052 125.5 -7.5 -56.80052 125.5 -2.5 -57.66131 123.7407 -7.5 -57.66131 123.7407 -2.5 -58.50931 121.9629 -7.5 -58.50931 121.9629 -2.5 -59.34451 120.1665 -7.5 -59.34451 120.1665 -2.5 -60.16692 118.3516 -7.5 -60.16692 118.3516 -2.5 -60.97653 116.5181 -7.5 -60.97653 116.5181 -2.5 -61.77335 114.666 -7.5 -61.77335 114.666 -2.5 -62.55738 112.7954 -7.5 -62.55738 112.7954 -2.5 -63.32861 110.9063 -7.5 -63.32861 110.9063 -2.5 -64.08705 108.9985 -7.5 -64.08705 108.9985 -2.5 -64.8327 107.0723 -7.5 -64.8327 107.0723 -2.5 -65.56555 105.1274 -7.5 -65.56555 105.1274 -2.5 -66.28561 103.1641 -7.5 -66.28561 103.1641 -2.5 -67.68734 99.18164 -7.5 -67.68734 99.18164 -2.5 -69.0379 95.125 -7.5 -69.0379 95.125 -2.5 -70.33728 90.99414 -7.5 -70.33728 90.99414 -2.5 -71.58547 86.78907 -7.5 -71.58547 86.78907 -2.5 -72.7825 82.50977 -7.5 -72.7825 82.50977 -2.5 -73.92835 78.15625 -7.5 -73.92835 78.15625 -2.5 -75.02303 73.72852 -7.5 -75.02303 73.72852 -2.5 -76.06653 69.22657 -7.5 -76.06653 69.22657 -2.5 -77.05886 64.65039 -7.5 -77.05886 64.65039 2.5 -77.05886 64.65039 2.5 -76.06653 69.22657 2.5 -75.02303 73.72852 2.5 -73.92835 78.15625 2.5 -72.7825 82.50977 2.5 -71.58547 86.78907 2.5 -70.33728 90.99414 2.5 -69.0379 95.125 2.5 -67.68734 99.18164 2.5 -66.28561 103.1641 2.5 -65.56555 105.1274 2.5 -64.8327 107.0723 2.5 -64.08705 108.9985 2.5 -63.32861 110.9063 2.5 -62.55738 112.7954 2.5 -61.77335 114.666 2.5 -60.97653 116.5181 2.5 -60.16692 118.3516 2.5 -59.34451 120.1665 2.5 -58.50931 121.9629 2.5 -57.66131 123.7407 2.5 -56.80052 125.5 2.5 -55.92694 127.2407 2.5 -55.04056 128.9629 2.5 -54.14139 130.6665 2.5 -53.22942 132.3516 2.5 -52.30466 134.0181 2.5 -51.3671 135.666 2.5 -50.41675 137.2954 2.5 -49.45361 138.9062 2.5 -48.47768 140.4985 2.5 -47.48895 142.0723 2.5 -46.48742 143.6274 2.5 -45.47311 145.1641 2.5 -44.44599 146.6821 2.5 -43.40608 148.1816 2.5 -42.35338 149.6626 2.5 -41.28789 151.125 2.5 -40.2096 152.5688 2.5 -39.11852 153.9941 2.5 -38.01464 155.4009 2.5 -36.89797 156.7891 2.5 -35.76851 158.1587 2.5 -34.62625 159.5098 2.5 -33.4712 160.8423 2.5 -32.30335 162.1562 2.5 -31.12271 163.4517 2.5 -29.92928 164.7285 2.5 -28.72305 165.9868 2.5 -27.50403 167.2266 2.5 -26.27221 168.4477 2.5 -25.0276 169.6504 2.5 -76.71726 74.92144 -2.5 -76.71726 74.92144 -7.5 -77.70943 70.75862 -7.5 -76.71726 74.92144 -2.5 -75.67778 79.02384 -7.5 -75.67778 79.02384 -2.5 -74.59101 83.06581 -7.5 -74.59101 83.06581 -2.5 -73.45694 87.04737 -7.5 -73.45694 87.04737 -2.5 -72.27558 90.96851 -7.5 -72.27558 90.96851 -2.5 -71.04691 94.82923 -7.5 -71.04691 94.82923 -2.5 -69.77095 98.62952 -7.5 -69.77095 98.62952 -2.5 -68.44768 102.3694 -7.5 -68.44768 102.3694 -2.5 -67.07712 106.0488 -7.5 -67.07712 106.0488 -2.5 -65.65927 109.6679 -7.5 -65.65927 109.6679 -2.5 -64.19411 113.2265 -7.5 -64.19411 113.2265 -2.5 -63.44379 114.9831 -7.5 -63.44379 114.9831 -2.5 -62.68165 116.7247 -7.5 -62.68165 116.7247 -2.5 -61.90769 118.4511 -7.5 -61.90769 118.4511 -2.5 -61.1219 120.1624 -7.5 -61.1219 120.1624 -2.5 -60.32429 121.8587 -7.5 -60.32429 121.8587 -2.5 -59.51485 123.5398 -7.5 -59.51485 123.5398 -2.5 -58.69359 125.2058 -7.5 -58.69359 125.2058 -2.5 -57.8605 126.8567 -7.5 -57.8605 126.8567 -2.5 -57.01559 128.4925 -7.5 -57.01559 128.4925 -2.5 -56.15886 130.1132 -7.5 -56.15886 130.1132 -2.5 -55.2903 131.7188 -7.5 -55.2903 131.7188 -2.5 -54.40991 133.3093 -7.5 -54.40991 133.3093 -2.5 -53.51771 134.8847 -7.5 -53.51771 134.8847 -2.5 -52.61367 136.445 -7.5 -52.61367 136.445 -2.5 -51.69781 137.9901 -7.5 -51.69781 137.9901 -2.5 -50.77013 139.5202 -7.5 -50.77013 139.5202 -2.5 -49.83063 141.0352 -7.5 -49.83063 141.0352 -2.5 -48.87929 142.535 -7.5 -48.87929 142.535 -2.5 -47.91614 144.0198 -7.5 -47.91614 144.0198 -2.5 -46.94116 145.4894 -7.5 -46.94116 145.4894 -2.5 -45.95436 146.944 -7.5 -45.95436 146.944 -2.5 -44.95573 148.3834 -7.5 -44.95573 148.3834 -2.5 -43.94527 149.8077 -7.5 -43.94527 149.8077 -2.5 -42.923 151.2169 -7.5 -42.923 151.2169 -2.5 -41.88889 152.6111 -7.5 -41.88889 152.6111 -2.5 -40.84296 153.9901 -7.5 -40.84296 153.9901 -2.5 -39.78521 155.354 -7.5 -39.78521 155.354 -2.5 -38.71564 156.7028 -7.5 -38.71564 156.7028 -2.5 -37.63423 158.0365 -7.5 -37.63423 158.0365 -2.5 -36.54101 159.3551 -7.5 -36.54101 159.3551 -2.5 -35.43596 160.6586 -7.5 -35.43596 160.6586 -2.5 -34.31909 161.947 -7.5 -34.31909 161.947 -2.5 -33.19039 163.2202 -7.5 -33.19039 163.2202 -2.5 -32.04986 164.4784 -7.5 -32.04986 164.4784 -2.5 -30.89752 165.7215 -7.5 -30.89752 165.7215 -2.5 -29.73335 166.9494 -7.5 -29.73335 166.9494 -2.5 -28.55735 168.1623 -7.5 -28.55735 168.1623 -2.5 -27.36953 169.36 -7.5 -27.36953 169.36 -2.5 -26.16988 170.5427 -7.5 -26.16988 170.5427 -2.5 -24.95841 171.7102 -7.5 -24.95841 171.7102 -2.5 -23.73512 172.8627 -7.5 -23.73512 172.8627 2.5 -23.73512 172.8627 2.5 -24.95841 171.7102 2.5 -26.16988 170.5427 2.5 -27.36953 169.36 2.5 -28.55735 168.1623 2.5 -29.73335 166.9494 2.5 -30.89752 165.7215 2.5 -32.04986 164.4784 2.5 -33.19039 163.2202 2.5 -34.31909 161.947 2.5 -35.43596 160.6586 2.5 -36.54101 159.3551 2.5 -37.63423 158.0365 2.5 -38.71564 156.7028 2.5 -39.78521 155.354 2.5 -40.84296 153.9901 2.5 -41.88889 152.6111 2.5 -42.923 151.2169 2.5 -43.94527 149.8077 2.5 -44.95573 148.3834 2.5 -45.95436 146.944 2.5 -46.94116 145.4894 2.5 -47.91614 144.0198 2.5 -48.87929 142.535 2.5 -49.83063 141.0352 2.5 -50.77013 139.5202 2.5 -51.69781 137.9901 2.5 -52.61367 136.445 2.5 -53.51771 134.8847 2.5 -54.40991 133.3093 2.5 -55.2903 131.7188 2.5 -56.15886 130.1132 2.5 -57.01559 128.4925 2.5 -57.8605 126.8567 2.5 -58.69359 125.2058 2.5 -59.51485 123.5398 2.5 -60.32429 121.8587 2.5 -61.1219 120.1624 2.5 -61.90769 118.4511 2.5 -62.68165 116.7247 2.5 -63.44379 114.9831 2.5 -64.19411 113.2265 2.5 -65.65927 109.6679 2.5 -67.07712 106.0488 2.5 -68.44768 102.3694 2.5 -69.77095 98.62952 2.5 -71.04691 94.82923 2.5 -72.27558 90.96851 2.5 -73.45694 87.04737 2.5 -74.59101 83.06581 2.5 -75.67778 79.02384 24.55176 0 170.8345 26.5808 0 169.6504 28.58711 0 168.4477 30.5707 0 167.2266 32.53156 0 165.9868 34.46969 0 164.7285 36.38511 0 163.4517 38.2778 0 162.1562 40.14776 0 160.8423 41.995 0 159.5098 43.81952 0 158.1587 45.62131 0 156.7891 47.40037 0 155.4009 49.15671 0 153.9941 50.89033 0 152.5688 52.60123 0 151.125 54.28939 0 149.6626 55.95484 0 148.1816 57.59756 0 146.6821 59.21755 0 145.1641 60.81482 0 143.6274 62.38936 0 142.0723 63.94119 0 140.4985 65.47029 0 138.9062 66.97666 0 137.2954 68.46031 0 135.666 69.92123 0 134.0181 71.35942 0 132.3516 72.7749 0 130.6665 74.16765 0 128.9629 75.53767 0 127.2407 76.88497 0 125.5 78.20954 0 123.7407 79.5114 0 121.9629 80.79052 0 120.1665 82.04692 0 118.3516 83.2806 0 116.5181 84.49156 0 114.666 85.67978 0 112.7954 86.84529 0 110.9063 87.98806 0 108.9985 89.10812 0 107.0723 90.20545 0 105.1274 91.28005 0 103.1641 92.33193 0 101.1821 93.36109 0 99.18164 94.36753 0 97.1626 95.35123 0 95.125 96.31221 0 93.06885 97.25047 0 90.99414 98.166 0 88.90088 99.05881 0 86.78907 99.9289 0 84.65869 100.7763 0 82.50977 101.6009 0 80.34229 102.4028 0 78.15625 103.182 0 75.95166 103.9384 0 73.72852 104.6722 0 71.48682 105.3832 0 69.22657 106.0715 0 66.94776 106.737 0 64.65039 107.3799 0 62.33447 107.3799 -7.5 62.33447 106.737 -7.5 64.65039 106.0715 -7.5 66.94776 105.3832 -7.5 69.22657 104.6722 -7.5 71.48682 103.9384 -7.5 73.72852 103.182 -7.5 75.95166 102.4028 -7.5 78.15625 101.6009 -7.5 80.34229 100.7763 -7.5 82.50977 99.9289 -7.5 84.65869 99.05881 -7.5 86.78907 98.166 -7.5 88.90088 97.25047 -7.5 90.99414 96.31221 -7.5 93.06885 95.35123 -7.5 95.125 94.36753 -7.5 97.1626 93.36109 -7.5 99.18164 92.33193 -7.5 101.1821 91.28005 -7.5 103.1641 90.20545 -7.5 105.1274 89.10812 -7.5 107.0723 87.98806 -7.5 108.9985 86.84529 -7.5 110.9063 85.67978 -7.5 112.7954 84.49156 -7.5 114.666 83.2806 -7.5 116.5181 82.04692 -7.5 118.3516 80.79052 -7.5 120.1665 79.5114 -7.5 121.9629 78.20954 -7.5 123.7407 76.88497 -7.5 125.5 75.53767 -7.5 127.2407 74.16765 -7.5 128.9629 72.7749 -7.5 130.6665 71.35942 -7.5 132.3516 69.92123 -7.5 134.0181 68.46031 -7.5 135.666 66.97666 -7.5 137.2954 65.47029 -7.5 138.9062 63.94119 -7.5 140.4985 62.38936 -7.5 142.0723 60.81482 -7.5 143.6274 59.21755 -7.5 145.1641 57.59756 -7.5 146.6821 55.95484 -7.5 148.1816 54.28939 -7.5 149.6626 52.60123 -7.5 151.125 50.89033 -7.5 152.5688 49.15671 -7.5 153.9941 47.40037 -7.5 155.4009 45.62131 -7.5 156.7891 43.81952 -7.5 158.1587 41.995 -7.5 159.5098 40.14776 -7.5 160.8423 38.2778 -7.5 162.1562 36.38511 -7.5 163.4517 34.46969 -7.5 164.7285 32.53156 -7.5 165.9868 30.5707 -7.5 167.2266 28.58711 -7.5 168.4477 26.5808 -7.5 169.6504 24.55176 -7.5 170.8345 107.1378 -7.5 70.0914 107.7954 -7.5 67.93826 107.1378 -2.5 70.0914 107.1378 2.5 70.0914 106.4587 2.5 72.2288 105.7582 2.5 74.35047 105.0363 2.5 76.45638 104.2929 2.5 78.54655 103.5281 2.5 80.62097 102.7419 2.5 82.67966 101.9342 2.5 84.7226 101.1051 2.5 86.7498 100.2546 2.5 88.76125 99.38263 2.5 90.75695 98.48925 2.5 92.73692 97.57442 2.5 94.70114 96.63817 2.5 96.64962 95.68048 2.5 98.58235 94.70137 2.5 100.4993 93.70082 2.5 102.4006 92.67884 2.5 104.2861 91.63542 2.5 106.1558 90.57058 2.5 108.0099 89.4843 2.5 109.8481 88.3766 2.5 111.6707 87.24745 2.5 113.4774 86.09689 2.5 115.2685 84.92488 2.5 117.0438 83.73145 2.5 118.8033 82.51658 2.5 120.5471 81.28028 2.5 122.2752 80.02256 2.5 123.9875 78.7434 2.5 125.6841 77.4428 2.5 127.3649 76.12078 2.5 129.03 74.77732 2.5 130.6793 73.41243 2.5 132.3129 72.02611 2.5 133.9308 70.61836 2.5 135.5329 69.18917 2.5 137.1193 67.73856 2.5 138.6899 66.26651 2.5 140.2448 64.77303 2.5 141.7839 63.25812 2.5 143.3073 61.72177 2.5 144.8149 60.164 2.5 146.3068 58.58479 2.5 147.783 56.98416 2.5 149.2434 55.36209 2.5 150.6881 53.71858 2.5 152.117 52.05365 2.5 153.5302 50.36729 2.5 154.9276 48.65949 2.5 156.3093 46.93026 2.5 157.6753 45.1796 2.5 159.0255 43.40751 2.5 160.36 41.61398 2.5 161.6787 39.79903 2.5 162.9817 37.96264 2.5 164.2689 36.10482 2.5 165.5404 34.22557 2.5 166.7961 32.32489 2.5 168.0361 30.40278 2.5 169.2604 28.45923 2.5 170.4689 26.49425 2.5 171.6617 24.50784 2.5 172.8387 24.50784 -2.5 172.8387 24.50784 -7.5 172.8387 26.49425 -7.5 171.6617 26.49425 -2.5 171.6617 28.45923 -7.5 170.4689 28.45923 -2.5 170.4689 30.40278 -7.5 169.2604 30.40278 -2.5 169.2604 32.32489 -7.5 168.0361 32.32489 -2.5 168.0361 34.22557 -7.5 166.7961 34.22557 -2.5 166.7961 36.10482 -7.5 165.5404 36.10482 -2.5 165.5404 37.96264 -7.5 164.2689 37.96264 -2.5 164.2689 39.79903 -7.5 162.9817 39.79903 -2.5 162.9817 41.61398 -7.5 161.6787 41.61398 -2.5 161.6787 43.40751 -7.5 160.36 43.40751 -2.5 160.36 45.1796 -7.5 159.0255 45.1796 -2.5 159.0255 46.93026 -7.5 157.6753 46.93026 -2.5 157.6753 48.65949 -7.5 156.3093 48.65949 -2.5 156.3093 50.36729 -7.5 154.9276 50.36729 -2.5 154.9276 52.05365 -7.5 153.5302 52.05365 -2.5 153.5302 53.71858 -7.5 152.117 53.71858 -2.5 152.117 55.36209 -7.5 150.6881 55.36209 -2.5 150.6881 56.98416 -7.5 149.2434 56.98416 -2.5 149.2434 58.58479 -7.5 147.783 58.58479 -2.5 147.783 60.164 -7.5 146.3068 60.164 -2.5 146.3068 61.72177 -7.5 144.8149 61.72177 -2.5 144.8149 63.25812 -7.5 143.3073 63.25812 -2.5 143.3073 64.77303 -7.5 141.7839 64.77303 -2.5 141.7839 66.26651 -7.5 140.2448 66.26651 -2.5 140.2448 67.73856 -7.5 138.6899 67.73856 -2.5 138.6899 69.18917 -7.5 137.1193 69.18917 -2.5 137.1193 70.61836 -7.5 135.5329 70.61836 -2.5 135.5329 72.02611 -7.5 133.9308 72.02611 -2.5 133.9308 73.41243 -7.5 132.3129 73.41243 -2.5 132.3129 74.77732 -7.5 130.6793 74.77732 -2.5 130.6793 76.12078 -7.5 129.03 76.12078 -2.5 129.03 77.4428 -7.5 127.3649 77.4428 -2.5 127.3649 78.7434 -7.5 125.6841 78.7434 -2.5 125.6841 80.02256 -7.5 123.9875 80.02256 -2.5 123.9875 81.28028 -7.5 122.2752 81.28028 -2.5 122.2752 82.51658 -7.5 120.5471 82.51658 -2.5 120.5471 83.73145 -7.5 118.8033 83.73145 -2.5 118.8033 84.92488 -7.5 117.0438 84.92488 -2.5 117.0438 86.09689 -7.5 115.2685 86.09689 -2.5 115.2685 87.24745 -7.5 113.4774 87.24745 -2.5 113.4774 88.3766 -7.5 111.6707 88.3766 -2.5 111.6707 89.4843 -7.5 109.8481 89.4843 -2.5 109.8481 90.57058 -7.5 108.0099 90.57058 -2.5 108.0099 91.63542 -7.5 106.1558 91.63542 -2.5 106.1558 92.67884 -7.5 104.2861 92.67884 -2.5 104.2861 93.70082 -7.5 102.4006 93.70082 -2.5 102.4006 94.70137 -7.5 100.4993 94.70137 -2.5 100.4993 95.68048 -7.5 98.58235 95.68048 -2.5 98.58235 96.63817 -7.5 96.64962 96.63817 -2.5 96.64962 97.57442 -7.5 94.70114 97.57442 -2.5 94.70114 98.48925 -7.5 92.73692 98.48925 -2.5 92.73692 99.38263 -7.5 90.75695 99.38263 -2.5 90.75695 100.2546 -7.5 88.76125 100.2546 -2.5 88.76125 101.1051 -7.5 86.7498 101.1051 -2.5 86.7498 101.9342 -7.5 84.7226 101.9342 -2.5 84.7226 102.7419 -7.5 82.67966 102.7419 -2.5 82.67966 103.5281 -7.5 80.62097 103.5281 -2.5 80.62097 104.2929 -7.5 78.54655 104.2929 -2.5 78.54655 105.0363 -7.5 76.45638 105.0363 -2.5 76.45638 105.7582 -7.5 74.35047 105.7582 -2.5 74.35047 106.4587 -7.5 72.2288 106.4587 -2.5 72.2288 -24.50784 7.5 172.8387 -25.50373 -2.5 172.2522 -28.45923 -2.5 170.4689 -31.36651 -2.5 168.6502 -34.22557 -2.5 166.7961 -37.03641 -2.5 164.9066 -39.79903 -2.5 162.9817 -42.51342 -2.5 161.0213 -45.1796 -2.5 159.0255 -47.79755 -2.5 156.9943 -49.08845 -2.5 155.9654 -50.36729 -2.5 154.9276 -51.63407 -2.5 153.881 -51.63407 2.5 153.881 -52.8888 2.5 152.8256 -52.05365 7.5 153.5302 -53.71858 7.5 152.117 -25.50373 2.5 172.2522 -26.49425 7.5 171.6617 -28.45923 2.5 170.4689 -28.45923 7.5 170.4689 -30.40278 7.5 169.2604 -31.36651 2.5 168.6502 -32.32489 7.5 168.0361 -34.22557 2.5 166.7961 -34.22557 7.5 166.7961 -36.10482 7.5 165.5404 -37.03641 2.5 164.9066 -37.96264 7.5 164.2689 -39.79903 2.5 162.9817 -39.79903 7.5 162.9817 -41.61398 7.5 161.6787 -42.51342 2.5 161.0213 -43.40751 7.5 160.36 -45.1796 2.5 159.0255 -45.1796 7.5 159.0255 -46.93026 7.5 157.6753 -47.79755 2.5 156.9943 -48.65949 7.5 156.3093 -49.08845 2.5 155.9654 -50.36729 7.5 154.9276 -50.36729 2.5 154.9276 -54.13147 2.5 151.7613 -55.36209 7.5 150.6881 -55.36209 2.5 150.6881 -56.58065 2.5 149.6061 -55.36209 -2.5 150.6881 -56.58065 -2.5 149.6061 -57.78715 -2.5 148.5152 -58.9816 -2.5 147.4154 -60.164 -2.5 146.3068 -61.33434 -2.5 145.1894 -61.33434 2.5 145.1894 -62.49263 2.5 144.0631 -61.72177 7.5 144.8149 -63.25812 7.5 143.3073 -56.98416 7.5 149.2434 -57.78715 2.5 148.5152 -58.58479 7.5 147.783 -58.9816 2.5 147.4154 -60.164 7.5 146.3068 -60.164 2.5 146.3068 -63.63885 2.5 142.9279 -64.77303 7.5 141.7839 -64.77303 2.5 141.7839 -65.89515 2.5 140.631 -64.77303 -2.5 141.7839 -65.89515 -2.5 140.631 -67.00521 -2.5 139.4693 -68.10322 -2.5 138.2987 -69.18917 -2.5 137.1193 -70.26307 -2.5 135.931 -70.26307 2.5 135.931 -71.32492 2.5 134.7338 -70.61836 7.5 135.5329 -72.02611 7.5 133.9308 -66.26651 7.5 140.2448 -67.00521 2.5 139.4693 -67.73856 7.5 138.6899 -68.10322 2.5 138.2987 -69.18917 7.5 137.1193 -69.18917 2.5 137.1193 -72.3747 2.5 133.5278 -73.41243 7.5 132.3129 -73.41243 2.5 132.3129 -74.43811 2.5 131.0892 -73.41243 -2.5 132.3129 -74.43811 -2.5 131.0892 -75.45172 -2.5 129.8566 -76.45329 -2.5 128.6152 -77.4428 -2.5 127.3649 -78.42025 -2.5 126.1058 -78.42025 2.5 126.1058 -79.38565 2.5 124.8378 -78.7434 7.5 125.6841 -80.02256 7.5 123.9875 -74.77732 7.5 130.6793 -75.45172 2.5 129.8566 -76.12078 7.5 129.03 -76.45329 2.5 128.6152 -77.4428 7.5 127.3649 -77.4428 2.5 127.3649 -80.339 2.5 123.5609 -81.28028 7.5 122.2752 -81.28028 2.5 122.2752 -82.20952 2.5 120.9806 -81.28028 -2.5 122.2752 -82.20952 -2.5 120.9806 -83.1267 -2.5 119.6772 -84.03182 -2.5 118.3649 -84.92488 -2.5 117.0438 -85.8059 -2.5 115.7138 -85.8059 2.5 115.7138 -86.67485 2.5 114.3749 -86.09689 7.5 115.2685 -87.24745 7.5 113.4774 -82.51658 7.5 120.5471 -83.1267 2.5 119.6772 -83.73145 7.5 118.8033 -84.03182 2.5 118.3649 -84.92488 7.5 117.0438 -84.92488 2.5 117.0438 -87.53175 2.5 113.0272 -88.3766 7.5 111.6707 -88.3766 2.5 111.6707 -89.20938 2.5 110.3052 -88.3766 -2.5 111.6707 -89.20938 -2.5 110.3052 -90.03012 -2.5 108.931 -90.8388 -2.5 107.5478 -91.63542 -2.5 106.1558 -92.41999 -2.5 104.755 -92.41999 2.5 104.755 -93.19251 2.5 103.3453 -92.67884 7.5 104.2861 -93.70082 7.5 102.4006 -89.4843 7.5 109.8481 -90.03012 2.5 108.931 -90.57058 7.5 108.0099 -90.8388 2.5 107.5478 -91.63542 7.5 106.1558 -91.63542 2.5 106.1558 -93.95297 2.5 101.9267 -94.70137 7.5 100.4993 -94.70137 2.5 100.4993 -95.43772 2.5 99.06307 -94.70137 -2.5 100.4993 -95.43772 -2.5 99.06307 -96.16201 -2.5 97.61795 -96.87424 -2.5 96.16397 -97.57442 -2.5 94.70114 -98.26255 -2.5 93.22945 -98.26255 2.5 93.22945 -98.93862 2.5 91.7489 -98.48925 7.5 92.73692 -99.38263 7.5 90.75695 -95.68048 7.5 98.58235 -96.16201 2.5 97.61795 -96.63817 7.5 96.64962 -96.87424 2.5 96.16397 -97.57442 7.5 94.70114 -97.57442 2.5 94.70114 -99.60263 2.5 90.2595 -100.2546 7.5 88.76125 -100.2546 2.5 88.76125 -100.8945 2.5 87.25414 -100.2546 -2.5 88.76125 -100.8945 -2.5 87.25414 -101.5223 -2.5 85.73816 -102.1381 -2.5 84.21334 -102.7419 -2.5 82.67966 -103.9132 -2.5 79.58573 -105.0363 -2.5 76.45638 -105.7582 -2.5 74.35047 -106.4587 -2.5 72.2288 -107.1378 -2.5 70.0914 -107.1378 2.5 70.0914 -107.7954 7.5 67.93826 -107.1378 7.5 70.0914 -106.4587 2.5 72.2288 -106.4587 7.5 72.2288 -105.7582 2.5 74.35047 -105.7582 7.5 74.35047 -105.0363 2.5 76.45638 -105.0363 7.5 76.45638 -104.2929 7.5 78.54655 -103.9132 2.5 79.58573 -103.5281 7.5 80.62097 -102.7419 2.5 82.67966 -102.7419 7.5 82.67966 -102.1381 2.5 84.21334 -101.9342 7.5 84.7226 -101.5223 2.5 85.73816 -101.1051 7.5 86.7498 -99.60263 -2.5 90.2595 -98.93862 -2.5 91.7489 -93.95297 -2.5 101.9267 -93.19251 -2.5 103.3453 -87.53175 -2.5 113.0272 -86.67485 -2.5 114.3749 -80.339 -2.5 123.5609 -79.38565 -2.5 124.8378 -72.3747 -2.5 133.5278 -71.32492 -2.5 134.7338 -63.63885 -2.5 142.9279 -62.49263 -2.5 144.0631 -54.13147 -2.5 151.7613 -52.8888 -2.5 152.8256 -107.3799 0 62.33447 -107.3799 7.5 62.33447 -106.737 7.5 64.65039 -106.737 0 64.65039 -106.0715 7.5 66.94776 -106.0715 0 66.94776 -105.3832 7.5 69.22657 -105.3832 0 69.22657 -104.6722 7.5 71.48682 -104.6722 0 71.48682 -103.9384 7.5 73.72852 -103.9384 0 73.72852 -103.182 7.5 75.95166 -103.182 0 75.95166 -102.4028 7.5 78.15625 -102.4028 0 78.15625 -101.6009 7.5 80.34229 -101.6009 0 80.34229 -100.7763 7.5 82.50977 -100.7763 0 82.50977 -99.9289 7.5 84.65869 -99.9289 0 84.65869 -99.05881 7.5 86.78907 -99.05881 0 86.78907 -98.166 7.5 88.90088 -98.166 0 88.90088 -97.25047 7.5 90.99414 -97.25047 0 90.99414 -96.31221 7.5 93.06885 -96.31221 0 93.06885 -95.35123 7.5 95.125 -95.35123 0 95.125 -94.36753 7.5 97.1626 -94.36753 0 97.1626 -93.36109 7.5 99.18164 -93.36109 0 99.18164 -92.33193 7.5 101.1821 -92.33193 0 101.1821 -91.28005 7.5 103.1641 -91.28005 0 103.1641 -90.20545 7.5 105.1274 -90.20545 0 105.1274 -89.10812 7.5 107.0723 -89.10812 0 107.0723 -87.98806 7.5 108.9985 -87.98806 0 108.9985 -86.84529 7.5 110.9063 -86.84529 0 110.9063 -85.67978 7.5 112.7954 -85.67978 0 112.7954 -84.49156 7.5 114.666 -84.49156 0 114.666 -83.2806 7.5 116.5181 -83.2806 0 116.5181 -82.04692 7.5 118.3516 -82.04692 0 118.3516 -80.79052 7.5 120.1665 -80.79052 0 120.1665 -79.5114 7.5 121.9629 -79.5114 0 121.9629 -78.20954 7.5 123.7407 -78.20954 0 123.7407 -76.88497 7.5 125.5 -76.88497 0 125.5 -75.53767 7.5 127.2407 -75.53767 0 127.2407 -74.16765 7.5 128.9629 -74.16765 0 128.9629 -72.7749 7.5 130.6665 -72.7749 0 130.6665 -71.35942 7.5 132.3516 -71.35942 0 132.3516 -69.92123 7.5 134.0181 -69.92123 0 134.0181 -68.46031 7.5 135.666 -68.46031 0 135.666 -66.97666 7.5 137.2954 -66.97666 0 137.2954 -65.47029 7.5 138.9062 -65.47029 0 138.9062 -63.94119 7.5 140.4985 -63.94119 0 140.4985 -62.38936 7.5 142.0723 -62.38936 0 142.0723 -60.81482 7.5 143.6274 -60.81482 0 143.6274 -59.21755 7.5 145.1641 -59.21755 0 145.1641 -57.59756 7.5 146.6821 -57.59756 0 146.6821 -55.95484 7.5 148.1816 -55.95484 0 148.1816 -54.28939 7.5 149.6626 -54.28939 0 149.6626 -52.60123 7.5 151.125 -52.60123 0 151.125 -50.89033 7.5 152.5688 -50.89033 0 152.5688 -49.15671 7.5 153.9941 -49.15671 0 153.9941 -47.40037 7.5 155.4009 -47.40037 0 155.4009 -45.62131 7.5 156.7891 -45.62131 0 156.7891 -43.81952 7.5 158.1587 -43.81952 0 158.1587 -41.995 7.5 159.5098 -41.995 0 159.5098 -40.14776 7.5 160.8423 -40.14776 0 160.8423 -38.2778 7.5 162.1562 -38.2778 0 162.1562 -36.38511 7.5 163.4517 -36.38511 0 163.4517 -34.46969 7.5 164.7285 -34.46969 0 164.7285 -32.53156 7.5 165.9868 -32.53156 0 165.9868 -30.5707 7.5 167.2266 -30.5707 0 167.2266 -28.58711 7.5 168.4477 -28.58711 0 168.4477 -26.5808 7.5 169.6504 -26.5808 0 169.6504 -24.55176 7.5 170.8345 -24.55176 0 170.8345 109.4753 -7.5 62.00396 108.9329 -7.5 63.99499 108.373 -7.5 65.97309 -109.4783 7.5 61.99264 -108.9371 7.5 63.98006 -108.3762 7.5 65.96202 109.4753 2.5 62.00396 109.4753 -2.5 62.00396 108.9329 -2.5 63.99499 108.373 -2.5 65.97309 108.373 2.5 65.97309 108.9329 2.5 63.99499 -108.373 2.5 65.97309 -108.373 -2.5 65.97309 -108.9329 -2.5 63.99499 -109.4753 -2.5 62.00396 -109.4753 2.5 62.00396 -108.9329 2.5 63.99499 7.5 78.89227 65.42727 -7.5 -78.89227 65.42727 77.77778 -75.7735 0 82.77778 -72.88675 0 105 -26.22008 0 105 -20.44658 0 100 -52.44017 0 105 -49.55342 0 105 -43.77991 0 82.77778 -67.11325 0 95 -49.55342 0 77.77778 -64.2265 0 82.77778 -49.55342 0 77.77778 -52.44017 0 72.77778 -67.11325 0 60.55555 -67.11325 0 60.55555 -72.88675 0 72.77778 -72.88675 0 55.55556 -75.7735 0 105 26.22009 0 105 43.77992 0 100 40.89316 0 100 29.10684 0 95 26.22008 0 77.77778 75.7735 0 55.55555 75.7735 0 60.55555 72.88675 0 72.77778 72.88675 0 60.55555 67.11325 0 72.77778 67.11325 0 55.55555 52.44017 0 60.55555 49.55342 0 77.77778 64.2265 0 72.77778 49.55342 0 77.77778 52.44017 0 82.77778 49.55342 0 95 49.55342 0 82.77778 43.77992 0 95 43.77991 0 77.77778 29.10684 0 82.77778 26.22009 0 82.77778 72.88675 0 82.77778 67.11325 0 100 52.44017 0 105 49.55342 0 -105 -26.22009 0 -105 -43.77992 0 -100 -40.89316 0 -100 -29.10684 0 -95 -26.22008 0 -77.77778 -75.7735 0 -55.55555 -75.7735 0 -60.55555 -72.88675 0 -72.77778 -72.88675 0 -60.55555 -67.11325 0 -72.77778 -67.11325 0 -55.55555 -52.44017 0 -60.55555 -49.55342 0 -77.77778 -64.2265 0 -72.77778 -49.55342 0 -77.77778 -52.44017 0 -82.77778 -49.55342 0 -95 -49.55342 0 -82.77778 -43.77992 0 -95 -43.77991 0 -77.77778 -29.10684 0 -82.77778 -26.22009 0 -82.77778 -72.88675 0 -82.77778 -67.11325 0 -100 -52.44017 0 -105 -49.55342 0 -77.77778 75.7735 0 -82.77778 72.88675 0 -105 26.22008 0 -105 20.44658 0 -100 52.44017 0 -105 49.55342 0 -105 43.77991 0 -82.77778 67.11325 0 -95 49.55342 0 -77.77778 64.2265 0 -82.77778 49.55342 0 -77.77778 52.44017 0 -72.77778 67.11325 0 -60.55555 67.11325 0 -60.55555 72.88675 0 -72.77778 72.88675 0 -55.55556 75.7735 0 11.11111 -40.89316 0 28.33334 -26.22009 0 16.11111 -43.77991 0 33.33333 -29.10684 0 28.33333 -43.77992 0 33.33333 -40.89316 0 38.33333 -26.22008 0 50.55556 -26.22009 0 50.55556 -20.44659 0 38.33333 -20.44658 0 55.55556 -5.773501 0 50.55556 -2.886752 0 33.33333 -17.55983 0 38.33333 -2.886749 0 33.33333 -5.773501 0 28.33333 -20.44659 0 16.11111 -20.44658 0 16.11111 -26.22008 0 11.11111 -29.10684 0 6.111112 -43.77992 0 -6.111113 -43.77991 0 -6.111112 -49.55342 0 6.111113 -49.55342 0 -11.11111 -64.2265 0 -6.111113 -67.11325 0 11.11111 -52.44017 0 6.111112 -67.11325 0 11.11111 -64.2265 0 16.11111 -49.55342 0 28.33334 -49.55342 0 33.33333 -64.2265 0 50.55556 -49.55342 0 38.33333 -67.11325 0 55.55556 -52.44017 0 50.55556 -67.11325 0 55.55555 -64.2265 0 60.55555 -49.55342 0 72.77778 -49.55342 0 72.77778 -43.77992 0 60.55555 -43.77991 0 77.77778 -29.10684 0 72.77778 -26.22009 0 55.55555 -40.89316 0 60.55555 -26.22008 0 55.55556 -29.10684 0 50.55556 -43.77992 0 38.33333 -43.77991 0 38.33333 -49.55342 0 33.33333 -52.44017 0 28.33333 -67.11325 0 16.11111 -67.11325 0 16.11111 -72.88675 0 28.33334 -72.88675 0 11.11111 -75.7735 0 33.33333 -75.7735 0 50.55556 -72.88675 0 38.33333 -72.88675 0 100 5.773501 0 100 17.55983 0 105 2.886752 0 105 20.44659 0 95 2.886749 0 82.77778 2.886752 0 95 20.44658 0 77.77778 5.773501 0 82.77778 20.44659 0 77.77778 17.55983 0 72.77778 2.886749 0 60.55555 2.886752 0 60.55555 -2.886749 0 72.77778 -2.886752 0 55.55555 -17.55983 0 60.55555 -20.44658 0 77.77778 -5.773501 0 72.77778 -20.44659 0 77.77778 -17.55983 0 82.77778 -2.886749 0 95 -2.886752 0 82.77778 -20.44658 0 100 -5.773501 0 95 -20.44659 0 100 -17.55983 0 105 -2.886749 0 50.55556 72.88675 0 38.33333 72.88675 0 33.33333 75.7735 0 11.11111 75.7735 0 -11.11111 75.7735 0 -33.33333 75.7735 0 -28.33334 72.88675 0 -16.11111 72.88675 0 -28.33333 67.11325 0 -16.11111 67.11325 0 -33.33333 52.44017 0 -28.33334 49.55342 0 -11.11111 64.2265 0 -16.11111 49.55342 0 -11.11111 52.44017 0 -6.111112 67.11325 0 6.111113 67.11325 0 6.111112 72.88675 0 -6.111113 72.88675 0 38.33333 67.11325 0 50.55556 67.11325 0 33.33333 52.44017 0 38.33333 49.55342 0 55.55556 64.2265 0 50.55556 49.55342 0 16.11111 72.88675 0 28.33333 72.88675 0 16.11111 67.11325 0 28.33334 67.11325 0 11.11111 52.44017 0 16.11111 49.55342 0 33.33333 64.2265 0 28.33333 49.55342 0 38.33333 43.77992 0 50.55556 43.77991 0 33.33333 29.10684 0 38.33333 26.22009 0 55.55556 40.89316 0 50.55556 26.22008 0 55.55555 29.10684 0 60.55555 43.77992 0 72.77778 43.77991 0 11.11111 5.773501 0 28.33334 20.44658 0 16.11111 2.886752 0 33.33333 17.55983 0 28.33333 2.886749 0 33.33333 5.773501 0 38.33333 20.44659 0 50.55556 20.44658 0 6.111112 2.886749 0 11.11111 17.55983 0 16.11111 20.44659 0 28.33333 26.22008 0 16.11111 26.22009 0 33.33333 40.89316 0 28.33334 43.77991 0 11.11111 29.10684 0 16.11111 43.77992 0 11.11111 40.89316 0 6.111112 26.22008 0 -6.111113 26.22009 0 -6.111112 20.44659 0 6.111113 20.44658 0 -11.11111 5.773501 0 -6.111113 2.886752 0 -6.111112 -2.886749 0 6.111113 -2.886752 0 -11.11111 -17.55983 0 -6.111113 -20.44658 0 11.11111 -5.773501 0 6.111112 -20.44659 0 11.11111 -17.55983 0 16.11111 -2.886749 0 28.33334 -2.886752 0 -33.33333 64.2265 0 -38.33333 49.55342 0 -50.55556 49.55342 0 -50.55556 43.77992 0 -38.33333 43.77991 0 -55.55556 29.10684 0 -50.55556 26.22009 0 -33.33333 40.89316 0 -38.33333 26.22008 0 -33.33333 29.10684 0 -28.33333 43.77992 0 -16.11111 43.77991 0 77.77778 40.89316 0 72.77778 26.22008 0 60.55555 26.22009 0 60.55555 20.44659 0 72.77778 20.44658 0 55.55555 5.773501 0 -33.33333 -64.2265 0 -16.11111 -49.55342 0 -28.33334 -67.11325 0 -11.11111 -52.44017 0 -16.11111 -67.11325 0 -38.33333 -67.11325 0 -33.33333 -52.44017 0 -28.33333 -49.55342 0 -16.11111 -43.77992 0 -28.33334 -43.77991 0 -11.11111 -29.10684 0 -16.11111 -26.22009 0 -33.33333 -40.89316 0 -28.33333 -26.22008 0 -33.33333 -29.10684 0 -38.33333 -43.77992 0 -50.55556 -43.77991 0 -50.55556 -49.55342 0 -38.33333 -49.55342 0 -55.55556 -64.2265 0 -50.55556 -67.11325 0 -50.55556 -72.88675 0 -38.33333 -72.88675 0 -33.33333 -75.7735 0 -11.11111 -75.7735 0 -16.11111 -72.88675 0 -28.33333 -72.88675 0 -55.55556 5.773501 0 -38.33333 20.44658 0 -50.55556 2.886752 0 -33.33333 17.55983 0 -38.33333 2.886749 0 -33.33333 5.773501 0 -28.33333 20.44659 0 -16.11111 20.44658 0 -16.11111 26.22008 0 -28.33334 26.22009 0 -11.11111 40.89316 0 -60.55555 2.886749 0 -55.55555 17.55983 0 -50.55556 20.44659 0 -60.55555 -2.886752 0 -72.77778 -2.886749 0 -72.77778 2.886752 0 -60.55555 20.44658 0 -77.77778 5.773501 0 -72.77778 20.44659 0 -77.77778 17.55983 0 -82.77778 2.886749 0 -95 2.886752 0 -95 -2.886749 0 -82.77778 -2.886752 0 -100 -17.55983 0 -95 -20.44658 0 -77.77778 -5.773501 0 -82.77778 -20.44659 0 -77.77778 -17.55983 0 -72.77778 -20.44658 0 -55.55555 -5.773501 0 -60.55555 -20.44659 0 -55.55556 -17.55983 0 -50.55556 -2.886749 0 -38.33333 -2.886752 0 -100 29.10684 0 -82.77778 43.77991 0 -95 26.22009 0 -77.77778 40.89316 0 -82.77778 26.22008 0 -77.77778 29.10684 0 -72.77778 43.77992 0 -60.55555 43.77991 0 -60.55555 49.55342 0 -72.77778 49.55342 0 -55.55555 64.2265 0 -100 40.89316 0 -95 43.77992 0 -100 17.55983 0 -100 5.773501 0 -105 2.886749 0 -105 -2.886752 0 -105 -20.44659 0 -100 -5.773501 0 -95 20.44659 0 -82.77778 20.44658 0 -77.77778 -40.89316 0 -60.55555 -26.22009 0 -72.77778 -43.77991 0 -55.55555 -29.10684 0 -60.55555 -43.77992 0 -55.55556 -40.89316 0 -50.55556 -26.22008 0 -38.33333 -26.22009 0 -38.33333 -20.44659 0 -50.55556 -20.44658 0 -33.33333 -5.773501 0 -72.77778 -26.22008 0 -38.33333 67.11325 0 -55.55556 52.44017 0 -50.55556 67.11325 0 -72.77778 26.22009 0 -55.55555 40.89316 0 -60.55555 26.22008 0 6.111113 -72.88675 0 -6.111112 -72.88675 0 -38.33333 72.88675 0 -50.55556 72.88675 0 38.33333 2.886752 0 55.55556 17.55983 0 50.55556 2.886749 0 -11.11111 17.55983 0 -16.11111 2.886749 0 -28.33334 2.886752 0 -28.33333 -2.886749 0 -16.11111 -2.886752 0 -33.33333 -17.55983 0 -28.33334 -20.44658 0 -11.11111 -5.773501 0 -16.11111 -20.44659 0 77.77778 -40.89316 0 82.77778 -26.22008 0 95 -26.22009 0 82.77778 -43.77991 0 100 -29.10684 0 95 -43.77992 0 100 -40.89316 0 -6.111113 49.55342 0 11.11111 64.2265 0 6.111112 49.55342 0 -11.11111 29.10684 0 -6.111112 43.77992 0 6.111113 43.77991 0 -11.11111 -40.89316 0 -6.111112 -26.22008 0 6.111113 -26.22009 0 -110 41.66667 27.88675 -110 41.66667 22.11325 -110 46.66667 19.2265 -110 46.66667 30.7735 -110 51.66667 22.11325 -110 51.66667 27.88675 -110 -4.999999 27.88675 -110 -4.999999 22.11325 -110 1.04308e-6 19.2265 -110 1.04308e-6 30.7735 -110 5.000001 22.11325 -110 5.000001 27.88675 -110 65 27.88675 -110 65 22.11325 -110 70 19.2265 -110 70 30.7735 -110 75 22.11325 -110 75 27.88675 -110 -28.33333 42.88675 -110 -28.33333 37.11325 -110 -23.33333 34.2265 -110 -23.33333 45.7735 -110 -18.33333 37.11325 -110 -18.33333 42.88675 -110 -4.999999 42.88675 -110 -4.999999 37.11325 -110 1.04308e-6 34.2265 -110 1.04308e-6 45.7735 -110 5.000001 37.11325 -110 5.000001 42.88675 -110 -51.66666 27.88675 -110 -51.66666 22.11325 -110 -46.66666 19.2265 -110 -46.66666 30.7735 -110 -41.66666 22.11325 -110 -41.66666 27.88675 -110 -51.66666 42.88675 -110 -51.66666 37.11325 -110 -46.66666 34.2265 -110 -46.66666 45.7735 -110 -41.66666 37.11325 -110 -41.66666 42.88675 -110 -75 42.88675 -110 -75 37.11325 -110 -70 34.2265 -110 -70 45.7735 -110 -65 37.11325 -110 -65 42.88675 -110 41.66667 12.88675 -110 41.66667 7.113249 -110 46.66667 4.226497 -110 46.66667 15.7735 -110 51.66667 7.113249 -110 51.66667 12.88675 -110 -28.33333 27.88675 -110 -28.33333 22.11325 -110 -23.33333 19.2265 -110 -23.33333 30.7735 -110 -18.33333 22.11325 -110 -18.33333 27.88675 -110 -4.999999 12.88675 -110 -4.999999 7.113249 -110 1.04308e-6 4.226497 -110 1.04308e-6 15.7735 -110 5.000001 7.113249 -110 5.000001 12.88675 -110 -51.66666 12.88675 -110 -51.66666 7.113249 -110 -46.66666 4.226497 -110 -46.66666 15.7735 -110 -41.66666 7.113249 -110 -41.66666 12.88675 -110 -75 12.88675 -110 -75 7.113249 -110 -70 4.226497 -110 -70 15.7735 -110 -65 7.113249 -110 -65 12.88675 -110 41.66667 42.88675 -110 41.66667 37.11325 -110 46.66667 34.2265 -110 46.66667 45.7735 -110 51.66667 37.11325 -110 51.66667 42.88675 -110 18.33333 42.88675 -110 18.33333 37.11325 -110 23.33333 34.2265 -110 23.33333 45.7735 -110 28.33333 37.11325 -110 28.33333 42.88675 -110 70 15.7735 -110 65 12.88675 -110 65 7.113249 -110 75 12.88675 -110 70 4.226497 -110 75 7.113249 -110 18.33333 12.88675 -110 18.33333 7.113249 -110 23.33333 4.226497 -110 23.33333 15.7735 -110 28.33333 7.113249 -110 28.33333 12.88675 -110 -75 27.88675 -110 -75 22.11325 -110 -70 19.2265 -110 -70 30.7735 -110 -65 22.11325 -110 -65 27.88675 -110 65 42.88675 -110 65 37.11325 -110 70 34.2265 -110 70 45.7735 -110 75 37.11325 -110 75 42.88675 -110 -28.33333 12.88675 -110 -28.33333 7.113249 -110 -23.33333 4.226497 -110 -23.33333 15.7735 -110 -18.33333 7.113249 -110 -18.33333 12.88675 -110 18.33333 27.88675 -110 18.33333 22.11325 -110 23.33333 19.2265 -110 23.33333 30.7735 -110 28.33333 22.11325 -110 28.33333 27.88675</float_array>
          <technique_common>
            <accessor source="#box_main-mesh-positions-array" count="3862" stride="3">
              <param name="X" type="float"/>
              <param name="Y" type="float"/>
              <param name="Z" type="float"/>
            </accessor>
          </technique_common>
        </source>
        <source id="box_main-mesh-normals">
          <float_array id="box_main-mesh-normals-array" count="25212">-1.90735e-6 1 0 -1.90735e-6 1 0 1 0 0 1 0 0 9.53674e-7 -1 0 9.53674e-7 -1 0 -1 0 0 -1 0 0 0 1 0 0 1 0 -1 0 0 -1 0 0 0 0 -1 0 0 -1 0 0 -1 0 0 -1 -1 0 0 -1 0 0 0 1 0 0 1 0 1 0 0 1 0 0 0 -1 0 0 -1 0 -1 0 0 -1 0 0 0 -1 0 0 -1 0 0 0 -1 0 0 -1 0 0 -1 0 0 -1 0 1 0 0 1 0 1 0 0 1 0 0 0 -1 0 0 -1 0 -1 0 0 -1 0 0 0 1 0 0 1 0 1 0 0 1 0 0 0 0 -1 0 0 -1 0 0 -1 0 0 -1 1.90735e-6 -1 0 1.90735e-6 -1 0 -1 0 0 -1 0 0 -9.53674e-7 1 0 -9.53674e-7 1 0 1 0 0 1 0 0 0 -1 0 0 -1 0 1 0 0 1 0 0 0 0 -1 0 0 -1 0 0 -1 0 0 -1 0 0 1 0 0 1 0 0 1 0 0 1 0 0 1 0 0 1 0 0 1 0 0 1 0 0 1 0 0 1 0 0 -1 0 0 -1 0 0 -1 0 0 -1 0 0 -1 0 0 -1 0 0 -1 0 0 -1 0 0 -1 0 0 -1 0 1 0 0 1 0 0 0 1 0 0 1 0 0 1 0 0 1 0 0 1 0 0 1 0 0 1 0 0 1 0 0 1 0 0 1 0 0 1 0 0 1 0 0 1 0 0 1 0 0 1 0 0 1 0 0 1 0 0 1 0 0 1 0 0 1 0 0 1 0 0 1 0 0 1 0 0 1 0 0 1 0 0 1 0 0 1 0 0 1 0 0 1 0 0 1 0 0 1 0 0 1 0 0 1 0 0 1 0 0 1 0 0 1 0 0 1 0 0 1 0 0 1 0 0 1 0 0 1 0 0 1 0 0 1 0 0 1 0 0 1 0 0 1 0 0 1 0 0 1 0 0 1 0 0 1 0 0 1 0 0 1 0 0 1 0 0 1 0 0 1 0 0 1 0 0 1 0 0 1 0 0 1 0 0 1 0 0 1 0 0 1 0 0 1 0 0 1 0 0 1 0 0 1 0 0 1 0 0 1 0 0 1 0 0 1 0 0 1 0 0 1 0 0 1 0 0 1 0 0 1 0 0 1 0 0 1 0 0 1 0 0 1 0 0 1 0 0 1 0 0 1 0 0 1 0 0 1 0 0 1 0 0 1 0 0 1 0 0 1 0 0 1 0 0 1 0 0 1 0 0 1 0 0 1 0 0 1 0 0 1 0 0 1 0 0 1 0 0 1 0 0 1 0 0 1 0 0 1 0 0 1 0 0 1 0 0 1 0 0 1 0 0 1 0 0 1 0 0 1 0 0 1 0 0 1 0 0 1 0 0 1 0 0 1 0 0 1 0 0 1 0 0 1 0 0 1 0 0 1 0 0 1 0 0 1 0 0 1 0 0 1 0 0 1 0 0 1 0 0 1 0 0 1 0 0 1 0 0 1 0 0 1 0 0 1 0 0 1 0 0 1 0 0 1 0 0 1 0 0 1 0 0 1 0 0 1 0 0 1 0 0 1 0 0 1 0 0 1 0 0 1 0 0 1 0 0 1 0 0 1 0 0 1 0 0 1 0 0 1 0 0 1 0 0 1 0 0 1 0 0 1 0 0 1 0 0 1 0 0 1 0 0 1 0 0 1 0 0 1 0 0 1 0 0 1 0 0 1 0 0 1 0 0 1 0 0 1 0 0 1 0 0 1 0 0 1 0 0 1 0 0 1 0 0 1 0 0 1 0 0 1 0 0 1 0 0 1 0 0 1 0 0 1 0 0 1 0 0 1 0 0 1 0 0 1 0 0 1 0 0 1 0 0 1 0 0 1 0 0 1 0 0 1 0 0 1 0 0 1 0 0 1 0 0 1 0 0 1 0 0 1 0 0 1 0 0 1 0 0 1 0 0 1 0 0 1 0 0 1 0 0 1 0 0 1 0 0 1 0 0 1 0 0 1 0 0 1 0 0 1 0 0 1 0 0 1 0 0 1 0 0 1 0 0 1 0 0 1 0 0 1 0 0 1 0 0 1 0 0 1 0 0 1 0 0 1 0 0 1 0 0 1 0 0 1 0 0 1 0 0 1 0 0 1 0 0 1 0 0 1 0 0 1 0 0 1 0 0 1 0 0 1 0 0 1 0 0 1 0 0 1 0 0 1 0 0 1 0 0 1 0 0 1 0 0 1 0 0 1 0 0 1 0 0 1 0 0 1 0 0 1 0 0 1 0 0 1 0 0 1 0 0 1 0 0 1 0 0 1 0 0 1 0 0 1 0 0 1 0 0 1 0 0 1 0 0 1 0 0 1 0 0 1 0 0 1 0 0 1 0 0 1 0 0 1 0 0 1 0 0 1 0 0 1 0 0 1 0 0 1 0 0 1 0 0 1 0 0 1 0 0 1 0 0 1 0 0 1 0 0 1 0 0 1 0 0 1 0 0 1 0 0 1 0 0 1 0 0 1 0 0 1 0 0 1 0 0 1 0 0 1 0 0 1 0 0 1 0 0 1 0 0 1 0 0 1 0 0 1 0 0 1 0 0 1 0 0 1 0 0 1 0 0 1 0 0 1 0 0 1 0 0 1 0 0 1 0 0 1 0 0 1 0 0 1 0 0 1 0 0 1 0 0 1 0 0 1 0 0 1 0 0 1 0 0 1 0 0 1 0 0 1 0 0 1 0 0 1 0 0 1 0 0 1 0 0 1 0 0 1 0 0 1 0 0 1 0 0 1 0 0 1 0 0 1 0 0 1 0 0 1 0 0 1 0 0 1 0 0 1 0 0 1 0 0 1 0 0 1 0 0 1 0 0 1 0 0 1 0 0 1 0 0 1 0 0 1 0 0 1 0 0 1 0 0 1 0 0 1 0 0 1 0 0 1 0 0 1 0 0 1 0 0 1 0 0 1 0 0 1 0 0 1 0 0 1 0 0 1 0 0 1 0 0 1 0 0 1 0 0 1 0 0 1 0 0 1 0 0 1 0 0 1 0 0 1 0 0 1 0 0 1 0 0 1 0 0 1 0 0 1 0 0 1 0 0 1 0 0 1 0 0 1 0 0 1 0 0 1 0 0 1 0 0 1 0 0 1 0 0 1 0 0 1 0 0 1 0 0 1 0 0 1 0 0 1 0 0 1 0 0 1 0 0 1 0 0 1 0 0 1 0 0 1 0 0 1 0 0 1 0 0 1 0 0 1 0 0 1 0 0 1 0 0 1 0 0 1 0 0 1 0 0 1 0 0 1 0 0 1 0 0 1 0 0 1 0 0 1 0 0 1 0 0 1 0 0 1 0 0 1 0 0 1 0 0 1 0 0 1 0 0 1 0 0 1 0 0 1 0 0 1 0 0 1 0 0 1 0 0 1 0 0 1 0 0 1 0 0 1 0 0 1 0 0 1 0 0 1 0 0 1 0 0 1 0 0 1 0 0 1 0 0 1 0 0 1 0 0 1 0 0 1 0 0 1 0 0 1 0 0 1 0 0 1 0 0 1 0 0 1 0 0 1 0 0 1 0 0 1 0 0 1 0 0 1 0 0 1 0 0 1 0 0 1 0 0 1 0 0 1 0 0 1 0 0 1 0 0 1 0 0 1 0 0 1 0 0 1 0 0 1 0 0 1 0 0 1 0 0 1 0 0 1 0 0 1 0 0 1 0 0 1 0 0 1 0 0 1 0 0 1 0 0 1 0 0 1 0 0 1 0 0 1 0 0 1 0 0 1 0 0 1 0 0 1 0 0 1 0 0 1 0 0 1 0 0 1 0 0 1 0 0 1 0 0 1 0 0 1 0 0 1 0 0 1 0 0 1 0 0 1 0 0 1 0 0 1 0 0 1 0 0 1 0 0 1 0 0 1 0 0 1 0 0 1 0 0 1 0 0 1 0 0 1 0 0 1 0 0 1 0 0 1 0 0 1 0 0 1 0 0 1 0 0 1 0 0 1 0 0 1 0 0 1 0 0 1 0 0 1 0 0 1 0 0 1 0 0 1 0 0 1 0 0 1 0 0 1 0 0 1 0 0 1 0 0 1 0 0 1 0 0 1 0 0 1 0 0 1 0 0 1 0 0 1 0 0 1 0 0 1 0 0 1 0 0 1 0 0 1 0 0 1 0 0 1 0 0 1 0 0 1 0 0 1 0 0 1 0 0 1 0 0 1 1 0 0 1 0 0 1 0 0 1 0 0 1 0 0 1 0 0 1 0 0 1 0 0 1 0 0 1 0 0 1 0 0 1 0 0 1 0 0 1 0 0 1 0 0 1 0 0 1 0 0 1 0 0 1 0 0 1 0 0 1 0 0 1 0 0 1 0 0 1 0 0 1 0 0 1 0 0 1 0 0 1 0 0 1 0 0 1 0 0 1 0 0 1 0 0 1 0 0 1 0 0 1 0 0 1 0 0 1 0 0 1 0 0 1 0 0 1 0 0 1 0 0 1 0 0 1 0 0 1 0 0 1 0 0 1 0 0 1 0 0 1 0 0 1 0 0 1 0 0 1 0 0 1 0 0 1 0 0 1 0 0 1 0 0 1 0 0 1 0 0 1 0 0 1 0 0 1 0 0 1 0 0 1 0 0 1 0 0 1 0 0 1 0 0 1 0 0 1 0 0 1 0 0 1 0 0 1 0 0 1 0 0 1 0 0 1 0 0 1 0 0 1 0 0 1 0 0 1 0 0 1 0 0 1 0 0 1 0 0 1 0 0 1 0 0 1 0 0 1 0 0 1 0 0 1 0 0 1 0 0 1 0 0 1 0 0 1 0 0 1 0 0 1 0 0 1 0 0 1 0 0 1 0 0 1 0 0 1 0 0 1 0 0 1 0 0 1 0 0 1 0 0 1 0 0 1 0 0 1 0 0 1 0 0 1 0 0 1 0 0 1 0 0 1 0 0 1 0 0 1 0 0 1 0 0 1 0 0 1 0 0 1 0 0 1 0 0 1 0 0 1 0 0 1 0 0 1 0 0 1 0 0 1 0 0 1 0 0 1 0 0 1 0 0 1 0 0 1 0 0 1 0 0 1 0 0 1 0 0 1 0 0 1 0 0 1 0 0 1 0 0 1 0 0 1 0 0 1 0 0 1 0 0 1 0 0 1 0 0 1 0 0 1 0 0 1 0 0 1 0 0 1 0 0 1 0 0 1 0 0 1 0 0 1 0 0 1 0 0 1 0 0 1 0 0 1 0 0 1 0 0 1 0 0 1 0 0 1 0 0 1 0 0 1 0 0 1 0 0 1 0 0 1 0 0 1 0 0 1 0 0 1 0 0 1 0 0 1 0 0 1 0 0 1 0 0 1 0 0 1 0 0 1 0 0 1 0 0 1 0 0 0 0 1 0 0 1 0 0 1 0 0 1 0 0 1 0 0 1 0 0 1 0 0 1 0 0 1 0 0 1 0 0 1 0 0 1 0 0 1 0 0 1 0 0 1 0 0 1 0 0 1 0 0 1 0 0 1 0 0 1 0 0 1 0 0 1 0 0 1 0 0 1 0 -1 0 0 -1 0 0 -1 0 0 -1 0 0 -1 0 0 -1 0 0 -1 0 0 -1 0 0 -1 0 0 -1 0 0 -1 0 0 -1 0 0 -1 0 0 -1 0 0 -1 0 0 -1 0 0 -1 0 0 -1 0 0 -1 0 0 -1 0 0 -1 0 0 -1 0 0 -1 0 0 -1 0 0 -1 0 0 -1 0 0 -1 0 0 -1 0 0 -1 0 0 -1 0 0 -1 0 0 -1 0 0 -1 0 0 -1 0 0 -1 0 0 -1 0 0 -1 0 0 -1 0 0 -1 0 0 -1 0 0 -1 0 0 -1 0 0 -1 0 0 -1 0 0 -1 0 0 -1 0 0 -1 0 0 -1 0 0 -1 0 0 -1 0 0 -1 0 0 -1 0 0 -1 0 0 -1 0 0 -1 0 0 -1 0 0 -1 0 0 -1 0 0 -1 0 0 -1 0 0 -1 0 0 -1 0 0 -1 0 0 -1 0 0 -1 0 0 -1 0 0 -1 0 0 -1 0 0 -1 0 0 -1 0 0 -1 0 0 -1 0 0 -1 0 0 -1 0 0 -1 0 0 -1 0 0 -1 0 0 -1 0 0 -1 0 0 -1 0 0 -1 0 0 -1 0 0 -1 0 0 -1 0 0 -1 0 0 -1 0 0 -1 0 0 -1 0 0 -1 0 0 -1 0 0 -1 0 0 -1 0 0 -1 0 0 -1 0 0 -1 0 0 -1 0 0 -1 0 0 -1 0 0 -1 0 0 -1 0 0 -1 0 0 -1 0 0 -1 0 0 -1 0 0 -1 0 0 -1 0 0 -1 0 0 -1 0 0 -1 0 0 -1 0 0 -1 0 0 -1 0 0 -1 0 0 -1 0 0 -1 0 0 -1 0 0 -1 0 0 -1 0 0 -1 0 0 -1 0 0 -1 0 0 -1 0 0 -1 0 0 -1 0 0 -1 0 0 -1 0 0 -1 0 0 -1 0 0 -1 0 0 -1 0 0 -1 0 0 -1 0 0 -1 0 0 -1 0 0 -1 0 0 -1 0 0 -1 0 0 -1 0 0 -1 0 0 -1 0 0 -1 0 0 -1 0 0 -1 0 0 -1 0 0 -1 0 0 -1 0 0 -1 0 0 -1 0 0 -1 0 0 -1 0 0 -1 0 0 -1 0 0 -1 0 0 -1 0 0 -1 0 0 -1 0 0 -1 0 0 -1 0 0 -1 0 0 -1 0 0 -1 0 0 -1 0 0 -1 0 0 -1 0 0 -1 0 0 -1 0 0 -1 0 0 -1 0 0 -1 0 0 -1 0 0 -1 0 0 -1 0 0 -1 0 0 -1 0 0 -1 0 0 -1 0 0 -1 0 0 -1 0 0 -1 0 0 -1 0 0 -1 0 0 -1 0 0 -1 0 0 -1 0 0 -1 0 0 -1 0 0 -1 0 0 -1 0 0 -1 0 0 -1 0 0 -1 0 0 -1 0 0 -1 0 0 -1 0 0 -1 0 0 -1 0 0 -1 0 0 -1 0 0 -1 0 0 -1 0 0 -1 0 0 -1 0 0 -1 0 0 -1 0 0 -1 0 0 -1 0 0 -1 0 0 -1 0 0 -1 0 0 -1 0 0 -1 0 0 -1 0 0 -1 0 0 -1 0 0 -1 0 0 -1 0 0 -1 0 0 -1 0 0 -1 0 0 -1 0 0 -1 0 0 -1 0 0 -1 0 0 -1 0 0 -1 0 0 -1 0 0 -1 0 0 -1 0 0 -1 0 0 -1 0 0 -1 0 0 -1 0 0 -1 0 0 -1 0 0 -1 0 0 -1 0 0 -1 0 0 -1 0 0 -1 0 0 -1 0 0 -1 0 0 -1 0 -1 0 0 -1 0 0 -1 0 0 -1 0 0 -1 0 0 -1 0 0 -1 0 0 -1 0 0 -1 0 0 -1 0 0 -1 0 0 -1 0 0 -1 0 0 -1 0 0 -1 0 0 -1 0 0 -1 0 0 -1 0 0 -1 0 0 -1 0 0 -1 0 0 -1 0 0 -1 0 0 -1 0 0 -1 0 0 -1 0 0 -1 0 0 -1 0 0 -1 0 0 -1 0 0 -1 0 0 -1 0 0 -1 0 0 -1 0 0 -1 0 0 -1 0 0 -1 0 0 -1 0 0 -1 0 0 -1 0 0 -1 0 0 -1 0 0 -1 0 0 -1 0 0 -1 0 0 -1 0 0 -1 0 0 -1 0 0 -1 0 0 -1 0 0 -1 0 0 -1 0 0 -1 0 0 -1 0 0 -1 0 0 -1 0 0 -1 0 0 -1 0 0 -1 0 0 -1 0 0 -1 0 0 -1 0 0 -1 0 0 -1 0 0 -1 0 0 -1 0 0 -1 0 0 -1 0 0 -1 0 0 -1 0 0 -1 0 0 -1 0 0 -1 0 0 -1 0 0 -1 0 0 -1 0 0 -1 0 0 -1 0 0 -1 0 0 -1 0 0 -1 0 0 -1 0 0 -1 0 0 -1 0 0 -1 0 0 -1 0 0 -1 0 0 -1 0 0 -1 0 0 -1 0 0 -1 0 0 -1 0 0 -1 0 0 -1 0 0 -1 0 0 -1 0 0 -1 0 0 -1 0 0 -1 0 0 -1 0 0 -1 0 0 -1 0 0 -1 0 0 -1 0 0 -1 0 0 -1 0 0 -1 0 0 -1 0 0 -1 0 0 -1 0 0 -1 0 0 -1 0 0 -1 0 0 -1 0 0 -1 0 0 -1 0 0 -1 0 0 -1 0 0 -1 0 0 -1 0 0 -1 0 0 -1 0 0 -1 0 0 -1 0 0 -1 0 0 -1 0 0 -1 0 0 -1 0 0 -1 0 0 -1 0 0 -1 0 0 -1 0 0 -1 0 0 -1 0 0 -1 0 0 -1 0 0 -1 0 0 -1 0 0 -1 0 0 -1 0 0 -1 0 0 -1 0 0 -1 0 0 -1 0 0 -1 0 0 -1 0 0 -1 0 0 -1 0 0 -1 0 0 -1 0 0 -1 0 0 -1 0 0 -1 0 0 -1 0 0 -1 0 0 -1 0 0 -1 0 0 -1 0 0 -1 0 0 -1 0 0 -1 0 0 -1 0 0 -1 0 0 -1 0 0 -1 0 0 -1 0 0 -1 0 0 -1 0 0 -1 0 0 -1 0 0 -1 0 0 -1 0 0 -1 0 0 -1 0 0 1 0 0 1 0 0 1 0 0 1 0 0 1 0 0 1 0 0 1 0 0 1 0 0 1 0 0 1 0 0 1 0 0 1 0 0 1 0 0 1 0 0 1 0 0 1 0 0 1 0 0 1 0 0 1 0 0 1 0 0 1 0 0 1 0 0 1 0 0 1 0 0 1 0 0 1 0 0 1 0 0 1 0 0 1 0 0 1 0 0 1 0 0 1 0 0 1 0 0 1 0 0 1 0 0 1 0 0 1 0 0 1 0 0 1 0 0 1 0 0 1 0 0 1 0 0 1 0 0 1 0 0 1 0 0 1 0 0 1 0 0 1 0 0 1 0 0 1 0 0 1 0 0 1 0 0 1 0 0 1 0 0 1 0 0 1 0 0 1 0 0 1 0 0 1 0 0 1 0 0 1 0 0 1 0 0 1 0 0 1 0 0 1 0 0 1 0 0 1 0 0 1 0 0 1 0 0 1 0 0 1 0 0 1 0 0 1 0 0 1 0 0 1 0 0 1 0 0 1 0 0 1 0 0 1 0 0 1 0 0 1 0 0 1 0 0 1 0 0 1 0 0 1 0 0 1 0 0 1 0 0 1 0 0 1 0 0 1 0 0 1 0 0 1 0 0 1 0 0 1 0 0 1 0 0 1 0 0 1 0 0 1 0 0 1 0 0 1 0 0 1 0 0 1 0 0 1 0 0 1 0 0 1 0 0 1 0 0 1 0 0 1 0 0 1 0 0 1 0 0 1 0 0 1 0 0 1 0 0 1 0 0 1 0 0 1 0 0 1 0 0 1 0 0 1 0 0 1 0 0 1 0 0 1 0 0 1 0 0 1 0 0 1 0 0 1 0 0 1 0 0 1 0 0 1 0 0 1 0 0 1 0 0 1 0 0 1 0 0 1 0 0 1 0 0 1 0 0 1 0 0 1 0 0 1 0 0 1 0 0 1 0 0 1 0 0 1 0 0 1 0 0 1 0 0 1 0 0 1 0 0 1 0 0 1 0 0 1 0 0 1 0 0 1 0 0 1 0 0 1 0 0 1 0 0 1 0 0 1 0 0 1 0 0 1 0 0 1 0 0 1 0 0 1 0 0 1 0 0 1 0 0 1 0 0 1 0 0 1 0 0 1 0 0 1 0 0 1 0 0 1 0 0 1 0 0 0 -1 0 0 -1 0 0 1 0 0 1 0 0 1 0 0 1 0 0 1 0 0 1 0 0 1 0 0 1 0 0 1 0 0 1 0 0 1 0 0 1 0 0 1 0 0 1 0 0 1 0 0 1 0 0 1 0 0 1 0 0 1 0 0 1 0 0 1 0 0 1 0 0 1 0 0 1 0 0 1 0 0 1 0 0 1 0 0 1 0 0 1 0 0 1 0 0 1 0 0 1 0 0 1 0 0 1 0 0 1 0 0 1 0 0 1 0 0 1 0 0 1 0 0 1 0 0 1 0 0 1 0 0 1 0 0 1 0 0 1 0 0 1 0 0 1 0 0 1 0 0 1 0 0 1 0 0 1 0 0 1 0 0 1 0 0 1 0 0 1 0 0 1 0 0 1 0 0 1 0 0 1 0 0 1 0 0 1 0 0 1 0 0 1 0 0 1 0 0 1 0 0 1 0 0 1 0 0 1 0 0 1 0 0 1 0 0 1 0 0 1 0 0 1 0 0 1 0 0 1 0 0 1 0 0 1 0 0 1 0 0 1 0 0 1 0 0 1 0 0 1 0 0 1 0 0 1 0 0 1 0 0 1 0 0 1 0 0 1 0 0 1 0 0 1 0 0 1 0 0 1 0 0 1 0 0 1 0 0 1 0 0 1 0 0 1 0 0 1 0 0 1 0 0 1 0 0 1 0 0 1 0 0 1 0 0 1 0 0 1 0 0 1 0 0 1 0 0 1 0 0 1 0 0 1 0 0 1 0 0 1 0 0 1 0 0 1 0 0 1 0 0 1 0 0 1 0 0 1 0 0 1 0 0 1 0 0 1 0 0 1 0 0 1 0 0 1 0 0 1 0 0 1 0 0 1 0 0 1 0 0 1 0 0 1 0 0 1 0 0 1 0 0 1 0 0 1 0 0 1 0 0 1 0 0 1 0 0 1 0 0 1 0 0 1 0 0 1 0 0 1 0 0 1 0 0 1 0 0 1 0 0 1 0 0 1 0 0 1 0 0 1 0 0 1 0 0 1 0 0 1 0 0 1 0 0 1 0 0 1 0 0 1 0 0 1 0 0 1 0 0 1 0 0 1 0 0 1 0 0 1 0 0 1 0 0 1 0 0 1 0 0 1 0 0 1 0 0 1 0 0 1 0 0 1 0 0 1 0 0 1 0 0 1 0 0 1 0 0 1 0 0 1 0 0 1 0 0 1 0 0 1 0 0 1 0 0 1 0 0 1 0 0 1 0 0 1 0 0 1 0 0 1 0 0 1 0 0 1 0 0 1 0 0 1 0 0 1 0 0 1 0 0 1 0 0 1 0 0 1 0 0 1 0 0 1 0 0 1 0 0 1 0 0 1 0 0 1 0 0 1 0 0 1 0 0 1 0 0 1 0 0 1 0 0 1 0 0 1 0 0 1 0 0 1 0 0 1 0 0 1 0 0 1 0 0 1 0 0 1 0 0 1 0 0 1 0 0 1 0 0 1 0 0 1 0 0 1 0 0 1 0 0 1 0 0 1 0 0 1 0 0 1 0 0 1 0 0 1 0 0 1 0 0 1 0 0 1 0 0 1 0 0 1 0 0 1 0 0 1 0 0 1 0 0 1 0 0 1 0 0 1 0 0 1 0 0 1 0 0 1 0 -1 0 0 -1 0 0 0 0 -1 0 0 -1 0 0 -1 0 0 -1 0 0 -1 0 0 -1 0 0 -1 0 0 -1 0 1 0 0 1 0 1 0 0 1 0 0 0 -1 0 0 -1 0 -1 0 0 -1 0 0 0 1 0 0 1 0 0 1 0 0 1 0 0 1 0 0 1 0 0 1 0 0 1 0 0 1 0 0 1 0 0 1 0 0 1 0 0 1 0 0 1 0 0 1 0 0 1 0 0 1 0 0 1 0 0 1 0 0 1 0 0 1 0 0 1 0 0 1 0 0 1 0 0 1 0 0 1 0 0 1 0 0 1 0 0 1 0 0 1 0 0 1 0 0 1 0 0 1 0 0 1 0 0 1 0 0 1 0 0 1 0 0 1 0 0 1 0 0 1 0 0 1 0 0 1 0 0 1 0 0 1 0 0 1 0 0 1 0 0 1 0 0 1 0 0 1 0 0 1 0 0 1 0 0 1 0 0 1 0 0 1 0 0 1 0 0 1 0 0 1 0 0 1 0 0 1 0 0 1 0 0 1 0 0 1 0 0 1 0 0 1 0 0 1 0 0 1 0 0 1 0 0 1 0 0 1 0 0 1 0 0 1 0 0 1 0 0 1 0 0 1 0 0 1 0 0 1 0 0 1 0 0 1 0 0 1 0 0 1 0 0 1 0 0 1 0 0 1 0 0 1 0 0 1 0 0 1 0 0 1 0 0 1 0 0 1 0 0 1 0 0 1 0 0 1 0 0 1 0 0 1 0 0 1 0 0 1 0 0 1 0 0 1 0 0 1 0 0 1 0 0 1 0 0 1 0 0 1 0 0 1 0 0 1 0 0 1 0 0 1 0 0 1 0 0 1 0 0 1 0 0 1 0 0 1 0 0 1 0 0 1 0 0 1 0 0 1 0 0 1 0 0 1 0 0 1 0 0 1 0 0 1 0 0 1 0 0 1 0 0 1 0 0 1 0 0 1 0 0 1 0 0 1 0 0 1 0 0 1 0 0 1 0 0 1 0 0 1 0 0 1 0 0 1 0 0 1 0 1 0 0 1 0 0 1 0 0 1 0 0 1 0 0 1 0 0 1 0 0 1 0 0 1 0 0 1 0 0 1 0 0 1 0 0 1 0 0 1 0 0 1 0 0 1 0 0 1 0 0 1 0 0 1 0 0 1 0 0 1 0 0 1 0 0 1 0 0 1 0 0 1 0 0 1 0 0 1 0 0 1 0 0 1 0 0 1 0 0 1 0 0 1 0 0 1 0 0 1 0 0 1 0 0 1 0 0 1 0 0 1 0 0 1 0 0 1 0 0 1 0 0 1 0 0 1 0 0 1 0 0 1 0 0 1 0 0 1 0 0 1 0 0 1 0 0 1 0 0 1 0 0 1 0 0 1 0 0 1 0 0 1 0 0 1 0 0 1 0 0 1 0 0 1 0 0 1 0 0 1 0 0 1 0 0 1 0 0 1 0 0 1 0 0 1 0 0 1 0 0 1 0 0 1 0 0 1 0 0 1 0 0 1 0 0 1 0 0 1 0 0 1 0 0 1 0 0 1 0 0 1 0 0 1 0 0 1 0 0 1 0 0 1 0 0 1 0 0 1 0 0 1 0 0 1 0 0 1 0 0 1 0 0 1 0 0 1 0 0 1 0 0 1 0 0 1 0 0 1 0 0 1 0 0 1 0 0 1 0 0 1 0 0 1 0 0 1 0 0 1 0 0 1 0 0 1 0 0 1 0 0 1 0 0 1 0 0 1 0 0 1 0 0 1 0 0 1 0 0 1 0 0 1 0 0 1 0 0 -1 0 0 -1 0 0 -1 0 0 -1 0 0 -1 0 0 -1 0 0 -1 0 0 -1 0 0 -1 0 0 -1 0 0 -1 0 0 -1 0 0 -1 0 0 -1 0 0 -1 0 0 -1 0 0 -1 0 0 -1 0 0 -1 0 0 -1 0 0 -1 0 0 -1 0 0 -1 0 0 -1 0 0 -1 0 0 -1 0 0 -1 0 0 -1 0 0 -1 0 0 -1 0 0 -1 0 0 -1 0 0 -1 0 0 -1 0 0 -1 0 0 -1 0 0 -1 0 0 -1 0 0 -1 0 0 -1 0 0 -1 0 0 -1 0 0 -1 0 0 -1 0 0 -1 0 0 -1 0 0 -1 0 0 -1 0 0 -1 0 0 -1 0 0 -1 0 0 -1 0 0 -1 0 0 -1 0 0 -1 0 0 -1 0 0 -1 0 0 -1 0 0 -1 0 0 -1 0 0 -1 0 0 -1 0 0 -1 0 0 -1 0 0 -1 0 0 -1 0 0 -1 0 0 -1 0 0 -1 0 0 -1 0 0 -1 0 0 -1 0 0 -1 0 0 -1 0 0 -1 0 0 -1 0 0 -1 0 0 -1 0 0 -1 0 0 -1 0 0 -1 0 0 -1 0 0 -1 0 0 -1 0 0 -1 0 0 -1 0 0 -1 0 0 -1 0 0 -1 0 0 -1 0 0 -1 0 0 -1 0 0 -1 0 0 -1 0 0 -1 0 0 -1 0 0 -1 0 0 -1 0 0 -1 0 0 -1 0 0 -1 0 0 -1 0 0 -1 0 0 -1 0 0 -1 0 0 -1 0 0 -1 0 0 -1 0 0 -1 0 0 -1 0 0 -1 0 0 -1 0 0 -1 0 0 -1 0 0 -1 0 0 -1 0 0 -1 0 0 0 -1 0 0 -1 0 0 -1 0 0 -1 0 0 -1 0 0 -1 0 0 -1 0 0 -1 0 0 -1 0 0 -1 0 0 -1 0 0 -1 0 0 -1 0 0 -1 0 0 -1 0 0 -1 0 0 -1 0 0 -1 0 0 -1 0 0 -1 0 0 -1 0 0 -1 0 0 -1 0 0 -1 0 0 -1 0 0 -1 0 0 -1 0 0 -1 0 0 -1 0 0 -1 0 0 -1 0 0 -1 0 0 -1 0 0 -1 0 0 -1 0 0 -1 0 0 -1 0 0 -1 0 0 -1 0 0 -1 0 0 -1 0 0 -1 0 0 -1 0 0 -1 0 0 -1 0 0 -1 0 0 -1 0 0 -1 0 0 -1 0 0 -1 0 0 -1 0 0 -1 0 0 -1 0 0 -1 0 0 -1 0 0 -1 0 0 -1 0 0 -1 0 0 -1 0 0 -1 0 0 -1 0 0 -1 0 0 -1 0 0 -1 0 0 -1 0 0 -1 0 0 -1 0 0 -1 0 0 -1 0 0 -1 0 0 -1 0 0 -1 0 0 -1 0 0 -1 0 0 -1 0 0 -1 0 0 -1 0 0 -1 0 0 -1 0 0 -1 0 0 -1 0 0 -1 0 0 -1 0 0 -1 0 0 -1 0 0 -1 0 0 -1 0 0 -1 0 0 -1 0 0 -1 0 0 -1 0 0 -1 0 0 -1 0 0 -1 0 0 -1 0 0 -1 0 0 -1 0 0 -1 0 0 -1 0 0 -1 0 0 -1 0 0 -1 0 0 -1 0 0 -1 0 0 -1 0 0 -1 0 0 -1 0 0 -1 0 0 -1 0 0 -1 0 0 -1 0 0 -1 0 0 -1 0 0 -1 0 0 -1 0 0 -1 0 0 -1 0 0 -1 0 0 -1 0 0 -1 0 0 -1 0 0 -1 0 0 -1 0 0 -1 0 0 -1 0 0 -1 0 0 -1 0 0 -1 0 0 -1 0 0 -1 0 0 -1 0 0 -1 0 0 -1 0 0 -1 0 0 -1 0 0 -1 0 0 -0.9999992 -0.001286208 0 -0.9999992 -0.001286208 0 -0.9999998 -7.56573e-4 0 -0.9999998 -7.56573e-4 0 -1 -2.2698e-4 0 -1 -2.2698e-4 0 -1 0 0 -1 0 0 -1 0 0 -1 0 0 -1 0 0 -1 0 0 -1 0 0 -1 0 0 -1 0 0 -1 0 0 -1 0 0 -1 0 0 -1 0 0 -1 0 0 -1 0 0 -1 0 0 -1 0 0 -1 0 0 -1 0 0 -1 0 0 -1 0 0 -1 0 0 -1 0 0 -1 0 0 -1 0 0 -1 0 0 -1 0 0 -1 0 0 -1 0 0 -1 0 0 -1 0 0 -1 0 0 -1 0 0 -1 0 0 -1 0 0 -1 0 0 -1 0 0 -1 0 0 -1 0 0 -1 0 0 -1 0 0 -1 0 0 -1 0 0 -1 0 0 -1 0 0 -1 0 0 -1 0 0 -1 0 0 -1 0 0 -1 0 0 -1 0 0 -1 0 0 -1 0 0 -1 0 0 -1 0 0 -1 0 0 -1 0 0 -1 0 0 -1 0 0 -1 0 0 -1 0 0 -1 0 0 -1 0 0 -1 0 0 -1 0 0 -1 0 0 -1 0 0 -1 0 0 -1 0 0 -1 0 0 -1 0 0 -1 0 0 -1 0 0 -1 0 0 -1 0 0 -1 0 0 -1 0 0 -1 0 0 -1 0 0 -1 0 0 -1 0 0 -1 0 0 -1 0 0 -1 0 0 -1 0 0 -1 0 0 -1 0 0 -1 0 0 -1 0 0 -1 0 0 -1 0 0 -1 0 0 -1 0 0 -1 0 0 -1 0 0 -1 0 0 -1 0 0 -1 0 0 -1 0 0 -1 0 0 -1 0 0 -1 0 0 -1 0 0 -1 0 0 -1 0 0 -1 0 0 -1 0 0 -1 0 0 -1 0 0 -1 0 0 -1 0 0 -1 0 0 -1 0 0 -1 0 0 -1 0 0 -1 0 0 -1 0 0 -1 0 0 -1 0 0 -1 0 0 -1 0 0 -1 0 0 -1 0 0 -1 0 0 -1 0 0 -1 0 0 -1 0 0 -1 0 0 -1 0 0 -1 0 0 -1 0 0 -1 0 0 -1 0 0 -1 0 0 -1 0 0 -1 0 0 -1 0 0 -1 0 0 -1 0 0 -1 0 0 -1 0 0 -1 0 0 -1 0 0 -1 0 0 -1 0 0 -1 0 0 -1 0 0 -1 0 0 -1 0 0 -1 0 0 -1 0 0 -1 0 0 -1 0 0 -1 0 0 -1 0 0 -1 0 0 -1 0 0 -1 0 0 -1 0 0 -1 0 0 -1 0 0 -1 0 0 -1 0 0 -1 0 0 -1 0 0 -1 0 0 -1 0 0 -1 0 0 -1 0 0 -1 0 0 -1 0 0 -1 0 0 -1 0 0 -1 0 0 -1 0 0 -1 0 0 -1 0 0 -1 0 0 -1 0 0 -1 0 0 -1 0 0 -1 0 0 -1 0 0 -1 0 0 -1 0 0 -1 0 0 -1 0 0 -1 0 0 -1 0 0 -1 0 0 -1 0 0 -1 0 0 -1 0 0 -1 0 0 -1 0 0 -1 0 0 -1 0 0 -1 0 0 -1 0 0 -1 0 0 -1 0 0 -1 0 0 -1 0 0 -1 0 0 -1 0 0 -1 0 0 -1 0 0 -1 0 0 -1 0 0 -1 0 0 -1 0 0 -1 0 0 -1 0 0 -1 0 0 -1 0 0 -1 0 0 -1 0 0 -1 0 0 -1 0 0 -1 0 0 -1 0 0 -1 0 0 -1 0 0 -1 0 0 -1 0 0 -1 0 0 -1 0 0 -1 0 0 -1 0 0 -1 0 0 -1 0 0 -1 0 0 -1 0 0 -1 0 0 -1 0 0 -1 0 0 -1 0 0 -1 0 0 -1 0 0 -1 0 0 -1 0 0 -1 0 0 -1 0 0 -1 0 0 -1 0 0 -1 0 0 0.6773854 0.7356283 -4.77721e-4 0.6805188 0.7327305 9.55776e-4 0.6773851 0.735628 -3.18687e-4 0.6857113 0.7278737 6.36103e-4 0.6918873 0.7220053 0 0.6939318 0.7200407 0 0.7020435 0.7121341 6.34879e-4 0.7040535 0.7101467 -3.17588e-4 0.7100449 0.7041562 6.32993e-4 0.7159694 0.6981315 0 0.7179286 0.6961168 0 0.7257058 0.6880052 6.32123e-4 0.7276305 0.6859691 -3.15956e-4 0.7333627 0.6798375 6.29721e-4 0.7390237 0.6736792 0 0.7408946 0.6716213 0 0.748317 0.6633415 6.2845e-4 0.7501514 0.6612659 -3.13314e-4 0.7556071 0.6550251 6.27437e-4 0.7609992 0.6487526 0 0.7627829 0.6466547 0 0.7698267 0.6382529 6.24542e-4 0.7715692 0.6361451 -3.11338e-4 0.7767478 0.6298118 6.22767e-4 0.7818581 0.6234562 0 0.783547 0.6213326 0 0.7902122 0.6128333 6.19592e-4 0.7918592 0.6107035 -3.09074e-4 0.7967522 0.6043062 6.17102e-4 0.8015736 0.5978959 0 0.8031651 0.5957566 0 0.8094495 0.5871894 6.14619e-4 0.8110013 0.5850441 -3.05925e-4 0.8156054 0.5786085 6.11589e-4 0.8201363 0.5721679 0 0.8216317 0.5700187 0 0.8275305 0.5614207 6.07825e-4 0.8289837 0.5592725 -3.03704e-4 0.8332983 0.5528234 6.05453e-4 0.8375443 0.546369 0 0.8389436 0.5442184 0 0.8444578 0.5356222 6.0163e-4 0.8458156 0.5334751 -3.00241e-4 0.8498436 0.527035 5.99016e-4 0.8538033 0.5205953 0 0.855108 0.51845 0 0.8602414 0.509887 5.95782e-4 0.8615071 0.5077453 -2.965e-4 0.8652556 0.5013308 5.91575e-4 0.8689317 0.4949316 0 0.8701421 0.4928008 0 0.8749082 0.4842888 5.88312e-4 0.876081 0.4821637 -2.92645e-4 0.8795521 0.4758027 5.85085e-4 0.8829571 0.4694532 0 0.8840785 0.4673385 0 0.8884816 0.4589123 5.80825e-4 0.8895648 0.4568087 -2.89155e-4 0.8927699 0.4505128 5.77148e-4 0.8959102 0.444235 0 0.8969431 0.442146 0 0.9009993 0.4338207 5.72964e-4 0.9019958 0.4317443 -2.85711e-4 0.9049448 0.425529 5.68567e-4 0.9078292 0.4193395 0 0.9087767 0.4172828 0 0.9125017 0.4090729 5.64556e-4 0.9134148 0.4070296 -2.81499e-4 0.916115 0.4009155 5.61127e-4 0.9187572 0.3948228 0 0.9196249 0.3927978 0 0.9246924 0.3807151 0 0.9246924 0.3807151 0 0.9310932 0.3647817 0 0.9310932 0.3647817 0 0.9371002 0.3490607 0 0.9371002 0.3490607 0 0.9427283 0.3335617 0 0.9427283 0.3335617 0 0.9479927 0.3182922 0 0.9479927 0.3182922 0 0.9529074 0.3032615 0 0.9529074 0.3032615 0 0.9574879 0.2884735 0 0.9574879 0.2884735 0 0.9617481 0.2739356 0 0.9617481 0.2739356 0 0.9657031 0.2596492 0 0.9657031 0.2596492 0 0.9693663 0.2456198 0 0.9693663 0.2456198 0 0.9727522 0.2318471 0 0.9727522 0.2318471 0 0.9727522 0.2318471 0 0.9693663 0.2456198 0 0.9693663 0.2456198 0 0.9657031 0.2596492 0 0.9657031 0.2596492 0 0.9617481 0.2739356 0 0.9617481 0.2739356 0 0.9574879 0.2884735 0 0.9574879 0.2884735 0 0.9529074 0.3032615 0 0.9529074 0.3032615 0 0.9479927 0.3182922 0 0.9479927 0.3182922 0 0.9427283 0.3335617 0 0.9427283 0.3335617 0 0.9371002 0.3490607 0 0.9371002 0.3490607 0 0.9310932 0.3647817 0 0.9310932 0.3647817 0 0.9246924 0.3807151 0 0.9246924 0.3807151 0 0.9196249 0.3927978 -5.61124e-4 0.9187572 0.3948228 2.81499e-4 0.916115 0.4009155 -5.64565e-4 0.9134148 0.4070296 0 0.9125017 0.4090729 0 0.9087767 0.4172828 -5.68567e-4 0.9078292 0.4193395 2.85711e-4 0.9049448 0.425529 -5.72959e-4 0.9019958 0.4317443 0 0.9009993 0.4338207 0 0.8969431 0.442146 -5.77142e-4 0.8959102 0.444235 2.89155e-4 0.8927699 0.4505128 -5.80836e-4 0.8895648 0.4568087 0 0.8884816 0.4589123 0 0.8840785 0.4673385 -5.85085e-4 0.8829571 0.4694532 2.92645e-4 0.8795521 0.4758027 -5.88318e-4 0.876081 0.4821637 0 0.8749082 0.4842888 0 0.8701421 0.4928008 -5.91575e-4 0.8689317 0.4949316 2.965e-4 0.8652556 0.5013308 -5.95782e-4 0.8615071 0.5077453 0 0.8602414 0.509887 0 0.855108 0.51845 -5.99016e-4 0.8538033 0.5205953 3.00241e-4 0.8498436 0.527035 -6.01636e-4 0.8458156 0.5334751 0 0.8444578 0.5356222 0 0.8389436 0.5442184 -6.05447e-4 0.8375443 0.546369 3.03704e-4 0.8332983 0.5528234 -6.07819e-4 0.8289837 0.5592725 0 0.8275305 0.5614207 0 0.8216317 0.5700187 -6.11589e-4 0.8201363 0.5721679 3.05925e-4 0.8156054 0.5786085 -6.14613e-4 0.8110013 0.5850441 0 0.8094495 0.5871894 0 0.8031651 0.5957566 -6.17108e-4 0.8015736 0.5978959 3.09074e-4 0.7967522 0.6043062 -6.19592e-4 0.7918592 0.6107035 0 0.7902122 0.6128333 0 0.783547 0.6213326 -6.22761e-4 0.7818581 0.6234562 3.11338e-4 0.7767478 0.6298118 -6.24549e-4 0.7715692 0.6361451 0 0.7698267 0.6382529 0 0.7627829 0.6466547 -6.27431e-4 0.7609992 0.6487526 3.13314e-4 0.7556071 0.6550251 -6.2845e-4 0.7501514 0.6612659 0 0.748317 0.6633415 0 0.7408946 0.6716213 -6.29727e-4 0.7390237 0.6736792 3.15956e-4 0.7333627 0.6798375 -6.32123e-4 0.7276305 0.6859691 0 0.7257058 0.6880052 0 0.7179286 0.6961168 -6.32987e-4 0.7159694 0.6981315 3.17588e-4 0.7100449 0.7041562 -6.34879e-4 0.7040535 0.7101467 0 0.7020435 0.7121341 0 0.6939318 0.7200407 -6.36103e-4 0.6918873 0.7220053 3.18687e-4 0.6857113 0.7278737 0 0 -1 0 0 -1 0 -0.9799568 -0.1992102 0 -0.9799568 -0.1992102 0 -0.9799568 -0.1992102 0 -0.9799568 -0.1992102 0 -0.9771031 -0.2127666 0 -0.9771031 -0.2127666 0 -0.9739789 -0.2266383 0 -0.9739789 -0.2266383 0 -0.9705667 -0.2408322 0 -0.9705667 -0.2408322 0 -0.9668494 -0.2553475 0 -0.9668494 -0.2553475 0 -0.9628077 -0.2701877 0 -0.9628077 -0.2701877 0 -0.9584231 -0.2853508 0 -0.9584231 -0.2853508 0 -0.9536763 -0.3008348 0 -0.9536763 -0.3008348 0 -0.9485469 -0.3166368 0 -0.9485469 -0.3166368 0 -0.9430139 -0.3327535 0 -0.9430139 -0.3327535 0 -0.9385877 -0.345041 0 -0.9385877 -0.345041 0 -0.9354981 -0.3533319 0 -0.9354981 -0.3533319 0 -0.9322963 -0.3616954 0 -0.9322963 -0.3616954 0 -0.9289788 -0.3701329 0 -0.9289788 -0.3701329 0 -0.9255436 -0.378641 0 -0.9255436 -0.378641 0 -0.9219874 -0.3872199 0 -0.9219874 -0.3872199 0 -0.9183061 -0.3958711 0 -0.9183061 -0.3958711 0 -0.9144996 -0.4045867 0 -0.9144996 -0.4045867 0 -0.9105646 -0.4133668 0 -0.9105646 -0.4133668 0 -0.9064965 -0.4222135 0 -0.9064965 -0.4222135 0 -0.902293 -0.4311234 0 -0.902293 -0.4311234 0 -0.8979538 -0.4400898 0 -0.8979538 -0.4400898 0 -0.893475 -0.4491131 0 -0.893475 -0.4491131 0 -0.8888531 -0.4581923 0 -0.8888531 -0.4581923 0 -0.8840882 -0.46732 0 -0.9771031 -0.2127666 0 -0.9771031 -0.2127666 0 -0.9771031 -0.2127666 0 -0.9771031 -0.2127666 0 -0.9739789 -0.2266383 0 -0.9739789 -0.2266383 0 -0.9739789 -0.2266383 0 -0.9739789 -0.2266383 0 -0.9705667 -0.2408322 0 -0.9705667 -0.2408322 0 -0.9705667 -0.2408322 0 -0.9705667 -0.2408322 0 -0.9668494 -0.2553475 0 -0.9668494 -0.2553475 0 -0.9668494 -0.2553475 0 -0.9668494 -0.2553475 0 -0.9628077 -0.2701877 0 -0.9628077 -0.2701877 0 -0.9628077 -0.2701877 0 -0.9628077 -0.2701877 0 -0.9584231 -0.2853508 0 -0.9584231 -0.2853508 0 -0.9584231 -0.2853508 0 -0.9584231 -0.2853508 0 -0.9536763 -0.3008348 0 -0.9536763 -0.3008348 0 -0.9536763 -0.3008348 0 -0.9536763 -0.3008348 0 -0.9485469 -0.3166368 0 -0.9485469 -0.3166368 0 -0.9485469 -0.3166368 0 -0.9485469 -0.3166368 0 -0.9430139 -0.3327535 0 -0.9430139 -0.3327535 0 -0.9430139 -0.3327535 0 -0.9430139 -0.3327535 0 -0.9385877 -0.345041 0 -0.9385877 -0.345041 0 -0.9385877 -0.345041 0 -0.9385877 -0.345041 0 -0.9354981 -0.3533319 0 -0.9354981 -0.3533319 0 -0.9354981 -0.3533319 0 -0.9354981 -0.3533319 0 -0.9322963 -0.3616954 0 -0.9322963 -0.3616954 0 -0.9322963 -0.3616954 0 -0.9322963 -0.3616954 0 -0.9289788 -0.3701329 0 -0.9289788 -0.3701329 0 -0.9289788 -0.3701329 0 -0.9289788 -0.3701329 0 -0.9255436 -0.378641 0 -0.9255436 -0.378641 0 -0.9255436 -0.378641 0 -0.9255436 -0.378641 0 -0.9219874 -0.3872199 0 -0.9219874 -0.3872199 0 -0.9219874 -0.3872199 0 -0.9219874 -0.3872199 0 -0.9183061 -0.3958711 0 -0.9183061 -0.3958711 0 -0.9183061 -0.3958711 0 -0.9183061 -0.3958711 0 -0.9144996 -0.4045867 0 -0.9144996 -0.4045867 0 -0.9144996 -0.4045867 0 -0.9144996 -0.4045867 0 -0.9105646 -0.4133668 0 -0.9105646 -0.4133668 0 -0.9105646 -0.4133668 0 -0.9105646 -0.4133668 0 -0.9064965 -0.4222135 0 -0.9064965 -0.4222135 0 -0.9064965 -0.4222135 0 -0.9064965 -0.4222135 0 -0.902293 -0.4311234 0 -0.902293 -0.4311234 0 -0.902293 -0.4311234 0 -0.902293 -0.4311234 0 -0.8979538 -0.4400898 0 -0.8979538 -0.4400898 0 -0.8979538 -0.4400898 0 -0.8979538 -0.4400898 0 -0.893475 -0.4491131 0 -0.893475 -0.4491131 0 -0.893475 -0.4491131 0 -0.8888531 -0.4581923 0 -0.8840882 -0.46732 0 -0.8791728 -0.476503 0 -0.8791728 -0.476503 0 -0.8741106 -0.4857269 0 -0.8741106 -0.4857269 0 -0.8688967 -0.4949933 0 -0.8688967 -0.4949933 0 -0.8635303 -0.504297 0 -0.8635303 -0.504297 0 -0.8580048 -0.5136417 0 -0.8580048 -0.5136417 0 -0.8523213 -0.5230185 0 -0.8523213 -0.5230185 0 -0.8464818 -0.5324176 0 -0.8464818 -0.5324176 0 -0.8404798 -0.5418429 0 -0.8404798 -0.5418429 0 -0.8343149 -0.5512881 0 -0.8343149 -0.5512881 0 -0.8279823 -0.5607542 0 -0.8279823 -0.5607542 0 -0.8214877 -0.5702262 0 -0.8214877 -0.5702262 0 -0.8148286 -0.5797021 0 -0.8148286 -0.5797021 0 -0.8079974 -0.5891862 0 -0.8079974 -0.5891862 0 -0.8010009 -0.5986632 0 -0.8010009 -0.5986632 0 -0.7938359 -0.608132 0 -0.7938359 -0.608132 0 -0.7865011 -0.6175888 0 -0.7865011 -0.6175888 0 -0.7789985 -0.6270259 0 -0.7789985 -0.6270259 0 -0.771326 -0.6364402 0 -0.771326 -0.6364402 0 -0.7634838 -0.645827 0 -0.7634838 -0.645827 0 -0.7554779 -0.6551741 0 -0.7554779 -0.6551741 0 -0.747301 -0.6644858 0 -0.747301 -0.6644858 0 -0.7389599 -0.6737493 0 -0.7389599 -0.6737493 0 -0.7304592 -0.6829563 0 -0.7304592 -0.6829563 0 -0.7217882 -0.6921139 0 -0.7217882 -0.6921139 0 -0.7129601 -0.7012047 0 -0.7129601 -0.7012047 0 -0.7039739 -0.7102258 0 -0.7039739 -0.7102258 0 -0.694831 -0.719173 0 -0.694831 -0.719173 0 -0.6855301 -0.7280443 0 -0.6855301 -0.7280443 0 -0.676088 -0.7368208 0 -0.6760881 -0.7368209 0 -0.676088 -0.7368208 0 -0.676088 -0.7368208 0 -0.6855301 -0.7280443 0 -0.6855301 -0.7280443 0 -0.694831 -0.719173 0 -0.694831 -0.719173 0 -0.7039739 -0.7102258 0 -0.7039739 -0.7102258 0 -0.7129601 -0.7012047 0 -0.7129601 -0.7012047 0 -0.7217882 -0.6921139 0 -0.7217882 -0.6921139 0 -0.7304592 -0.6829563 0 -0.7304592 -0.6829563 0 -0.7389599 -0.6737493 0 -0.7389599 -0.6737493 0 -0.747301 -0.6644858 0 -0.747301 -0.6644858 0 -0.7554779 -0.6551741 0 -0.7554779 -0.6551741 0 -0.7634838 -0.645827 0 -0.7634838 -0.645827 0 -0.771326 -0.6364402 0 -0.771326 -0.6364402 0 -0.7789985 -0.6270259 0 -0.7789985 -0.6270259 0 -0.7865011 -0.6175888 0 -0.7865011 -0.6175888 0 -0.7938359 -0.608132 0 -0.7938359 -0.608132 0 -0.8010009 -0.5986632 0 -0.8010009 -0.5986632 0 -0.8079974 -0.5891862 0 -0.8079974 -0.5891862 0 -0.8148286 -0.5797021 0 -0.8148286 -0.5797021 0 -0.8214877 -0.5702262 0 -0.8214877 -0.5702262 0 -0.8279823 -0.5607542 0 -0.8279823 -0.5607542 0 -0.8343149 -0.5512881 0 -0.8343149 -0.5512881 0 -0.8404798 -0.5418429 0 -0.8404798 -0.5418429 0 -0.8464818 -0.5324176 0 -0.8464818 -0.5324176 0 -0.8523213 -0.5230185 0 -0.8523213 -0.5230185 0 -0.8580048 -0.5136417 0 -0.8580048 -0.5136417 0 -0.8635303 -0.504297 0 -0.8635303 -0.504297 0 -0.8688967 -0.4949933 0 -0.8688967 -0.4949933 0 -0.8741106 -0.4857269 0 -0.8741106 -0.4857269 0 -0.8791728 -0.476503 0 -0.8791728 -0.476503 0 -0.8840882 -0.46732 0 -0.8840882 -0.46732 0 -0.8888531 -0.4581923 0 -0.8888531 -0.4581923 0 -0.893475 -0.4491131 0 -0.6855301 -0.7280443 0 -0.6855301 -0.7280443 0 -0.694831 -0.719173 0 -0.694831 -0.719173 0 -0.7039739 -0.7102258 0 -0.7039739 -0.7102258 0 -0.7129601 -0.7012047 0 -0.7129601 -0.7012047 0 -0.7217882 -0.6921139 0 -0.7217882 -0.6921139 0 -0.7304592 -0.6829563 0 -0.7304592 -0.6829563 0 -0.7389599 -0.6737493 0 -0.7389599 -0.6737493 0 -0.747301 -0.6644858 0 -0.747301 -0.6644858 0 -0.7554779 -0.6551741 0 -0.7554779 -0.6551741 0 -0.7634838 -0.645827 0 -0.7634838 -0.645827 0 -0.771326 -0.6364402 0 -0.771326 -0.6364402 0 -0.7789985 -0.6270259 0 -0.7789985 -0.6270259 0 -0.7865011 -0.6175888 0 -0.7865011 -0.6175888 0 -0.7938359 -0.608132 0 -0.7938359 -0.608132 0 -0.8010009 -0.5986632 0 -0.8010009 -0.5986632 0 -0.8079974 -0.5891862 0 -0.8079974 -0.5891862 0 -0.8148286 -0.5797021 0 -0.8148286 -0.5797021 0 -0.8214877 -0.5702262 0 -0.8214877 -0.5702262 0 -0.8279823 -0.5607542 0 -0.8279823 -0.5607542 0 -0.8343149 -0.5512881 0 -0.8343149 -0.5512881 0 -0.8404798 -0.5418429 0 -0.8404798 -0.5418429 0 -0.8464818 -0.5324176 0 -0.8464818 -0.5324176 0 -0.8523213 -0.5230185 0 -0.8523213 -0.5230185 0 -0.8580048 -0.5136417 0 -0.8580048 -0.5136417 0 -0.8635303 -0.504297 0 -0.8635303 -0.504297 0 -0.8688967 -0.4949933 0 -0.8688967 -0.4949933 0 -0.8741106 -0.4857269 0 -0.8741106 -0.4857269 0 -0.8791728 -0.476503 0 -0.8791728 -0.476503 0 -0.8840882 -0.46732 0 -0.8840882 -0.46732 0 -0.8888531 -0.4581923 0 1 0 0 1 0 0 1 0 0 1 0 0 1 0 0 1 0 0 1 0 0 1 0 0 1 0 0 1 0 0 1 0 0 1 0 0 1 0 0 1 0 0 1 0 0 1 0 0 1 0 0 1 0 0 1 0 0 1 0 0 1 0 0 1 0 0 1 0 0 1 0 0 1 0 0 1 0 0 1 0 0 1 0 0 1 0 0 1 0 0 1 0 0 1 0 0 1 0 0 1 0 0 1 0 0 1 0 0 1 0 0 1 0 0 1 0 0 1 0 0 1 0 0 1 0 0 1 0 0 1 0 0 1 0 0 1 0 0 1 0 0 1 0 0 1 0 0 1 0 0 1 0 0 1 0 0 1 0 0 1 0 0 1 0 0 1 0 0 1 0 0 1 0 0 1 0 0 1 0 0 1 0 0 1 0 0 1 0 0 1 0 0 1 0 0 1 0 0 1 0 0 1 0 0 1 0 0 1 0 0 1 0 0 1 0 0 1 0 0 1 0 0 1 0 0 1 0 0 1 0 0 1 0 0 1 0 0 1 0 0 1 0 0 1 0 0 1 0 0 1 0 0 1 0 0 1 0 0 1 0 0 1 0 0 1 0 0 1 0 0 1 0 0 1 0 0 1 0 0 1 0 0 1 0 0 1 0 0 1 0 0 1 0 0 1 0 0 1 0 0 1 0 0 1 0 0 1 0 0 1 0 0 1 0 0 1 0 0 1 0 0 1 0 0 1 0 0 1 0 0 1 0 0 1 0 0 1 0 0 1 0 0 1 0 0 1 0 0 1 0 0 1 0 0 1 0 0 1 0 0 1 0 0 1 0 0 1 0 0 1 0 0 1 0 0 1 0 0 1 0 0 1 0 0 1 0 0 1 0 0 1 0 0 1 0 0 1 0 0 1 0 0 1 0 0 1 0 0 1 0 0 1 0 0 1 0 0 1 0 0 1 0 0 1 0 0 1 0 0 1 0 0 1 0 0 1 0 0 1 0 0 1 0 0 1 0 0 1 0 0 1 0 0 1 0 0 1 0 0 1 0 0 1 0 0 1 0 0 1 0 0 1 0 0 1 0 0 1 0 0 1 0 0 1 0 0 1 0 0 1 0 0 1 0 0 1 0 0 1 0 0 1 0 0 1 0 0 1 0 0 1 0 0 1 0 0 1 0 0 1 0 0 1 0 0 1 0 0 1 0 0 1 0 0 1 0 0 1 0 0 1 0 0 1 0 0 1 0 0 1 0 0 1 0 0 1 0 0 1 0 0 1 0 0 1 0 0 1 0 0 1 0 0 1 0 0 1 0 0 1 0 0 1 0 0 1 0 0 1 0 0 1 0 0 1 0 0 1 0 0 1 0 0 1 0 0 1 0 0 1 0 0 1 0 0 1 0 0 1 0 0 1 0 0 1 0 0 1 0 0 1 0 0 1 0 0 1 0 0 1 0 0 1 0 0 1 0 0 1 0 0 1 0 0 1 0 0 1 0 0 1 0 0 1 0 0 1 0 0 1 0 0 1 0 0 1 0 0 1 0 0 1 0 0 1 0 0 1 0 0 1 0 0 1 0 0 1 0 0 1 0 0 1 0 0 1 0 0 1 0 0 1 0 0 1 0 0 1 0 0 1 0 0 1 0 0 1 0 0 1 0 0 1 0 0 1 0 0 0.676096 -0.7368136 0 0.676096 -0.7368136 0 0.676096 -0.7368136 0 0.676096 -0.7368136 0 0.685562 -0.7280143 0 0.685562 -0.7280143 0 0.6948769 -0.7191287 0 0.6948769 -0.7191287 0 0.7040377 -0.7101626 0 0.7040377 -0.7101626 0 0.7130411 -0.7011221 0 0.7130411 -0.7011221 0 0.7218859 -0.692012 0 0.7218859 -0.692012 0 0.7305693 -0.6828385 0 0.7305693 -0.6828385 0 0.7390894 -0.6736075 0 0.7390894 -0.6736075 0 0.7474438 -0.6643251 0 0.7474438 -0.6643251 0 0.7556324 -0.6549959 0 0.7556324 -0.6549959 0 0.7636535 -0.6456263 0 0.7636535 -0.6456263 0 0.7715051 -0.6362231 0 0.7715051 -0.6362231 0 0.7791898 -0.626788 0 0.7791898 -0.626788 0 0.786703 -0.6173317 0 0.786703 -0.6173317 0 0.7940486 -0.6078543 0 0.7940486 -0.6078543 0 0.8012227 -0.5983662 0 0.8012227 -0.5983662 0 0.8082286 -0.5888689 0 0.8082286 -0.5888689 0 0.8150658 -0.5793684 0 0.8150658 -0.5793684 0 0.8217349 -0.5698699 0 0.8217349 -0.5698699 0 0.8282359 -0.5603796 0 0.8282359 -0.5603796 0 0.8345728 -0.5508977 0 0.8345728 -0.5508977 0 0.840743 -0.5414345 0 0.840743 -0.5414345 0 0.8467516 -0.5319886 0 0.8467516 -0.5319886 0 0.8525965 -0.52257 0 0.8525965 -0.52257 0 0.8582821 -0.5131782 0 0.8582821 -0.5131782 0 0.8638094 -0.5038187 0 0.8638094 -0.5038187 0 0.8691794 -0.4944967 0 0.8691794 -0.4944967 0 0.8743969 -0.4852112 0 0.8743969 -0.4852112 0 0.8794606 -0.4759716 0 0.8794606 -0.4759716 0 0.8843761 -0.4667751 0 0.8843761 -0.4667751 0 0.8891423 -0.4576309 0 0.8891423 -0.4576309 0 0.8937641 -0.4485371 0 0.8937641 -0.4485371 0 0.8982435 -0.4394982 0 0.8982435 -0.4394982 0 0.9025827 -0.4305166 0 0.9025827 -0.4305166 0 0.9067836 -0.4215965 0 0.9067836 -0.4215965 0 0.9108511 -0.4127351 0 0.9108511 -0.4127351 0 0.914785 -0.4039412 0 0.914785 -0.4039412 0 0.9185907 -0.3952102 0 0.9185907 -0.3952102 0 0.9222683 -0.3865504 0 0.9222683 -0.3865504 0 0.9258224 -0.3779587 0 0.9258224 -0.3779587 0 0.9292554 -0.3694382 0 0.9292554 -0.3694382 0 0.9325696 -0.3609903 0 0.9325696 -0.3609903 0 0.9357668 -0.3526195 0 0.9357668 -0.3526195 0 0.9388533 -0.3443174 0 0.9388533 -0.3443174 0 0.9432745 -0.3320139 0 0.9432745 -0.3320139 0 0.9487996 -0.3158787 0 0.9487996 -0.3158787 0 0.9539206 -0.3000593 0 0.9539206 -0.3000593 0 0.9586582 -0.2845599 0 0.9586582 -0.2845599 0 0.9630326 -0.2693849 0 0.9630326 -0.2693849 0 0.9670642 -0.2545326 0 0.9670642 -0.2545326 0 0.9707717 -0.2400048 0 0.9707717 -0.2400048 0 0.9741731 -0.2258025 0 0.9741731 -0.2258025 0 0.9772868 -0.2119207 0 0.9772868 -0.2119207 0 0.9801295 -0.1983587 0 0.9801295 -0.1983587 0 0.9801295 -0.1983587 0 0.9801295 -0.1983587 0 0.9772868 -0.2119207 0 0.9772868 -0.2119207 0 0.9741731 -0.2258025 0 0.9741731 -0.2258025 0 0.9707717 -0.2400048 0 0.9707717 -0.2400048 0 0.9670642 -0.2545326 0 0.9670642 -0.2545326 0 0.9630326 -0.2693849 0 0.9630326 -0.2693849 0 0.9586582 -0.2845599 0 0.9586582 -0.2845599 0 0.9539206 -0.3000593 0 0.9539206 -0.3000593 0 0.9487996 -0.3158787 0 0.9487996 -0.3158787 0 0.9432745 -0.3320139 0 0.9432745 -0.3320139 0 0.9388533 -0.3443174 0 0.9388533 -0.3443174 0 0.9357668 -0.3526195 0 0.9357668 -0.3526195 0 0.9325696 -0.3609903 0 0.9325696 -0.3609903 0 0.9292554 -0.3694382 0 0.9292554 -0.3694382 0 0.9258224 -0.3779587 0 0.9258224 -0.3779587 0 0.9222683 -0.3865504 0 0.9222683 -0.3865504 0 0.9185907 -0.3952102 0 0.9185907 -0.3952102 0 0.914785 -0.4039412 0 0.914785 -0.4039412 0 0.9108511 -0.4127351 0 0.9108511 -0.4127351 0 0.9067836 -0.4215965 0 0.9067836 -0.4215965 0 0.9025827 -0.4305166 0 0.9025827 -0.4305166 0 0.8982435 -0.4394982 0 0.8982435 -0.4394982 0 0.8937641 -0.4485371 0 0.8937641 -0.4485371 0 0.8891423 -0.4576309 0 0.8891423 -0.4576309 0 0.8843761 -0.4667751 0 0.8843761 -0.4667751 0 0.8794606 -0.4759716 0 0.8794606 -0.4759716 0 0.8743969 -0.4852112 0 0.8743969 -0.4852112 0 0.8691794 -0.4944967 0 0.8691794 -0.4944967 0 0.8638094 -0.5038187 0 0.8638094 -0.5038187 0 0.8582821 -0.5131782 0 0.8582821 -0.5131782 0 0.8525965 -0.52257 0 0.8525965 -0.52257 0 0.8467516 -0.5319886 0 0.8467516 -0.5319886 0 0.840743 -0.5414345 0 0.840743 -0.5414345 0 0.8345728 -0.5508977 0 0.8345728 -0.5508977 0 0.8282359 -0.5603796 0 0.8282359 -0.5603796 0 0.8217349 -0.5698699 0 0.8217349 -0.5698699 0 0.8150658 -0.5793684 0 0.8150658 -0.5793684 0 0.8082286 -0.5888689 0 0.8082286 -0.5888689 0 0.8012227 -0.5983662 0 0.8012227 -0.5983662 0 0.7940486 -0.6078543 0 0.7940486 -0.6078543 0 0.786703 -0.6173317 0 0.786703 -0.6173317 0 0.7791898 -0.626788 0 0.7791898 -0.626788 0 0.7715051 -0.6362231 0 0.7715051 -0.6362231 0 0.7636535 -0.6456263 0 0.7636535 -0.6456263 0 0.7556324 -0.6549959 0 0.7556324 -0.6549959 0 0.7474438 -0.6643251 0 0.7474438 -0.6643251 0 0.7390894 -0.6736075 0 0.7390894 -0.6736075 0 0.7305693 -0.6828385 0 0.7305693 -0.6828385 0 0.7218859 -0.692012 0 0.7218859 -0.692012 0 0.7130411 -0.7011221 0 0.7130411 -0.7011221 0 0.7040377 -0.7101626 0 0.7040377 -0.7101626 0 0.6948769 -0.7191287 0 0.6948769 -0.7191287 0 0.685562 -0.7280143 0 0.685562 -0.7280143 0 0.9772868 -0.2119207 0 0.9772868 -0.2119207 0 0.9741731 -0.2258025 0 0.9741731 -0.2258025 0 0.9707717 -0.2400048 0 0.9707717 -0.2400048 0 0.9670642 -0.2545326 0 0.9670642 -0.2545326 0 0.9630326 -0.2693849 0 0.9630326 -0.2693849 0 0.9586582 -0.2845599 0 0.9586582 -0.2845599 0 0.9539206 -0.3000593 0 0.9539206 -0.3000593 0 0.9487996 -0.3158787 0 0.9487996 -0.3158787 0 0.9432745 -0.3320139 0 0.9432745 -0.3320139 0 0.9388533 -0.3443174 0 0.9388533 -0.3443174 0 0.9357668 -0.3526195 0 0.9357668 -0.3526195 0 0.9325696 -0.3609903 0 0.9325696 -0.3609903 0 0.9292554 -0.3694382 0 0.9292554 -0.3694382 0 0.9258224 -0.3779587 0 0.9258224 -0.3779587 0 0.9222683 -0.3865504 0 0.9222683 -0.3865504 0 0.9185907 -0.3952102 0 0.9185907 -0.3952102 0 0.914785 -0.4039412 0 0.914785 -0.4039412 0 0.9108511 -0.4127351 0 0.9108511 -0.4127351 0 0.9067836 -0.4215965 0 0.9067836 -0.4215965 0 0.9025827 -0.4305166 0 0.9025827 -0.4305166 0 0.8982435 -0.4394982 0 0.8982435 -0.4394982 0 0.8937641 -0.4485371 0 0.8937641 -0.4485371 0 0.8891423 -0.4576309 0 0.8891423 -0.4576309 0 0.8843761 -0.4667751 0 0.8843761 -0.4667751 0 0.8794606 -0.4759716 0 0.8794606 -0.4759716 0 0.8743969 -0.4852112 0 0.8743969 -0.4852112 0 0.8691794 -0.4944967 0 0.8691794 -0.4944967 0 0.8638094 -0.5038187 0 0.8638094 -0.5038187 0 0.8582821 -0.5131782 0 0.8582821 -0.5131782 0 0.8525965 -0.52257 0 0.8525965 -0.52257 0 0.8467516 -0.5319886 0 0.8467516 -0.5319886 0 0.840743 -0.5414345 0 0.840743 -0.5414345 0 0.8345728 -0.5508977 0 0.8345728 -0.5508977 0 0.8282359 -0.5603796 0 0.8282359 -0.5603796 0 0.8217349 -0.5698699 0 0.8217349 -0.5698699 0 0.8150658 -0.5793684 0 0.8150658 -0.5793684 0 0.8082286 -0.5888689 0 0.8082286 -0.5888689 0 0.8012227 -0.5983662 0 0.8012227 -0.5983662 0 0.7940486 -0.6078543 0 0.7940486 -0.6078543 0 0.786703 -0.6173317 0 0.786703 -0.6173317 0 0.7791898 -0.626788 0 0.7791898 -0.626788 0 0.7715051 -0.6362231 0 0.7715051 -0.6362231 0 0.7636535 -0.6456263 0 0.7636535 -0.6456263 0 0.7556324 -0.6549959 0 0.7556324 -0.6549959 0 0.7474438 -0.6643251 0 0.7474438 -0.6643251 0 0.7390894 -0.6736075 0 0.7390894 -0.6736075 0 0.7305693 -0.6828385 0 0.7305693 -0.6828385 0 0.7218859 -0.692012 0 0.7218859 -0.692012 0 0.7130411 -0.7011221 0 0.7130411 -0.7011221 0 0.7040377 -0.7101626 0 0.7040377 -0.7101626 0 0.685562 -0.7280143 0 0.6948769 -0.7191287 0 0.6948769 -0.7191287 0 0.685562 -0.7280143 0 -0.9727523 0.2318471 0 -0.9727523 0.2318471 0 -0.9727522 0.2318471 0 -0.9727523 0.2318471 0 -0.9693662 0.2456198 0 -0.9693662 0.2456198 0 -0.9657031 0.2596492 0 -0.9657031 0.2596492 0 -0.961748 0.2739356 0 -0.961748 0.2739356 0 -0.9574879 0.2884735 0 -0.9574879 0.2884735 0 -0.9529074 0.3032615 0 -0.9529074 0.3032615 0 -0.9479927 0.3182922 0 -0.9479927 0.3182922 0 -0.9427282 0.3335617 0 -0.9427282 0.3335617 0 -0.9371001 0.3490607 0 -0.9371001 0.3490607 0 -0.9310931 0.3647816 0 -0.9310931 0.3647816 0 -0.9246924 0.3807151 0 -0.9246924 0.3807151 0 -0.9196249 0.3927978 0 -0.9196249 0.3927978 0 -0.9161151 0.4009155 0 -0.9161151 0.4009155 0 -0.9125018 0.4090729 0 -0.9125018 0.4090729 0 -0.9087767 0.4172828 0 -0.9087767 0.4172828 0 -0.9049447 0.4255289 0 -0.9049447 0.4255289 0 -0.9009993 0.4338207 0 -0.9009993 0.4338207 0 -0.8969431 0.442146 0 -0.8969431 0.442146 0 -0.89277 0.4505128 0 -0.89277 0.4505128 0 -0.8884816 0.4589123 0 -0.8884816 0.4589123 0 -0.8840785 0.4673385 0 -0.8840785 0.4673385 0 -0.8795521 0.4758027 0 -0.8795521 0.4758027 0 -0.8749082 0.4842888 0 -0.8749082 0.4842888 0 -0.8701421 0.4928008 0 -0.8701421 0.4928008 0 -0.8652556 0.5013308 0 -0.8652556 0.5013308 0 -0.8602415 0.509887 0 -0.8602415 0.509887 0 -0.8551079 0.51845 0 -0.8551079 0.51845 0 -0.8498436 0.5270351 0 -0.8498436 0.5270351 0 -0.8444578 0.5356222 0 -0.8444578 0.5356222 0 -0.8389436 0.5442184 0 -0.8389436 0.5442184 0 -0.8332984 0.5528235 0 -0.8332984 0.5528235 0 -0.8275305 0.5614207 0 -0.8275305 0.5614207 0 -0.8216317 0.5700187 0 -0.8216317 0.5700187 0 -0.8156054 0.5786085 0 -0.8156054 0.5786085 0 -0.8094496 0.5871895 0 -0.8094496 0.5871895 0 -0.8031651 0.5957566 0 -0.8031651 0.5957566 0 -0.7967522 0.6043062 0 -0.7967522 0.6043062 0 -0.7902123 0.6128333 0 -0.7902123 0.6128333 0 -0.783547 0.6213326 0 -0.783547 0.6213326 0 -0.7767478 0.6298118 0 -0.7767478 0.6298118 0 -0.7698268 0.6382529 0 -0.7698268 0.6382529 0 -0.762783 0.6466547 0 -0.762783 0.6466547 0 -0.7556071 0.6550251 0 -0.7556071 0.6550251 0 -0.748317 0.6633415 0 -0.748317 0.6633415 0 -0.7408946 0.6716213 0 -0.7408946 0.6716213 0 -0.7333627 0.6798375 0 -0.7333627 0.6798375 0 -0.7257058 0.6880052 0 -0.7257058 0.6880052 0 -0.7179285 0.6961168 0 -0.7179285 0.6961168 0 -0.710045 0.7041563 0 -0.710045 0.7041563 0 -0.7020435 0.7121341 0 -0.7020435 0.7121341 0 -0.6939319 0.7200407 0 -0.6939319 0.7200407 0 -0.6857113 0.7278737 0 -0.6857113 0.7278737 0 -0.6773854 0.7356283 0 -0.6773854 0.7356283 0 -0.6773854 0.7356283 0 -0.6773854 0.7356283 0 -0.6857113 0.7278737 0 -0.6857113 0.7278737 0 -0.6939319 0.7200407 0 -0.6939319 0.7200407 0 -0.7020435 0.7121341 0 -0.7020435 0.7121341 0 -0.710045 0.7041563 0 -0.710045 0.7041563 0 -0.7179285 0.6961168 0 -0.7179285 0.6961168 0 -0.7257058 0.6880052 0 -0.7257058 0.6880052 0 -0.7333627 0.6798375 0 -0.7333627 0.6798375 0 -0.7408946 0.6716213 0 -0.7408946 0.6716213 0 -0.748317 0.6633415 0 -0.748317 0.6633415 0 -0.7556071 0.6550251 0 -0.7556071 0.6550251 0 -0.762783 0.6466547 0 -0.762783 0.6466547 0 -0.7698268 0.6382529 0 -0.7698268 0.6382529 0 -0.7767478 0.6298118 0 -0.7767478 0.6298118 0 -0.783547 0.6213326 0 -0.783547 0.6213326 0 -0.7902123 0.6128333 0 -0.7902123 0.6128333 0 -0.7967522 0.6043062 0 -0.7967522 0.6043062 0 -0.8031651 0.5957566 0 -0.8031651 0.5957566 0 -0.8094496 0.5871895 0 -0.8094496 0.5871895 0 -0.8156054 0.5786085 0 -0.8156054 0.5786085 0 -0.8216317 0.5700187 0 -0.8216317 0.5700187 0 -0.8275305 0.5614207 0 -0.8275305 0.5614207 0 -0.8332984 0.5528235 0 -0.8332984 0.5528235 0 -0.8389436 0.5442184 0 -0.8389436 0.5442184 0 -0.8444578 0.5356222 0 -0.8444578 0.5356222 0 -0.8498436 0.5270351 0 -0.8498436 0.5270351 0 -0.8551079 0.51845 0 -0.8551079 0.51845 0 -0.8602415 0.509887 0 -0.8602415 0.509887 0 -0.8652556 0.5013308 0 -0.8652556 0.5013308 0 -0.8701421 0.4928008 0 -0.8701421 0.4928008 0 -0.8749082 0.4842888 0 -0.8749082 0.4842888 0 -0.8795521 0.4758027 0 -0.8795521 0.4758027 0 -0.8840785 0.4673385 0 -0.8840785 0.4673385 0 -0.8884816 0.4589123 0 -0.8884816 0.4589123 0 -0.89277 0.4505128 0 -0.89277 0.4505128 0 -0.8969431 0.442146 0 -0.8969431 0.442146 0 -0.9009993 0.4338207 0 -0.9009993 0.4338207 0 -0.9049447 0.4255289 0 -0.9049447 0.4255289 0 -0.9087767 0.4172828 0 -0.9087767 0.4172828 0 -0.9125018 0.4090729 0 -0.9125018 0.4090729 0 -0.9161151 0.4009155 0 -0.9161151 0.4009155 0 -0.9196249 0.3927978 0 -0.9196249 0.3927978 0 -0.9246924 0.3807151 0 -0.9246924 0.3807151 0 -0.9310931 0.3647816 0 -0.9310931 0.3647816 0 -0.9371001 0.3490607 0 -0.9371001 0.3490607 0 -0.9427282 0.3335617 0 -0.9427282 0.3335617 0 -0.9479927 0.3182922 0 -0.9479927 0.3182922 0 -0.9529074 0.3032615 0 -0.9529074 0.3032615 0 -0.9574879 0.2884735 0 -0.9574879 0.2884735 0 -0.961748 0.2739356 0 -0.961748 0.2739356 0 -0.9657031 0.2596492 0 -0.9657031 0.2596492 0 -0.9693662 0.2456198 0 -0.9693662 0.2456198 0 -0.6857113 0.7278737 0 -0.6857113 0.7278737 0 -0.6939319 0.7200407 0 -0.6939319 0.7200407 0 -0.7020435 0.7121341 0 -0.7020435 0.7121341 0 -0.710045 0.7041563 0 -0.710045 0.7041563 0 -0.7179285 0.6961168 0 -0.7179285 0.6961168 0 -0.7257058 0.6880052 0 -0.7257058 0.6880052 0 -0.7333627 0.6798375 0 -0.7333627 0.6798375 0 -0.7408946 0.6716213 0 -0.7408946 0.6716213 0 -0.748317 0.6633415 0 -0.748317 0.6633415 0 -0.7556071 0.6550251 0 -0.7556071 0.6550251 0 -0.762783 0.6466547 0 -0.762783 0.6466547 0 -0.7698268 0.6382529 0 -0.7698268 0.6382529 0 -0.7767478 0.6298118 0 -0.7767478 0.6298118 0 -0.783547 0.6213326 0 -0.783547 0.6213326 0 -0.7902123 0.6128333 0 -0.7902123 0.6128333 0 -0.7967522 0.6043062 0 -0.7967522 0.6043062 0 -0.8031651 0.5957566 0 -0.8031651 0.5957566 0 -0.8094496 0.5871895 0 -0.8094496 0.5871895 0 -0.8156054 0.5786085 0 -0.8156054 0.5786085 0 -0.8216317 0.5700187 0 -0.8216317 0.5700187 0 -0.8275305 0.5614207 0 -0.8275305 0.5614207 0 -0.8332984 0.5528235 0 -0.8332984 0.5528235 0 -0.8389436 0.5442184 0 -0.8389436 0.5442184 0 -0.8444578 0.5356222 0 -0.8444578 0.5356222 0 -0.8498436 0.5270351 0 -0.8498436 0.5270351 0 -0.8551079 0.51845 0 -0.8551079 0.51845 0 -0.8602415 0.509887 0 -0.8602415 0.509887 0 -0.8652556 0.5013308 0 -0.8652556 0.5013308 0 -0.8701421 0.4928008 0 -0.8701421 0.4928008 0 -0.8749082 0.4842888 0 -0.8749082 0.4842888 0 -0.8795521 0.4758027 0 -0.8795521 0.4758027 0 -0.8840785 0.4673385 0 -0.8840785 0.4673385 0 -0.8884816 0.4589123 0 -0.8884816 0.4589123 0 -0.89277 0.4505128 0 -0.89277 0.4505128 0 -0.8969431 0.442146 0 -0.8969431 0.442146 0 -0.9009993 0.4338207 0 -0.9009993 0.4338207 0 -0.9049447 0.4255289 0 -0.9049447 0.4255289 0 -0.9087767 0.4172828 0 -0.9087767 0.4172828 0 -0.9125018 0.4090729 0 -0.9125018 0.4090729 0 -0.9161151 0.4009155 0 -0.9161151 0.4009155 0 -0.9196249 0.3927978 0 -0.9196249 0.3927978 0 -0.9246924 0.3807151 0 -0.9246924 0.3807151 0 -0.9310931 0.3647816 0 -0.9310931 0.3647816 0 -0.9371001 0.3490607 0 -0.9371001 0.3490607 0 -0.9427282 0.3335617 0 -0.9427282 0.3335617 0 -0.9479927 0.3182922 0 -0.9479927 0.3182922 0 -0.9529074 0.3032615 0 -0.9529074 0.3032615 0 -0.9574879 0.2884735 0 -0.9574879 0.2884735 0 -0.961748 0.2739356 0 -0.961748 0.2739356 0 -0.9693662 0.2456198 0 -0.9657031 0.2596492 0 -0.9657031 0.2596492 0 -0.9693662 0.2456198 -0.4939305 0 -0.8695014 -0.4939305 0 -0.8695014 -0.5040228 0 -0.8636904 -0.5040228 0 -0.8636904 -0.5141342 0 -0.8577098 -0.5141342 0 -0.8577098 -0.5242601 0 -0.8515582 -0.5242601 0 -0.8515582 -0.5343954 0 -0.8452346 -0.5343954 0 -0.8452346 -0.5445355 0 -0.8387378 -0.5445355 0 -0.8387378 -0.5546742 0 -0.8320677 -0.5546742 0 -0.8320677 -0.5648065 0 -0.8252235 -0.5648065 0 -0.8252235 -0.5749267 0 -0.8182049 -0.5749267 0 -0.8182049 -0.5850292 0 -0.8110122 -0.5850292 0 -0.8110122 -0.5951083 0 -0.8036456 -0.5951083 0 -0.8036456 -0.6051588 0 -0.7961048 -0.6051588 0 -0.7961048 -0.6151725 0 -0.7883926 -0.6151725 0 -0.7883926 -0.6251465 0 -0.7805075 -0.6251465 0 -0.7805075 -0.6350715 0 -0.7724534 -0.6350715 0 -0.7724534 -0.6449447 0 -0.7642292 -0.6449447 0 -0.7642292 -0.6547577 0 -0.7558389 -0.6547577 0 -0.7558389 -0.6645049 0 -0.7472839 -0.6645049 0 -0.7472839 -0.6741805 0 -0.7385666 -0.6741805 0 -0.7385666 -0.6837784 0 -0.7296898 -0.6837784 0 -0.7296898 -0.6932933 0 -0.7206556 -0.6932933 0 -0.7206556 -0.7027168 0 -0.7114697 -0.7027168 0 -0.7114697 -0.7120456 0 -0.7021333 -0.7120456 0 -0.7021333 -0.7212739 0 -0.6926499 -0.7212739 0 -0.6926499 -0.7303944 0 -0.6830255 -0.7303944 0 -0.6830255 -0.7394017 0 -0.6732645 -0.7394017 0 -0.6732645 -0.7482929 0 -0.6633686 -0.7482929 0 -0.6633686 -0.757061 0 -0.6533443 -0.757061 0 -0.6533443 -0.7656993 0 -0.6431987 -0.7656993 0 -0.6431987 -0.7742049 0 -0.6329351 -0.7742049 0 -0.6329351 -0.7825763 0 -0.6225546 -0.7825763 0 -0.6225546 -0.7908009 0 -0.6120735 -0.7908009 0 -0.6120735 -0.7988845 0 -0.6014845 -0.7988845 0 -0.6014845 -0.806813 0 -0.5908067 -0.806813 0 -0.5908067 -0.814593 0 -0.5800329 -0.814593 0 -0.5800329 -0.8222127 0 -0.5691803 -0.8222127 0 -0.5691803 -0.8296722 0 -0.5582508 -0.8296722 0 -0.5582508 -0.8369703 0 -0.5472483 -0.8369703 0 -0.5472483 -0.8441028 0 -0.5361814 -0.8441028 0 -0.5361814 -0.8510658 0 -0.5250592 -0.8510658 0 -0.5250592 -0.8578603 0 -0.5138832 -0.8578603 0 -0.5138832 -0.8644815 0 -0.5026648 -0.8644815 0 -0.5026648 -0.870931 0 -0.4914054 -0.870931 0 -0.4914054 -0.8772046 0 -0.4801167 -0.8772046 0 -0.4801167 -0.8833044 0 -0.4687998 -0.8833044 0 -0.4687998 -0.8892268 0 -0.4574664 -0.8892268 0 -0.4574664 -0.8949744 0 -0.4461175 -0.8949744 0 -0.4461175 -0.9005454 0 -0.4347619 -0.9005454 0 -0.4347619 -0.9059389 0 -0.4234084 -0.9059389 0 -0.4234084 -0.9111579 0 -0.4120575 -0.9111579 0 -0.4120575 -0.9162002 0 -0.4007207 -0.9162002 0 -0.4007207 -0.9210695 0 -0.3893981 -0.9210695 0 -0.3893981 -0.9257645 0 -0.3781009 -0.9257645 0 -0.3781009 -0.9302885 0 -0.3668289 -0.9302885 0 -0.3668289 -0.934641 0 -0.355593 -0.934641 0 -0.355593 -0.9388258 0 -0.3443925 -0.9388258 0 -0.3443925 -0.9428437 0 -0.3332353 -0.9428437 0 -0.3332353 -0.9466959 0 -0.3221291 -0.9466959 0 -0.3221291 -0.9503862 0 -0.3110724 -0.9503862 0 -0.3110724 -0.9539155 0 -0.3000756 -0.9539155 0 -0.3000756 -0.9572869 0 -0.2891398 -0.9572869 0 -0.2891398 -0.9605048 0 -0.2782632 -0.9605048 0 -0.2782632 -0.9635686 0 -0.2674611 -0.9635686 0 -0.2674611 -0.9664828 0 -0.2567315 -0.9664828 0 -0.2567315 -0.9664828 0 -0.2567315 -0.9635686 0 -0.2674611 -0.9635686 0 -0.2674611 -0.9605048 0 -0.2782632 -0.9605048 0 -0.2782632 -0.9572869 0 -0.2891398 -0.9572869 0 -0.2891398 -0.9539155 0 -0.3000756 -0.9539155 0 -0.3000756 -0.9503862 0 -0.3110724 -0.9503862 0 -0.3110724 -0.9466959 0 -0.3221291 -0.9466959 0 -0.3221291 -0.9428437 0 -0.3332353 -0.9428437 0 -0.3332353 -0.9388258 0 -0.3443925 -0.9388258 0 -0.3443925 -0.934641 0 -0.355593 -0.934641 0 -0.355593 -0.9302885 0 -0.3668289 -0.9302885 0 -0.3668289 -0.9257645 0 -0.3781009 -0.9257645 0 -0.3781009 -0.9210695 0 -0.3893981 -0.9210695 0 -0.3893981 -0.9162002 0 -0.4007207 -0.9162002 0 -0.4007207 -0.9111579 0 -0.4120575 -0.9111579 0 -0.4120575 -0.9059389 0 -0.4234084 -0.9059389 0 -0.4234084 -0.9005454 0 -0.4347619 -0.9005454 0 -0.4347619 -0.8949744 0 -0.4461175 -0.8949744 0 -0.4461175 -0.8892268 0 -0.4574664 -0.8892268 0 -0.4574664 -0.8833044 0 -0.4687998 -0.8833044 0 -0.4687998 -0.8772046 0 -0.4801167 -0.8772046 0 -0.4801167 -0.870931 0 -0.4914054 -0.870931 0 -0.4914054 -0.8644815 0 -0.5026648 -0.8644815 0 -0.5026648 -0.8578603 0 -0.5138832 -0.8578603 0 -0.5138832 -0.8510658 0 -0.5250592 -0.8510658 0 -0.5250592 -0.8441028 0 -0.5361814 -0.8441028 0 -0.5361814 -0.8369703 0 -0.5472483 -0.8369703 0 -0.5472483 -0.8296722 0 -0.5582508 -0.8296722 0 -0.5582508 -0.8222127 0 -0.5691803 -0.8222127 0 -0.5691803 -0.814593 0 -0.5800329 -0.814593 0 -0.5800329 -0.806813 0 -0.5908067 -0.806813 0 -0.5908067 -0.7988845 0 -0.6014845 -0.7988845 0 -0.6014845 -0.7908009 0 -0.6120735 -0.7908009 0 -0.6120735 -0.7825763 0 -0.6225546 -0.7825763 0 -0.6225546 -0.7742049 0 -0.6329351 -0.7742049 0 -0.6329351 -0.7656993 0 -0.6431987 -0.7656993 0 -0.6431987 -0.757061 0 -0.6533443 -0.757061 0 -0.6533443 -0.7482929 0 -0.6633686 -0.7482929 0 -0.6633686 -0.7394017 0 -0.6732645 -0.7394017 0 -0.6732645 -0.7303944 0 -0.6830255 -0.7303944 0 -0.6830255 -0.7212739 0 -0.6926499 -0.7212739 0 -0.6926499 -0.7120456 0 -0.7021333 -0.7120456 0 -0.7021333 -0.7027168 0 -0.7114697 -0.7027168 0 -0.7114697 -0.6932933 0 -0.7206556 -0.6932933 0 -0.7206556 -0.6837784 0 -0.7296898 -0.6837784 0 -0.7296898 -0.6741805 0 -0.7385666 -0.6741805 0 -0.7385666 -0.6645049 0 -0.7472839 -0.6645049 0 -0.7472839 -0.6547577 0 -0.7558389 -0.6547577 0 -0.7558389 -0.6449447 0 -0.7642292 -0.6449447 0 -0.7642292 -0.6350715 0 -0.7724534 -0.6350715 0 -0.7724534 -0.6251465 0 -0.7805075 -0.6251465 0 -0.7805075 -0.6151725 0 -0.7883926 -0.6151725 0 -0.7883926 -0.6051588 0 -0.7961048 -0.6051588 0 -0.7961048 -0.5951083 0 -0.8036456 -0.5951083 0 -0.8036456 -0.5850292 0 -0.8110122 -0.5850292 0 -0.8110122 -0.5749267 0 -0.8182049 -0.5749267 0 -0.8182049 -0.5648065 0 -0.8252235 -0.5648065 0 -0.8252235 -0.5546742 0 -0.8320677 -0.5546742 0 -0.8320677 -0.5445355 0 -0.8387378 -0.5445355 0 -0.8387378 -0.5343954 0 -0.8452346 -0.5343954 0 -0.8452346 -0.5242601 0 -0.8515582 -0.5242601 0 -0.8515582 -0.5141342 0 -0.8577098 -0.5141342 0 -0.8577098 -0.5040228 0 -0.8636904 -0.5040228 0 -0.8636904 -0.4939305 0 -0.8695014 0.9563847 0 0.2921102 0.9563847 0 0.2921102 0.9563847 0 0.2921102 0.9563847 0 0.2921102 0.953055 0 0.3027971 0.953055 0 0.3027971 0.9495819 0 0.313519 0.9495819 0 0.313519 0.945958 0 0.3242891 0.945958 0 0.3242891 0.9421865 0 0.3350889 0.9421865 0 0.3350889 0.9382651 0 0.3459171 0.9382651 0 0.3459171 0.9341899 0 0.3567762 0.9341899 0 0.3567762 0.9299623 0 0.3676548 0.9299623 0 0.3676548 0.9255813 0 0.3785489 0.9255813 0 0.3785489 0.9210451 0 0.3894559 0.9210451 0 0.3894559 0.9163523 0 0.4003728 0.9163523 0 0.4003728 0.9115071 0 0.4112842 0.9115071 0 0.4112842 0.906503 0 0.4221995 0.906503 0 0.4221995 0.9013463 0 0.4330991 0.9013463 0 0.4330991 0.8960307 0 0.443992 0.8960307 0 0.443992 0.8905622 0 0.4548614 0.8905622 0 0.4548614 0.8849385 0 0.4657078 0.8849385 0 0.4657078 0.8791613 0 0.4765242 0.8791613 0 0.4765242 0.8732325 0 0.4873039 0.8732325 0 0.4873039 0.8671517 0 0.4980442 0.8671517 0 0.4980442 0.8609206 0 0.5087394 0.8609206 0 0.5087394 0.8545438 0 0.5193793 0.8545438 0 0.5193793 0.8480181 0 0.5299674 0.8480181 0 0.5299674 0.8413528 0 0.5404864 0.8413528 0 0.5404864 0.8345419 0 0.5509445 0.8345419 0 0.5509445 0.8275951 0 0.5613256 0.8275951 0 0.5613256 0.8205113 0 0.5716303 0.8205113 0 0.5716303 0.8132959 0 0.5818505 0.8132959 0 0.5818505 0.8059495 0 0.5919843 0.8059495 0 0.5919843 0.7984768 0 0.6020255 0.7984768 0 0.6020255 0.7908811 0 0.6119699 0.7908811 0 0.6119699 0.7831685 0 0.6218096 0.7831685 0 0.6218096 0.7753402 0 0.6315438 0.7753402 0 0.6315438 0.7673987 0 0.6411702 0.7673987 0 0.6411702 0.7593526 0 0.6506793 0.7593526 0 0.6506793 0.7512029 0 0.6600713 0.7512029 0 0.6600713 0.742955 0 0.6693413 0.742955 0 0.6693413 0.7346137 0 0.6784856 0.7346137 0 0.6784856 0.7261868 0 0.6874976 0.7261868 0 0.6874976 0.7176706 0 0.6963828 0.7176706 0 0.6963828 0.7090785 0 0.7051296 0.7090785 0 0.7051296 0.7004092 0 0.7137416 0.7004092 0 0.7137416 0.6916712 0 0.7222126 0.6916712 0 0.7222126 0.6828714 0 0.7305387 0.6828714 0 0.7305387 0.6740098 0 0.7387225 0.6740098 0 0.7387225 0.6650916 0 0.7467617 0.6650916 0 0.7467617 0.6561246 0 0.7546526 0.6561246 0 0.7546526 0.6471158 0 0.7623917 0.6471158 0 0.7623917 0.6380606 0 0.7699861 0.6380606 0 0.7699861 0.628977 0 0.7774239 0.628977 0 0.7774239 0.6198597 0 0.7847126 0.6198597 0 0.7847126 0.6107214 0 0.7918456 0.6107214 0 0.7918456 0.6015537 0 0.7988324 0.6015537 0 0.7988324 0.5923779 0 0.8056603 0.5923779 0 0.8056603 0.5831877 0 0.8123374 0.5831877 0 0.8123374 0.573989 0 0.818863 0.573989 0 0.818863 0.564793 0 0.8252326 0.564793 0 0.8252326 0.5555887 0 0.8314573 0.5555887 0 0.8314573 0.5464011 0 0.8375236 0.5464011 0 0.8375236 0.5372171 0 0.8434439 0.5372171 0 0.8434439 0.5280479 0 0.8492146 0.5280479 0 0.8492146 0.5189011 0 0.8548343 0.5189011 0 0.8548343 0.5097656 0 0.8603133 0.5097656 0 0.8603133 0.5006652 0 0.8656409 0.5006653 0 0.865641 0.5006652 0 0.8656409 0.5006652 0 0.8656409 0.5097656 0 0.8603133 0.5097656 0 0.8603133 0.5189011 0 0.8548343 0.5189011 0 0.8548343 0.5280479 0 0.8492146 0.5280479 0 0.8492146 0.5372171 0 0.8434439 0.5372171 0 0.8434439 0.5464011 0 0.8375236 0.5464011 0 0.8375236 0.5555887 0 0.8314573 0.5555887 0 0.8314573 0.564793 0 0.8252326 0.564793 0 0.8252326 0.573989 0 0.818863 0.573989 0 0.818863 0.5831877 0 0.8123374 0.5831877 0 0.8123374 0.5923779 0 0.8056603 0.5923779 0 0.8056603 0.6015537 0 0.7988324 0.6015537 0 0.7988324 0.6107214 0 0.7918456 0.6107214 0 0.7918456 0.6198597 0 0.7847126 0.6198597 0 0.7847126 0.628977 0 0.7774239 0.628977 0 0.7774239 0.6380606 0 0.7699861 0.6380606 0 0.7699861 0.6471158 0 0.7623917 0.6471158 0 0.7623917 0.6561246 0 0.7546526 0.6561246 0 0.7546526 0.6650916 0 0.7467617 0.6650916 0 0.7467617 0.6740098 0 0.7387225 0.6740098 0 0.7387225 0.6828714 0 0.7305387 0.6828714 0 0.7305387 0.6916712 0 0.7222126 0.6916712 0 0.7222126 0.7004092 0 0.7137416 0.7004092 0 0.7137416 0.7090785 0 0.7051296 0.7090785 0 0.7051296 0.7176706 0 0.6963828 0.7176706 0 0.6963828 0.7261868 0 0.6874976 0.7261868 0 0.6874976 0.7346137 0 0.6784856 0.7346137 0 0.6784856 0.742955 0 0.6693413 0.742955 0 0.6693413 0.7512029 0 0.6600713 0.7512029 0 0.6600713 0.7593526 0 0.6506793 0.7593526 0 0.6506793 0.7673987 0 0.6411702 0.7673987 0 0.6411702 0.7753402 0 0.6315438 0.7753402 0 0.6315438 0.7831685 0 0.6218096 0.7831685 0 0.6218096 0.7908811 0 0.6119699 0.7908811 0 0.6119699 0.7984768 0 0.6020255 0.7984768 0 0.6020255 0.8059495 0 0.5919843 0.8059495 0 0.5919843 0.8132959 0 0.5818505 0.8132959 0 0.5818505 0.8205113 0 0.5716303 0.8205113 0 0.5716303 0.8275951 0 0.5613256 0.8275951 0 0.5613256 0.8345419 0 0.5509445 0.8345419 0 0.5509445 0.8413528 0 0.5404864 0.8413528 0 0.5404864 0.8480181 0 0.5299674 0.8480181 0 0.5299674 0.8545438 0 0.5193793 0.8545438 0 0.5193793 0.8609206 0 0.5087394 0.8609206 0 0.5087394 0.8671517 0 0.4980442 0.8671517 0 0.4980442 0.8732325 0 0.4873039 0.8732325 0 0.4873039 0.8791613 0 0.4765242 0.8791613 0 0.4765242 0.8849385 0 0.4657078 0.8849385 0 0.4657078 0.8905622 0 0.4548614 0.8905622 0 0.4548614 0.8960307 0 0.443992 0.8960307 0 0.443992 0.9013463 0 0.4330991 0.9013463 0 0.4330991 0.906503 0 0.4221995 0.906503 0 0.4221995 0.9115071 0 0.4112842 0.9115071 0 0.4112842 0.9163523 0 0.4003728 0.9163523 0 0.4003728 0.9210451 0 0.3894559 0.9210451 0 0.3894559 0.9255813 0 0.3785489 0.9255813 0 0.3785489 0.9299623 0 0.3676548 0.9299623 0 0.3676548 0.9341899 0 0.3567762 0.9341899 0 0.3567762 0.9382651 0 0.3459171 0.9382651 0 0.3459171 0.9421865 0 0.3350889 0.9421865 0 0.3350889 0.945958 0 0.3242891 0.945958 0 0.3242891 0.9495819 0 0.313519 0.9495819 0 0.313519 0.953055 0 0.3027971 0.953055 0 0.3027971 0.953055 0 0.3027971 0.953055 0 0.3027971 0.9495819 0 0.313519 0.9495819 0 0.313519 0.945958 0 0.3242891 0.945958 0 0.3242891 0.9421865 0 0.3350889 0.9421865 0 0.3350889 0.9382651 0 0.3459171 0.9382651 0 0.3459171 0.9341899 0 0.3567762 0.9341899 0 0.3567762 0.9299623 0 0.3676548 0.9299623 0 0.3676548 0.9255813 0 0.3785489 0.9255813 0 0.3785489 0.9210451 0 0.3894559 0.9210451 0 0.3894559 0.9163523 0 0.4003728 0.9163523 0 0.4003728 0.9115071 0 0.4112842 0.9115071 0 0.4112842 0.906503 0 0.4221995 0.906503 0 0.4221995 0.9013463 0 0.4330991 0.9013463 0 0.4330991 0.8960307 0 0.443992 0.8960307 0 0.443992 0.8905622 0 0.4548614 0.8905622 0 0.4548614 0.8849385 0 0.4657078 0.8849385 0 0.4657078 0.8791613 0 0.4765242 0.8791613 0 0.4765242 0.8732325 0 0.4873039 0.8732325 0 0.4873039 0.8671517 0 0.4980442 0.8671517 0 0.4980442 0.8609206 0 0.5087394 0.8609206 0 0.5087394 0.8545438 0 0.5193793 0.8545438 0 0.5193793 0.8480181 0 0.5299674 0.8480181 0 0.5299674 0.8413528 0 0.5404864 0.8413528 0 0.5404864 0.8345419 0 0.5509445 0.8345419 0 0.5509445 0.8275951 0 0.5613256 0.8275951 0 0.5613256 0.8205113 0 0.5716303 0.8205113 0 0.5716303 0.8132959 0 0.5818505 0.8132959 0 0.5818505 0.8059495 0 0.5919843 0.8059495 0 0.5919843 0.7984768 0 0.6020255 0.7984768 0 0.6020255 0.7908811 0 0.6119699 0.7908811 0 0.6119699 0.7831685 0 0.6218096 0.7831685 0 0.6218096 0.7753402 0 0.6315438 0.7753402 0 0.6315438 0.7673987 0 0.6411702 0.7673987 0 0.6411702 0.7593526 0 0.6506793 0.7593526 0 0.6506793 0.7512029 0 0.6600713 0.7512029 0 0.6600713 0.742955 0 0.6693413 0.742955 0 0.6693413 0.7346137 0 0.6784856 0.7346137 0 0.6784856 0.7261868 0 0.6874976 0.7261868 0 0.6874976 0.7176706 0 0.6963828 0.7176706 0 0.6963828 0.7090785 0 0.7051296 0.7090785 0 0.7051296 0.7004092 0 0.7137416 0.7004092 0 0.7137416 0.6916712 0 0.7222126 0.6916712 0 0.7222126 0.6828714 0 0.7305387 0.6828714 0 0.7305387 0.6740098 0 0.7387225 0.6740098 0 0.7387225 0.6650916 0 0.7467617 0.6650916 0 0.7467617 0.6561246 0 0.7546526 0.6561246 0 0.7546526 0.6471158 0 0.7623917 0.6471158 0 0.7623917 0.6380606 0 0.7699861 0.6380606 0 0.7699861 0.628977 0 0.7774239 0.628977 0 0.7774239 0.6198597 0 0.7847126 0.6198597 0 0.7847126 0.6107214 0 0.7918456 0.6107214 0 0.7918456 0.6015537 0 0.7988324 0.6015537 0 0.7988324 0.5923779 0 0.8056603 0.5923779 0 0.8056603 0.5831877 0 0.8123374 0.5831877 0 0.8123374 0.573989 0 0.818863 0.573989 0 0.818863 0.564793 0 0.8252326 0.564793 0 0.8252326 0.5555887 0 0.8314573 0.5555887 0 0.8314573 0.5464011 0 0.8375236 0.5464011 0 0.8375236 0.5372171 0 0.8434439 0.5372171 0 0.8434439 0.5280479 0 0.8492146 0.5280479 0 0.8492146 0.5097656 0 0.8603133 0.5189011 0 0.8548343 0.5189011 0 0.8548343 0.5097656 0 0.8603133 -0.5006653 0 0.865641 -0.5035889 -5.22793e-4 0.8639433 -0.5006644 0.001827061 0.8656395 -0.5097655 -6.10493e-4 0.8603132 -0.5166127 0.001229524 0.8562183 -0.5189011 0 0.8548343 -0.5280479 0 0.8492146 -0.53034 0.001236677 0.8477842 -0.5372171 -6.18485e-4 0.8434438 -0.5441018 0.001244664 0.8390182 -0.5464011 0 0.8375236 -0.5555887 0 0.8314573 -0.5578911 0.001253128 0.8299132 -0.5647929 -6.26111e-4 0.8252325 -0.5716883 0.001258611 0.8204699 -0.573989 0 0.818863 -0.5831877 0 0.8123374 -0.5854856 0.001265585 0.8106817 -0.5923777 -6.34442e-4 0.8056602 -0.5992607 0.001271843 0.8005529 -0.6015537 0 0.7988324 -0.6107214 0 0.7918456 -0.6130056 0.001277208 0.7900775 -0.6198596 -6.4234e-4 0.7847124 -0.623285 3.20437e-4 0.7819948 -0.6289769 -4.82312e-4 0.7774239 -0.6301147 0 0.7765021 -0.6369282 0 0.7709231 -0.6369282 0 0.7709231 -0.6437256 0 0.7652565 -0.6437255 -3.24182e-4 0.7652564 -0.6471157 6.45799e-4 0.7623916 -0.5074917 0 0.8616566 -0.5097655 6.10488e-4 0.8603132 -0.5166127 -0.001229524 0.8562183 -0.5189011 0 0.8548343 -0.5280479 0 0.8492146 -0.53034 -0.001236677 0.8477842 -0.5372171 6.18485e-4 0.8434438 -0.5441018 -0.001244664 0.8390182 -0.5464011 0 0.8375236 -0.5555887 0 0.8314573 -0.5578911 -0.001253128 0.8299132 -0.5647929 6.26116e-4 0.8252325 -0.5716883 -0.001258611 0.8204699 -0.573989 0 0.818863 -0.5831877 0 0.8123374 -0.5854856 -0.001265585 0.8106817 -0.5923777 6.34432e-4 0.8056602 -0.5992607 -0.001271843 0.8005529 -0.6015537 0 0.7988324 -0.6107214 0 0.7918456 -0.6130056 -0.001277208 0.7900775 -0.6198596 6.4234e-4 0.7847124 -0.623285 -3.2044e-4 0.7819948 -0.6289769 4.82309e-4 0.7774239 -0.6301147 0 0.7765021 -0.6369282 0 0.7709231 -0.6369282 0 0.7709231 -0.6380606 4.83059e-4 0.769986 -0.6504983 -3.2425e-4 0.7595077 -0.6561245 4.85803e-4 0.7546525 -0.6572465 0 0.7536757 -0.6639755 0 0.7477543 -0.6639755 0 0.7477543 -0.6639755 0 0.7477543 -0.6639755 0 0.7477543 -0.6650916 -4.86822e-4 0.7467616 -0.6706693 3.26325e-4 0.7417564 -0.6740096 -6.52064e-4 0.7387223 -0.6773408 3.26396e-4 0.7356693 -0.6828712 -4.89699e-4 0.7305386 -0.6839742 0 0.7295062 -0.6905748 0 0.723261 -0.6905748 0 0.723261 -0.697142 0 0.7169331 -0.697142 -3.28354e-4 0.7169331 -0.7004091 6.55282e-4 0.7137413 -0.6650916 4.86828e-4 0.7467616 -0.6706693 -3.26325e-4 0.7417564 -0.6706693 0 0.7417564 -0.6706693 0 0.7417564 -0.6740096 6.52064e-4 0.7387223 -0.6773408 -3.26396e-4 0.7356693 -0.6773408 0 0.7356694 -0.6773408 0 0.7356694 -0.6828712 4.89707e-4 0.7305386 -0.6839742 0 0.7295062 -0.6839742 0 0.7295062 -0.6839742 0 0.7295062 -0.6905748 0 0.723261 -0.6916711 4.90942e-4 0.7222124 -0.7036684 -3.2938e-4 0.7105283 -0.7090784 4.92221e-4 0.7051295 -0.7101549 0 0.7040455 -0.7166002 0 0.6974842 -0.7166002 0 0.6974842 -0.7166002 0 0.6974842 -0.7166002 0 0.6974842 -0.7176705 -4.94164e-4 0.6963827 -0.7230012 3.29433e-4 0.6908468 -0.7261866 -6.60633e-4 0.6874974 -0.729358 3.29122e-4 0.684132 -0.7346136 -4.95932e-4 0.6784856 -0.7356622 0 0.6773487 -0.7419159 0 0.6704928 -0.7419159 0 0.6704928 -0.7481218 0 0.6635615 -0.7481217 -3.30429e-4 0.6635615 -0.7512027 6.6276e-4 0.6600712 -0.7176705 4.94167e-4 0.6963827 -0.7230012 -3.29429e-4 0.6908468 -0.7230013 0 0.6908468 -0.7230013 0 0.6908468 -0.7261866 6.60628e-4 0.6874974 -0.729358 -3.29122e-4 0.684132 -0.7293581 0 0.6841321 -0.7293581 0 0.6841321 -0.7346136 4.95935e-4 0.6784856 -0.7356622 0 0.6773487 -0.7356622 0 0.6773487 -0.7356622 0 0.6773487 -0.7419159 0 0.6704928 -0.742955 4.96856e-4 0.6693412 -0.7542715 -3.31081e-4 0.6565626 -0.7593526 4.97343e-4 0.6506792 -0.7603645 0 0.6494967 -0.7664001 0 0.6423635 -0.7664001 0 0.6423635 -0.7664001 0 0.6423635 -0.7664001 0 0.6423635 -0.7673986 -4.96879e-4 0.6411702 -0.7723737 3.32631e-4 0.6351683 -0.7753401 -6.6388e-4 0.6315436 -0.7782896 3.32288e-4 0.6279054 -0.7831684 -4.97886e-4 0.6218094 -0.7841384 0 0.620586 -0.789924 0 0.6132048 -0.789924 0 0.6132048 -0.7956413 0 0.6057681 -0.7956412 -3.32604e-4 0.6057681 -0.7984766 6.65111e-4 0.6020253 -0.7673986 4.96877e-4 0.6411702 -0.7723737 -3.32635e-4 0.6351683 -0.7723737 0 0.6351683 -0.7723737 0 0.6351683 -0.7753401 6.63891e-4 0.6315436 -0.7782896 -3.32292e-4 0.6279054 -0.7782896 0 0.6279055 -0.7782896 0 0.6279055 -0.7831684 4.97877e-4 0.6218094 -0.7841384 0 0.620586 -0.7841384 0 0.620586 -0.7841384 0 0.620586 -0.789924 0 0.6132048 -0.790881 4.9807e-4 0.6119698 -0.8012937 -3.3214e-4 0.5982711 -0.8059494 4.98917e-4 0.5919843 -0.8068752 0 0.5907219 -0.8123826 0 0.5831248 -0.8123826 0 0.5831248 -0.8123826 0 0.5831248 -0.8123826 0 0.5831248 -0.8132957 -4.99637e-4 0.5818504 -0.8178218 3.31364e-4 0.5754715 -0.8205111 -6.65116e-4 0.5716302 -0.8231831 3.31705e-4 0.5677759 -0.827595 -4.98917e-4 0.5613255 -0.8284721 0 0.5600302 -0.8336815 0 0.5522456 -0.8336815 0 0.5522456 -0.8388131 0 0.5444195 -0.838813 -3.32003e-4 0.5444195 -0.8413525 6.64444e-4 0.5404863 -0.8132957 4.99639e-4 0.5818504 -0.8178218 -3.31364e-4 0.5754715 -0.8178219 0 0.5754715 -0.8178219 0 0.5754715 -0.8205111 6.65121e-4 0.5716302 -0.8231831 -3.31702e-4 0.5677759 -0.8231832 0 0.5677759 -0.8231832 0 0.5677759 -0.827595 4.98905e-4 0.5613255 -0.8284721 0 0.5600302 -0.8284721 0 0.5600302 -0.8284721 0 0.5600302 -0.8336815 0 0.5522456 -0.8345417 4.9768e-4 0.5509444 -0.8438706 -3.31109e-4 0.5365465 -0.8480179 4.97116e-4 0.5299673 -0.8488413 0 0.5286478 -0.8537365 0 0.5207054 -0.8537365 0 0.5207054 -0.8537365 0 0.5207054 -0.8537365 0 0.5207054 -0.8545438 -4.96611e-4 0.5193793 -0.8585454 3.3062e-4 0.5127374 -0.8609204 -6.62034e-4 0.5087393 -0.8632758 3.30755e-4 0.5047323 -0.8671515 -4.95184e-4 0.4980441 -0.8679195 0 0.4967049 -0.87248 0 0.4886498 -0.87248 0 0.4886498 -0.8769556 0 0.4805714 -0.8769556 -3.28968e-4 0.4805714 -0.8791611 6.5913e-4 0.4765241 -0.8545438 4.96608e-4 0.5193793 -0.8585454 -3.30618e-4 0.5127374 -0.8585455 0 0.5127375 -0.8585455 0 0.5127375 -0.8609204 6.62026e-4 0.5087393 -0.8632758 -3.30748e-4 0.5047323 -0.8632758 0 0.5047323 -0.8632758 0 0.5047323 -0.8671515 4.95193e-4 0.4980441 -0.8679195 0 0.4967049 -0.8679195 0 0.4967049 -0.8679195 0 0.4967049 -0.87248 0 0.4886498 -0.8732323 4.95167e-4 0.4873037 -0.8813457 -3.28585e-4 0.472472 -0.8849385 4.9363e-4 0.4657077 -0.8856507 0 0.464352 -0.8898664 0 0.4562212 -0.8898664 0 0.4562212 -0.8898664 0 0.4562212 -0.8898664 0 0.4562212 -0.8905621 -4.93055e-4 0.4548614 -0.893999 3.26919e-4 0.4480686 -0.8960305 -6.55026e-4 0.4439918 -0.8980428 3.27539e-4 0.4399079 -0.9013462 -4.89756e-4 0.433099 -0.9019992 0 0.4317376 -0.9058672 0 0.4235618 -0.9058672 0 0.4235618 -0.9096485 0 0.4153789 -0.9096484 -3.26053e-4 0.4153788 -0.911507 6.50101e-4 0.4112842 -0.8905621 4.93055e-4 0.4548614 -0.893999 -3.26919e-4 0.4480686 -0.8939992 0 0.4480686 -0.8939992 0 0.4480686 -0.8960305 6.55023e-4 0.4439918 -0.8980428 -3.2754e-4 0.4399079 -0.8980429 0 0.439908 -0.8980429 0 0.439908 -0.9013462 4.89754e-4 0.433099 -0.9019992 0 0.4317376 -0.9019992 0 0.4317376 -0.9019992 0 0.4317376 -0.9058672 0 0.4235618 -0.9065029 4.88444e-4 0.4221995 -0.913342 -3.24505e-4 0.407193 -0.9163523 4.86497e-4 0.4003728 -0.9169474 0 0.3990082 -0.9204676 0 0.390819 -0.9204676 0 0.390819 -0.9204676 0 0.390819 -0.9204676 0 0.390819 -0.921045 -4.84759e-4 0.3894559 -0.9238993 3.23432e-4 0.3826355 -0.9255811 -6.43759e-4 0.3785488 -0.9272404 3.22063e-4 0.3744666 -0.9299622 -4.82742e-4 0.3676548 -0.9304997 0 0.3662926 -0.9341899 0 0.3567762 -0.9352219 0.001280665 0.3540599 -0.9382649 -6.39678e-4 0.345917 -0.9412201 0.001273453 0.3377916 -0.9421865 0 0.3350889 -0.945958 0 0.3242891 -0.945958 0 0.3242891 -0.9495819 0 0.313519 -0.9495819 0 0.313519 -0.953055 0 0.3027971 -0.953055 0 0.3027971 -0.9563847 0 0.2921102 -0.9563847 0 0.2921102 -0.9563847 0 0.2921102 -0.9563847 0 0.2921102 -0.953055 0 0.3027971 -0.953055 0 0.3027971 -0.9495819 0 0.313519 -0.9495819 0 0.313519 -0.945958 0 0.3242891 -0.945958 0 0.3242891 -0.9421865 0 0.3350889 -0.9412201 -0.001273512 0.3377916 -0.9382649 6.39678e-4 0.345917 -0.9352219 -0.001280605 0.3540599 -0.9341899 0 0.3567762 -0.9304997 0 0.3662926 -0.9299622 4.82742e-4 0.3676548 -0.9272404 -3.22063e-4 0.3744666 -0.9255811 6.43759e-4 0.3785488 -0.9238993 -3.23428e-4 0.3826355 -0.921045 4.84759e-4 0.3894559 -0.9169474 0 0.3990082 -0.9163523 -4.86508e-4 0.4003728 -0.913342 3.24505e-4 0.407193 -0.911507 -6.50101e-4 0.4112842 -0.9096484 3.26053e-4 0.4153788 -0.9065029 -4.88444e-4 0.4221995 -0.8856507 0 0.464352 -0.8849385 -4.93627e-4 0.4657077 -0.8813457 3.28585e-4 0.472472 -0.8791611 -6.59136e-4 0.4765241 -0.8769556 3.28969e-4 0.4805714 -0.8732323 -4.95164e-4 0.4873037 -0.8488413 0 0.5286478 -0.8480179 -4.97116e-4 0.5299673 -0.8438706 3.31109e-4 0.5365465 -0.8413525 -6.64455e-4 0.5404863 -0.838813 3.32003e-4 0.5444195 -0.8345417 -4.97686e-4 0.5509444 -0.8068752 0 0.5907219 -0.8059494 -4.98911e-4 0.5919843 -0.8012937 3.3214e-4 0.5982711 -0.7984766 -6.65111e-4 0.6020253 -0.7956412 3.326e-4 0.6057681 -0.790881 -4.98076e-4 0.6119698 -0.7603645 0 0.6494967 -0.7593526 -4.97343e-4 0.6506792 -0.7542715 3.31081e-4 0.6565626 -0.7512027 -6.6276e-4 0.6600712 -0.7481217 3.30425e-4 0.6635615 -0.742955 -4.96856e-4 0.6693412 -0.7101549 0 0.7040455 -0.7090784 -4.92227e-4 0.7051295 -0.7036684 3.2938e-4 0.7105283 -0.7004091 -6.55293e-4 0.7137413 -0.697142 3.2835e-4 0.7169331 -0.6916711 -4.90942e-4 0.7222124 -0.6572465 0 0.7536757 -0.6561245 -4.85798e-4 0.7546525 -0.6504983 3.2425e-4 0.7595077 -0.6471157 -6.45799e-4 0.7623916 -0.6437255 3.24186e-4 0.7652564 -0.6380606 -4.83059e-4 0.769986 -0.953055 0 0.3027971 -0.953055 0 0.3027971 -0.9495819 0 0.313519 -0.9495819 0 0.313519 -0.945958 0 0.3242891 -0.945958 0 0.3242891 -0.9412208 0 0.3377918 -0.9412208 0 0.3377918 -0.9352226 0 0.3540602 -0.9352226 0 0.3540602 -0.9304997 0 0.3662926 -0.9304997 0 0.3662926 -0.9238994 0 0.3826355 -0.9272404 0 0.3744666 -0.9272404 0 0.3744666 -0.9238994 0 0.3826355 -0.9169474 0 0.3990082 -0.9169474 0 0.3990082 -0.9133421 0 0.407193 -0.9133421 0 0.407193 -0.9058672 0 0.4235618 -0.9096485 0 0.4153789 -0.8856507 0 0.464352 -0.8856507 0 0.464352 -0.8813457 0 0.472472 -0.8813457 0 0.472472 -0.87248 0 0.4886498 -0.8769556 0 0.4805714 -0.8488413 0 0.5286478 -0.8488413 0 0.5286478 -0.8438707 0 0.5365465 -0.8438707 0 0.5365465 -0.8336815 0 0.5522456 -0.8388131 0 0.5444195 -0.8068752 0 0.5907219 -0.8068752 0 0.5907219 -0.8012937 0 0.5982711 -0.8012937 0 0.5982711 -0.789924 0 0.6132048 -0.7956413 0 0.6057681 -0.7603645 0 0.6494967 -0.7603645 0 0.6494967 -0.7542715 0 0.6565627 -0.7542715 0 0.6565627 -0.7419159 0 0.6704928 -0.7481218 0 0.6635615 -0.7101549 0 0.7040455 -0.7101549 0 0.7040455 -0.7036685 0 0.7105284 -0.7036685 0 0.7105284 -0.6905748 0 0.723261 -0.697142 0 0.7169331 -0.6572465 0 0.7536757 -0.6572465 0 0.7536757 -0.6504983 0 0.7595077 -0.6504983 0 0.7595077 -0.6437256 0 0.7652565 -0.6301147 0 0.7765021 -0.6301147 0 0.7765021 -0.623285 0 0.7819948 -0.623285 0 0.7819948 -0.6130062 0 0.7900782 -0.6130062 0 0.7900782 -0.5992612 0 0.8005536 -0.5992612 0 0.8005536 -0.5854862 0 0.8106824 -0.5854862 0 0.8106824 -0.5716888 0 0.8204706 -0.5716888 0 0.8204706 -0.5578915 0 0.8299139 -0.5578915 0 0.8299139 -0.5441023 0 0.8390189 -0.5441023 0 0.8390189 -0.5166131 0 0.856219 -0.5303404 0 0.8477848 -0.5303404 0 0.8477848 -0.5166131 0 0.856219 0.9664828 0 -0.2567315 0.9664828 0 -0.2567315 0.9635686 0 -0.2674611 0.9635686 0 -0.2674611 0.9605048 0 -0.2782632 0.9605048 0 -0.2782632 0.9572869 0 -0.2891398 0.9572869 0 -0.2891398 0.9539155 0 -0.3000756 0.9539155 0 -0.3000756 0.9503862 0 -0.3110724 0.9503862 0 -0.3110724 0.9466959 0 -0.3221291 0.9466959 0 -0.3221291 0.9428437 0 -0.3332353 0.9428437 0 -0.3332353 0.9388258 0 -0.3443925 0.9388258 0 -0.3443925 0.934641 0 -0.355593 0.934641 0 -0.355593 0.9302885 0 -0.3668289 0.9302885 0 -0.3668289 0.9257645 0 -0.3781009 0.9257645 0 -0.3781009 0.9210695 0 -0.3893981 0.9210695 0 -0.3893981 0.9162002 0 -0.4007207 0.9162002 0 -0.4007207 0.9111579 0 -0.4120575 0.9111579 0 -0.4120575 0.9059389 0 -0.4234084 0.9059389 0 -0.4234084 0.9005454 0 -0.4347619 0.9005454 0 -0.4347619 0.8949744 0 -0.4461175 0.8949744 0 -0.4461175 0.8892268 0 -0.4574664 0.8892268 0 -0.4574664 0.8833044 0 -0.4687998 0.8833044 0 -0.4687998 0.8772046 0 -0.4801167 0.8772046 0 -0.4801167 0.870931 0 -0.4914054 0.870931 0 -0.4914054 0.8644815 0 -0.5026648 0.8644815 0 -0.5026648 0.8578603 0 -0.5138832 0.8578603 0 -0.5138832 0.8510658 0 -0.5250592 0.8510658 0 -0.5250592 0.8441028 0 -0.5361814 0.8441028 0 -0.5361814 0.8369703 0 -0.5472483 0.8369703 0 -0.5472483 0.8296722 0 -0.5582508 0.8296722 0 -0.5582508 0.8222127 0 -0.5691803 0.8222127 0 -0.5691803 0.814593 0 -0.5800329 0.814593 0 -0.5800329 0.806813 0 -0.5908067 0.806813 0 -0.5908067 0.7988845 0 -0.6014845 0.7988845 0 -0.6014845 0.7908009 0 -0.6120735 0.7908009 0 -0.6120735 0.7825763 0 -0.6225546 0.7825763 0 -0.6225546 0.7742049 0 -0.6329351 0.7742049 0 -0.6329351 0.7656993 0 -0.6431987 0.7656993 0 -0.6431987 0.757061 0 -0.6533443 0.757061 0 -0.6533443 0.7482929 0 -0.6633686 0.7482929 0 -0.6633686 0.7394017 0 -0.6732645 0.7394017 0 -0.6732645 0.7303944 0 -0.6830255 0.7303944 0 -0.6830255 0.7212739 0 -0.6926499 0.7212739 0 -0.6926499 0.7120456 0 -0.7021333 0.7120456 0 -0.7021333 0.7027168 0 -0.7114697 0.7027168 0 -0.7114697 0.6932933 0 -0.7206556 0.6932933 0 -0.7206556 0.6837784 0 -0.7296898 0.6837784 0 -0.7296898 0.6741805 0 -0.7385666 0.6741805 0 -0.7385666 0.6645049 0 -0.7472839 0.6645049 0 -0.7472839 0.6547577 0 -0.7558389 0.6547577 0 -0.7558389 0.6449447 0 -0.7642292 0.6449447 0 -0.7642292 0.6350715 0 -0.7724534 0.6350715 0 -0.7724534 0.6251465 0 -0.7805075 0.6251465 0 -0.7805075 0.6151725 0 -0.7883926 0.6151725 0 -0.7883926 0.6051588 0 -0.7961048 0.6051588 0 -0.7961048 0.5951083 0 -0.8036456 0.5951083 0 -0.8036456 0.5850292 0 -0.8110122 0.5850292 0 -0.8110122 0.5749267 0 -0.8182049 0.5749267 0 -0.8182049 0.5648065 0 -0.8252235 0.5648065 0 -0.8252235 0.5546742 0 -0.8320677 0.5546742 0 -0.8320677 0.5445355 0 -0.8387378 0.5445355 0 -0.8387378 0.5343954 0 -0.8452346 0.5343954 0 -0.8452346 0.5242601 0 -0.8515582 0.5242601 0 -0.8515582 0.5141342 0 -0.8577098 0.5141342 0 -0.8577098 0.5040228 0 -0.8636904 0.5040228 0 -0.8636904 0.4939305 0 -0.8695014 0.4939305 0 -0.8695014 0.4939305 0 -0.8695014 0.5040228 0 -0.8636904 0.5040228 0 -0.8636904 0.5141342 0 -0.8577098 0.5141342 0 -0.8577098 0.5242601 0 -0.8515582 0.5242601 0 -0.8515582 0.5343954 0 -0.8452346 0.5343954 0 -0.8452346 0.5445355 0 -0.8387378 0.5445355 0 -0.8387378 0.5546742 0 -0.8320677 0.5546742 0 -0.8320677 0.5648065 0 -0.8252235 0.5648065 0 -0.8252235 0.5749267 0 -0.8182049 0.5749267 0 -0.8182049 0.5850292 0 -0.8110122 0.5850292 0 -0.8110122 0.5951083 0 -0.8036456 0.5951083 0 -0.8036456 0.6051588 0 -0.7961048 0.6051588 0 -0.7961048 0.6151725 0 -0.7883926 0.6151725 0 -0.7883926 0.6251465 0 -0.7805075 0.6251465 0 -0.7805075 0.6350715 0 -0.7724534 0.6350715 0 -0.7724534 0.6449447 0 -0.7642292 0.6449447 0 -0.7642292 0.6547577 0 -0.7558389 0.6547577 0 -0.7558389 0.6645049 0 -0.7472839 0.6645049 0 -0.7472839 0.6741805 0 -0.7385666 0.6741805 0 -0.7385666 0.6837784 0 -0.7296898 0.6837784 0 -0.7296898 0.6932933 0 -0.7206556 0.6932933 0 -0.7206556 0.7027168 0 -0.7114697 0.7027168 0 -0.7114697 0.7120456 0 -0.7021333 0.7120456 0 -0.7021333 0.7212739 0 -0.6926499 0.7212739 0 -0.6926499 0.7303944 0 -0.6830255 0.7303944 0 -0.6830255 0.7394017 0 -0.6732645 0.7394017 0 -0.6732645 0.7482929 0 -0.6633686 0.7482929 0 -0.6633686 0.757061 0 -0.6533443 0.757061 0 -0.6533443 0.7656993 0 -0.6431987 0.7656993 0 -0.6431987 0.7742049 0 -0.6329351 0.7742049 0 -0.6329351 0.7825763 0 -0.6225546 0.7825763 0 -0.6225546 0.7908009 0 -0.6120735 0.7908009 0 -0.6120735 0.7988845 0 -0.6014845 0.7988845 0 -0.6014845 0.806813 0 -0.5908067 0.806813 0 -0.5908067 0.814593 0 -0.5800329 0.814593 0 -0.5800329 0.8222127 0 -0.5691803 0.8222127 0 -0.5691803 0.8296722 0 -0.5582508 0.8296722 0 -0.5582508 0.8369703 0 -0.5472483 0.8369703 0 -0.5472483 0.8441028 0 -0.5361814 0.8441028 0 -0.5361814 0.8510658 0 -0.5250592 0.8510658 0 -0.5250592 0.8578603 0 -0.5138832 0.8578603 0 -0.5138832 0.8644815 0 -0.5026648 0.8644815 0 -0.5026648 0.870931 0 -0.4914054 0.870931 0 -0.4914054 0.8772046 0 -0.4801167 0.8772046 0 -0.4801167 0.8833044 0 -0.4687998 0.8833044 0 -0.4687998 0.8892268 0 -0.4574664 0.8892268 0 -0.4574664 0.8949744 0 -0.4461175 0.8949744 0 -0.4461175 0.9005454 0 -0.4347619 0.9005454 0 -0.4347619 0.9059389 0 -0.4234084 0.9059389 0 -0.4234084 0.9111579 0 -0.4120575 0.9111579 0 -0.4120575 0.9162002 0 -0.4007207 0.9162002 0 -0.4007207 0.9210695 0 -0.3893981 0.9210695 0 -0.3893981 0.9257645 0 -0.3781009 0.9257645 0 -0.3781009 0.9302885 0 -0.3668289 0.9302885 0 -0.3668289 0.934641 0 -0.355593 0.934641 0 -0.355593 0.9388258 0 -0.3443925 0.9388258 0 -0.3443925 0.9428437 0 -0.3332353 0.9428437 0 -0.3332353 0.9466959 0 -0.3221291 0.9466959 0 -0.3221291 0.9503862 0 -0.3110724 0.9503862 0 -0.3110724 0.9539155 0 -0.3000756 0.9539155 0 -0.3000756 0.9572869 0 -0.2891398 0.9572869 0 -0.2891398 0.9605048 0 -0.2782632 0.9605048 0 -0.2782632 0.9635686 0 -0.2674611 0.9635686 0 -0.2674611 0.9664828 0 -0.2567315 0 -1 0 0 -1 0 0 -1 0 0 -1 0 0 -1 0 0 -1 0 0 -1 0 0 -1 0 0 -1 0 0 -1 0 0 -1 0 0 -1 0 0 -1 0 0 -1 0 0 -1 0 0 -1 0 0 -1 0 0 -1 0 0 -1 0 0 -1 0 0 -1 0 0 -1 0 0 -1 0 0 -1 0 0 -1 0 0 -1 0 0 -1 0 0 -1 0 0 -1 0 0 -1 0 0 -1 0 0 -1 0 0 -1 0 0 -1 0 0 -1 0 0 -1 0 0 -1 0 0 -1 0 0 -1 0 0 -1 0 0 -1 0 0 -1 0 0 -1 0 0 -1 0 0 -1 0 0 -1 0 0 -1 0 0 -1 0 0 -1 0 0 -1 0 0 -1 0 0 -1 0 0 -1 0 0 -1 0 0 -1 0 0 -1 0 0 -1 0 0 -1 0 0 -1 0 0 -1 0 0 -1 0 0 -1 0 0 -1 0 0 -1 0 0 -1 0 0 -1 0 0 -1 0 0 -1 0 0 -1 0 0 -1 0 0 -1 0 0 -1 0 0 -1 0 0 -1 0 0 -1 0 0 -1 0 0 -1 0 0 -1 0 0 -1 0 0 -1 0 0 -1 0 0 -1 0 0 -1 0 0 -1 0 0 -1 0 0 -1 0 0 -1 0 0 -1 0 0 -1 0 0 -1 0 0 -1 0 0 -1 0 0 -1 0 0 -1 0 0 -1 0 0 -1 0 0 -1 0 0 -1 0 0 -1 0 0 -1 0 0 -1 0 0 -1 0 0 -1 0 0 -1 0 0 -1 0 0 -1 0 0 -1 0 0 -1 0 0 -1 0 0 -1 0 0 -1 0 0 -1 0 0 -1 0 0 -1 0 0 -1 0 0 -1 0 0 -1 0 0 -1 0 0 -1 0 0 -1 0 0 -1 0 0 -1 0 0 -1 0 0 -1 0 0 -1 0 0 -1 0 0 -1 0 0 -1 0 0 -1 0 0 -1 0 0 -1 0 0 -1 0 0 -1 0 0 -1 0 0 -1 0 0 -1 0 0 1 0 0 1 0 0 1 0 0 1 0 0 1 0 0 1 0 0 1 0 0 1 0 0 1 0 0 1 0 0 1 0 0 1 0 0 1 0 0 1 0 0 1 0 0 1 0 0 1 0 0 1 0 0 1 0 0 1 0 0 1 0 0 1 0 0 1 0 0 1 0 0 1 0 0 1 0 0 1 0 0 1 0 0 1 0 0 1 0 0 1 0 0 1 0 0 1 0 0 1 0 0 1 0 0 1 0 0 1 0 0 1 0 0 1 0 0 1 0 0 1 0 0 1 0 0 1 0 0 1 0 0 1 0 0 1 0 0 1 0 0 1 0 0 1 0 0 1 0 0 1 0 0 1 0 0 1 0 0 1 0 0 1 0 0 1 0 0 1 0 0 1 0 0 1 0 0 1 0 0 1 0 0 1 0 0 1 0 0 1 0 0 1 0 0 1 0 0 1 0 0 1 0 0 1 0 0 1 0 0 1 0 0 1 0 0 1 0 0 1 0 0 1 0 0 1 0 0 1 0 0 1 0 0 1 0 0 1 0 0 1 0 0 1 0 0 1 0 0 1 0 0 1 0 0 1 0 0 1 0 0 1 0 0 1 0 0 1 0 0 1 0 0 1 0 0 1 0 0 1 0 0 1 0 0 1 0 0 1 0 0 1 0 0 1 0 0 1 0 0 1 0 0 1 0 0 1 0 0 1 0 0 1 0 0 1 0 0 1 0 0 1 0 0 1 0 0 1 0 0 1 0 0 1 0 0 1 0 0 1 0 0 1 0 0 1 0 0 1 0 0 1 0 0 1 0 0 1 0 0 1 0 0 1 0 0 1 0 0 1 0 0 1 0 0 1 0 0 1 0 0 1 0 0 1 0 0 1 0 0 1 0 0 1 0 0 1 0 0 1 0 0 1 0 0 1 0 0.9673932 -1.23009e-5 0.2532796 0.9673856 0 0.2533083 0.9673856 0 0.2533083 0.9673856 0 0.2533083 0.9648456 0 0.2628172 0.9648456 0 0.2628172 0.9621925 0 0.2723701 0.9621925 0 0.2723701 0.9594232 0 0.2819701 0.9594232 0 0.2819701 0.9594232 0 0.2819701 0.9594317 1.22901e-5 0.2819413 0.9621925 -1.06622e-5 0.2723701 0.9622093 1.44511e-5 0.2723109 0.9648456 -1.60869e-5 0.2628172 0.9648628 1.06933e-5 0.2627542 0.9648456 0 0.2628172 0.9621925 0 0.2723701 0.9621925 0 0.2723701 0.9648456 0 0.2628172 -0.9594317 1.22901e-5 0.2819413 -0.9594232 0 0.2819701 -0.9594232 0 0.2819701 -0.9594232 0 0.2819701 -0.9621925 0 0.2723701 -0.9621925 0 0.2723701 -0.9648456 0 0.2628172 -0.9648456 0 0.2628172 -0.9673856 0 0.2533083 -0.9673856 0 0.2533083 -0.9673856 0 0.2533083 -0.9673932 -1.23009e-5 0.2532796 -0.9648628 1.06933e-5 0.2627542 -0.9648456 -1.60827e-5 0.2628172 -0.9622093 1.44511e-5 0.2723109 -0.9621925 -1.06579e-5 0.2723701 -0.9621925 0 0.2723701 -0.9648456 0 0.2628172 -0.9648456 0 0.2628172 -0.9621925 0 0.2723701 1 0 0 1 0 0 1 0 0 1 0 0 1 0 0 1 0 0 1 0 0 1 0 0 1 0 0 1 0 0 1 0 0 1 0 0 1 0 0 1 0 0 1 0 0 1 0 0 1 0 0 1 0 0 1 0 0 1 0 0 1 0 0 1 0 0 1 0 0 1 0 0 1 0 0 1 0 0 1 0 0 1 0 0 1 0 0 1 0 0 1 0 0 1 0 0 1 0 0 1 0 0 1 0 0 1 0 0 1 0 0 1 0 0 1 0 0 1 0 0 1 0 0 1 0 0 1 0 0 1 0 0 1 0 0 1 0 0 1 0 0 1 0 0 1 0 0 1 0 0 1 0 0 1 0 0 1 0 0 1 0 0 1 0 0 1 0 0 1 0 0 1 0 0 1 0 0 1 0 0 1 0 0 1 0 0 1 0 0 1 0 0 1 0 0 1 0 0 1 0 0 1 0 0 1 0 0 1 0 0 1 0 0 1 0 0 1 0 0 1 0 0 1 0 0 1 0 0 1 0 0 1 0 0 1 0 0 1 0 0 1 0 0 1 0 0 1 0 0 1 0 0 1 0 0 1 0 0 1 0 0 1 0 0 1 0 0 1 0 0 1 0 0 1 0 0 1 0 0 1 0 0 1 0 0 1 0 0 1 0 0 1 0 0 1 0 0 1 0 0 1 0 0 1 0 0 1 0 0 1 0 0 1 0 0 1 0 0 1 0 0 1 0 0 1 0 0 1 0 0 1 0 0 1 0 0 1 0 0 1 0 0 1 0 0 1 0 0 1 0 0 0 0.9797995 0.1999823 0 0.9797995 0.1999823 0 0.9762609 0.216598 0 0.9762609 0.216598 -1 0 0 -1 0 0 -1 0 0 -1 0 0 -1 0 0 -1 0 0 -1 0 0 -1 0 0 -1 0 0 -1 0 0 -1 0 0 -1 0 0 -1 0 0 -1 0 0 -1 0 0 -1 0 0 -1 0 0 -1 0 0 -1 0 0 -1 0 0 -1 0 0 -1 0 0 -1 0 0 -1 0 0 -1 0 0 -1 0 0 -1 0 0 -1 0 0 -1 0 0 -1 0 0 -1 0 0 -1 0 0 -1 0 0 -1 0 0 -1 0 0 -1 0 0 -1 0 0 -1 0 0 -1 0 0 -1 0 0 -1 0 0 -1 0 0 -1 0 0 -1 0 0 -1 0 0 -1 0 0 -1 0 0 -1 0 0 -1 0 0 -1 0 0 -1 0 0 -1 0 0 -1 0 0 -1 0 0 -1 0 0 -1 0 0 -1 0 0 -1 0 0 -1 0 0 -1 0 0 -1 0 0 -1 0 0 -1 0 0 -1 0 0 -1 0 0 -1 0 0 -1 0 0 -1 0 0 -1 0 0 -1 0 0 -1 0 0 -1 0 0 -1 0 0 -1 0 0 -1 0 0 -1 0 0 -1 0 0 -1 0 0 -1 0 0 -1 0 0 -1 0 0 -1 0 0 -1 0 0 -1 0 0 -1 0 0 -1 0 0 -1 0 0 -1 0 0 -1 0 0 -1 0 0 -1 0 0 -1 0 0 -1 0 0 -1 0 0 -1 0 0 -1 0 0 -1 0 0 -1 0 0 -1 0 0 -1 0 0 -1 0 0 -1 0 0 -1 0 0 -1 0 0 -1 0 0 -1 0 0 -1 0 0 -1 0 0 -1 0 0 -1 0 0 -1 0 0 -1 0 0 -1 0 0 0 -0.9762609 0.216598 0 -0.9762609 0.216598 0 -0.9797995 0.1999823 0 -0.9797995 0.1999823 0 0 -1 0 0 -1 0 0 -1 0 0 -1 0 0 -1 0 0 -1 0 0 -1 0 0 -1 0 0 -1 0 0 -1 0 0 -1 0 0 -1 0 0 -1 0 0 -1 0 0 -1 0 0 -1 0 0 -1 0 0 -1 0 0 -1 0 0 -1 0 0 -1 0 0 -1 0 0 -1 0 0 -1 0 0 -1 0 0 -1 0 0 -1 0 0 -1 0 0 -1 0 0 -1 0 0 -1 0 0 -1 0 0 -1 0 0 -1 0 0 -1 0 0 -1 0 0 -1 0 0 -1 0 0 -1 0 0 -1 0 0 -1 0 0 -1 0 0 -1 0 0 -1 0 0 -1 0 0 -1 0 0 -1 0 0 -1 0 0 -1 0 0 -1 0 0 -1 0 0 -1 0 0 -1 0 0 -1 0 0 -1 0 0 -1 0 0 -1 0 0 -1 0 0 -1 0 0 -1 0 0 -1 0 0 -1 0 0 -1 0 0 -1 0 0 -1 0 0 -1 0 0 -1 0 0 -1 0 0 -1 0 0 -1 0 0 -1 0 0 -1 0 0 -1 0 0 -1 0 0 -1 0 0 -1 0 0 -1 0 0 -1 0 0 -1 0 0 -1 0 0 -1 0 0 -1 0 0 -1 0 0 -1 0 0 -1 0 0 -1 0 0 -1 0 0 -1 0 0 -1 0 0 -1 0 0 -1 0 0 -1 0 0 -1 0 0 -1 0 0 -1 0 0 -1 0 0 -1 0 0 -1 0 0 -1 0 0 -1 0 0 -1 0 0 -1 0 0 -1 0 0 -1 0 0 -1 0 0 -1 0 0 -1 0 0 -1 0 0 -1 0 0 -1 0 0 -1 0 0 -1 0 0 -1 0 0 -1 0 0 -1 0 0 -1 0 0 -1 0 0 -1 0 0 -1 0 0 -1 0 0 -1 0 0 -1 0 0 -1 0 0 -1 0 0 -1 0 0 -1 0 0 -1 0 0 -1 0 0 -1 0 0 -1 0 0 -1 0 0 -1 0 0 -1 0 0 -1 0 0 -1 0 0 -1 0 0 -1 0 0 -1 0 0 -1 0 0 -1 0 0 -1 0 0 -1 0 0 -1 0 0 -1 0 0 -1 0 0 -1 0 0 -1 0 0 -1 0 0 -1 0 0 -1 0 0 -1 0 0 -1 0 0 -1 0 0 -1 0 0 -1 0 0 -1 0 0 -1 0 0 -1 0 0 -1 0 0 -1 0 0 -1 0 0 -1 0 0 -1 0 0 -1 0 0 -1 0 0 -1 0 0 -1 0 0 -1 0 0 -1 0 0 -1 0 0 -1 0 0 -1 0 0 -1 0 0 -1 0 0 -1 0 0 -1 0 0 -1 0 0 -1 0 0 -1 0 0 -1 0 0 -1 0 0 -1 0 0 -1 0 0 -1 0 0 -1 0 0 -1 0 0 -1 0 0 -1 0 0 -1 0 0 -1 0 0 -1 0 0 -1 0 0 -1 0 0 -1 0 0 -1 0 0 -1 0 0 -1 0 0 -1 0 0 -1 0 0 -1 0 0 -1 0 0 -1 0 0 -1 0 0 -1 0 0 -1 0 0 -1 0 0 -1 0 0 -1 0 0 -1 0 0 -1 0 0 -1 0 0 -1 0 0 -1 0 0 -1 0 0 -1 0 0 -1 0 0 -1 0 0 -1 0 0 -1 0 0 -1 0 0 -1 0 0 -1 0 0 -1 0 0 -1 0 0 -1 0 0 -1 0 0 -1 0 0 -1 0 0 -1 0 0 -1 0 0 -1 0 0 -1 0 0 -1 0 0 -1 0 0 -1 0 0 -1 0 0 -1 0 0 -1 0 0 -1 0 0 -1 0 0 -1 0 0 -1 0 0 -1 0 0 -1 0 0 -1 0 0 -1 0 0 -1 0 0 -1 0 0 -1 0 0 -1 0 0 -1 0 0 -1 0 0 -1 0 0 -1 0 0 -1 0 0 -1 0 0 -1 0 0 -1 0 0 -1 0 0 -1 0 0 -1 0 0 -1 0 0 -1 0 0 -1 0 0 -1 0 0 -1 0 0 -1 0 0 -1 0 0 -1 0 0 -1 0 0 -1 0 0 -1 0 0 -1 0 0 -1 0 0 -1 0 0 -1 0 0 -1 0 0 -1 0 0 -1 0 0 -1 0 0 -1 0 0 -1 0 0 -1 0 0 -1 0 0 -1 0 0 -1 0 0 -1 0 0 -1 0 0 -1 0 0 -1 0 0 -1 0 0 -1 0 0 -1 0 0 -1 0 0 -1 0 0 -1 0 0 -1 0 0 -1 0 0 -1 0 0 -1 0 0 -1 0 0 -1 0 0 -1 0 0 -1 0 0 -1 0 0 -1 0 0 -1 0 0 -1 0 0 -1 0 0 -1 0 0 -1 0 0 -1 0 0 -1 0 0 -1 0 0 -1 0 0 -1 0 0 -1 0 0 -1 0 0 -1 0 0 -1 0 0 -1 0 0 -1 0 0 -1 0 0 -1 0 0 -1 0 0 -1 0 0 -1 0 0 -1 0 0 -1 0 0 -1 0 0 -1 0 0 -1 0 0 -1 0 0 -1 0 0 -1 0 0 -1 0 0 -1 0 0 -1 0 0 -1 0 0 -1 0 0 -1 0 0 -1 0 0 -1 0 0 -1 0 0 -1 0 0 -1 0 0 -1 0 0 -1 0 0 -1 0 0 -1 0 0 -1 0 0 -1 0 0 -1 0 0 -1 0 0 -1 0 0 -1 0 0 -1 0 0 -1 0 0 -1 0 0 -1 0 0 -1 0 0 -1 0 0 -1 0 0 -1 0 0 -1 0 0 -1 0 0 -1 0 0 -1 0 0 -1 0 0 -1 0 0 -1 0 0 -1 0 0 -1 0 0 -1 0 0 -1 0 0 -1 0 0 -1 0 0 -1 0 0 -1 0 0 -1 0 0 -1 0 0 -1 0 0 -1 0 0 -1 0 0 -1 0 0 -1 0 0 -1 0 0 -1 0 0 -1 0 0 -1 0 0 -1 0 0 -1 0 0 -1 0 0 -1 0 0 -1 0 0 -1 0 0 -1 0 0 -1 0 0 -1 0 0 -1 0 0 -1 0 0 -1 0 0 -1 0 0 -1 0 0 -1 0 0 -1 0 0 -1 0 0 -1 0 0 -1 0 0 -1 0 0 -1 0 0 -1 0 0 -1 0 0 -1 0 0 -1 0 0 -1 0 0 -1 0 0 -1 0 0 -1 0 0 -1 0 0 -1 0 0 -1 0 0 -1 0 0 -1 0 0 -1 0 0 -1 0 0 -1 0 0 -1 0 0 -1 0 0 -1 0 0 -1 0 0 -1 0 0 -1 0 0 -1 0 0 -1 0 0 -1 0 0 -1 0 0 -1 0 0 -1 0 0 -1 0 0 -1 0 0 -1 0 0 -1 0 0 -1 0 0 -1 0 0 -1 0 0 -1 0 0 -1 0 0 -1 0 0 -1 0 0 -1 0 0 -1 0 0 -1 0 0 -1 0 0 -1 0 0 -1 0 0 -1 0 0 -1 0 0 -1 0 0 -1 0 0 -1 0 0 -1 0 0 -1 0 0 -1 0 0 -1 0 0 -1 0 0 -1 0 0 -1 0 0 -1 0 0 -1 0 0 -1 0 0 -1 0 0 -1 0 0 -1 0 0 -1 0 0 -1 0 0 -1 0 0 -1 0 0 -1 0 0 -1 0 0 -1 0 0 -1 0 0 -1 0 0 -1 0 0 -1 0 0 -1 0 0 -1 0 0 -1 0 0 -1 0 0 -1 0 0 -1 0 0 -1 0 0 -1 0 0 -1 0 0 -1 0 0 -1 0 0 -1 0 0 -1 0 0 -1 0 0 -1 0 0 -1 0 0 -1 0 0 -1 0 0 -1 0 0 -1 0 0 -1 0 0 -1 0 0 -1 0 0 -1 0 0 -1 0 0 -1 0 0 -1 0 0 -1 0 0 -1 0 0 -1 0 0 -1 0 0 -1 0 0 -1 0 0 -1 0 0 -1 0 0 -1 0 0 -1 0 0 -1 0 0 -1 0 0 -1 0 0 -1 0 0 -1 0 0 -1 0 0 -1 0 0 -1 0 0 -1 0 0 -1 0 0 -1 0 0 -1 0 0 -1 0 0 -1 0 0 -1 0 0 -1 0 0 -1 0 0 -1 0 0 -1 0 0 -1 0 0 -1 0 0 -1 0 0 -1 0 0 -1 0 0 -1 0 0 -1 0 0 -1 0 0 -1 0 0 -1 0 0 -1 0 0 -1 0 0 -1 0 0 -1 0 0 -1 0 0 -1 0 0 -1 0 0 -1 0 0 -1 0 0 -1 0 0 -1 -0.4999999 0.8660255 0 -0.4999999 0.8660255 0 -1 -1.65181e-7 0 -1 -1.65181e-7 0 -0.4999998 -0.8660255 0 -0.4999998 -0.8660255 0 0.5000004 -0.8660252 0 0.5000004 -0.8660252 0 1 3.30363e-7 0 1 3.30363e-7 0 0.4999998 0.8660255 0 0.4999998 0.8660255 0 -0.4999998 0.8660256 0 -0.4999998 0.8660256 0 -1 0 0 -1 0 0 -0.4999998 -0.8660256 0 -0.4999998 -0.8660256 0 0.5000002 -0.8660253 0 0.5000002 -0.8660253 0 1 0 0 1 0 0 0.4999998 0.8660256 0 0.4999998 0.8660256 0 -0.4999998 0.8660256 0 -0.4999998 0.8660256 0 -1 0 0 -1 0 0 -0.4999998 -0.8660256 0 -0.4999998 -0.8660256 0 0.4999998 -0.8660256 0 0.4999998 -0.8660256 0 1 0 0 1 0 0 0.4999998 0.8660256 0 0.4999998 0.8660256 0 -0.5000002 0.8660253 0 -0.5000002 0.8660253 0 -1 0 0 -1 0 0 -0.4999998 -0.8660256 0 -0.4999998 -0.8660256 0 0.4999998 -0.8660256 0 0.4999998 -0.8660256 0 1 0 0 1 0 0 0.4999998 0.8660256 0 0.4999998 0.8660256 0 -0.5000002 0.8660253 0 -0.5000002 0.8660253 0 -1 0 0 -1 0 0 -0.4999998 -0.8660256 0 -0.4999998 -0.8660256 0 0.4999998 -0.8660256 0 0.4999998 -0.8660256 0 1 0 0 1 0 0 0.4999998 0.8660256 0 0.4999998 0.8660256 0 -0.5000004 0.8660252 0 -0.5000004 0.8660252 0 -1 -3.30363e-7 0 -1 -3.30363e-7 0 -0.4999998 -0.8660255 0 -0.4999998 -0.8660255 0 0.4999999 -0.8660255 0 0.4999999 -0.8660255 0 1 1.65181e-7 0 1 1.65181e-7 0 0.4999998 0.8660255 0 0.4999998 0.8660255 0 -0.5000002 0.8660253 0 -0.5000002 0.8660253 0 -1 -3.30363e-7 0 -1 -3.30363e-7 0 -0.4999998 -0.8660256 0 -0.4999998 -0.8660256 0 0.5000003 -0.8660252 0 0.5000003 -0.8660252 0 1 0 0 1 0 0 0.4999998 0.8660256 0 0.4999998 0.8660256 0 -0.5000004 0.8660252 0 -0.5000004 0.8660252 0 -1 -1.65181e-7 0 -1 -1.65181e-7 0 -0.4999998 -0.8660255 0 -0.4999998 -0.8660255 0 0.5000001 -0.8660253 0 0.5000001 -0.8660253 0 1 3.30362e-7 0 1 3.30362e-7 0 0.4999998 0.8660255 0 0.4999998 0.8660255 0 -0.5000001 0.8660253 0 -0.5000001 0.8660253 0 -1 -3.30362e-7 0 -1 -3.30362e-7 0 -0.4999998 -0.8660255 0 -0.4999998 -0.8660255 0 0.5000004 -0.8660252 0 0.5000004 -0.8660252 0 1 1.65181e-7 0 1 1.65181e-7 0 0.4999998 0.8660255 0 0.4999998 0.8660255 0 -0.5000005 0.8660251 0 -0.5000005 0.8660251 0 -1 0 0 -1 0 0 -0.4999998 -0.8660256 0 -0.4999998 -0.8660256 0 0.5000001 -0.8660253 0 0.5000001 -0.8660253 0 1 3.30362e-7 0 1 3.30362e-7 0 0.4999998 0.8660256 0 0.4999998 0.8660256 0 -0.5000005 0.8660251 0 -0.5000005 0.8660251 0 -1 0 0 -1 0 0 -0.4999998 -0.8660256 0 -0.4999998 -0.8660256 0 0.5000002 -0.8660252 0 0.5000002 -0.8660252 0 1 0 0 1 0 0 0.4999998 0.8660256 0 0.4999998 0.8660256 0 -0.4999999 0.8660255 0 -0.4999999 0.8660255 0 -1 -3.30362e-7 0 -1 -3.30362e-7 0 -0.4999998 -0.8660256 0 -0.4999998 -0.8660256 0 0.5000005 -0.8660251 0 0.5000005 -0.8660251 0 1 0 0 1 0 0 0.4999998 0.8660256 0 0.4999998 0.8660256 0 -0.5000001 0.8660255 0 -0.5000001 0.8660255 0 -1 0 0 -1 0 0 -0.4999998 -0.8660256 0 -0.4999998 -0.8660256 0 0.5000005 -0.8660251 0 0.5000005 -0.8660251 0 1 0 0 1 0 0 0.4999998 0.8660256 0 0.4999998 0.8660256 0 -0.5000001 0.8660255 0 -0.5000001 0.8660255 0 -1 0 0 -1 0 0 -0.4999998 -0.8660256 0 -0.4999998 -0.8660256 0 0.5000001 -0.8660255 0 0.5000001 -0.8660255 0 1 0 0 1 0 0 0.4999998 0.8660256 0 0.4999998 0.8660256 0 -0.5000002 0.8660253 0 -0.5000002 0.8660253 0 -1 0 0 -1 0 0 -0.4999998 -0.8660256 0 -0.4999998 -0.8660256 0 0.5 -0.8660255 0 0.5 -0.8660255 0 1 0 0 1 0 0 0.4999998 0.8660256 0 0.4999998 0.8660256 0 -0.5 0.8660255 0 -0.5 0.8660255 0 -1 0 0 -1 0 0 -0.4999998 -0.8660256 0 -0.4999998 -0.8660256 0 0.5000002 -0.8660253 0 0.5000002 -0.8660253 0 1 0 0 1 0 0 0.4999998 0.8660256 0 0.4999998 0.8660256 0 -0.5 0.8660255 0 -0.5 0.8660255 0 -1 0 0 -1 0 0 -0.4999998 -0.8660256 0 -0.4999998 -0.8660256 0 0.5000002 -0.8660253 0 0.5000002 -0.8660253 0 1 0 0 1 0 0 0.4999998 0.8660256 0 0.4999998 0.8660256 0 -0.4999998 0.8660256 0 -0.4999998 0.8660256 0 -1 0 0 -1 0 0 -0.4999998 -0.8660256 0 -0.4999998 -0.8660256 0 0.5000002 -0.8660253 0 0.5000002 -0.8660253 0 1 0 0 1 0 0 0.4999998 0.8660256 0 0.4999998 0.8660256 0 -0.5 0.8660254 0 -0.5 0.8660254 0 -1 0 0 -1 0 0 -0.4999998 -0.8660256 0 -0.4999998 -0.8660256 0 0.5 -0.8660254 0 0.5 -0.8660254 0 1 0 0 1 0 0 0.4999998 0.8660256 0 0.4999998 0.8660256 0 -0.5000002 0.8660253 0 -0.5000002 0.8660253 0 -1 0 0 -1 0 0 -0.4999998 -0.8660256 0 -0.4999998 -0.8660256 0 0.4999998 -0.8660256 0 0.4999998 -0.8660256 0 1 0 0 1 0 0 0.4999998 0.8660256 0 0.4999998 0.8660256 0 -0.5000005 0.8660251 0 -0.5000005 0.8660251 0 -1 0 0 -1 0 0 -0.4999998 -0.8660256 0 -0.4999998 -0.8660256 0 0.5000002 -0.8660252 0 0.5000002 -0.8660252 0 1 0 0 1 0 0 0.4999998 0.8660256 0 0.4999998 0.8660256 0 -0.5000001 0.8660255 0 -0.5000001 0.8660255 0 -1 0 0 -1 0 0 -0.4999998 -0.8660256 0 -0.4999998 -0.8660256 0 0.5000001 -0.8660255 0 0.5000001 -0.8660255 0 1 0 0 1 0 0 0.4999998 0.8660256 0 0.4999998 0.8660256 0 -0.5000002 0.8660253 0 -0.5000002 0.8660253 0 -1 -1.65181e-7 0 -1 -1.65181e-7 0 -0.4999998 -0.8660255 0 -0.4999998 -0.8660255 0 0.5000004 -0.8660252 0 0.5000004 -0.8660252 0 1 3.30363e-7 0 1 3.30363e-7 0 0.4999998 0.8660255 0 0.4999998 0.8660255 0 -0.5000002 0.8660252 0 -0.5000002 0.8660252 0 -1 0 0 -1 0 0 -0.4999998 -0.8660256 0 -0.4999998 -0.8660256 0 0.5000005 -0.8660251 0 0.5000005 -0.8660251 0 1 0 0 1 0 0 0.4999998 0.8660256 0 0.4999998 0.8660256 0 -0.5000001 0.8660253 0 -0.5000001 0.8660253 0 -1 -3.30362e-7 0 -1 -3.30362e-7 0 -0.4999998 -0.8660256 0 -0.4999998 -0.8660256 0 0.5000005 -0.8660251 0 0.5000005 -0.8660251 0 1 0 0 1 0 0 0.4999998 0.8660256 0 0.4999998 0.8660256 0 -0.5000003 0.8660252 0 -0.5000003 0.8660252 0 -1 0 0 -1 0 0 -0.4999998 -0.8660256 0 -0.4999998 -0.8660256 0 0.5000003 -0.8660252 0 0.5000003 -0.8660252 0 1 0 0 1 0 0 0.4999998 0.8660256 0 0.4999998 0.8660256 0 -0.5000004 0.8660252 0 -0.5000004 0.8660252 0 -1 -1.65181e-7 0 -1 -1.65181e-7 0 -0.4999998 -0.8660255 0 -0.4999998 -0.8660255 0 0.4999999 -0.8660255 0 0.4999999 -0.8660255 0 1 3.30362e-7 0 1 3.30362e-7 0 0.4999998 0.8660255 0 0.4999998 0.8660255 0 -0.5 0.8660254 0 -0.5 0.8660254 0 -1 0 0 -1 0 0 -0.4999998 -0.8660256 0 -0.4999998 -0.8660256 0 0.5 -0.8660254 0 0.5 -0.8660254 0 1 0 0 1 0 0 0.4999998 0.8660256 0 0.4999998 0.8660256 0 -0.4999998 0.8660256 0 -0.4999998 0.8660256 0 -1 0 0 -1 0 0 -0.4999998 -0.8660256 0 -0.4999998 -0.8660256 0 0.4999998 -0.8660256 0 0.4999998 -0.8660256 0 1 0 0 1 0 0 0.4999998 0.8660256 0 0.4999998 0.8660256 0 -0.4999999 0.8660255 0 -0.4999999 0.8660255 0 -1 -3.30363e-7 0 -1 -3.30363e-7 0 -0.4999998 -0.8660255 0 -0.4999998 -0.8660255 0 0.4999999 -0.8660255 0 0.4999999 -0.8660255 0 1 1.65181e-7 0 1 1.65181e-7 0 0.4999998 0.8660255 0 0.4999998 0.8660255 0 -0.4999998 0.8660256 0 -0.4999998 0.8660256 0 -1 0 0 -1 0 0 -0.4999998 -0.8660256 0 -0.4999998 -0.8660256 0 0.5000002 -0.8660253 0 0.5000002 -0.8660253 0 1 0 0 1 0 0 0.4999998 0.8660256 0 0.4999998 0.8660256 0 -0.5000001 0.8660255 0 -0.5000001 0.8660255 0 -1 0 0 -1 0 0 -0.4999998 -0.8660256 0 -0.4999998 -0.8660256 0 0.5000001 -0.8660255 0 0.5000001 -0.8660255 0 1 0 0 1 0 0 0.4999998 0.8660256 0 0.4999998 0.8660256 0 -0.5000001 0.8660255 0 -0.5000001 0.8660255 0 -1 0 0 -1 0 0 -0.4999998 -0.8660256 0 -0.4999998 -0.8660256 0 0.5000005 -0.8660251 0 0.5000005 -0.8660251 0 1 0 0 1 0 0 0.4999998 0.8660256 0 0.4999998 0.8660256 0 -0.5000001 0.8660255 0 -0.5000001 0.8660255 0 -1 0 0 -1 0 0 -0.4999998 -0.8660256 0 -0.4999998 -0.8660256 0 0.5000004 -0.8660252 0 0.5000004 -0.8660252 0 1 3.30363e-7 0 1 3.30363e-7 0 0.4999998 0.8660256 0 0.4999998 0.8660256 0 -0.4999999 0.8660255 0 -0.4999999 0.8660255 0 -1 -3.30363e-7 0 -1 -3.30363e-7 0 -0.4999998 -0.8660255 0 -0.4999998 -0.8660255 0 0.4999999 -0.8660255 0 0.4999999 -0.8660255 0 1 1.65181e-7 0 1 1.65181e-7 0 0.4999998 0.8660255 0 0.4999998 0.8660255 0 -0.5000002 0.8660253 0 -0.5000002 0.8660253 0 -1 0 0 -1 0 0 -0.4999998 -0.8660256 0 -0.4999998 -0.8660256 0 0.5 -0.8660255 0 0.5 -0.8660255 0 1 0 0 1 0 0 0.4999998 0.8660256 0 0.4999998 0.8660256 0 -0.5 0.8660255 0 -0.5 0.8660255 0 -1 0 0 -1 0 0 -0.4999998 -0.8660256 0 -0.4999998 -0.8660256 0 0.5000002 -0.8660253 0 0.5000002 -0.8660253 0 1 0 0 1 0 0 0.4999998 0.8660256 0 0.4999998 0.8660256 0 -0.5000005 0.8660251 0 -0.5000005 0.8660251 0 -1 0 0 -1 0 0 -0.4999998 -0.8660256 0 -0.4999998 -0.8660256 0 0.4999999 -0.8660255 0 0.4999999 -0.8660255 0 1 3.30362e-7 0 1 3.30362e-7 0 0.4999998 0.8660256 0 0.4999998 0.8660256 0 -0.5 0.8660255 0 -0.5 0.8660255 0 -1 0 0 -1 0 0 -0.4999998 -0.8660256 0 -0.4999998 -0.8660256 0 0.5000002 -0.8660253 0 0.5000002 -0.8660253 0 1 0 0 1 0 0 0.4999998 0.8660256 0 0.4999998 0.8660256 0 -0.5000002 0.8660253 0 -0.5000002 0.8660253 0 -1 -1.65181e-7 0 -1 -1.65181e-7 0 -0.4999998 -0.8660255 0 -0.4999998 -0.8660255 0 0.5000002 -0.8660253 0 0.5000002 -0.8660253 0 1 3.30363e-7 0 1 3.30363e-7 0 0.4999998 0.8660255 0 0.4999998 0.8660255 0 -0.5000004 0.8660252 0 -0.5000004 0.8660252 0 -1 -3.30363e-7 0 -1 -3.30363e-7 0 -0.4999998 -0.8660256 0 -0.4999998 -0.8660256 0 0.5000002 -0.8660252 0 0.5000002 -0.8660252 0 1 0 0 1 0 0 0.4999998 0.8660256 0 0.4999998 0.8660256 0 -0.4999999 0.8660255 0 -0.4999999 0.8660255 0 -1 -1.65181e-7 0 -1 -1.65181e-7 0 -0.4999998 -0.8660255 0 -0.4999998 -0.8660255 0 0.4999999 -0.8660255 0 0.4999999 -0.8660255 0 1 3.30363e-7 0 1 3.30363e-7 0 0.4999998 0.8660255 0 0.4999998 0.8660255 0 -0.5000003 0.8660252 0 -0.5000003 0.8660252 0 -1 0 0 -1 0 0 -0.4999998 -0.8660256 0 -0.4999998 -0.8660256 0 0.5000002 -0.8660253 0 0.5000002 -0.8660253 0 1 3.30363e-7 0 1 3.30363e-7 0 0.4999998 0.8660256 0 0.4999998 0.8660256 0 -0.4999999 0.8660255 0 -0.4999999 0.8660255 0 -1 -3.30363e-7 0 -1 -3.30363e-7 0 -0.4999998 -0.8660256 0 -0.4999998 -0.8660256 0 0.5000001 -0.8660255 0 0.5000001 -0.8660255 0 1 0 0 1 0 0 0.4999998 0.8660256 0 0.4999998 0.8660256 0 -0.4999999 0.8660255 0 -0.4999999 0.8660255 0 -1 -1.65181e-7 0 -1 -1.65181e-7 0 -0.4999998 -0.8660255 0 -0.4999998 -0.8660255 0 0.4999999 -0.8660255 0 0.4999999 -0.8660255 0 1 3.30363e-7 0 1 3.30363e-7 0 0.4999998 0.8660255 0 0.4999998 0.8660255 0 -0.5000002 0.8660252 0 -0.5000002 0.8660252 0 -1 0 0 -1 0 0 -0.4999998 -0.8660256 0 -0.4999998 -0.8660256 0 0.5000005 -0.8660251 0 0.5000005 -0.8660251 0 1 0 0 1 0 0 0.4999998 0.8660256 0 0.4999998 0.8660256 0 -0.5000005 0.8660251 0 -0.5000005 0.8660251 0 -1 0 0 -1 0 0 -0.4999998 -0.8660256 0 -0.4999998 -0.8660256 0 0.5000001 -0.8660255 0 0.5000001 -0.8660255 0 1 0 0 1 0 0 0.4999998 0.8660256 0 0.4999998 0.8660256 0 -0.5000002 0.8660253 0 -0.5000002 0.8660253 0 -1 0 0 -1 0 0 -0.4999998 -0.8660256 0 -0.4999998 -0.8660256 0 0.4999998 -0.8660256 0 0.4999998 -0.8660256 0 1 0 0 1 0 0 0.4999998 0.8660256 0 0.4999998 0.8660256 0 -0.4999998 0.8660256 0 -0.4999998 0.8660256 0 -1 0 0 -1 0 0 -0.4999998 -0.8660256 0 -0.4999998 -0.8660256 0 0.5000002 -0.8660253 0 0.5000002 -0.8660253 0 1 0 0 1 0 0 0.4999998 0.8660256 0 0.4999998 0.8660256 0 -0.5 0.8660254 0 -0.5 0.8660254 0 -1 0 0 -1 0 0 -0.4999998 -0.8660256 0 -0.4999998 -0.8660256 0 0.5 -0.8660254 0 0.5 -0.8660254 0 1 0 0 1 0 0 0.4999998 0.8660256 0 0.4999998 0.8660256 0 -0.4999998 0.8660256 0 -0.4999998 0.8660256 0 -1 0 0 -1 0 0 -0.4999998 -0.8660256 0 -0.4999998 -0.8660256 0 0.4999998 -0.8660256 0 0.4999998 -0.8660256 0 1 0 0 1 0 0 0.4999998 0.8660256 0 0.4999998 0.8660256 0 -0.5000002 0.8660253 0 -0.5000002 0.8660253 0 -1 0 0 -1 0 0 -0.4999998 -0.8660256 0 -0.4999998 -0.8660256 0 0.5 -0.8660255 0 0.5 -0.8660255 0 1 0 0 1 0 0 0.4999998 0.8660256 0 0.4999998 0.8660256 0 -0.4999998 0.8660256 0 -0.4999998 0.8660256 0 -1 0 0 -1 0 0 -0.4999998 -0.8660256 0 -0.4999998 -0.8660256 0 0.4999998 -0.8660256 0 0.4999998 -0.8660256 0 1 0 0 1 0 0 0.4999998 0.8660256 0 0.4999998 0.8660256 0 -0.5000003 0.8660252 0 -0.5000003 0.8660252 0 -1 0 0 -1 0 0 -0.4999998 -0.8660256 0 -0.4999998 -0.8660256 0 0.5000003 -0.8660252 0 0.5000003 -0.8660252 0 1 0 0 1 0 0 0.4999998 0.8660256 0 0.4999998 0.8660256 0 -0.4999999 0.8660255 0 -0.4999999 0.8660255 0 -1 -3.30363e-7 0 -1 -3.30363e-7 0 -0.4999998 -0.8660256 0 -0.4999998 -0.8660256 0 0.5000001 -0.8660255 0 0.5000001 -0.8660255 0 1 0 0 1 0 0 0.4999998 0.8660256 0 0.4999998 0.8660256 0 -0.5000002 0.8660252 0 -0.5000002 0.8660252 0 -1 0 0 -1 0 0 -0.4999998 -0.8660256 0 -0.4999998 -0.8660256 0 0.5000004 -0.8660252 0 0.5000004 -0.8660252 0 1 3.30363e-7 0 1 3.30363e-7 0 0.4999998 0.8660256 0 0.4999998 0.8660256 0 -0.5000002 0.8660253 0 -0.5000002 0.8660253 0 -1 0 0 -1 0 0 -0.4999998 -0.8660256 0 -0.4999998 -0.8660256 0 0.5 -0.8660255 0 0.5 -0.8660255 0 1 0 0 1 0 0 0.4999998 0.8660256 0 0.4999998 0.8660256 0 -0.5000004 0.8660252 0 -0.5000004 0.8660252 0 -1 -3.30363e-7 0 -1 -3.30363e-7 0 -0.4999998 -0.8660255 0 -0.4999998 -0.8660255 0 0.5000002 -0.8660253 0 0.5000002 -0.8660253 0 1 1.65181e-7 0 1 1.65181e-7 0 0.4999998 0.8660255 0 0.4999998 0.8660255 0 -0.5000004 0.8660252 0 -0.5000004 0.8660252 0 -1 -3.30363e-7 0 -1 -3.30363e-7 0 -0.4999998 -0.8660256 0 -0.4999998 -0.8660256 0 0.5000001 -0.8660255 0 0.5000001 -0.8660255 0 1 0 0 1 0 0 0.4999998 0.8660256 0 0.4999998 0.8660256 0 -0.5000002 0.8660253 0 -0.5000002 0.8660253 0 -1 -3.30363e-7 0 -1 -3.30363e-7 0 -0.4999998 -0.8660255 0 -0.4999998 -0.8660255 0 0.5000002 -0.8660253 0 0.5000002 -0.8660253 0 1 1.65181e-7 0 1 1.65181e-7 0 0.4999998 0.8660255 0 0.4999998 0.8660255 0 -0.5000005 0.8660251 0 -0.5000005 0.8660251 0 -1 0 0 -1 0 0 -0.4999998 -0.8660256 0 -0.4999998 -0.8660256 0 0.5000001 -0.8660255 0 0.5000001 -0.8660255 0 1 0 0 1 0 0 0.4999998 0.8660256 0 0.4999998 0.8660256 0 -0.5000001 0.8660255 0 -0.5000001 0.8660255 0 -1 0 0 -1 0 0 -0.4999998 -0.8660256 0 -0.4999998 -0.8660256 0 0.4999999 -0.8660255 0 0.4999999 -0.8660255 0 1 3.30363e-7 0 1 3.30363e-7 0 0.4999998 0.8660256 0 0.4999998 0.8660256 0 -0.5000001 0.8660255 0 -0.5000001 0.8660255 0 -1 0 0 -1 0 0 -0.4999998 -0.8660256 0 -0.4999998 -0.8660256 0 0.5000001 -0.8660255 0 0.5000001 -0.8660255 0 1 0 0 1 0 0 0.4999998 0.8660256 0 0.4999998 0.8660256 0 -0.5 0.8660254 0 -0.5 0.8660254 0 -1 0 0 -1 0 0 -0.4999998 -0.8660256 0 -0.4999998 -0.8660256 0 0.5 -0.8660254 0 0.5 -0.8660254 0 1 0 0 1 0 0 0.4999998 0.8660256 0 0.4999998 0.8660256 0 -0.5000001 0.8660255 0 -0.5000001 0.8660255 0 -1 0 0 -1 0 0 -0.4999998 -0.8660256 0 -0.4999998 -0.8660256 0 0.4999999 -0.8660255 0 0.4999999 -0.8660255 0 1 3.30363e-7 0 1 3.30363e-7 0 0.4999998 0.8660256 0 0.4999998 0.8660256 0 -0.4999999 0.8660255 0 -0.4999999 0.8660255 0 -1 -3.30362e-7 0 -1 -3.30362e-7 0 -0.4999998 -0.8660255 0 -0.4999998 -0.8660255 0 0.5000004 -0.8660252 0 0.5000004 -0.8660252 0 1 1.65181e-7 0 1 1.65181e-7 0 0.4999998 0.8660255 0 0.4999998 0.8660255 0 0.4999998 0 0.8660256 0.4999998 0 0.8660256 -0.4999998 0 0.8660256 -0.4999998 0 0.8660256 1 0 0 1 0 0 1 0 0 1 0 0 0.4999998 0 0.8660256 0.4999998 0 0.8660256 0.4999998 0 -0.8660256 0.4999998 0 -0.8660256 0.4999998 0 -0.8660256 0.4999998 0 -0.8660256 -0.4999998 0 0.8660256 -0.4999998 0 0.8660256 -0.4999998 0 -0.8660256 -0.4999998 0 -0.8660256 -0.4999998 0 -0.8660256 -0.4999998 0 -0.8660256 -1 0 0 -1 0 0 -1 0 0 -1 0 0 0.4999998 0 0.8660256 0.4999998 0 0.8660256 -0.4999998 0 0.8660256 -0.4999998 0 0.8660256 1 0 0 1 0 0 1 0 0 1 0 0 0.4999998 0 0.8660256 0.4999998 0 0.8660256 0.4999998 0 -0.8660256 0.4999998 0 -0.8660256 0.4999998 0 -0.8660256 0.4999998 0 -0.8660256 -0.4999998 0 0.8660256 -0.4999998 0 0.8660256 -0.4999998 0 -0.8660256 -0.4999998 0 -0.8660256 -0.4999998 0 -0.8660256 -0.4999998 0 -0.8660256 -1 0 0 -1 0 0 -1 0 0 -1 0 0 0.4999998 0 0.8660256 0.4999998 0 0.8660256 -0.4999998 0 0.8660256 -0.4999998 0 0.8660256 1 0 0 1 0 0 1 0 0 1 0 0 0.4999998 0 0.8660256 0.4999998 0 0.8660256 0.4999998 0 -0.8660256 0.4999998 0 -0.8660256 0.4999998 0 -0.8660256 0.4999998 0 -0.8660256 -0.4999998 0 0.8660256 -0.4999998 0 0.8660256 -0.4999998 0 -0.8660256 -0.4999998 0 -0.8660256 -0.4999998 0 -0.8660256 -0.4999998 0 -0.8660256 -1 0 0 -1 0 0 -1 0 0 -1 0 0 0.5 0 0.8660255 0.5 0 0.8660255 -0.5000001 0 0.8660253 -0.5000001 0 0.8660253 1 0 0 1 0 0 1 0 0 1 0 0 0.5 0 0.8660255 0.5 0 0.8660255 0.5 0 -0.8660255 0.5 0 -0.8660255 0.5 0 -0.8660255 0.5 0 -0.8660255 -0.5000001 0 0.8660253 -0.5000001 0 0.8660253 -0.5000001 0 -0.8660253 -0.5000001 0 -0.8660253 -0.5000001 0 -0.8660253 -0.5000001 0 -0.8660253 -1 0 0 -1 0 0 -1 0 0 -1 0 0 0.5000001 0 0.8660254 0.5000001 0 0.8660254 -0.5000001 0 0.8660254 -0.5000001 0 0.8660254 1 0 0 1 0 0 1 0 0 1 0 0 0.5000001 0 0.8660254 0.5000001 0 0.8660254 0.5 0 -0.8660255 0.5 0 -0.8660255 0.5 0 -0.8660255 0.5 0 -0.8660255 -0.5000001 0 0.8660254 -0.5000001 0 0.8660254 -0.5 0 -0.8660255 -0.5 0 -0.8660255 -0.5 0 -0.8660255 -0.5 0 -0.8660255 -1 0 0 -1 0 0 -1 0 0 -1 0 0 0.5000001 0 0.8660254 0.5000001 0 0.8660254 -0.5000001 0 0.8660254 -0.5000001 0 0.8660254 1 0 0 1 0 0 1 0 0 1 0 0 0.5000001 0 0.8660254 0.5000001 0 0.8660254 0.5 0 -0.8660255 0.5 0 -0.8660255 0.5 0 -0.8660255 0.5 0 -0.8660255 -0.5000001 0 0.8660254 -0.5000001 0 0.8660254 -0.5 0 -0.8660255 -0.5 0 -0.8660255 -0.5 0 -0.8660255 -0.5 0 -0.8660255 -1 0 0 -1 0 0 -1 0 0 -1 0 0 0.5 0 0.8660255 0.5 0 0.8660255 -0.5 0 0.8660255 -0.5 0 0.8660255 1 0 0 1 0 0 1 0 0 1 0 0 0.5 0 0.8660255 0.5 0 0.8660255 0.5 0 -0.8660255 0.5 0 -0.8660255 0.5 0 -0.8660255 0.5 0 -0.8660255 -0.5 0 0.8660255 -0.5 0 0.8660255 -0.5 0 -0.8660255 -0.5 0 -0.8660255 -0.5 0 -0.8660255 -0.5 0 -0.8660255 -1 0 0 -1 0 0 -1 0 0 -1 0 0 0.5000001 0 0.8660254 0.5000001 0 0.8660254 -0.5000001 0 0.8660254 -0.5000001 0 0.8660254 1 0 0 1 0 0 1 0 0 1 0 0 0.5000001 0 0.8660254 0.5000001 0 0.8660254 0.5 0 -0.8660255 0.5 0 -0.8660255 0.5 0 -0.8660255 0.5 0 -0.8660255 -0.5000001 0 0.8660254 -0.5000001 0 0.8660254 -0.5 0 -0.8660255 -0.5 0 -0.8660255 -0.5 0 -0.8660255 -0.5 0 -0.8660255 -1 0 0 -1 0 0 -1 0 0 -1 0 0 0.5000001 0 0.8660254 0.5000001 0 0.8660254 -0.5000001 0 0.8660254 -0.5000001 0 0.8660254 1 0 0 1 0 0 1 0 0 1 0 0 0.5000001 0 0.8660254 0.5000001 0 0.8660254 0.5 0 -0.8660255 0.5 0 -0.8660255 0.5 0 -0.8660255 0.5 0 -0.8660255 -0.5000001 0 0.8660254 -0.5000001 0 0.8660254 -0.5 0 -0.8660255 -0.5 0 -0.8660255 -0.5 0 -0.8660255 -0.5 0 -0.8660255 -1 0 0 -1 0 0 -1 0 0 -1 0 0 0.5000001 0 0.8660254 0.5000001 0 0.8660254 -0.5000001 0 0.8660254 -0.5000001 0 0.8660254 1 0 0 1 0 0 1 0 0 1 0 0 0.5000001 0 0.8660254 0.5000001 0 0.8660254 0.5 0 -0.8660255 0.5 0 -0.8660255 0.5 0 -0.8660255 0.5 0 -0.8660255 -0.5000001 0 0.8660254 -0.5000001 0 0.8660254 -0.5 0 -0.8660255 -0.5 0 -0.8660255 -0.5 0 -0.8660255 -0.5 0 -0.8660255 -1 0 0 -1 0 0 -1 0 0 -1 0 0 0.5000002 0 0.8660253 0.5000002 0 0.8660253 -0.5000001 0 0.8660254 -0.5000001 0 0.8660254 1 0 0 1 0 0 1 0 0 1 0 0 0.5000002 0 0.8660253 0.5000002 0 0.8660253 0.5000001 0 -0.8660253 0.5000001 0 -0.8660253 0.5000001 0 -0.8660253 0.5000001 0 -0.8660253 -0.5000001 0 0.8660254 -0.5000001 0 0.8660254 -0.5 0 -0.8660255 -0.5 0 -0.8660255 -0.5 0 -0.8660255 -0.5 0 -0.8660255 -1 0 0 -1 0 0 -1 0 0 -1 0 0 0.5 0 0.8660255 0.5 0 0.8660255 -0.5 0 0.8660255 -0.5 0 0.8660255 1 0 0 1 0 0 1 0 0 1 0 0 0.5 0 0.8660255 0.5 0 0.8660255 0.5 0 -0.8660255 0.5 0 -0.8660255 0.5 0 -0.8660255 0.5 0 -0.8660255 -0.5 0 0.8660255 -0.5 0 0.8660255 -0.5 0 -0.8660255 -0.5 0 -0.8660255 -0.5 0 -0.8660255 -0.5 0 -0.8660255 -1 0 0 -1 0 0 -1 0 0 -1 0 0 0.5 0 0.8660255 0.5 0 0.8660255 -0.5 0 0.8660255 -0.5 0 0.8660255 1 0 0 1 0 0 1 0 0 1 0 0 0.5 0 0.8660255 0.5 0 0.8660255 0.5 0 -0.8660255 0.5 0 -0.8660255 0.5 0 -0.8660255 0.5 0 -0.8660255 -0.5 0 0.8660255 -0.5 0 0.8660255 -0.5 0 -0.8660255 -0.5 0 -0.8660255 -0.5 0 -0.8660255 -0.5 0 -0.8660255 -1 0 0 -1 0 0 -1 0 0 -1 0 0 0.4999998 0 0.8660256 0.4999998 0 0.8660256 -0.4999999 0 0.8660255 -0.4999999 0 0.8660255 1 0 0 1 0 0 1 0 0 1 0 0 0.4999998 0 0.8660256 0.4999998 0 0.8660256 0.4999998 0 -0.8660256 0.4999998 0 -0.8660256 0.4999998 0 -0.8660256 0.4999998 0 -0.8660256 -0.4999999 0 0.8660255 -0.4999999 0 0.8660255 -0.4999999 0 -0.8660255 -0.4999999 0 -0.8660255 -0.4999999 0 -0.8660255 -0.4999999 0 -0.8660255 -1 0 0 -1 0 0 -1 0 0 -1 0 0 0.4999999 0 0.8660255 0.4999999 0 0.8660255 -0.4999998 0 0.8660256 -0.4999998 0 0.8660256 1 0 0 1 0 0 1 0 0 1 0 0 0.4999999 0 0.8660255 0.4999999 0 0.8660255 0.4999999 0 -0.8660255 0.4999999 0 -0.8660255 0.4999999 0 -0.8660255 0.4999999 0 -0.8660255 -0.4999998 0 0.8660256 -0.4999998 0 0.8660256 -0.4999998 0 -0.8660256 -0.4999998 0 -0.8660256 -0.4999998 0 -0.8660256 -0.4999998 0 -0.8660256 -1 0 0 -1 0 0 -1 0 0 -1 0 0 0.4999998 0 0.8660256 0.4999998 0 0.8660256 -0.4999998 0 0.8660256 -0.4999998 0 0.8660256 1 0 0 1 0 0 1 0 0 1 0 0 0.4999998 0 0.8660256 0.4999998 0 0.8660256 0.4999998 0 -0.8660256 0.4999998 0 -0.8660256 0.4999998 0 -0.8660256 0.4999998 0 -0.8660256 -0.4999998 0 0.8660256 -0.4999998 0 0.8660256 -0.4999998 0 -0.8660256 -0.4999998 0 -0.8660256 -0.4999998 0 -0.8660256 -0.4999998 0 -0.8660256 -1 0 0 -1 0 0 -1 0 0 -1 0 0 0.4999998 0 0.8660255 0.4999998 0 0.8660255 -0.4999998 0 0.8660256 -0.4999998 0 0.8660256 1 0 0 1 0 0 1 0 0 1 0 0 0.4999998 0 0.8660255 0.4999998 0 0.8660255 0.4999998 0 -0.8660255 0.4999998 0 -0.8660255 0.4999998 0 -0.8660255 0.4999998 0 -0.8660255 -0.4999998 0 0.8660256 -0.4999998 0 0.8660256 -0.4999998 0 -0.8660256 -0.4999998 0 -0.8660256 -0.4999998 0 -0.8660256 -0.4999998 0 -0.8660256 -1 0 0 -1 0 0 -1 0 0 -1 0 0 0.4999998 0 0.8660256 0.4999998 0 0.8660256 -0.4999998 0 0.8660256 -0.4999998 0 0.8660256 1 0 0 1 0 0 1 0 0 1 0 0 0.4999998 0 0.8660256 0.4999998 0 0.8660256 0.4999998 0 -0.8660256 0.4999998 0 -0.8660256 0.4999998 0 -0.8660256 0.4999998 0 -0.8660256 -0.4999998 0 0.8660256 -0.4999998 0 0.8660256 -0.4999998 0 -0.8660256 -0.4999998 0 -0.8660256 -0.4999998 0 -0.8660256 -0.4999998 0 -0.8660256 -1 0 0 -1 0 0 -1 0 0 -1 0 0 0.5000001 0 0.8660253 0.5000001 0 0.8660253 -0.5 0 0.8660255 -0.5 0 0.8660255 1 0 0 1 0 0 1 0 0 1 0 0 0.5000001 0 0.8660253 0.5000001 0 0.8660253 0.5000001 0 -0.8660253 0.5000001 0 -0.8660253 0.5000001 0 -0.8660253 0.5000001 0 -0.8660253 -0.5 0 0.8660255 -0.5 0 0.8660255 -0.5 0 -0.8660255 -0.5 0 -0.8660255 -0.5 0 -0.8660255 -0.5 0 -0.8660255 -1 0 0 -1 0 0 -1 0 0 -1 0 0 0.5 0 0.8660255 0.5 0 0.8660255 -0.5 0 0.8660255 -0.5 0 0.8660255 1 0 0 1 0 0 1 0 0 1 0 0 0.5 0 0.8660255 0.5 0 0.8660255 0.5 0 -0.8660255 0.5 0 -0.8660255 0.5 0 -0.8660255 0.5 0 -0.8660255 -0.5 0 0.8660255 -0.5 0 0.8660255 -0.5 0 -0.8660255 -0.5 0 -0.8660255 -0.5 0 -0.8660255 -0.5 0 -0.8660255 -1 0 0 -1 0 0 -1 0 0 -1 0 0 0.5 0 0.8660255 0.5 0 0.8660255 -0.5 0 0.8660254 -0.5 0 0.8660254 1 0 0 1 0 0 1 0 0 1 0 0 0.5 0 0.8660255 0.5 0 0.8660255 0.5 0 -0.8660255 0.5 0 -0.8660255 0.5 0 -0.8660255 0.5 0 -0.8660255 -0.5 0 0.8660254 -0.5 0 0.8660254 -0.5 0 -0.8660254 -0.5 0 -0.8660254 -0.5 0 -0.8660254 -0.5 0 -0.8660254 -1 0 0 -1 0 0 -1 0 0 -1 0 0 0.5 0 0.8660254 0.5 0 0.8660254 -0.5 0 0.8660255 -0.5 0 0.8660255 1 0 0 1 0 0 1 0 0 1 0 0 0.5 0 0.8660254 0.5 0 0.8660254 0.5 0 -0.8660254 0.5 0 -0.8660254 0.5 0 -0.8660254 0.5 0 -0.8660254 -0.5 0 0.8660255 -0.5 0 0.8660255 -0.5 0 -0.8660255 -0.5 0 -0.8660255 -0.5 0 -0.8660255 -0.5 0 -0.8660255 -1 0 0 -1 0 0 -1 0 0 -1 0 0 0.5000001 0 0.8660254 0.5000001 0 0.8660254 -0.5000001 0 0.8660254 -0.5000001 0 0.8660254 1 0 0 1 0 0 1 0 0 1 0 0 0.5000001 0 0.8660254 0.5000001 0 0.8660254 0.5 0 -0.8660254 0.5 0 -0.8660254 0.5 0 -0.8660254 0.5 0 -0.8660254 -0.5000001 0 0.8660254 -0.5000001 0 0.8660254 -0.5 0 -0.8660255 -0.5 0 -0.8660255 -0.5 0 -0.8660255 -0.5 0 -0.8660255 -1 0 0 -1 0 0 -1 0 0 -1 0 0 0.5000001 0 0.8660254 0.5000001 0 0.8660254 -0.5000002 0 0.8660253 -0.5000002 0 0.8660253 1 0 0 1 0 0 1 0 0 1 0 0 0.5000001 0 0.8660254 0.5000001 0 0.8660254 0.5 0 -0.8660255 0.5 0 -0.8660255 0.5 0 -0.8660255 0.5 0 -0.8660255 -0.5000002 0 0.8660253 -0.5000002 0 0.8660253 -0.5000001 0 -0.8660253 -0.5000001 0 -0.8660253 -0.5000001 0 -0.8660253 -0.5000001 0 -0.8660253 -1 0 0 -1 0 0 -1 0 0 -1 0 0 0.5000001 0 0.8660254 0.5000001 0 0.8660254 -0.5000001 0 0.8660254 -0.5000001 0 0.8660254 1 0 0 1 0 0 1 0 0 1 0 0 0.5000001 0 0.8660254 0.5000001 0 0.8660254 0.5 0 -0.8660255 0.5 0 -0.8660255 0.5 0 -0.8660255 0.5 0 -0.8660255 -0.5000001 0 0.8660254 -0.5000001 0 0.8660254 -0.5 0 -0.8660255 -0.5 0 -0.8660255 -0.5 0 -0.8660255 -0.5 0 -0.8660255 -1 0 0 -1 0 0 -1 0 0 -1 0 0 0.5000001 0 0.8660254 0.5000001 0 0.8660254 -0.5000001 0 0.8660254 -0.5000001 0 0.8660254 1 0 0 1 0 0 1 0 0 1 0 0 0.5000001 0 0.8660254 0.5000001 0 0.8660254 0.5 0 -0.8660255 0.5 0 -0.8660255 0.5 0 -0.8660255 0.5 0 -0.8660255 -0.5000001 0 0.8660254 -0.5000001 0 0.8660254 -0.5 0 -0.8660254 -0.5 0 -0.8660254 -0.5 0 -0.8660254 -0.5 0 -0.8660254 -1 0 0 -1 0 0 -1 0 0 -1 0 0 0.5 0 0.8660255 0.5 0 0.8660255 -0.5 0 0.8660255 -0.5 0 0.8660255 1 0 0 1 0 0 1 0 0 1 0 0 0.5 0 0.8660255 0.5 0 0.8660255 0.5 0 -0.8660255 0.5 0 -0.8660255 0.5 0 -0.8660255 0.5 0 -0.8660255 -0.5 0 0.8660255 -0.5 0 0.8660255 -0.5 0 -0.8660255 -0.5 0 -0.8660255 -0.5 0 -0.8660255 -0.5 0 -0.8660255 -1 0 0 -1 0 0 -1 0 0 -1 0 0 0.5 0 0.8660255 0.5 0 0.8660255 -0.5 0 0.8660255 -0.5 0 0.8660255 1 0 0 1 0 0 1 0 0 1 0 0 0.5 0 0.8660255 0.5 0 0.8660255 0.5 0 -0.8660255 0.5 0 -0.8660255 0.5 0 -0.8660255 0.5 0 -0.8660255 -0.5 0 0.8660255 -0.5 0 0.8660255 -0.5 0 -0.8660255 -0.5 0 -0.8660255 -0.5 0 -0.8660255 -0.5 0 -0.8660255 -1 0 0 -1 0 0 -1 0 0 -1 0 0 0.4999998 0 0.8660256 0.4999998 0 0.8660256 -0.4999998 0 0.8660256 -0.4999998 0 0.8660256 1 0 0 1 0 0 1 0 0 1 0 0 0.4999998 0 0.8660256 0.4999998 0 0.8660256 0.4999998 0 -0.8660256 0.4999998 0 -0.8660256 0.4999998 0 -0.8660256 0.4999998 0 -0.8660256 -0.4999998 0 0.8660256 -0.4999998 0 0.8660256 -0.4999998 0 -0.8660256 -0.4999998 0 -0.8660256 -0.4999998 0 -0.8660256 -0.4999998 0 -0.8660256 -1 0 0 -1 0 0 -1 0 0 -1 0 0 0.4999998 0 0.8660256 0.4999998 0 0.8660256 -0.4999998 0 0.8660255 -0.4999998 0 0.8660255 1 0 0 1 0 0 1 0 0 1 0 0 0.4999998 0 0.8660256 0.4999998 0 0.8660256 0.4999998 0 -0.8660256 0.4999998 0 -0.8660256 0.4999998 0 -0.8660256 0.4999998 0 -0.8660256 -0.4999998 0 0.8660255 -0.4999998 0 0.8660255 -0.4999998 0 -0.8660255 -0.4999998 0 -0.8660255 -0.4999998 0 -0.8660255 -0.4999998 0 -0.8660255 -1 0 0 -1 0 0 -1 0 0 -1 0 0 0 -0.5 -0.8660255 0 -0.5 -0.8660255 0 0.5 -0.8660255 0 0.5 -0.8660255 0 1 0 0 1 0 0 1 0 0 1 0 0 0.5 0.8660255 0 0.5 0.8660255 0 0.5 0.8660255 0 0.5 0.8660255 0 0.5 -0.8660255 0 0.5 -0.8660255 0 -0.5 0.8660255 0 -0.5 0.8660255 0 -0.5 0.8660255 0 -0.5 0.8660255 0 -0.5 -0.8660255 0 -0.5 -0.8660255 0 -1 0 0 -1 0 0 -1 0 0 -1 0 0 -0.5 -0.8660255 0 -0.5 -0.8660255 0 0.5 -0.8660255 0 0.5 -0.8660255 0 1 0 0 1 0 0 1 0 0 1 0 0 0.5 0.8660255 0 0.5 0.8660255 0 0.5 0.8660255 0 0.5 0.8660255 0 0.5 -0.8660255 0 0.5 -0.8660255 0 -0.5 0.8660255 0 -0.5 0.8660255 0 -0.5 0.8660255 0 -0.5 0.8660255 0 -0.5 -0.8660255 0 -0.5 -0.8660255 0 -1 0 0 -1 0 0 -1 0 0 -1 0 0 -0.5 -0.8660255 0 -0.5 -0.8660255 0 0.5 -0.8660255 0 0.5 -0.8660255 0 1 0 0 1 0 0 1 0 0 1 0 0 0.5 0.8660255 0 0.5 0.8660255 0 0.5 0.8660255 0 0.5 0.8660255 0 0.5 -0.8660255 0 0.5 -0.8660255 0 -0.5 0.8660255 0 -0.5 0.8660255 0 -0.5 0.8660255 0 -0.5 0.8660255 0 -0.5 -0.8660255 0 -0.5 -0.8660255 0 -1 0 0 -1 0 0 -1 0 0 -1 0 0 -0.4999998 -0.8660256 0 -0.4999998 -0.8660256 0 0.4999998 -0.8660256 0 0.4999998 -0.8660256 0 1 0 0 1 0 0 1 0 0 1 0 0 0.4999998 0.8660256 0 0.4999998 0.8660256 0 0.4999998 0.8660256 0 0.4999998 0.8660256 0 0.4999998 -0.8660256 0 0.4999998 -0.8660256 0 -0.4999998 0.8660256 0 -0.4999998 0.8660256 0 -0.4999998 0.8660256 0 -0.4999998 0.8660256 0 -0.4999998 -0.8660256 0 -0.4999998 -0.8660256 0 -1 0 0 -1 0 0 -1 0 0 -1 0 0 -0.4999998 -0.8660256 0 -0.4999998 -0.8660256 0 0.4999998 -0.8660256 0 0.4999998 -0.8660256 0 1 0 0 1 0 0 1 0 0 1 0 0 0.4999998 0.8660256 0 0.4999998 0.8660256 0 0.4999998 0.8660256 0 0.4999998 0.8660256 0 0.4999998 -0.8660256 0 0.4999998 -0.8660256 0 -0.4999998 0.8660256 0 -0.4999998 0.8660256 0 -0.4999998 0.8660256 0 -0.4999998 0.8660256 0 -0.4999998 -0.8660256 0 -0.4999998 -0.8660256 0 -1 0 0 -1 0 0 -1 0 0 -1 0 0 -0.5 -0.8660255 0 -0.5 -0.8660255 0 0.5 -0.8660255 0 0.5 -0.8660255 0 1 0 0 1 0 0 1 0 0 1 0 0 0.5 0.8660255 0 0.5 0.8660255 0 0.5 0.8660255 0 0.5 0.8660255 0 0.5 -0.8660255 0 0.5 -0.8660255 0 -0.5 0.8660255 0 -0.5 0.8660255 0 -0.5 0.8660255 0 -0.5 0.8660255 0 -0.5 -0.8660255 0 -0.5 -0.8660255 0 -1 0 0 -1 0 0 -1 0 0 -1 0 0 -0.4999998 -0.8660256 0 -0.4999998 -0.8660256 0 0.4999998 -0.8660256 0 0.4999998 -0.8660256 0 1 0 0 1 0 0 1 0 0 1 0 0 0.4999998 0.8660256 0 0.4999998 0.8660256 0 0.4999998 0.8660256 0 0.4999998 0.8660256 0 0.4999998 -0.8660256 0 0.4999998 -0.8660256 0 -0.4999998 0.8660256 0 -0.4999998 0.8660256 0 -0.4999998 0.8660256 0 -0.4999998 0.8660256 0 -0.4999998 -0.8660256 0 -0.4999998 -0.8660256 0 -1 0 0 -1 0 0 -1 0 0 -1 0 0 -0.4999998 -0.8660256 0 -0.4999998 -0.8660256 0 0.4999998 -0.8660256 0 0.4999998 -0.8660256 0 1 0 0 1 0 0 1 0 0 1 0 0 0.4999998 0.8660256 0 0.4999998 0.8660256 0 0.4999998 0.8660256 0 0.4999998 0.8660256 0 0.4999998 -0.8660256 0 0.4999998 -0.8660256 0 -0.4999998 0.8660256 0 -0.4999998 0.8660256 0 -0.4999998 0.8660256 0 -0.4999998 0.8660256 0 -0.4999998 -0.8660256 0 -0.4999998 -0.8660256 0 -1 0 0 -1 0 0 -1 0 0 -1 0 0 -0.5000001 -0.8660254 0 -0.5000001 -0.8660254 0 0.5000001 -0.8660254 0 0.5000001 -0.8660254 0 1 0 0 1 0 0 1 0 0 1 0 0 0.5000001 0.8660254 0 0.5000001 0.8660254 0 0.5000001 0.8660254 0 0.5000001 0.8660254 0 0.5000001 -0.8660254 0 0.5000001 -0.8660254 0 -0.5000001 0.8660254 0 -0.5000001 0.8660254 0 -0.5000001 0.8660254 0 -0.5000001 0.8660254 0 -0.5000001 -0.8660254 0 -0.5000001 -0.8660254 0 -1 0 0 -1 0 0 -1 0 0 -1 0 0 -0.5 -0.8660255 0 -0.5 -0.8660255 0 0.5 -0.8660255 0 0.5 -0.8660255 0 1 0 0 1 0 0 1 0 0 1 0 0 0.5 0.8660255 0 0.5 0.8660255 0 0.5 0.8660255 0 0.5 0.8660255 0 0.5 -0.8660255 0 0.5 -0.8660255 0 -0.5 0.8660255 0 -0.5 0.8660255 0 -0.5 0.8660255 0 -0.5 0.8660255 0 -0.5 -0.8660255 0 -0.5 -0.8660255 0 -1 0 0 -1 0 0 -1 0 0 -1 0 0 -0.5000001 -0.8660254 0 -0.5000001 -0.8660254 0 0.5000001 -0.8660254 0 0.5000001 -0.8660254 0 1 0 0 1 0 0 1 0 0 1 0 0 0.5000001 0.8660254 0 0.5000001 0.8660254 0 0.5000001 0.8660254 0 0.5000001 0.8660254 0 0.5000001 -0.8660254 0 0.5000001 -0.8660254 0 -0.5000001 0.8660254 0 -0.5000001 0.8660254 0 -0.5000001 0.8660254 0 -0.5000001 0.8660254 0 -0.5000001 -0.8660254 0 -0.5000001 -0.8660254 0 -1 0 0 -1 0 0 -1 0 0 -1 0 0 -0.5000001 -0.8660254 0 -0.5000001 -0.8660254 0 0.5000001 -0.8660254 0 0.5000001 -0.8660254 0 1 0 0 1 0 0 1 0 0 1 0 0 0.5000001 0.8660254 0 0.5000001 0.8660254 0 0.5000001 0.8660254 0 0.5000001 0.8660254 0 0.5000001 -0.8660254 0 0.5000001 -0.8660254 0 -0.5000001 0.8660254 0 -0.5000001 0.8660254 0 -0.5000001 0.8660254 0 -0.5000001 0.8660254 0 -0.5000001 -0.8660254 0 -0.5000001 -0.8660254 0 -1 0 0 -1 0 0 -1 0 0 -1 0 0 -0.5000001 -0.8660254 0 -0.5000001 -0.8660254 0 0.5000001 -0.8660254 0 0.5000001 -0.8660254 0 1 0 0 1 0 0 1 0 0 1 0 0 0.5000001 0.8660254 0 0.5000001 0.8660254 0 0.5000001 0.8660254 0 0.5000001 0.8660254 0 0.5000001 -0.8660254 0 0.5000001 -0.8660254 0 -0.5000001 0.8660254 0 -0.5000001 0.8660254 0 -0.5000001 0.8660254 0 -0.5000001 0.8660254 0 -0.5000001 -0.8660254 0 -0.5000001 -0.8660254 0 -1 0 0 -1 0 0 -1 0 0 -1 0 0 -0.4999998 -0.8660256 0 -0.4999998 -0.8660256 0 0.4999998 -0.8660256 0 0.4999998 -0.8660256 0 1 0 0 1 0 0 1 0 0 1 0 0 0.4999998 0.8660256 0 0.4999998 0.8660256 0 0.4999998 0.8660256 0 0.4999998 0.8660256 0 0.4999998 -0.8660256 0 0.4999998 -0.8660256 0 -0.4999998 0.8660256 0 -0.4999998 0.8660256 0 -0.4999998 0.8660256 0 -0.4999998 0.8660256 0 -0.4999998 -0.8660256 0 -0.4999998 -0.8660256 0 -1 0 0 -1 0 0 -1 0 0 -1 0 0 -0.4999998 -0.8660256 0 -0.4999998 -0.8660256 0 0.4999998 -0.8660256 0 0.4999998 -0.8660256 0 1 0 0 1 0 0 1 0 0 1 0 0 0.4999998 0.8660256 0 0.4999998 0.8660256 0 0.4999998 0.8660256 0 0.4999998 0.8660256 0 0.4999998 -0.8660256 0 0.4999998 -0.8660256 0 -0.4999998 0.8660256 0 -0.4999998 0.8660256 0 -0.4999998 0.8660256 0 -0.4999998 0.8660256 0 -0.4999998 -0.8660256 0 -0.4999998 -0.8660256 0 -1 0 0 -1 0 0 -1 0 0 -1 0 0 -1 0 0 -1 0 0 -0.5000001 -0.8660254 0 -0.5000001 -0.8660254 0 0.5000001 -0.8660254 0 0.5000001 -0.8660254 0 0.5000001 -0.8660254 0 0.5000001 -0.8660254 0 1 0 0 1 0 0 1 0 0 1 0 0 -0.5000001 -0.8660254 0 -0.5000001 -0.8660254 0 0.5000001 0.8660254 0 0.5000001 0.8660254 0 0.5000001 0.8660254 0 0.5000001 0.8660254 0 -1 0 0 -1 0 0 -0.5000001 0.8660254 0 -0.5000001 0.8660254 0 -0.5000001 0.8660254 0 -0.5000001 0.8660254 0 -0.5000001 -0.8660254 0 -0.5000001 -0.8660254 0 0.5000001 -0.8660254 0 0.5000001 -0.8660254 0 1 0 0 1 0 0 1 0 0 1 0 0 0.5000001 0.8660254 0 0.5000001 0.8660254 0 0.5000001 0.8660254 0 0.5000001 0.8660254 0 0.5000001 -0.8660254 0 0.5000001 -0.8660254 0 -0.5000001 0.8660254 0 -0.5000001 0.8660254 0 -0.5000001 0.8660254 0 -0.5000001 0.8660254 0 -0.5000001 -0.8660254 0 -0.5000001 -0.8660254 0 -1 0 0 -1 0 0 -1 0 0 -1 0 0 -0.5 -0.8660255 0 -0.5 -0.8660255 0 0.5 -0.8660255 0 0.5 -0.8660255 0 1 0 0 1 0 0 1 0 0 1 0 0 0.5 0.8660255 0 0.5 0.8660255 0 0.5 0.8660255 0 0.5 0.8660255 0 0.5 -0.8660255 0 0.5 -0.8660255 0 -0.5 0.8660255 0 -0.5 0.8660255 0 -0.5 0.8660255 0 -0.5 0.8660255 0 -0.5 -0.8660255 0 -0.5 -0.8660255 0 -1 0 0 -1 0 0 -1 0 0 -1 0 0 -0.4999998 -0.8660256 0 -0.4999998 -0.8660256 0 0.4999998 -0.8660256 0 0.4999998 -0.8660256 0 1 0 0 1 0 0 1 0 0 1 0 0 0.4999998 0.8660256 0 0.4999998 0.8660256 0 0.4999998 0.8660256 0 0.4999998 0.8660256 0 0.4999998 -0.8660256 0 0.4999998 -0.8660256 0 -0.4999998 0.8660256 0 -0.4999998 0.8660256 0 -0.4999998 0.8660256 0 -0.4999998 0.8660256 0 -0.4999998 -0.8660256 0 -0.4999998 -0.8660256 0 -1 0 0 -1 0 0 -1 0 0 -1 0 0 -0.5000001 -0.8660254 0 -0.5000001 -0.8660254 0 0.5000001 -0.8660254 0 0.5000001 -0.8660254 0 1 0 0 1 0 0 1 0 0 1 0 0 0.5000001 0.8660254 0 0.5000001 0.8660254 0 0.5000001 0.8660254 0 0.5000001 0.8660254 0 0.5000001 -0.8660254 0 0.5000001 -0.8660254 0 -0.5000001 0.8660254 0 -0.5000001 0.8660254 0 -0.5000001 0.8660254 0 -0.5000001 0.8660254 0 -0.5000001 -0.8660254 0 -0.5000001 -0.8660254 0 -1 0 0 -1 0 0 -1 0 0 -1 0 0 -0.5 -0.8660255 0 -0.5 -0.8660255 0 0.5 -0.8660255 0 0.5 -0.8660255 0 1 0 0 1 0 0 1 0 0 1 0 0 0.5 0.8660255 0 0.5 0.8660255 0 0.5 0.8660255 0 0.5 0.8660255 0 0.5 -0.8660255 0 0.5 -0.8660255 0 -0.5 0.8660255 0 -0.5 0.8660255 0 -0.5 0.8660255 0 -0.5 0.8660255 0 -0.5 -0.8660255 0 -0.5 -0.8660255 0 -1 0 0 -1 0 0 -1 0 0 -1 0 -1 0 0 -1 0 0 -1 0 0 -1 0 0 -1 0 0 -1 0 0 -1 0 0 -1 0 0 -1 0 0 -1 0 0 -1 0 0 -1 0 0 -1 0 0 -1 0 0 -1 0 0 -1 0 0 -1 0 0 -1 0 0 -1 0 0 -1 0 0 -1 0 0 -1 0 0 -1 0 0 -1 0 0 -1 0 0 -1 0 0 -1 0 0 -1 0 0 -1 0 0 -1 0 0 -1 0 0 -1 0 0 -1 0 0 -1 0 0 -1 0 0 -1 0 0 -1 0 0 -1 0 0 -1 0 0 -1 0 0 -1 0 0 -1 0 0 -1 0 0 -1 0 0 -1 0 0 -1 0 0 -1 0 0 -1 0 0 -1 0 0 -1 0 0 -1 0 0 -1 0 0 -1 0 0 -1 0 0 -1 0 0 -1 0 0 -1 0 0 -1 0 0 -1 0 0 -1 0 0 -1 0 0 -1 0 0 -1 0 0 -1 0 0 -1 0 0 -1 0 0 -1 0 0 -1 0 0 -1 0 0 -1 0 0 -1 0 0 -1 0 0 -1 0 0 -1 0 0 -1 0 0 -1 0 0 -1 0 0 -1 0 0 -1 0 0 -1 0 0 -1 0 0 -1 0 0 -1 0 0 -1 0 0 -1 0 0 -1 0 0 -1 0 0 -1 0 0 -1 0 0 -1 0 0 -1 0 0 -1 0 0 -1 0 0 -1 0 0 -1 0 0 -1 0 0 -1 0 0 -1 0 0 -1 0 0 -1 0 0 -1 0 0 -1 0 0 -1 0 0 -1 0 0 -1 0 0 -1 0 0 -1 0 0 -1 0 0 -1 0 0 -1 0 0 -1 0 0 -1 0 0 -1 0 0 -1 0 0 -1 0 0 -1 0 0 -1 0 0 -1 0 0 -1 0 0 -1 0 0 -1 0 0 -1 0 0 -1 0 0 -1 0 0 -1 0 0 -1 0 0 -1 0 0 -1 0 0 -1 0 0 -1 0 0 -1 0 0 -1 0 0 -1 0 0 -1 0 0 -1 0 0 -1 0 0 -1 0 0 -1 0 0 -1 0 0 -1 0 0 -1 0 0 -1 0 0 -1 0 0 -1 0 0 -1 0 0 -1 0 0 -1 0 0 -1 0 0 -1 0 0 -1 0 0 -1 0 0 -1 0 0 -1 0 0 -1 0 0 -1 0 0 -1 0 0 -1 0 0 -1 0 0 -1 0 0 -1 0 0 -1 0 0 -1 0 0 -1 0 0 -1 0 0 -1 0 0 -1 0 0 -1 0 0 -1 0 0 -1 0 0 -1 0 0</float_array>
          <technique_common>
            <accessor source="#box_main-mesh-normals-array" count="8404" stride="3">
              <param name="X" type="float"/>
              <param name="Y" type="float"/>
              <param name="Z" type="float"/>
            </accessor>
          </technique_common>
        </source>
        <vertices id="box_main-mesh-vertices">
          <input semantic="POSITION" source="#box_main-mesh-positions"/>
        </vertices>
        <triangles material="Material_001-material" count="7048">
          <input semantic="VERTEX" source="#box_main-mesh-vertices" offset="0"/>
          <input semantic="NORMAL" source="#box_main-mesh-normals" offset="1"/>
          <p>0 0 1 0 2 0 2 1 1 1 3 1 1 2 4 2 3 2 3 3 4 3 5 3 4 4 6 4 5 4 5 5 6 5 7 5 6 6 8 6 7 6 7 7 8 7 9 7 8 8 10 8 9 8 9 9 10 9 11 9 10 10 0 10 11 10 11 11 0 11 2 11 2 12 3 12 11 12 11 13 3 13 5 13 11 14 5 14 7 14 7 15 9 15 11 15 12 16 13 16 14 16 14 17 13 17 15 17 13 18 16 18 15 18 15 19 16 19 17 19 16 20 18 20 17 20 17 21 18 21 19 21 18 22 20 22 19 22 19 23 20 23 21 23 20 24 22 24 21 24 21 25 22 25 23 25 22 26 12 26 23 26 23 27 12 27 14 27 14 28 15 28 23 28 23 29 15 29 17 29 23 30 17 30 19 30 19 31 21 31 23 31 24 32 25 32 26 32 26 33 25 33 27 33 25 34 28 34 27 34 27 35 28 35 29 35 28 36 30 36 29 36 29 37 30 37 31 37 30 38 32 38 31 38 31 39 32 39 33 39 32 40 34 40 33 40 33 41 34 41 35 41 34 42 24 42 35 42 35 43 24 43 26 43 35 44 26 44 33 44 33 45 26 45 31 45 31 46 26 46 29 46 29 47 26 47 27 47 36 48 37 48 38 48 38 49 37 49 39 49 37 50 40 50 39 50 39 51 40 51 41 51 40 52 42 52 41 52 41 53 42 53 43 53 42 54 44 54 43 54 43 55 44 55 45 55 44 56 46 56 45 56 45 57 46 57 47 57 46 58 36 58 47 58 47 59 36 59 38 59 38 60 39 60 47 60 47 61 39 61 41 61 47 62 41 62 43 62 43 63 45 63 47 63 60 74 61 74 62 74 62 75 61 75 63 75 63 76 61 76 64 76 63 77 64 77 65 77 65 78 64 78 66 78 65 79 66 79 67 79 68 80 69 80 61 80 61 81 69 81 64 81 70 82 71 82 65 82 65 83 71 83 63 83 72 84 73 84 74 84 74 85 73 85 75 85 76 86 77 86 78 86 78 87 77 87 79 87 78 88 79 88 80 88 80 89 79 89 81 89 80 90 81 90 82 90 82 91 81 91 83 91 82 92 83 92 84 92 84 93 83 93 85 93 84 94 85 94 86 94 86 95 85 95 87 95 86 96 87 96 88 96 88 97 87 97 89 97 88 98 89 98 90 98 90 99 89 99 91 99 90 100 91 100 92 100 92 101 91 101 93 101 92 102 93 102 94 102 94 103 93 103 95 103 94 104 95 104 96 104 96 105 95 105 97 105 96 106 97 106 98 106 98 107 97 107 99 107 98 108 99 108 100 108 100 109 99 109 101 109 100 110 101 110 102 110 102 111 101 111 103 111 103 112 101 112 104 112 103 113 104 113 105 113 77 114 76 114 106 114 106 115 76 115 107 115 106 116 107 116 108 116 108 117 107 117 109 117 108 118 109 118 110 118 110 119 109 119 111 119 110 120 111 120 112 120 112 121 111 121 113 121 112 122 113 122 114 122 114 123 113 123 115 123 114 124 115 124 116 124 116 125 115 125 117 125 116 126 117 126 118 126 118 127 117 127 119 127 119 128 117 128 120 128 120 129 117 129 121 129 120 130 121 130 122 130 109 131 107 131 123 131 123 132 107 132 124 132 123 133 124 133 125 133 125 134 124 134 126 134 126 135 124 135 127 135 126 136 127 136 128 136 128 137 127 137 129 137 128 138 129 138 130 138 130 139 129 139 131 139 130 140 131 140 132 140 132 141 131 141 133 141 132 142 133 142 134 142 134 143 133 143 135 143 134 144 135 144 136 144 136 145 135 145 137 145 136 146 137 146 138 146 138 147 137 147 139 147 138 148 139 148 140 148 140 149 139 149 141 149 140 150 141 150 142 150 142 151 141 151 143 151 142 152 143 152 144 152 144 153 143 153 145 153 144 154 145 154 146 154 146 155 145 155 147 155 146 156 147 156 148 156 148 157 147 157 149 157 148 158 149 158 150 158 150 159 149 159 151 159 150 160 151 160 105 160 105 161 151 161 103 161 131 162 129 162 80 162 80 163 129 163 78 163 117 164 115 164 152 164 152 165 115 165 153 165 152 166 153 166 154 166 154 167 153 167 123 167 154 168 123 168 125 168 155 169 156 169 157 169 157 170 156 170 158 170 157 171 158 171 159 171 159 172 158 172 160 172 159 173 160 173 161 173 161 174 160 174 162 174 161 175 162 175 163 175 163 176 162 176 164 176 163 177 164 177 165 177 165 178 164 178 166 178 165 179 166 179 167 179 167 180 166 180 168 180 167 181 168 181 169 181 169 182 168 182 170 182 169 183 170 183 171 183 171 184 170 184 172 184 171 185 172 185 173 185 173 186 172 186 174 186 173 187 174 187 175 187 175 188 174 188 176 188 175 189 176 189 177 189 177 190 176 190 178 190 177 191 178 191 179 191 179 192 178 192 180 192 179 193 180 193 181 193 182 194 176 194 155 194 155 195 176 195 183 195 155 196 183 196 156 196 184 197 185 197 182 197 182 198 185 198 117 198 182 199 117 199 176 199 185 200 184 200 186 200 186 201 184 201 187 201 186 202 187 202 188 202 188 203 187 203 189 203 188 204 189 204 190 204 190 205 189 205 191 205 190 206 191 206 192 206 192 207 191 207 193 207 192 208 193 208 194 208 194 209 193 209 195 209 194 210 195 210 196 210 196 211 195 211 197 211 196 212 197 212 198 212 198 213 197 213 199 213 198 214 199 214 200 214 200 215 199 215 201 215 200 216 201 216 202 216 202 217 201 217 203 217 202 218 203 218 204 218 204 219 203 219 205 219 204 220 205 220 206 220 206 221 205 221 207 221 206 222 207 222 208 222 208 223 207 223 175 223 208 224 175 224 177 224 191 225 189 225 159 225 159 226 189 226 157 226 176 227 174 227 209 227 209 228 174 228 210 228 209 229 210 229 211 229 211 230 210 230 212 230 211 231 212 231 213 231 213 232 212 232 214 232 213 233 214 233 215 233 215 234 214 234 216 234 215 235 216 235 217 235 217 236 216 236 218 236 217 237 218 237 219 237 219 238 218 238 220 238 219 239 220 239 221 239 221 240 220 240 222 240 221 241 222 241 223 241 223 242 222 242 176 242 223 243 176 243 224 243 224 244 176 244 225 244 225 245 176 245 226 245 225 246 226 246 217 246 217 247 226 247 215 247 214 248 212 248 166 248 166 249 212 249 168 249 169 250 171 250 201 250 201 251 171 251 203 251 163 252 165 252 195 252 195 253 165 253 197 253 227 254 228 254 229 254 229 255 228 255 230 255 229 256 230 256 231 256 231 257 230 257 232 257 231 258 232 258 233 258 233 259 232 259 234 259 233 260 234 260 235 260 235 261 234 261 236 261 235 262 236 262 237 262 237 263 236 263 238 263 237 264 238 264 239 264 239 265 238 265 240 265 239 266 240 266 241 266 241 267 240 267 242 267 241 268 242 268 243 268 243 269 242 269 244 269 243 270 244 270 245 270 245 271 244 271 180 271 245 272 180 272 246 272 246 273 180 273 178 273 246 274 178 274 247 274 247 275 178 275 248 275 248 276 178 276 249 276 249 277 178 277 250 277 249 278 250 278 104 278 228 279 227 279 251 279 251 280 227 280 252 280 251 281 252 281 253 281 253 282 252 282 254 282 253 283 254 283 255 283 255 284 254 284 256 284 255 285 256 285 257 285 257 286 256 286 258 286 257 287 258 287 259 287 259 288 258 288 260 288 259 289 260 289 261 289 261 290 260 290 262 290 261 291 262 291 263 291 263 292 262 292 264 292 263 293 264 293 265 293 265 294 264 294 266 294 265 295 266 295 267 295 267 296 266 296 268 296 268 297 266 297 122 297 268 298 122 298 269 298 254 299 252 299 270 299 270 300 252 300 271 300 270 301 271 301 272 301 272 302 271 302 273 302 273 303 271 303 274 303 273 304 274 304 275 304 275 305 274 305 276 305 275 306 276 306 277 306 277 307 276 307 278 307 277 308 278 308 279 308 279 309 278 309 280 309 279 310 280 310 281 310 281 311 280 311 282 311 281 312 282 312 283 312 283 313 282 313 284 313 283 314 284 314 285 314 285 315 284 315 286 315 285 316 286 316 287 316 287 317 286 317 288 317 287 318 288 318 289 318 289 319 288 319 290 319 289 320 290 320 291 320 291 321 290 321 292 321 291 322 292 322 293 322 293 323 292 323 294 323 293 324 294 324 295 324 295 325 294 325 246 325 295 326 246 326 247 326 278 327 276 327 231 327 231 328 276 328 229 328 235 329 237 329 282 329 282 330 237 330 284 330 290 331 288 331 243 331 243 332 288 332 241 332 296 333 297 333 298 333 298 334 297 334 299 334 298 335 299 335 300 335 300 336 299 336 301 336 300 337 301 337 302 337 302 338 301 338 303 338 302 339 303 339 304 339 304 340 303 340 305 340 304 341 305 341 306 341 306 342 305 342 307 342 306 343 307 343 181 343 181 344 307 344 179 344 297 345 296 345 308 345 308 346 296 346 309 346 308 347 309 347 310 347 310 348 309 348 311 348 310 349 311 349 312 349 312 350 311 350 313 350 312 351 313 351 314 351 314 352 313 352 315 352 314 353 315 353 316 353 316 354 315 354 317 354 316 355 317 355 318 355 318 356 317 356 319 356 318 357 319 357 320 357 320 358 319 358 321 358 320 359 321 359 322 359 322 360 321 360 323 360 322 361 323 361 324 361 324 362 323 362 325 362 324 363 325 363 269 363 269 364 325 364 268 364 311 365 309 365 251 365 251 366 309 366 228 366 234 367 232 367 300 367 300 368 232 368 298 368 260 369 258 369 326 369 326 370 258 370 327 370 326 371 327 371 328 371 328 372 327 372 329 372 329 373 327 373 330 373 329 374 330 374 331 374 331 375 330 375 270 375 331 376 270 376 272 376 332 377 333 377 334 377 334 378 333 378 335 378 334 379 335 379 336 379 336 380 335 380 337 380 336 381 337 381 338 381 338 382 337 382 339 382 338 383 339 383 340 383 340 384 339 384 341 384 340 385 341 385 342 385 342 386 341 386 343 386 342 387 343 387 344 387 344 388 343 388 345 388 344 389 345 389 346 389 346 390 345 390 347 390 346 391 347 391 348 391 348 392 347 392 349 392 348 393 349 393 350 393 350 394 349 394 351 394 350 395 351 395 352 395 352 396 351 396 353 396 352 397 353 397 354 397 354 398 353 398 178 398 354 399 178 399 355 399 333 400 332 400 356 400 356 401 332 401 357 401 356 402 357 402 358 402 358 403 357 403 359 403 358 404 359 404 360 404 360 405 359 405 355 405 360 406 355 406 117 406 355 407 359 407 361 407 361 408 359 408 362 408 361 409 362 409 363 409 363 410 362 410 364 410 363 411 364 411 365 411 365 412 364 412 366 412 365 413 366 413 367 413 367 414 366 414 368 414 367 415 368 415 369 415 369 416 368 416 370 416 369 417 370 417 371 417 371 418 370 418 372 418 371 419 372 419 373 419 373 420 372 420 374 420 373 421 374 421 375 421 375 422 374 422 376 422 375 423 376 423 377 423 377 424 376 424 378 424 377 425 378 425 379 425 379 426 378 426 380 426 379 427 380 427 381 427 381 428 380 428 355 428 381 429 355 429 382 429 382 430 355 430 383 430 382 431 383 431 384 431 366 432 364 432 336 432 336 433 364 433 334 433 138 434 140 434 385 434 385 435 140 435 386 435 385 436 386 436 387 436 387 437 386 437 388 437 388 438 386 438 389 438 388 439 389 439 390 439 390 440 389 440 391 440 390 441 391 441 392 441 392 442 391 442 393 442 392 443 393 443 394 443 394 444 393 444 395 444 394 445 395 445 396 445 396 446 395 446 397 446 396 447 397 447 398 447 398 448 397 448 399 448 398 449 399 449 400 449 400 450 399 450 401 450 400 451 401 451 402 451 402 452 401 452 178 452 402 453 178 453 353 453 393 454 391 454 146 454 146 455 391 455 144 455 291 456 293 456 99 456 99 457 293 457 101 457 101 458 249 458 104 458 394 459 396 459 349 459 349 460 396 460 351 460 403 461 404 461 405 461 405 462 404 462 406 462 405 463 406 463 407 463 407 464 406 464 408 464 407 465 408 465 409 465 409 466 408 466 410 466 409 467 410 467 384 467 384 468 410 468 382 468 404 469 403 469 411 469 411 470 403 470 412 470 411 471 412 471 413 471 413 472 412 472 414 472 413 473 414 473 361 473 361 474 414 474 355 474 414 475 415 475 355 475 355 476 415 476 416 476 355 477 416 477 417 477 417 478 416 478 407 478 407 479 416 479 405 479 346 480 348 480 376 480 376 481 348 481 378 481 380 482 354 482 355 482 367 483 369 483 411 483 411 484 369 484 404 484 410 485 408 485 375 485 375 486 408 486 373 486 150 487 105 487 397 487 397 488 105 488 399 488 401 489 418 489 178 489 178 490 418 490 250 490 285 491 287 491 93 491 93 492 287 492 95 492 387 493 419 493 385 493 385 494 419 494 420 494 420 495 419 495 421 495 420 496 421 496 422 496 422 497 421 497 423 497 422 498 423 498 424 498 424 499 423 499 425 499 424 500 425 500 426 500 426 501 425 501 427 501 426 502 427 502 428 502 428 503 427 503 429 503 428 504 429 504 430 504 430 505 429 505 431 505 430 506 431 506 432 506 432 507 431 507 360 507 432 508 360 508 152 508 152 509 360 509 117 509 421 510 419 510 337 510 337 511 419 511 339 511 345 512 343 512 390 512 390 513 343 513 388 513 333 514 356 514 425 514 425 515 356 515 427 515 304 516 306 516 238 516 238 517 306 517 240 517 317 518 315 518 257 518 257 519 315 519 255 519 179 520 433 520 177 520 177 521 433 521 434 521 434 522 433 522 435 522 434 523 435 523 436 523 436 524 435 524 437 524 436 525 437 525 438 525 438 526 437 526 439 526 438 527 439 527 440 527 440 528 439 528 441 528 440 529 441 529 442 529 442 530 441 530 443 530 442 531 443 531 444 531 444 532 443 532 445 532 444 533 445 533 446 533 446 534 445 534 447 534 446 535 447 535 448 535 448 536 447 536 449 536 448 537 449 537 450 537 450 538 449 538 451 538 450 539 451 539 452 539 452 540 451 540 453 540 452 541 453 541 454 541 454 542 453 542 455 542 454 543 455 543 456 543 456 544 455 544 457 544 456 545 457 545 458 545 458 546 457 546 459 546 458 547 459 547 460 547 460 548 459 548 461 548 460 549 461 549 462 549 462 550 461 550 463 550 462 551 463 551 464 551 464 552 463 552 117 552 464 553 117 553 185 553 437 554 435 554 301 554 301 555 435 555 303 555 279 556 281 556 87 556 87 557 281 557 89 557 273 558 275 558 81 558 81 559 275 559 83 559 461 560 459 560 269 560 269 561 459 561 324 561 318 562 320 562 453 562 453 563 320 563 455 563 198 564 200 564 446 564 446 565 200 565 444 565 438 566 440 566 206 566 206 567 440 567 204 567 456 568 458 568 188 568 188 569 458 569 186 569 222 570 183 570 176 570 162 571 160 571 218 571 218 572 160 572 220 572 428 573 430 573 128 573 128 574 430 574 126 574 328 575 465 575 326 575 326 576 465 576 466 576 466 577 465 577 467 577 466 578 467 578 468 578 468 579 467 579 469 579 468 580 469 580 470 580 470 581 469 581 471 581 470 582 471 582 472 582 472 583 471 583 116 583 472 584 116 584 118 584 467 585 465 585 112 585 112 586 465 586 110 586 77 587 106 587 331 587 331 588 106 588 329 588 266 589 264 589 470 589 470 590 264 590 468 590 463 591 473 591 117 591 117 592 473 592 121 592 209 593 474 593 176 593 176 594 474 594 226 594 450 595 452 595 194 595 194 596 452 596 192 596 312 597 314 597 447 597 447 598 314 598 449 598 132 599 134 599 424 599 424 600 134 600 422 600 323 601 321 601 263 601 263 602 321 602 261 602 137 603 135 603 86 603 86 604 135 604 84 604 90 605 92 605 141 605 141 606 92 606 143 606 149 607 147 607 98 607 98 608 147 608 96 608 417 609 475 609 355 609 355 610 475 610 383 610 340 611 342 611 370 611 370 612 342 612 372 612 297 613 308 613 441 613 441 614 308 614 443 614 266 615 120 615 122 615 476 616 477 616 478 616 478 617 477 617 479 617 478 618 479 618 480 618 480 619 479 619 481 619 480 620 481 620 482 620 482 621 481 621 483 621 482 622 483 622 484 622 484 623 483 623 485 623 484 624 485 624 486 624 486 625 485 625 487 625 486 626 487 626 488 626 488 627 487 627 489 627 488 628 489 628 178 628 178 629 489 629 355 629 355 630 489 630 490 630 355 631 490 631 491 631 491 632 490 632 492 632 492 633 490 633 493 633 492 634 493 634 494 634 494 635 493 635 495 635 494 636 495 636 496 636 496 637 495 637 497 637 496 638 497 638 498 638 498 639 497 639 499 639 498 640 499 640 500 640 500 641 499 641 501 641 500 642 501 642 502 642 502 643 501 643 503 643 502 644 503 644 504 644 504 645 503 645 505 645 504 646 505 646 506 646 506 647 505 647 507 647 506 648 507 648 508 648 508 649 507 649 509 649 508 650 509 650 510 650 510 651 509 651 511 651 510 652 511 652 512 652 512 653 511 653 513 653 512 654 513 654 514 654 514 655 513 655 515 655 514 656 515 656 516 656 516 657 515 657 517 657 517 658 515 658 518 658 517 659 518 659 519 659 519 660 518 660 507 660 519 661 507 661 520 661 520 662 507 662 505 662 520 663 505 663 521 663 521 664 505 664 522 664 521 665 522 665 523 665 523 666 522 666 524 666 523 667 524 667 481 667 481 668 524 668 499 668 481 669 499 669 483 669 483 670 499 670 497 670 483 671 497 671 525 671 525 672 497 672 526 672 525 673 526 673 527 673 527 674 526 674 528 674 527 675 528 675 489 675 489 676 528 676 490 676 477 677 476 677 520 677 520 678 476 678 529 678 520 679 529 679 519 679 519 680 529 680 530 680 519 681 530 681 531 681 531 682 530 682 532 682 531 683 532 683 533 683 533 684 532 684 534 684 533 685 534 685 535 685 535 686 534 686 536 686 535 687 536 687 537 687 537 688 536 688 538 688 538 689 536 689 539 689 538 690 539 690 540 690 540 691 539 691 541 691 540 692 541 692 542 692 542 693 541 693 530 693 542 694 530 694 543 694 543 695 530 695 529 695 543 696 529 696 544 696 544 697 529 697 545 697 544 698 545 698 546 698 546 699 545 699 547 699 546 700 547 700 548 700 548 701 547 701 480 701 548 702 480 702 549 702 549 703 480 703 482 703 549 704 482 704 550 704 550 705 482 705 551 705 550 706 551 706 552 706 552 707 551 707 553 707 552 708 553 708 554 708 554 709 553 709 488 709 554 710 488 710 178 710 555 711 556 711 557 711 557 712 556 712 558 712 557 713 558 713 559 713 559 714 558 714 542 714 559 715 542 715 560 715 560 716 542 716 543 716 560 717 543 717 561 717 561 718 543 718 562 718 561 719 562 719 563 719 563 720 562 720 564 720 563 721 564 721 565 721 565 722 564 722 548 722 565 723 548 723 566 723 566 724 548 724 549 724 566 725 549 725 567 725 567 726 549 726 568 726 567 727 568 727 569 727 569 728 568 728 570 728 569 729 570 729 571 729 571 730 570 730 554 730 571 731 554 731 178 731 556 732 555 732 537 732 537 733 555 733 572 733 537 734 572 734 573 734 573 735 572 735 574 735 573 736 574 736 575 736 573 737 575 737 576 737 576 738 575 738 559 738 576 739 559 739 560 739 577 740 355 740 578 740 578 741 355 741 579 741 578 742 579 742 580 742 580 743 579 743 581 743 580 744 581 744 496 744 496 745 581 745 582 745 582 746 581 746 583 746 582 747 583 747 584 747 584 748 583 748 585 748 584 749 585 749 491 749 491 750 585 750 586 750 491 751 586 751 355 751 355 752 586 752 587 752 355 753 587 753 579 753 588 754 589 754 577 754 577 755 589 755 590 755 577 756 590 756 591 756 591 757 590 757 592 757 591 758 592 758 593 758 594 759 595 759 588 759 588 760 595 760 504 760 588 761 504 761 589 761 589 762 504 762 506 762 589 763 506 763 596 763 596 764 506 764 597 764 596 765 597 765 598 765 598 766 597 766 599 766 598 767 599 767 593 767 593 768 599 768 512 768 593 769 512 769 591 769 591 770 512 770 514 770 595 771 594 771 600 771 600 772 594 772 601 772 600 773 601 773 498 773 498 774 601 774 580 774 498 775 580 775 496 775 566 776 602 776 565 776 565 777 602 777 603 777 603 778 602 778 178 778 603 779 178 779 576 779 576 780 178 780 573 780 602 781 604 781 178 781 178 782 604 782 571 782 516 783 605 783 514 783 514 784 605 784 535 784 514 785 535 785 606 785 606 786 535 786 607 786 605 787 533 787 535 787 591 788 355 788 577 788 573 789 535 789 537 789 608 790 72 790 609 790 609 791 72 791 610 791 609 792 610 792 611 792 611 793 610 793 612 793 613 794 614 794 608 794 608 795 614 795 573 795 608 796 573 796 73 796 73 797 573 797 615 797 616 798 617 798 613 798 613 799 617 799 591 799 613 800 591 800 618 800 618 801 591 801 514 801 609 802 611 802 616 802 616 803 611 803 619 803 616 804 619 804 620 804 620 805 619 805 621 805 614 806 535 806 573 806 73 807 72 807 608 807 72 808 622 808 610 808 623 809 624 809 620 809 620 810 624 810 616 810 624 811 617 811 616 811 617 812 625 812 591 812 618 813 614 813 613 813 626 814 627 814 628 814 628 815 627 815 629 815 628 816 629 816 630 816 630 817 629 817 631 817 631 818 629 818 632 818 631 819 632 819 633 819 633 820 632 820 634 820 633 821 634 821 635 821 635 822 634 822 636 822 635 823 636 823 637 823 637 824 636 824 638 824 637 825 638 825 639 825 639 826 638 826 640 826 639 827 640 827 641 827 641 828 640 828 642 828 641 829 642 829 643 829 643 830 642 830 644 830 643 831 644 831 645 831 645 832 644 832 646 832 645 833 646 833 647 833 647 834 646 834 648 834 647 835 648 835 649 835 649 836 648 836 650 836 649 837 650 837 651 837 651 838 650 838 652 838 651 839 652 839 653 839 653 840 652 840 654 840 653 841 654 841 655 841 655 842 654 842 656 842 656 843 654 843 657 843 656 844 657 844 658 844 658 845 657 845 659 845 658 846 659 846 660 846 660 847 659 847 661 847 660 848 661 848 662 848 662 849 661 849 663 849 662 850 663 850 664 850 664 851 663 851 665 851 664 852 665 852 666 852 666 853 665 853 667 853 666 854 667 854 668 854 668 855 667 855 669 855 668 856 669 856 670 856 670 857 669 857 671 857 670 858 671 858 672 858 672 859 671 859 673 859 672 860 673 860 674 860 674 861 673 861 675 861 674 862 675 862 676 862 676 863 675 863 627 863 676 864 627 864 626 864 677 865 678 865 626 865 626 866 678 866 679 866 626 867 679 867 680 867 653 868 655 868 677 868 677 869 655 869 681 869 677 870 681 870 682 870 682 871 681 871 683 871 683 872 681 872 684 872 683 873 684 873 685 873 685 874 684 874 686 874 685 875 686 875 687 875 687 876 686 876 688 876 687 877 688 877 689 877 689 878 688 878 690 878 689 879 690 879 691 879 691 880 690 880 692 880 691 881 692 881 693 881 693 882 692 882 694 882 693 883 694 883 695 883 695 884 694 884 696 884 695 885 696 885 697 885 697 886 696 886 698 886 697 887 698 887 699 887 699 888 698 888 700 888 699 889 700 889 701 889 701 890 700 890 702 890 701 891 702 891 703 891 703 892 702 892 704 892 703 893 704 893 626 893 626 894 704 894 676 894 628 895 705 895 653 895 653 896 705 896 706 896 653 897 706 897 707 897 707 898 706 898 708 898 708 899 706 899 709 899 708 900 709 900 710 900 710 901 709 901 711 901 711 902 709 902 712 902 711 903 712 903 713 903 713 904 712 904 714 904 713 905 714 905 715 905 715 906 714 906 716 906 715 907 716 907 717 907 717 908 716 908 718 908 717 909 718 909 719 909 719 910 718 910 720 910 719 911 720 911 721 911 721 912 720 912 722 912 721 913 722 913 723 913 723 914 722 914 724 914 723 915 724 915 628 915 628 916 724 916 725 916 628 917 725 917 726 917 727 918 728 918 729 918 729 919 728 919 730 919 729 920 730 920 661 920 661 921 730 921 646 921 661 922 646 922 663 922 663 923 646 923 644 923 663 924 644 924 731 924 731 925 644 925 732 925 731 926 732 926 733 926 733 927 732 927 734 927 733 928 734 928 669 928 669 929 734 929 638 929 669 930 638 930 671 930 671 931 638 931 636 931 671 932 636 932 735 932 735 933 636 933 736 933 735 934 736 934 737 934 737 935 736 935 738 935 737 936 738 936 627 936 627 937 738 937 629 937 728 938 727 938 652 938 652 939 727 939 654 939 739 940 740 940 741 940 741 941 740 941 742 941 741 942 742 942 743 942 743 943 742 943 744 943 743 944 744 944 745 944 745 945 744 945 746 945 745 946 746 946 747 946 747 947 746 947 748 947 747 948 748 948 749 948 749 949 748 949 750 949 749 950 750 950 751 950 751 951 750 951 752 951 751 952 752 952 753 952 753 953 752 953 754 953 753 954 754 954 755 954 755 955 754 955 756 955 755 956 756 956 757 956 757 957 756 957 758 957 757 958 758 958 759 958 759 959 758 959 760 959 759 960 760 960 626 960 626 961 760 961 703 961 740 962 739 962 761 962 761 963 739 963 762 963 761 964 762 964 677 964 677 965 762 965 763 965 677 966 763 966 764 966 677 967 764 967 765 967 765 968 764 968 743 968 765 969 743 969 745 969 718 970 716 970 726 970 726 971 716 971 705 971 726 972 705 972 628 972 766 973 767 973 689 973 689 974 767 974 746 974 689 975 746 975 687 975 687 976 746 976 744 976 687 977 744 977 768 977 768 978 744 978 769 978 768 979 769 979 770 979 770 980 769 980 771 980 770 981 771 981 682 981 682 982 771 982 761 982 682 983 761 983 677 983 767 984 766 984 772 984 772 985 766 985 773 985 772 986 773 986 752 986 752 987 773 987 695 987 752 988 695 988 754 988 754 989 695 989 697 989 754 990 697 990 774 990 774 991 697 991 775 991 774 992 775 992 776 992 776 993 775 993 777 993 776 994 777 994 760 994 760 995 777 995 703 995 778 996 779 996 670 996 670 997 779 997 698 997 670 998 698 998 668 998 668 999 698 999 696 999 668 1000 696 1000 780 1000 780 1001 696 1001 781 1001 780 1002 781 1002 782 1002 782 1003 781 1003 783 1003 782 1004 783 1004 662 1004 662 1005 783 1005 690 1005 662 1006 690 1006 660 1006 660 1007 690 1007 688 1007 660 1008 688 1008 784 1008 784 1009 688 1009 785 1009 784 1010 785 1010 786 1010 786 1011 785 1011 787 1011 786 1012 787 1012 655 1012 655 1013 787 1013 681 1013 779 1014 778 1014 788 1014 788 1015 778 1015 789 1015 788 1016 789 1016 704 1016 704 1017 789 1017 676 1017 765 1018 678 1018 677 1018 678 1019 751 1019 679 1019 679 1020 751 1020 753 1020 790 1021 791 1021 792 1021 792 1022 791 1022 793 1022 792 1023 793 1023 645 1023 645 1024 793 1024 794 1024 645 1025 794 1025 643 1025 643 1026 794 1026 710 1026 643 1027 710 1027 795 1027 795 1028 710 1028 796 1028 795 1029 796 1029 797 1029 797 1030 796 1030 798 1030 797 1031 798 1031 637 1031 637 1032 798 1032 715 1032 637 1033 715 1033 635 1033 635 1034 715 1034 717 1034 635 1035 717 1035 799 1035 799 1036 717 1036 800 1036 799 1037 800 1037 801 1037 801 1038 800 1038 802 1038 801 1039 802 1039 630 1039 630 1040 802 1040 723 1040 630 1041 723 1041 628 1041 791 1042 790 1042 803 1042 803 1043 790 1043 651 1043 803 1044 651 1044 653 1044 804 1045 805 1045 806 1045 806 1046 805 1046 807 1046 806 1047 807 1047 794 1047 794 1048 807 1048 708 1048 794 1049 708 1049 710 1049 805 1050 804 1050 808 1050 808 1051 804 1051 803 1051 808 1052 803 1052 653 1052 680 1053 759 1053 626 1053 707 1054 809 1054 653 1054 653 1055 809 1055 808 1055 810 1056 811 1056 812 1056 812 1057 811 1057 813 1057 812 1058 813 1058 814 1058 814 1059 813 1059 815 1059 814 1060 815 1060 816 1060 816 1061 815 1061 817 1061 816 1062 817 1062 818 1062 818 1063 817 1063 819 1063 818 1064 819 1064 820 1064 820 1065 819 1065 821 1065 820 1066 821 1066 612 1066 612 1067 821 1067 822 1067 612 1068 822 1068 621 1068 621 1069 822 1069 823 1069 621 1070 823 1070 824 1070 824 1071 823 1071 825 1071 825 1072 823 1072 826 1072 825 1073 826 1073 827 1073 827 1074 826 1074 817 1074 827 1075 817 1075 828 1075 828 1076 817 1076 815 1076 828 1077 815 1077 829 1077 829 1078 815 1078 830 1078 829 1079 830 1079 831 1079 831 1080 830 1080 832 1080 831 1081 832 1081 833 1081 833 1082 832 1082 834 1082 833 1083 834 1083 835 1083 835 1084 834 1084 836 1084 835 1085 836 1085 837 1085 837 1086 836 1086 838 1086 837 1087 838 1087 839 1087 839 1088 838 1088 840 1088 839 1089 840 1089 841 1089 841 1090 840 1090 842 1090 841 1091 842 1091 117 1091 117 1092 842 1092 176 1092 176 1093 842 1093 843 1093 176 1094 843 1094 844 1094 844 1095 843 1095 845 1095 845 1096 843 1096 846 1096 845 1097 846 1097 847 1097 847 1098 846 1098 848 1098 847 1099 848 1099 849 1099 849 1100 848 1100 850 1100 849 1101 850 1101 851 1101 851 1102 850 1102 852 1102 851 1103 852 1103 853 1103 853 1104 852 1104 854 1104 853 1105 854 1105 855 1105 855 1106 854 1106 856 1106 855 1107 856 1107 857 1107 857 1108 856 1108 814 1108 857 1109 814 1109 858 1109 858 1110 814 1110 816 1110 858 1111 816 1111 859 1111 859 1112 816 1112 860 1112 859 1113 860 1113 861 1113 861 1114 860 1114 862 1114 861 1115 862 1115 863 1115 863 1116 862 1116 864 1116 863 1117 864 1117 612 1117 612 1118 864 1118 820 1118 811 1119 810 1119 834 1119 834 1120 810 1120 852 1120 834 1121 852 1121 836 1121 836 1122 852 1122 850 1122 836 1123 850 1123 865 1123 865 1124 850 1124 866 1124 865 1125 866 1125 867 1125 867 1126 866 1126 868 1126 867 1127 868 1127 842 1127 842 1128 868 1128 843 1128 869 1129 870 1129 871 1129 871 1130 870 1130 872 1130 871 1131 872 1131 835 1131 835 1132 872 1132 873 1132 835 1133 873 1133 833 1133 833 1134 873 1134 874 1134 833 1135 874 1135 875 1135 875 1136 874 1136 876 1136 875 1137 876 1137 877 1137 877 1138 876 1138 878 1138 877 1139 878 1139 828 1139 828 1140 878 1140 879 1140 828 1141 879 1141 827 1141 827 1142 879 1142 880 1142 827 1143 880 1143 881 1143 881 1144 880 1144 882 1144 881 1145 882 1145 883 1145 883 1146 882 1146 884 1146 883 1147 884 1147 885 1147 885 1148 884 1148 886 1148 885 1149 886 1149 621 1149 621 1150 886 1150 620 1150 620 1151 886 1151 887 1151 620 1152 887 1152 888 1152 870 1153 869 1153 889 1153 889 1154 869 1154 841 1154 889 1155 841 1155 117 1155 890 1156 891 1156 892 1156 892 1157 891 1157 893 1157 892 1158 893 1158 894 1158 894 1159 893 1159 863 1159 894 1160 863 1160 610 1160 610 1161 863 1161 612 1161 891 1162 890 1162 858 1162 858 1163 890 1163 895 1163 858 1164 895 1164 857 1164 857 1165 895 1165 896 1165 857 1166 896 1166 897 1166 897 1167 896 1167 898 1167 897 1168 898 1168 899 1168 899 1169 898 1169 900 1169 899 1170 900 1170 851 1170 851 1171 900 1171 901 1171 851 1172 901 1172 849 1172 849 1173 901 1173 902 1173 849 1174 902 1174 903 1174 903 1175 902 1175 904 1175 903 1176 904 1176 905 1176 905 1177 904 1177 906 1177 905 1178 906 1178 844 1178 844 1179 906 1179 907 1179 844 1180 907 1180 176 1180 176 1181 907 1181 908 1181 176 1182 908 1182 909 1182 896 1183 895 1183 910 1183 910 1184 895 1184 911 1184 910 1185 911 1185 610 1185 610 1186 911 1186 912 1186 610 1187 912 1187 894 1187 913 1188 117 1188 914 1188 914 1189 117 1189 620 1189 914 1190 620 1190 915 1190 915 1191 620 1191 888 1191 117 1192 913 1192 916 1192 916 1193 913 1193 917 1193 916 1194 917 1194 918 1194 918 1195 917 1195 874 1195 918 1196 874 1196 873 1196 874 1197 917 1197 919 1197 919 1198 917 1198 920 1198 919 1199 920 1199 921 1199 921 1200 920 1200 922 1200 921 1201 922 1201 879 1201 879 1202 922 1202 923 1202 879 1203 923 1203 880 1203 880 1204 923 1204 924 1204 880 1205 924 1205 925 1205 925 1206 924 1206 926 1206 925 1207 926 1207 927 1207 927 1208 926 1208 928 1208 927 1209 928 1209 886 1209 886 1210 928 1210 887 1210 923 1211 914 1211 924 1211 924 1212 914 1212 915 1212 902 1213 901 1213 909 1213 909 1214 901 1214 929 1214 909 1215 929 1215 176 1215 176 1216 929 1216 910 1216 176 1217 910 1217 610 1217 916 1218 930 1218 117 1218 117 1219 930 1219 931 1219 117 1220 931 1220 889 1220 889 1221 931 1221 932 1221 932 1222 931 1222 933 1222 932 1223 933 1223 934 1223 934 1224 933 1224 935 1224 934 1225 935 1225 873 1225 873 1226 935 1226 918 1226 824 1227 885 1227 621 1227 936 1228 937 1228 621 1228 621 1229 937 1229 612 1229 938 1230 939 1230 626 1230 626 1231 939 1231 940 1231 626 1232 940 1232 941 1232 941 1233 940 1233 942 1233 942 1234 940 1234 943 1234 942 1235 943 1235 944 1235 944 1236 943 1236 945 1236 944 1237 945 1237 946 1237 946 1238 945 1238 947 1238 946 1239 947 1239 948 1239 948 1240 947 1240 949 1240 948 1241 949 1241 950 1241 950 1242 949 1242 951 1242 950 1243 951 1243 952 1243 952 1244 951 1244 953 1244 952 1245 953 1245 954 1245 954 1246 953 1246 955 1246 954 1247 955 1247 956 1247 956 1248 955 1248 957 1248 956 1249 957 1249 958 1249 958 1250 957 1250 959 1250 958 1251 959 1251 960 1251 960 1252 959 1252 961 1252 960 1253 961 1253 962 1253 962 1254 961 1254 963 1254 962 1255 963 1255 677 1255 677 1256 963 1256 964 1256 677 1257 964 1257 965 1257 965 1258 964 1258 966 1258 965 1259 966 1259 967 1259 967 1260 966 1260 968 1260 968 1261 966 1261 969 1261 968 1262 969 1262 970 1262 970 1263 969 1263 971 1263 970 1264 971 1264 972 1264 972 1265 971 1265 973 1265 972 1266 973 1266 974 1266 974 1267 973 1267 975 1267 974 1268 975 1268 976 1268 976 1269 975 1269 977 1269 976 1270 977 1270 978 1270 978 1271 977 1271 979 1271 978 1272 979 1272 980 1272 980 1273 979 1273 981 1273 980 1274 981 1274 982 1274 982 1275 981 1275 983 1275 982 1276 983 1276 984 1276 984 1277 983 1277 985 1277 984 1278 985 1278 986 1278 986 1279 985 1279 987 1279 986 1280 987 1280 988 1280 988 1281 987 1281 989 1281 988 1282 989 1282 938 1282 938 1283 989 1283 939 1283 965 1284 990 1284 938 1284 938 1285 990 1285 991 1285 938 1286 991 1286 992 1286 626 1287 993 1287 677 1287 677 1288 993 1288 994 1288 677 1289 994 1289 995 1289 995 1290 994 1290 996 1290 996 1291 994 1291 997 1291 996 1292 997 1292 954 1292 954 1293 997 1293 998 1293 998 1294 997 1294 999 1294 998 1295 999 1295 1000 1295 1000 1296 999 1296 1001 1296 1000 1297 1001 1297 948 1297 948 1298 1001 1298 1002 1298 948 1299 1002 1299 946 1299 946 1300 1002 1300 1003 1300 946 1301 1003 1301 1004 1301 1004 1302 1003 1302 1005 1302 1004 1303 1005 1303 1006 1303 1006 1304 1005 1304 1007 1304 1006 1305 1007 1305 941 1305 941 1306 1007 1306 1008 1306 941 1307 1008 1307 626 1307 626 1308 1008 1308 1009 1308 626 1309 1009 1309 1010 1309 1011 1310 1012 1310 1013 1310 1013 1311 1012 1311 1014 1311 1013 1312 1014 1312 981 1312 981 1313 1014 1313 1015 1313 981 1314 1015 1314 983 1314 983 1315 1015 1315 1016 1315 983 1316 1016 1316 1017 1316 1017 1317 1016 1317 1018 1317 1017 1318 1018 1318 1019 1318 1019 1319 1018 1319 1020 1319 1019 1320 1020 1320 989 1320 989 1321 1020 1321 939 1321 1012 1322 1011 1322 1021 1322 1021 1323 1011 1323 975 1323 1021 1324 975 1324 1022 1324 1022 1325 975 1325 973 1325 1022 1326 973 1326 1023 1326 1023 1327 973 1327 1024 1327 1023 1328 1024 1328 1025 1328 1025 1329 1024 1329 1026 1329 1025 1330 1026 1330 964 1330 964 1331 1026 1331 966 1331 1027 1332 1028 1332 947 1332 947 1333 1028 1333 1016 1333 947 1334 1016 1334 949 1334 949 1335 1016 1335 1015 1335 949 1336 1015 1336 1029 1336 1029 1337 1015 1337 1030 1337 1029 1338 1030 1338 1031 1338 1031 1339 1030 1339 1032 1339 1031 1340 1032 1340 955 1340 955 1341 1032 1341 1021 1341 955 1342 1021 1342 957 1342 957 1343 1021 1343 1022 1343 957 1344 1022 1344 1033 1344 1033 1345 1022 1345 1034 1345 1033 1346 1034 1346 1035 1346 1035 1347 1034 1347 1036 1347 1035 1348 1036 1348 963 1348 963 1349 1036 1349 964 1349 1028 1350 1027 1350 1037 1350 1037 1351 1027 1351 1038 1351 1037 1352 1038 1352 939 1352 939 1353 1038 1353 940 1353 1039 1354 1040 1354 1041 1354 1041 1355 1040 1355 1042 1355 1041 1356 1042 1356 1043 1356 1043 1357 1042 1357 972 1357 1043 1358 972 1358 1044 1358 1044 1359 972 1359 974 1359 1044 1360 974 1360 1045 1360 1045 1361 974 1361 1046 1361 1045 1362 1046 1362 1047 1362 1047 1363 1046 1363 1048 1363 1047 1364 1048 1364 1049 1364 1049 1365 1048 1365 980 1365 1049 1366 980 1366 1050 1366 1050 1367 980 1367 982 1367 1050 1368 982 1368 1051 1368 1051 1369 982 1369 1052 1369 1051 1370 1052 1370 1053 1370 1053 1371 1052 1371 1054 1371 1053 1372 1054 1372 1055 1372 1055 1373 1054 1373 988 1373 1055 1374 988 1374 938 1374 1040 1375 1039 1375 967 1375 967 1376 1039 1376 1056 1376 967 1377 1056 1377 965 1377 965 1378 1056 1378 1057 1378 965 1379 1057 1379 1058 1379 965 1380 1058 1380 1059 1380 1059 1381 1058 1381 1043 1381 1059 1382 1043 1382 1044 1382 1003 1383 1002 1383 1010 1383 1010 1384 1002 1384 993 1384 1010 1385 993 1385 626 1385 1050 1386 991 1386 1049 1386 1049 1387 991 1387 990 1387 992 1388 1055 1388 938 1388 995 1389 1060 1389 677 1389 677 1390 1060 1390 1061 1390 677 1391 1061 1391 962 1391 962 1392 1061 1392 1062 1392 1062 1393 1061 1393 1063 1393 1062 1394 1063 1394 1064 1394 1064 1395 1063 1395 1065 1395 1064 1396 1065 1396 956 1396 956 1397 1065 1397 996 1397 956 1398 996 1398 954 1398 1059 1399 990 1399 965 1399 619 1400 611 1400 1066 1400 1066 1401 611 1401 1067 1401 617 1402 624 1402 1068 1402 1068 1403 624 1403 1069 1403 1070 1404 1071 1404 938 1404 938 1405 1071 1405 1072 1405 938 1406 1072 1406 1073 1406 1073 1407 1072 1407 1074 1407 1074 1408 1072 1408 1075 1408 1074 1409 1075 1409 1076 1409 1076 1410 1075 1410 1077 1410 1076 1411 1077 1411 1078 1411 1078 1412 1077 1412 1079 1412 1078 1413 1079 1413 1080 1413 1080 1414 1079 1414 1081 1414 1080 1415 1081 1415 1082 1415 1082 1416 1081 1416 1083 1416 1082 1417 1083 1417 1084 1417 1084 1418 1083 1418 1085 1418 1084 1419 1085 1419 1086 1419 1086 1420 1085 1420 1087 1420 1086 1421 1087 1421 1088 1421 1088 1422 1087 1422 1089 1422 1088 1423 1089 1423 1090 1423 1090 1424 1089 1424 1091 1424 1090 1425 1091 1425 1092 1425 1092 1426 1091 1426 1093 1426 1092 1427 1093 1427 1094 1427 1094 1428 1093 1428 1095 1428 1094 1429 1095 1429 965 1429 965 1430 1095 1430 1096 1430 965 1431 1096 1431 1097 1431 1097 1432 1096 1432 1098 1432 1098 1433 1096 1433 1099 1433 1098 1434 1099 1434 1100 1434 1100 1435 1099 1435 1101 1435 1100 1436 1101 1436 1102 1436 1102 1437 1101 1437 1103 1437 1102 1438 1103 1438 1104 1438 1104 1439 1103 1439 1105 1439 1104 1440 1105 1440 1106 1440 1106 1441 1105 1441 1107 1441 1106 1442 1107 1442 1108 1442 1108 1443 1107 1443 1109 1443 1108 1444 1109 1444 1110 1444 1110 1445 1109 1445 1111 1445 1110 1446 1111 1446 1112 1446 1112 1447 1111 1447 1113 1447 1112 1448 1113 1448 1114 1448 1114 1449 1113 1449 1115 1449 1114 1450 1115 1450 1116 1450 1116 1451 1115 1451 1117 1451 1116 1452 1117 1452 1118 1452 1118 1453 1117 1453 1071 1453 1118 1454 1071 1454 1070 1454 1119 1455 1120 1455 1070 1455 1070 1456 1120 1456 1121 1456 1070 1457 1121 1457 1122 1457 965 1458 1097 1458 1119 1458 1119 1459 1097 1459 1123 1459 1119 1460 1123 1460 1124 1460 1124 1461 1123 1461 1125 1461 1125 1462 1123 1462 1126 1462 1125 1463 1126 1463 1127 1463 1127 1464 1126 1464 1128 1464 1127 1465 1128 1465 1129 1465 1129 1466 1128 1466 1130 1466 1129 1467 1130 1467 1131 1467 1131 1468 1130 1468 1132 1468 1131 1469 1132 1469 1133 1469 1133 1470 1132 1470 1134 1470 1133 1471 1134 1471 1135 1471 1135 1472 1134 1472 1136 1472 1135 1473 1136 1473 1137 1473 1137 1474 1136 1474 1138 1474 1137 1475 1138 1475 1139 1475 1139 1476 1138 1476 1140 1476 1139 1477 1140 1477 1141 1477 1141 1478 1140 1478 1142 1478 1141 1479 1142 1479 1143 1479 1143 1480 1142 1480 1144 1480 1143 1481 1144 1481 1145 1481 1145 1482 1144 1482 1146 1482 1145 1483 1146 1483 1070 1483 1070 1484 1146 1484 1118 1484 938 1485 1147 1485 965 1485 965 1486 1147 1486 1148 1486 965 1487 1148 1487 1149 1487 1149 1488 1148 1488 1150 1488 1150 1489 1148 1489 1151 1489 1150 1490 1151 1490 1152 1490 1152 1491 1151 1491 1153 1491 1153 1492 1151 1492 1154 1492 1153 1493 1154 1493 1155 1493 1155 1494 1154 1494 1156 1494 1155 1495 1156 1495 1157 1495 1157 1496 1156 1496 1158 1496 1157 1497 1158 1497 1159 1497 1159 1498 1158 1498 1160 1498 1159 1499 1160 1499 1161 1499 1161 1500 1160 1500 1162 1500 1161 1501 1162 1501 1163 1501 1163 1502 1162 1502 1164 1502 1163 1503 1164 1503 1165 1503 1165 1504 1164 1504 1166 1504 1165 1505 1166 1505 938 1505 938 1506 1166 1506 1167 1506 938 1507 1167 1507 1168 1507 1169 1508 1170 1508 1171 1508 1171 1509 1170 1509 1172 1509 1171 1510 1172 1510 1097 1510 1097 1511 1172 1511 1123 1511 1170 1512 1169 1512 1130 1512 1130 1513 1169 1513 1102 1513 1130 1514 1102 1514 1132 1514 1132 1515 1102 1515 1104 1515 1132 1516 1104 1516 1173 1516 1173 1517 1104 1517 1174 1517 1173 1518 1174 1518 1175 1518 1175 1519 1174 1519 1176 1519 1175 1520 1176 1520 1138 1520 1138 1521 1176 1521 1110 1521 1138 1522 1110 1522 1140 1522 1140 1523 1110 1523 1112 1523 1140 1524 1112 1524 1177 1524 1177 1525 1112 1525 1178 1525 1177 1526 1178 1526 1179 1526 1179 1527 1178 1527 1180 1527 1179 1528 1180 1528 1146 1528 1146 1529 1180 1529 1118 1529 1181 1530 1182 1530 1183 1530 1183 1531 1182 1531 1184 1531 1183 1532 1184 1532 1185 1532 1185 1533 1184 1533 1186 1533 1185 1534 1186 1534 965 1534 965 1535 1186 1535 1094 1535 1182 1536 1181 1536 1187 1536 1187 1537 1181 1537 1150 1537 1187 1538 1150 1538 1152 1538 1149 1539 1188 1539 965 1539 965 1540 1188 1540 1185 1540 1120 1541 1119 1541 1189 1541 1189 1542 1119 1542 1190 1542 1189 1543 1190 1543 1191 1543 1120 1544 1192 1544 1121 1544 1121 1545 1192 1545 1193 1545 1193 1546 1192 1546 1194 1546 1193 1547 1194 1547 1195 1547 1195 1548 1194 1548 1137 1548 1195 1549 1137 1549 1139 1549 1194 1550 1192 1550 1196 1550 1196 1551 1192 1551 1197 1551 1196 1552 1197 1552 1198 1552 1198 1553 1197 1553 1199 1553 1198 1554 1199 1554 1200 1554 1200 1555 1199 1555 1201 1555 1200 1556 1201 1556 1202 1556 1202 1557 1201 1557 1191 1557 1202 1558 1191 1558 1203 1558 1203 1559 1191 1559 1204 1559 1203 1560 1204 1560 1205 1560 1205 1561 1204 1561 1206 1561 1205 1562 1206 1562 1207 1562 1207 1563 1206 1563 1208 1563 1207 1564 1208 1564 1119 1564 1119 1565 1208 1565 1209 1565 1119 1566 1209 1566 1190 1566 1201 1567 1189 1567 1191 1567 1210 1568 1211 1568 1080 1568 1080 1569 1211 1569 1157 1569 1080 1570 1157 1570 1078 1570 1078 1571 1157 1571 1159 1571 1078 1572 1159 1572 1212 1572 1212 1573 1159 1573 1213 1573 1212 1574 1213 1574 1214 1574 1214 1575 1213 1575 1215 1575 1214 1576 1215 1576 1073 1576 1073 1577 1215 1577 1165 1577 1073 1578 1165 1578 938 1578 1211 1579 1210 1579 1216 1579 1216 1580 1210 1580 1217 1580 1216 1581 1217 1581 1152 1581 1152 1582 1217 1582 1086 1582 1152 1583 1086 1583 1187 1583 1187 1584 1086 1584 1088 1584 1187 1585 1088 1585 1218 1585 1218 1586 1088 1586 1219 1586 1218 1587 1219 1587 1220 1587 1220 1588 1219 1588 1221 1588 1220 1589 1221 1589 1186 1589 1186 1590 1221 1590 1094 1590 1072 1591 1071 1591 1222 1591 1222 1592 1071 1592 1223 1592 1222 1593 1223 1593 1224 1593 1224 1594 1223 1594 1225 1594 1224 1595 1225 1595 1079 1595 1079 1596 1225 1596 1113 1596 1079 1597 1113 1597 1081 1597 1081 1598 1113 1598 1111 1598 1081 1599 1111 1599 1226 1599 1226 1600 1111 1600 1227 1600 1226 1601 1227 1601 1228 1601 1228 1602 1227 1602 1229 1602 1228 1603 1229 1603 1087 1603 1087 1604 1229 1604 1105 1604 1087 1605 1105 1605 1089 1605 1089 1606 1105 1606 1103 1606 1089 1607 1103 1607 1230 1607 1230 1608 1103 1608 1231 1608 1230 1609 1231 1609 1232 1609 1232 1610 1231 1610 1233 1610 1232 1611 1233 1611 1095 1611 1095 1612 1233 1612 1096 1612 1160 1613 1158 1613 1168 1613 1168 1614 1158 1614 1147 1614 1168 1615 1147 1615 938 1615 1234 1616 1235 1616 1236 1616 1236 1617 1235 1617 1237 1617 1236 1618 1237 1618 1124 1618 1124 1619 1237 1619 1207 1619 1124 1620 1207 1620 1119 1620 1235 1621 1234 1621 1202 1621 1202 1622 1234 1622 1129 1622 1202 1623 1129 1623 1200 1623 1200 1624 1129 1624 1131 1624 1200 1625 1131 1625 1238 1625 1238 1626 1131 1626 1239 1626 1238 1627 1239 1627 1240 1627 1240 1628 1239 1628 1241 1628 1240 1629 1241 1629 1194 1629 1194 1630 1241 1630 1137 1630 1242 1631 1243 1631 1244 1631 1244 1632 1243 1632 1245 1632 1244 1633 1245 1633 1195 1633 1195 1634 1245 1634 1193 1634 1243 1635 1242 1635 1246 1635 1246 1636 1242 1636 1247 1636 1246 1637 1247 1637 1070 1637 1070 1638 1247 1638 1145 1638 1145 1639 1247 1639 1248 1639 1248 1640 1247 1640 1249 1640 1248 1641 1249 1641 1250 1641 1250 1642 1249 1642 1251 1642 1250 1643 1251 1643 1139 1643 1139 1644 1251 1644 1195 1644 1122 1645 1246 1645 1070 1645 614 1646 618 1646 1252 1646 1252 1647 618 1647 1253 1647 1119 1648 653 1648 1254 1648 1254 1649 653 1649 677 1649 1254 1650 677 1650 1255 1650 1255 1651 677 1651 965 1651 1255 1652 965 1652 1256 1652 1256 1653 965 1653 1119 1653 1256 1654 1119 1654 1257 1654 1257 1655 1119 1655 1254 1655 608 1656 609 1656 1257 1656 1257 1657 609 1657 1256 1657 609 1658 616 1658 1256 1658 1256 1659 616 1659 1255 1659 616 1660 613 1660 1255 1660 1255 1661 613 1661 1254 1661 613 1662 608 1662 1254 1662 1254 1663 608 1663 1257 1663 1258 1664 1259 1664 1260 1664 1260 1665 1259 1665 1261 1665 1260 1666 1261 1666 1262 1666 1262 1667 1261 1667 1263 1667 1263 1668 1261 1668 1264 1668 1263 1669 1264 1669 1265 1669 1265 1670 1264 1670 1266 1670 1265 1671 1266 1671 1267 1671 1267 1672 1266 1672 1268 1672 1267 1673 1268 1673 1269 1673 1269 1674 1268 1674 1270 1674 1269 1675 1270 1675 1271 1675 1271 1676 1270 1676 1272 1676 1271 1677 1272 1677 1273 1677 1273 1678 1272 1678 1274 1678 1273 1679 1274 1679 1275 1679 1275 1680 1274 1680 1276 1680 1275 1681 1276 1681 1277 1681 1277 1682 1276 1682 1278 1682 1277 1683 1278 1683 1279 1683 1279 1684 1278 1684 1280 1684 1279 1685 1280 1685 1281 1685 1281 1686 1280 1686 1282 1686 1281 1687 1282 1687 1283 1687 1283 1688 1282 1688 1284 1688 1283 1689 1284 1689 1285 1689 1285 1690 1284 1690 1286 1690 1285 1691 1286 1691 1287 1691 1287 1692 1286 1692 1288 1692 1287 1693 1288 1693 1289 1693 1289 1694 1288 1694 1290 1694 1289 1695 1290 1695 1291 1695 1291 1696 1290 1696 1292 1696 1291 1697 1292 1697 1293 1697 1293 1698 1292 1698 1294 1698 1293 1699 1294 1699 1295 1699 1295 1700 1294 1700 1296 1700 1296 1701 1294 1701 1297 1701 1296 1702 1297 1702 1298 1702 1298 1703 1297 1703 1299 1703 1298 1704 1299 1704 1300 1704 1300 1705 1299 1705 1301 1705 1300 1706 1301 1706 1302 1706 1302 1707 1301 1707 1303 1707 1302 1708 1303 1708 1304 1708 1304 1709 1303 1709 1305 1709 1304 1710 1305 1710 1306 1710 1306 1711 1305 1711 1307 1711 1306 1712 1307 1712 1308 1712 1308 1713 1307 1713 1309 1713 1308 1714 1309 1714 1310 1714 1310 1715 1309 1715 1311 1715 1310 1716 1311 1716 1312 1716 1312 1717 1311 1717 1313 1717 1312 1718 1313 1718 1314 1718 1314 1719 1313 1719 1315 1719 1314 1720 1315 1720 1316 1720 1316 1721 1315 1721 1317 1721 1316 1722 1317 1722 1318 1722 1318 1723 1317 1723 1319 1723 1318 1724 1319 1724 1320 1724 1320 1725 1319 1725 1321 1725 1320 1726 1321 1726 1322 1726 1322 1727 1321 1727 1323 1727 1322 1728 1323 1728 1324 1728 1324 1729 1323 1729 1325 1729 1324 1730 1325 1730 1326 1730 1326 1731 1325 1731 1327 1731 1326 1732 1327 1732 1328 1732 1328 1733 1327 1733 1329 1733 1328 1734 1329 1734 1330 1734 1330 1735 1329 1735 1331 1735 1330 1736 1331 1736 1332 1736 1332 1737 1331 1737 1333 1737 1332 1738 1333 1738 1334 1738 1334 1739 1333 1739 1335 1739 1334 1740 1335 1740 1336 1740 1336 1741 1335 1741 1337 1741 1336 1742 1337 1742 1338 1742 1338 1743 1337 1743 1339 1743 1338 1744 1339 1744 1340 1744 1340 1745 1339 1745 1341 1745 1341 1746 1339 1746 1342 1746 1341 1747 1342 1747 1343 1747 1343 1748 1342 1748 1344 1748 1343 1749 1344 1749 1345 1749 1345 1750 1344 1750 1346 1750 1345 1751 1346 1751 1347 1751 1347 1752 1346 1752 1348 1752 1347 1753 1348 1753 1349 1753 1349 1754 1348 1754 1350 1754 1349 1755 1350 1755 1351 1755 1351 1756 1350 1756 1352 1756 1351 1757 1352 1757 1353 1757 1353 1758 1352 1758 1354 1758 1353 1759 1354 1759 1355 1759 1355 1760 1354 1760 1356 1760 1355 1761 1356 1761 1357 1761 1357 1762 1356 1762 1358 1762 1357 1763 1358 1763 1359 1763 1359 1764 1358 1764 1360 1764 1359 1765 1360 1765 1361 1765 1361 1766 1360 1766 1362 1766 1361 1767 1362 1767 1363 1767 1363 1768 1362 1768 1364 1768 1363 1769 1364 1769 1365 1769 1365 1770 1364 1770 1366 1770 1365 1771 1366 1771 1367 1771 1367 1772 1366 1772 1368 1772 1367 1773 1368 1773 1369 1773 1369 1774 1368 1774 1370 1774 1369 1775 1370 1775 1371 1775 1371 1776 1370 1776 1372 1776 1371 1777 1372 1777 1373 1777 1373 1778 1372 1778 1374 1778 1373 1779 1374 1779 1375 1779 1375 1780 1374 1780 1376 1780 1375 1781 1376 1781 1377 1781 1377 1782 1376 1782 1378 1782 1377 1783 1378 1783 1379 1783 1379 1784 1378 1784 1380 1784 1379 1785 1380 1785 1381 1785 1381 1786 1380 1786 1382 1786 1381 1787 1382 1787 1383 1787 1383 1788 1382 1788 62 1788 1383 1789 62 1789 48 1789 48 1790 62 1790 63 1790 48 1791 63 1791 49 1791 1259 1792 1258 1792 1384 1792 1384 1793 1258 1793 1385 1793 1384 1794 1385 1794 1386 1794 1386 1795 1385 1795 1387 1795 1386 1796 1387 1796 937 1796 937 1797 1387 1797 1067 1797 937 1798 1067 1798 612 1798 612 1799 1067 1799 611 1799 1388 1800 1389 1800 1390 1800 1390 1801 1389 1801 1391 1801 1390 1802 1391 1802 1392 1802 1392 1803 1391 1803 1393 1803 1393 1804 1391 1804 1394 1804 1393 1805 1394 1805 1395 1805 1395 1806 1394 1806 1396 1806 1395 1807 1396 1807 1397 1807 1397 1808 1396 1808 1398 1808 1397 1809 1398 1809 1399 1809 1399 1810 1398 1810 1400 1810 1399 1811 1400 1811 1401 1811 1401 1812 1400 1812 1402 1812 1401 1813 1402 1813 1403 1813 1403 1814 1402 1814 1404 1814 1403 1815 1404 1815 1405 1815 1405 1816 1404 1816 1406 1816 1405 1817 1406 1817 1407 1817 1407 1818 1406 1818 1408 1818 1407 1819 1408 1819 1409 1819 1069 1820 1410 1820 1388 1820 1388 1821 1410 1821 1411 1821 1388 1822 1411 1822 1389 1822 624 1823 623 1823 1069 1823 1069 1824 623 1824 1410 1824 1407 1825 1409 1825 1412 1825 1412 1826 1409 1826 1413 1826 1412 1827 1413 1827 1414 1827 1412 1828 1414 1828 1415 1828 1415 1829 1414 1829 1416 1829 1415 1830 1416 1830 1417 1830 1417 1831 1416 1831 1418 1831 1417 1832 1418 1832 1419 1832 1419 1833 1418 1833 1420 1833 1419 1834 1420 1834 1421 1834 1421 1835 1420 1835 1422 1835 1421 1836 1422 1836 1423 1836 1423 1837 1422 1837 1424 1837 1423 1838 1424 1838 1425 1838 1425 1839 1424 1839 1426 1839 1425 1840 1426 1840 1427 1840 1427 1841 1426 1841 1428 1841 1427 1842 1428 1842 1429 1842 1429 1843 1428 1843 1430 1843 1430 1844 1428 1844 1431 1844 1430 1845 1431 1845 1432 1845 1432 1846 1431 1846 1433 1846 1432 1847 1433 1847 1434 1847 1434 1848 1433 1848 1435 1848 1434 1849 1435 1849 1436 1849 1436 1850 1435 1850 1437 1850 1436 1851 1437 1851 1438 1851 1438 1852 1437 1852 1439 1852 1438 1853 1439 1853 1440 1853 1440 1854 1439 1854 1441 1854 1440 1855 1441 1855 1442 1855 1442 1856 1441 1856 1443 1856 1442 1857 1443 1857 1444 1857 1444 1858 1443 1858 1445 1858 1444 1859 1445 1859 1446 1859 1446 1860 1445 1860 1447 1860 1446 1861 1447 1861 1448 1861 1448 1862 1447 1862 1449 1862 1448 1863 1449 1863 1450 1863 1450 1864 1449 1864 1451 1864 1450 1865 1451 1865 1452 1865 1452 1866 1451 1866 1453 1866 1452 1867 1453 1867 1454 1867 1454 1868 1453 1868 1455 1868 1454 1869 1455 1869 1456 1869 1456 1870 1455 1870 1457 1870 1456 1871 1457 1871 1458 1871 1458 1872 1457 1872 1459 1872 1458 1873 1459 1873 1460 1873 1460 1874 1459 1874 1461 1874 1460 1875 1461 1875 1462 1875 1462 1876 1461 1876 1463 1876 1462 1877 1463 1877 1464 1877 1464 1878 1463 1878 1465 1878 1464 1879 1465 1879 1466 1879 1466 1880 1465 1880 1467 1880 1467 1881 1465 1881 1468 1881 1467 1882 1468 1882 1469 1882 1469 1883 1468 1883 1470 1883 1469 1884 1470 1884 1471 1884 1471 1885 1470 1885 1472 1885 1471 1886 1472 1886 1473 1886 1473 1887 1472 1887 1474 1887 1473 1888 1474 1888 1475 1888 1475 1889 1474 1889 1476 1889 1475 1890 1476 1890 1477 1890 1477 1891 1476 1891 1478 1891 1477 1892 1478 1892 1479 1892 1479 1893 1478 1893 1480 1893 1479 1894 1480 1894 1481 1894 1481 1895 1480 1895 1482 1895 1481 1896 1482 1896 1483 1896 1483 1897 1482 1897 1484 1897 1483 1898 1484 1898 1485 1898 1485 1899 1484 1899 1486 1899 1485 1900 1486 1900 1487 1900 1487 1901 1486 1901 1488 1901 1487 1902 1488 1902 1489 1902 1489 1903 1488 1903 1490 1903 1489 1904 1490 1904 1491 1904 1491 1905 1490 1905 1492 1905 1491 1906 1492 1906 1493 1906 1493 1907 1492 1907 1494 1907 1493 1908 1494 1908 1495 1908 1495 1909 1494 1909 68 1909 1495 1910 68 1910 59 1910 59 1911 68 1911 61 1911 59 1912 61 1912 51 1912 1496 1913 1497 1913 1498 1913 1498 1914 1497 1914 1499 1914 1498 1915 1499 1915 1500 1915 1500 1916 1499 1916 1501 1916 1500 1917 1501 1917 1502 1917 1502 1918 1501 1918 1503 1918 1502 1919 1503 1919 1504 1919 1504 1920 1503 1920 1505 1920 1504 1921 1505 1921 1506 1921 1506 1922 1505 1922 1507 1922 1506 1923 1507 1923 1508 1923 1508 1924 1507 1924 1509 1924 1508 1925 1509 1925 1510 1925 1510 1926 1509 1926 1511 1926 1510 1927 1511 1927 1512 1927 1512 1928 1511 1928 1513 1928 1512 1929 1513 1929 1514 1929 1514 1930 1513 1930 1515 1930 1514 1931 1515 1931 1516 1931 1516 1932 1515 1932 1517 1932 1516 1933 1517 1933 1518 1933 1497 1934 1496 1934 1519 1934 1519 1935 1496 1935 75 1935 1519 1936 75 1936 1520 1936 1520 1937 75 1937 1521 1937 1521 1938 75 1938 1522 1938 1522 1939 75 1939 615 1939 615 1940 75 1940 73 1940 1519 1941 1523 1941 1497 1941 1516 1942 1518 1942 1524 1942 1524 1943 1518 1943 1525 1943 1524 1944 1525 1944 1526 1944 1526 1945 1525 1945 1527 1945 1526 1946 1527 1946 1528 1946 1526 1947 1528 1947 1529 1947 1529 1948 1528 1948 1530 1948 1529 1949 1530 1949 1531 1949 1531 1950 1530 1950 1532 1950 1531 1951 1532 1951 1533 1951 1533 1952 1532 1952 1534 1952 1533 1953 1534 1953 1535 1953 1535 1954 1534 1954 1536 1954 1535 1955 1536 1955 1537 1955 1537 1956 1536 1956 1538 1956 1537 1957 1538 1957 1539 1957 1539 1958 1538 1958 1540 1958 1540 1959 1538 1959 1541 1959 1540 1960 1541 1960 1542 1960 1542 1961 1541 1961 1543 1961 1542 1962 1543 1962 1544 1962 1544 1963 1543 1963 1545 1963 1544 1964 1545 1964 1546 1964 1546 1965 1545 1965 1547 1965 1546 1966 1547 1966 1548 1966 1548 1967 1547 1967 1549 1967 1548 1968 1549 1968 1550 1968 1550 1969 1549 1969 1551 1969 1550 1970 1551 1970 1552 1970 1552 1971 1551 1971 1553 1971 1552 1972 1553 1972 1554 1972 1554 1973 1553 1973 1555 1973 1554 1974 1555 1974 1556 1974 1556 1975 1555 1975 1557 1975 1556 1976 1557 1976 1558 1976 1558 1977 1557 1977 1559 1977 1558 1978 1559 1978 1560 1978 1560 1979 1559 1979 1561 1979 1560 1980 1561 1980 1562 1980 1562 1981 1561 1981 1563 1981 1562 1982 1563 1982 1564 1982 1564 1983 1563 1983 1565 1983 1564 1984 1565 1984 1566 1984 1566 1985 1565 1985 1567 1985 1566 1986 1567 1986 1568 1986 1568 1987 1567 1987 1569 1987 1568 1988 1569 1988 1570 1988 1570 1989 1569 1989 1571 1989 1570 1990 1571 1990 1572 1990 1572 1991 1571 1991 1573 1991 1572 1992 1573 1992 1574 1992 1574 1993 1573 1993 1575 1993 1574 1994 1575 1994 1576 1994 1576 1995 1575 1995 1577 1995 1577 1996 1575 1996 1578 1996 1577 1997 1578 1997 1579 1997 1579 1998 1578 1998 1580 1998 1579 1999 1580 1999 1581 1999 1581 2000 1580 2000 1582 2000 1581 2001 1582 2001 1583 2001 1583 2002 1582 2002 1584 2002 1583 2003 1584 2003 1585 2003 1585 2004 1584 2004 1586 2004 1585 2005 1586 2005 1587 2005 1587 2006 1586 2006 1588 2006 1587 2007 1588 2007 1589 2007 1589 2008 1588 2008 1590 2008 1589 2009 1590 2009 1591 2009 1591 2010 1590 2010 1592 2010 1591 2011 1592 2011 1593 2011 1593 2012 1592 2012 1594 2012 1593 2013 1594 2013 1595 2013 1595 2014 1594 2014 1596 2014 1595 2015 1596 2015 1597 2015 1597 2016 1596 2016 1598 2016 1597 2017 1598 2017 1599 2017 1599 2018 1598 2018 1600 2018 1599 2019 1600 2019 1601 2019 1601 2020 1600 2020 1602 2020 1601 2021 1602 2021 1603 2021 1603 2022 1602 2022 1604 2022 1603 2023 1604 2023 1605 2023 1605 2024 1604 2024 1606 2024 1605 2025 1606 2025 1607 2025 1607 2026 1606 2026 70 2026 1607 2027 70 2027 57 2027 57 2028 70 2028 65 2028 57 2029 65 2029 52 2029 1608 2030 1609 2030 1610 2030 1610 2031 1609 2031 1611 2031 1610 2032 1611 2032 1612 2032 1612 2033 1611 2033 1613 2033 1613 2034 1611 2034 1614 2034 1613 2035 1614 2035 1615 2035 1615 2036 1614 2036 1616 2036 1615 2037 1616 2037 1617 2037 1617 2038 1616 2038 1618 2038 1617 2039 1618 2039 1619 2039 1619 2040 1618 2040 1620 2040 1619 2041 1620 2041 1621 2041 1621 2042 1620 2042 1622 2042 1621 2043 1622 2043 1623 2043 1623 2044 1622 2044 1624 2044 1623 2045 1624 2045 1625 2045 1625 2046 1624 2046 1626 2046 1625 2047 1626 2047 1627 2047 1627 2048 1626 2048 1628 2048 1627 2049 1628 2049 1629 2049 1629 2050 1628 2050 1630 2050 1629 2051 1630 2051 1631 2051 1631 2052 1630 2052 1632 2052 1631 2053 1632 2053 1633 2053 1633 2054 1632 2054 1634 2054 1633 2055 1634 2055 1635 2055 1635 2056 1634 2056 1636 2056 1635 2057 1636 2057 1637 2057 1637 2058 1636 2058 1638 2058 1637 2059 1638 2059 1639 2059 1639 2060 1638 2060 1640 2060 1639 2061 1640 2061 1641 2061 1641 2062 1640 2062 1642 2062 1641 2063 1642 2063 1643 2063 1643 2064 1642 2064 1644 2064 1643 2065 1644 2065 1645 2065 1645 2066 1644 2066 1646 2066 1646 2067 1644 2067 1647 2067 1646 2068 1647 2068 1648 2068 1648 2069 1647 2069 1649 2069 1648 2070 1649 2070 1650 2070 1650 2071 1649 2071 1651 2071 1650 2072 1651 2072 1652 2072 1652 2073 1651 2073 1653 2073 1652 2074 1653 2074 1654 2074 1654 2075 1653 2075 1655 2075 1654 2076 1655 2076 1656 2076 1656 2077 1655 2077 1657 2077 1656 2078 1657 2078 1658 2078 1658 2079 1657 2079 1659 2079 1658 2080 1659 2080 1660 2080 1660 2081 1659 2081 1661 2081 1660 2082 1661 2082 1662 2082 1662 2083 1661 2083 1663 2083 1662 2084 1663 2084 1664 2084 1664 2085 1663 2085 1665 2085 1664 2086 1665 2086 1666 2086 1666 2087 1665 2087 1667 2087 1666 2088 1667 2088 1668 2088 1668 2089 1667 2089 1669 2089 1668 2090 1669 2090 1670 2090 1670 2091 1669 2091 1671 2091 1670 2092 1671 2092 1672 2092 1672 2093 1671 2093 1673 2093 1672 2094 1673 2094 1674 2094 1674 2095 1673 2095 1675 2095 1674 2096 1675 2096 1676 2096 1676 2097 1675 2097 1677 2097 1676 2098 1677 2098 1678 2098 1678 2099 1677 2099 1679 2099 1678 2100 1679 2100 1680 2100 1680 2101 1679 2101 1681 2101 1680 2102 1681 2102 1682 2102 1682 2103 1681 2103 1683 2103 1682 2104 1683 2104 1684 2104 1684 2105 1683 2105 1685 2105 1684 2106 1685 2106 1686 2106 1686 2107 1685 2107 1687 2107 1686 2108 1687 2108 1688 2108 1688 2109 1687 2109 1689 2109 1688 2110 1689 2110 1690 2110 1690 2111 1689 2111 1691 2111 1691 2112 1689 2112 1692 2112 1691 2113 1692 2113 1693 2113 1693 2114 1692 2114 1694 2114 1693 2115 1694 2115 1695 2115 1695 2116 1694 2116 1696 2116 1695 2117 1696 2117 1697 2117 1697 2118 1696 2118 1698 2118 1697 2119 1698 2119 1699 2119 1699 2120 1698 2120 1700 2120 1699 2121 1700 2121 1701 2121 1701 2122 1700 2122 1702 2122 1701 2123 1702 2123 1703 2123 1703 2124 1702 2124 1704 2124 1703 2125 1704 2125 1705 2125 1705 2126 1704 2126 1706 2126 1705 2127 1706 2127 1707 2127 1707 2128 1706 2128 1708 2128 1707 2129 1708 2129 1709 2129 1709 2130 1708 2130 1710 2130 1709 2131 1710 2131 1711 2131 1711 2132 1710 2132 1712 2132 1711 2133 1712 2133 1713 2133 1713 2134 1712 2134 1714 2134 1713 2135 1714 2135 1715 2135 1715 2136 1714 2136 1716 2136 1715 2137 1716 2137 1717 2137 1717 2138 1716 2138 1718 2138 1717 2139 1718 2139 1719 2139 1719 2140 1718 2140 1720 2140 1719 2141 1720 2141 1721 2141 1721 2142 1720 2142 1722 2142 1721 2143 1722 2143 1723 2143 1723 2144 1722 2144 1724 2144 1723 2145 1724 2145 1725 2145 1725 2146 1724 2146 1726 2146 1725 2147 1726 2147 1727 2147 1727 2148 1726 2148 1728 2148 1727 2149 1728 2149 1729 2149 1729 2150 1728 2150 1730 2150 1729 2151 1730 2151 1731 2151 1731 2152 1730 2152 1732 2152 1731 2153 1732 2153 1733 2153 1733 2154 1732 2154 66 2154 1733 2155 66 2155 55 2155 55 2156 66 2156 64 2156 55 2157 64 2157 53 2157 1609 2158 1608 2158 1734 2158 1734 2159 1608 2159 1735 2159 1734 2160 1735 2160 1736 2160 1736 2161 1735 2161 1737 2161 1736 2162 1737 2162 606 2162 606 2163 1737 2163 1253 2163 606 2164 1253 2164 514 2164 514 2165 1253 2165 618 2165 1738 2166 1519 2166 1739 2166 1739 2167 1519 2167 1520 2167 1739 2168 1520 2168 1740 2168 1740 2169 1520 2169 1521 2169 1740 2170 1521 2170 1741 2170 1741 2171 1521 2171 1522 2171 1742 2172 1743 2172 1744 2172 1744 2173 1743 2173 1745 2173 1744 2174 1745 2174 1746 2174 1746 2175 1745 2175 1747 2175 1746 2176 1747 2176 1748 2176 1748 2177 1747 2177 1749 2177 1748 2178 1749 2178 1750 2178 1750 2179 1749 2179 1751 2179 1750 2180 1751 2180 1752 2180 1752 2181 1751 2181 1753 2181 1752 2182 1753 2182 1754 2182 1754 2183 1753 2183 1755 2183 1754 2184 1755 2184 1756 2184 1756 2185 1755 2185 1757 2185 1756 2186 1757 2186 1758 2186 1758 2187 1757 2187 1759 2187 1758 2188 1759 2188 1760 2188 1760 2189 1759 2189 1761 2189 1760 2190 1761 2190 1762 2190 1762 2191 1761 2191 1763 2191 1762 2192 1763 2192 178 2192 178 2193 1763 2193 1764 2193 178 2194 1764 2194 1765 2194 1765 2195 1764 2195 1766 2195 1766 2196 1764 2196 1767 2196 1766 2197 1767 2197 1768 2197 1768 2198 1767 2198 1769 2198 1768 2199 1769 2199 1770 2199 1770 2200 1769 2200 1771 2200 1770 2201 1771 2201 1772 2201 1772 2202 1771 2202 1773 2202 1772 2203 1773 2203 1774 2203 1774 2204 1773 2204 1775 2204 1774 2205 1775 2205 1776 2205 1776 2206 1775 2206 1777 2206 1776 2207 1777 2207 1778 2207 1778 2208 1777 2208 1779 2208 1778 2209 1779 2209 1780 2209 1780 2210 1779 2210 1781 2210 1780 2211 1781 2211 1782 2211 1782 2212 1781 2212 1783 2212 1782 2213 1783 2213 1784 2213 1784 2214 1783 2214 1785 2214 1784 2215 1785 2215 1786 2215 1786 2216 1785 2216 1787 2216 1786 2217 1787 2217 573 2217 573 2218 1787 2218 615 2218 615 2219 1787 2219 1788 2219 615 2220 1788 2220 1789 2220 1789 2221 1788 2221 1742 2221 1742 2222 1788 2222 1743 2222 1790 2223 1791 2223 1789 2223 1789 2224 1791 2224 1792 2224 1789 2225 1792 2225 615 2225 615 2226 1792 2226 622 2226 615 2227 622 2227 1522 2227 1522 2228 622 2228 1741 2228 1791 2229 1790 2229 1793 2229 1793 2230 1790 2230 1794 2230 1793 2231 1794 2231 1795 2231 1795 2232 1794 2232 1746 2232 1795 2233 1746 2233 1796 2233 1796 2234 1746 2234 1748 2234 1796 2235 1748 2235 1797 2235 1797 2236 1748 2236 1798 2236 1797 2237 1798 2237 1799 2237 1799 2238 1798 2238 1800 2238 1799 2239 1800 2239 1801 2239 1801 2240 1800 2240 1754 2240 1801 2241 1754 2241 1802 2241 1802 2242 1754 2242 1756 2242 1802 2243 1756 2243 1803 2243 1803 2244 1756 2244 1804 2244 1803 2245 1804 2245 1805 2245 1805 2246 1804 2246 1806 2246 1805 2247 1806 2247 1807 2247 1807 2248 1806 2248 1762 2248 1807 2249 1762 2249 176 2249 176 2250 1762 2250 178 2250 1808 2251 1809 2251 1810 2251 1810 2252 1809 2252 1811 2252 1810 2253 1811 2253 1812 2253 1812 2254 1811 2254 1813 2254 1812 2255 1813 2255 1814 2255 1814 2256 1813 2256 1815 2256 1814 2257 1815 2257 1816 2257 1816 2258 1815 2258 1817 2258 1816 2259 1817 2259 1818 2259 1818 2260 1817 2260 1819 2260 1818 2261 1819 2261 1820 2261 1820 2262 1819 2262 1821 2262 1820 2263 1821 2263 1822 2263 1822 2264 1821 2264 1823 2264 1822 2265 1823 2265 1824 2265 1824 2266 1823 2266 1825 2266 1824 2267 1825 2267 1826 2267 1826 2268 1825 2268 1827 2268 1826 2269 1827 2269 1828 2269 1828 2270 1827 2270 1829 2270 1828 2271 1829 2271 176 2271 176 2272 1829 2272 1830 2272 176 2273 1830 2273 1831 2273 1831 2274 1830 2274 1832 2274 1832 2275 1830 2275 1833 2275 1832 2276 1833 2276 1834 2276 1834 2277 1833 2277 1835 2277 1834 2278 1835 2278 1836 2278 1836 2279 1835 2279 1837 2279 1836 2280 1837 2280 1838 2280 1838 2281 1837 2281 1839 2281 1838 2282 1839 2282 1840 2282 1840 2283 1839 2283 1841 2283 1840 2284 1841 2284 1842 2284 1842 2285 1841 2285 1843 2285 1842 2286 1843 2286 1844 2286 1844 2287 1843 2287 1845 2287 1844 2288 1845 2288 1846 2288 1846 2289 1845 2289 1847 2289 1846 2290 1847 2290 1848 2290 1848 2291 1847 2291 1849 2291 1848 2292 1849 2292 1850 2292 1850 2293 1849 2293 1851 2293 1850 2294 1851 2294 1852 2294 1852 2295 1851 2295 1853 2295 1852 2296 1853 2296 622 2296 622 2297 1853 2297 610 2297 610 2298 1853 2298 1854 2298 610 2299 1854 2299 1855 2299 1855 2300 1854 2300 1808 2300 1808 2301 1854 2301 1809 2301 1855 2302 1856 2302 610 2302 610 2303 1856 2303 1857 2303 610 2304 1857 2304 1858 2304 1858 2305 1857 2305 1812 2305 1858 2306 1812 2306 1814 2306 1859 2307 178 2307 1860 2307 1860 2308 178 2308 1861 2308 1860 2309 1861 2309 1862 2309 1862 2310 1861 2310 1863 2310 1862 2311 1863 2311 1770 2311 1770 2312 1863 2312 1864 2312 1864 2313 1863 2313 1865 2313 1864 2314 1865 2314 1866 2314 1866 2315 1865 2315 1867 2315 1866 2316 1867 2316 1765 2316 1765 2317 1867 2317 1868 2317 1765 2318 1868 2318 178 2318 178 2319 1868 2319 1869 2319 178 2320 1869 2320 1861 2320 1870 2321 1871 2321 1859 2321 1859 2322 1871 2322 1872 2322 1859 2323 1872 2323 573 2323 573 2324 1872 2324 1873 2324 573 2325 1873 2325 1874 2325 1875 2326 1876 2326 1870 2326 1870 2327 1876 2327 1778 2327 1870 2328 1778 2328 1871 2328 1871 2329 1778 2329 1780 2329 1871 2330 1780 2330 1877 2330 1877 2331 1780 2331 1878 2331 1877 2332 1878 2332 1879 2332 1879 2333 1878 2333 1880 2333 1879 2334 1880 2334 1874 2334 1874 2335 1880 2335 1786 2335 1874 2336 1786 2336 573 2336 1876 2337 1875 2337 1881 2337 1881 2338 1875 2338 1882 2338 1881 2339 1882 2339 1772 2339 1772 2340 1882 2340 1862 2340 1772 2341 1862 2341 1770 2341 1883 2342 1884 2342 1845 2342 1845 2343 1884 2343 1815 2343 1845 2344 1815 2344 1847 2344 1847 2345 1815 2345 1813 2345 1847 2346 1813 2346 1885 2346 1885 2347 1813 2347 1886 2347 1885 2348 1886 2348 1887 2348 1887 2349 1886 2349 1888 2349 1887 2350 1888 2350 1853 2350 1853 2351 1888 2351 1854 2351 1884 2352 1883 2352 1889 2352 1889 2353 1883 2353 1890 2353 1889 2354 1890 2354 1821 2354 1821 2355 1890 2355 1839 2355 1821 2356 1839 2356 1823 2356 1823 2357 1839 2357 1837 2357 1823 2358 1837 2358 1891 2358 1891 2359 1837 2359 1892 2359 1891 2360 1892 2360 1893 2360 1893 2361 1892 2361 1894 2361 1893 2362 1894 2362 1829 2362 1829 2363 1894 2363 1830 2363 1895 2364 1896 2364 1897 2364 1897 2365 1896 2365 1898 2365 1897 2366 1898 2366 1763 2366 1763 2367 1898 2367 1764 2367 1896 2368 1895 2368 1771 2368 1771 2369 1895 2369 1757 2369 1771 2370 1757 2370 1773 2370 1773 2371 1757 2371 1755 2371 1773 2372 1755 2372 1899 2372 1899 2373 1755 2373 1900 2373 1899 2374 1900 2374 1901 2374 1901 2375 1900 2375 1902 2375 1901 2376 1902 2376 1779 2376 1779 2377 1902 2377 1749 2377 1779 2378 1749 2378 1781 2378 1781 2379 1749 2379 1747 2379 1781 2380 1747 2380 1903 2380 1903 2381 1747 2381 1904 2381 1903 2382 1904 2382 1905 2382 1905 2383 1904 2383 1906 2383 1905 2384 1906 2384 1787 2384 1787 2385 1906 2385 1788 2385 1907 2386 1908 2386 1802 2386 1802 2387 1908 2387 1836 2387 1802 2388 1836 2388 1801 2388 1801 2389 1836 2389 1838 2389 1801 2390 1838 2390 1909 2390 1909 2391 1838 2391 1910 2391 1909 2392 1910 2392 1911 2392 1911 2393 1910 2393 1912 2393 1911 2394 1912 2394 1796 2394 1796 2395 1912 2395 1844 2395 1796 2396 1844 2396 1795 2396 1795 2397 1844 2397 1846 2397 1795 2398 1846 2398 1913 2398 1913 2399 1846 2399 1914 2399 1913 2400 1914 2400 1915 2400 1915 2401 1914 2401 1916 2401 1915 2402 1916 2402 1792 2402 1792 2403 1916 2403 1852 2403 1792 2404 1852 2404 622 2404 1908 2405 1907 2405 1917 2405 1917 2406 1907 2406 1918 2406 1917 2407 1918 2407 1831 2407 1831 2408 1918 2408 1807 2408 1831 2409 1807 2409 176 2409 610 2410 1858 2410 176 2410 176 2411 1858 2411 1919 2411 176 2412 1919 2412 1920 2412 1920 2413 1919 2413 1820 2413 1920 2414 1820 2414 1822 2414 1920 2415 1921 2415 176 2415 176 2416 1921 2416 1828 2416 573 2417 178 2417 1859 2417 1738 2600 2013 2600 1519 2600 1519 2601 2013 2601 1523 2601 2014 2602 2015 2602 2013 2602 2013 2603 2015 2603 2016 2603 2013 2604 2016 2604 1523 2604 1523 2605 2016 2605 1497 2605 1497 2606 2016 2606 1499 2606 1499 2607 2016 2607 2017 2607 1499 2608 2017 2608 1501 2608 1501 2609 2017 2609 2018 2609 1501 2610 2018 2610 1503 2610 1503 2611 2018 2611 2019 2611 1503 2612 2019 2612 1505 2612 1505 2613 2019 2613 2020 2613 1505 2614 2020 2614 1507 2614 1507 2615 2020 2615 2021 2615 1507 2616 2021 2616 1509 2616 1509 2617 2021 2617 2022 2617 1509 2618 2022 2618 1511 2618 1511 2619 2022 2619 2023 2619 1511 2620 2023 2620 1513 2620 1513 2621 2023 2621 2024 2621 1513 2622 2024 2622 1515 2622 1515 2623 2024 2623 2025 2623 1515 2624 2025 2624 1517 2624 1517 2625 2025 2625 2026 2625 1517 2626 2026 2626 1518 2626 1518 2627 2026 2627 2027 2627 1518 2628 2027 2628 1525 2628 1525 2629 2027 2629 2028 2629 1525 2630 2028 2630 1527 2630 1527 2631 2028 2631 2029 2631 1527 2632 2029 2632 1528 2632 1528 2633 2029 2633 2030 2633 1528 2634 2030 2634 1530 2634 1530 2635 2030 2635 2031 2635 1530 2636 2031 2636 1532 2636 1532 2637 2031 2637 2032 2637 1532 2638 2032 2638 1534 2638 1534 2639 2032 2639 2033 2639 1534 2640 2033 2640 1536 2640 1536 2641 2033 2641 2034 2641 1536 2642 2034 2642 1538 2642 1538 2643 2034 2643 2035 2643 1538 2644 2035 2644 1541 2644 1541 2645 2035 2645 2036 2645 1541 2646 2036 2646 1543 2646 1543 2647 2036 2647 2037 2647 1543 2648 2037 2648 2038 2648 2038 2649 2037 2649 2039 2649 2038 2650 2039 2650 2040 2650 2040 2651 2039 2651 2041 2651 2040 2652 2041 2652 2042 2652 2014 2653 2043 2653 2015 2653 2015 2654 2043 2654 2044 2654 2015 2655 2044 2655 2016 2655 2016 2656 2044 2656 2017 2656 2043 2657 2045 2657 2044 2657 2044 2658 2045 2658 2046 2658 2044 2659 2046 2659 2017 2659 2017 2660 2046 2660 2018 2660 2045 2661 2047 2661 2046 2661 2046 2662 2047 2662 2048 2662 2046 2663 2048 2663 2018 2663 2018 2664 2048 2664 2019 2664 2047 2665 2049 2665 2048 2665 2048 2666 2049 2666 2050 2666 2048 2667 2050 2667 2019 2667 2019 2668 2050 2668 2020 2668 2049 2669 2051 2669 2050 2669 2050 2670 2051 2670 2052 2670 2050 2671 2052 2671 2020 2671 2020 2672 2052 2672 2021 2672 2051 2673 2053 2673 2052 2673 2052 2674 2053 2674 2054 2674 2052 2675 2054 2675 2021 2675 2021 2676 2054 2676 2022 2676 2053 2677 2055 2677 2054 2677 2054 2678 2055 2678 2056 2678 2054 2679 2056 2679 2022 2679 2022 2680 2056 2680 2023 2680 2055 2681 2057 2681 2056 2681 2056 2682 2057 2682 2058 2682 2056 2683 2058 2683 2023 2683 2023 2684 2058 2684 2024 2684 2057 2685 2059 2685 2058 2685 2058 2686 2059 2686 2060 2686 2058 2687 2060 2687 2024 2687 2024 2688 2060 2688 2025 2688 2059 2689 2061 2689 2060 2689 2060 2690 2061 2690 2062 2690 2060 2691 2062 2691 2025 2691 2025 2692 2062 2692 2026 2692 2061 2693 2063 2693 2062 2693 2062 2694 2063 2694 2064 2694 2062 2695 2064 2695 2026 2695 2026 2696 2064 2696 2027 2696 2063 2697 2065 2697 2064 2697 2064 2698 2065 2698 2066 2698 2064 2699 2066 2699 2027 2699 2027 2700 2066 2700 2028 2700 2065 2701 2067 2701 2066 2701 2066 2702 2067 2702 2068 2702 2066 2703 2068 2703 2028 2703 2028 2704 2068 2704 2029 2704 2067 2705 2069 2705 2068 2705 2068 2706 2069 2706 2070 2706 2068 2707 2070 2707 2029 2707 2029 2708 2070 2708 2030 2708 2069 2709 2071 2709 2070 2709 2070 2710 2071 2710 2072 2710 2070 2711 2072 2711 2030 2711 2030 2712 2072 2712 2031 2712 2071 2713 2073 2713 2072 2713 2072 2714 2073 2714 2074 2714 2072 2715 2074 2715 2031 2715 2031 2716 2074 2716 2032 2716 2073 2717 2075 2717 2074 2717 2074 2718 2075 2718 2076 2718 2074 2719 2076 2719 2032 2719 2032 2720 2076 2720 2033 2720 2075 2721 2077 2721 2076 2721 2076 2722 2077 2722 2078 2722 2076 2723 2078 2723 2033 2723 2033 2724 2078 2724 2034 2724 2077 2725 2079 2725 2078 2725 2078 2726 2079 2726 2080 2726 2078 2727 2080 2727 2034 2727 2034 2728 2080 2728 2035 2728 2079 2729 2081 2729 2080 2729 2080 2730 2081 2730 2082 2730 2080 2731 2082 2731 2035 2731 2035 2732 2082 2732 2036 2732 2081 2733 2083 2733 2082 2733 2082 2734 2083 2734 2084 2734 2082 2735 2084 2735 2036 2735 2036 2736 2084 2736 2037 2736 2083 2737 2085 2737 2084 2737 2084 2738 2085 2738 2039 2738 2084 2739 2039 2739 2037 2739 2085 2740 2041 2740 2039 2740 2040 2741 2042 2741 2086 2741 2086 2742 2042 2742 2087 2742 2086 2743 2087 2743 2088 2743 2088 2744 2087 2744 2089 2744 2088 2745 2089 2745 2090 2745 2090 2746 2089 2746 2091 2746 2090 2747 2091 2747 2092 2747 2092 2748 2091 2748 2093 2748 2092 2749 2093 2749 2094 2749 2094 2750 2093 2750 2095 2750 2094 2751 2095 2751 2096 2751 2096 2752 2095 2752 2097 2752 2096 2753 2097 2753 2098 2753 2098 2754 2097 2754 2099 2754 2098 2755 2099 2755 2100 2755 2100 2756 2099 2756 2101 2756 2100 2757 2101 2757 2102 2757 2102 2758 2101 2758 2103 2758 2102 2759 2103 2759 2104 2759 2104 2760 2103 2760 2105 2760 2104 2761 2105 2761 2106 2761 2106 2762 2105 2762 2107 2762 2106 2763 2107 2763 2108 2763 2108 2764 2107 2764 2109 2764 2108 2765 2109 2765 2110 2765 2110 2766 2109 2766 2111 2766 2110 2767 2111 2767 2112 2767 2112 2768 2111 2768 2113 2768 2112 2769 2113 2769 2114 2769 2114 2770 2113 2770 2115 2770 2114 2771 2115 2771 2116 2771 2116 2772 2115 2772 2117 2772 2116 2773 2117 2773 2118 2773 2118 2774 2117 2774 2119 2774 2118 2775 2119 2775 2120 2775 2120 2776 2119 2776 2121 2776 2120 2777 2121 2777 2122 2777 2122 2778 2121 2778 2123 2778 2122 2779 2123 2779 2124 2779 2124 2780 2123 2780 2125 2780 2124 2781 2125 2781 2126 2781 2126 2782 2125 2782 2127 2782 2126 2783 2127 2783 2128 2783 2128 2784 2127 2784 2129 2784 2128 2785 2129 2785 2130 2785 2130 2786 2129 2786 2131 2786 2130 2787 2131 2787 2132 2787 2132 2788 2131 2788 2133 2788 2132 2789 2133 2789 2134 2789 2134 2790 2133 2790 2135 2790 2134 2791 2135 2791 2136 2791 2136 2792 2135 2792 2137 2792 2136 2793 2137 2793 2138 2793 2138 2794 2137 2794 2139 2794 2138 2795 2139 2795 2140 2795 2140 2796 2139 2796 2141 2796 2140 2797 2141 2797 2142 2797 2142 2798 2141 2798 71 2798 2142 2799 71 2799 70 2799 2142 2800 70 2800 2143 2800 2143 2801 70 2801 1606 2801 2143 2802 1606 2802 1604 2802 2143 2803 1604 2803 2144 2803 2144 2804 1604 2804 1602 2804 2144 2805 1602 2805 2145 2805 2145 2806 1602 2806 1600 2806 2145 2807 1600 2807 2146 2807 2146 2808 1600 2808 1598 2808 2146 2809 1598 2809 2147 2809 2147 2810 1598 2810 1596 2810 2147 2811 1596 2811 2148 2811 2148 2812 1596 2812 1594 2812 2148 2813 1594 2813 2149 2813 2149 2814 1594 2814 1592 2814 2149 2815 1592 2815 2150 2815 2150 2816 1592 2816 1590 2816 2150 2817 1590 2817 2151 2817 2151 2818 1590 2818 1588 2818 2151 2819 1588 2819 2152 2819 2152 2820 1588 2820 1586 2820 2152 2821 1586 2821 2153 2821 2153 2822 1586 2822 1584 2822 2153 2823 1584 2823 2154 2823 2154 2824 1584 2824 1582 2824 2154 2825 1582 2825 2155 2825 2155 2826 1582 2826 1580 2826 2155 2827 1580 2827 2156 2827 2156 2828 1580 2828 1578 2828 2156 2829 1578 2829 2157 2829 2157 2830 1578 2830 1575 2830 2157 2831 1575 2831 2158 2831 2158 2832 1575 2832 1573 2832 2158 2833 1573 2833 2159 2833 2159 2834 1573 2834 1571 2834 2159 2835 1571 2835 2160 2835 2160 2836 1571 2836 1569 2836 2160 2837 1569 2837 2161 2837 2161 2838 1569 2838 1567 2838 2161 2839 1567 2839 2162 2839 2162 2840 1567 2840 1565 2840 2162 2841 1565 2841 2163 2841 2163 2842 1565 2842 1563 2842 2163 2843 1563 2843 2164 2843 2164 2844 1563 2844 1561 2844 2164 2845 1561 2845 2165 2845 2165 2846 1561 2846 1559 2846 2165 2847 1559 2847 2166 2847 2166 2848 1559 2848 1557 2848 2166 2849 1557 2849 2167 2849 2167 2850 1557 2850 1555 2850 2167 2851 1555 2851 2168 2851 2168 2852 1555 2852 1553 2852 2168 2853 1553 2853 2169 2853 2169 2854 1553 2854 1551 2854 2169 2855 1551 2855 2170 2855 2170 2856 1551 2856 1549 2856 2170 2857 1549 2857 2171 2857 2171 2858 1549 2858 1547 2858 2171 2859 1547 2859 2172 2859 2172 2860 1547 2860 1545 2860 2172 2861 1545 2861 2038 2861 2038 2862 1545 2862 1543 2862 2143 2863 2144 2863 2142 2863 2142 2864 2144 2864 2140 2864 2144 2865 2145 2865 2140 2865 2140 2866 2145 2866 2138 2866 2145 2867 2146 2867 2138 2867 2138 2868 2146 2868 2136 2868 2146 2869 2147 2869 2136 2869 2136 2870 2147 2870 2134 2870 2147 2871 2148 2871 2134 2871 2134 2872 2148 2872 2132 2872 2148 2873 2149 2873 2132 2873 2132 2874 2149 2874 2130 2874 2149 2875 2150 2875 2130 2875 2130 2876 2150 2876 2128 2876 2150 2877 2151 2877 2128 2877 2128 2878 2151 2878 2126 2878 2153 2883 2154 2883 2122 2883 2122 2884 2154 2884 2120 2884 2154 2885 2155 2885 2120 2885 2120 2886 2155 2886 2118 2886 2155 2887 2156 2887 2118 2887 2118 2888 2156 2888 2116 2888 2156 2889 2157 2889 2116 2889 2116 2890 2157 2890 2114 2890 2158 2893 2159 2893 2112 2893 2112 2894 2159 2894 2110 2894 2159 2895 2160 2895 2110 2895 2110 2896 2160 2896 2108 2896 2160 2897 2161 2897 2108 2897 2108 2898 2161 2898 2106 2898 2161 2899 2162 2899 2106 2899 2106 2900 2162 2900 2104 2900 2162 2901 2163 2901 2104 2901 2104 2902 2163 2902 2102 2902 2163 2903 2164 2903 2102 2903 2102 2904 2164 2904 2100 2904 2164 2905 2165 2905 2100 2905 2100 2906 2165 2906 2098 2906 2165 2907 2166 2907 2098 2907 2098 2908 2166 2908 2096 2908 2166 2909 2167 2909 2096 2909 2096 2910 2167 2910 2094 2910 2167 2911 2168 2911 2094 2911 2094 2912 2168 2912 2092 2912 2168 2913 2169 2913 2092 2913 2092 2914 2169 2914 2090 2914 2169 2915 2170 2915 2090 2915 2090 2916 2170 2916 2088 2916 2170 2917 2171 2917 2088 2917 2088 2918 2171 2918 2086 2918 2171 2919 2172 2919 2086 2919 2086 2920 2172 2920 2040 2920 2172 2921 2038 2921 2040 2921 2173 2922 2174 2922 2175 2922 2175 2923 2174 2923 2176 2923 2175 2924 2176 2924 2177 2924 2177 2925 2176 2925 2178 2925 2177 2926 2178 2926 625 2926 625 2927 2178 2927 2179 2927 625 2928 2179 2928 591 2928 591 2929 2179 2929 2180 2929 591 2930 2180 2930 2181 2930 2181 2931 2180 2931 2182 2931 2182 2932 2180 2932 2183 2932 2182 2933 2183 2933 2184 2933 2184 2934 2183 2934 2185 2934 2184 2935 2185 2935 2186 2935 2186 2936 2185 2936 2187 2936 2186 2937 2187 2937 2188 2937 2188 2938 2187 2938 2189 2938 2188 2939 2189 2939 2190 2939 2190 2940 2189 2940 2191 2940 2190 2941 2191 2941 2192 2941 2192 2942 2191 2942 2193 2942 2192 2943 2193 2943 2194 2943 2194 2944 2193 2944 2195 2944 2194 2945 2195 2945 2196 2945 2196 2946 2195 2946 2197 2946 2196 2947 2197 2947 2198 2947 2198 2948 2197 2948 2199 2948 2198 2949 2199 2949 2200 2949 2200 2950 2199 2950 2201 2950 2200 2951 2201 2951 2202 2951 2202 2952 2201 2952 2203 2952 2202 2953 2203 2953 355 2953 355 2954 2203 2954 2204 2954 355 2955 2204 2955 2205 2955 2205 2956 2204 2956 2206 2956 2206 2957 2204 2957 2207 2957 2206 2958 2207 2958 2208 2958 2208 2959 2207 2959 2209 2959 2208 2960 2209 2960 2210 2960 2210 2961 2209 2961 2211 2961 2210 2962 2211 2962 2212 2962 2212 2963 2211 2963 2213 2963 2212 2964 2213 2964 2214 2964 2214 2965 2213 2965 2215 2965 2214 2966 2215 2966 2216 2966 2216 2967 2215 2967 2217 2967 2216 2968 2217 2968 2218 2968 2218 2969 2217 2969 2219 2969 2218 2970 2219 2970 2220 2970 2220 2971 2219 2971 2221 2971 2220 2972 2221 2972 2222 2972 2222 2973 2221 2973 2223 2973 2222 2974 2223 2974 2224 2974 2224 2975 2223 2975 2225 2975 2224 2976 2225 2976 2178 2976 2178 2977 2225 2977 2179 2977 2174 2978 2173 2978 2220 2978 2220 2979 2173 2979 2226 2979 2220 2980 2226 2980 2218 2980 2218 2981 2226 2981 2227 2981 2218 2982 2227 2982 2228 2982 2228 2983 2227 2983 2229 2983 2228 2984 2229 2984 2230 2984 2230 2985 2229 2985 2231 2985 2230 2986 2231 2986 2212 2986 2212 2987 2231 2987 2232 2987 2212 2988 2232 2988 2210 2988 2210 2989 2232 2989 2233 2989 2210 2990 2233 2990 2234 2990 2234 2991 2233 2991 2235 2991 2234 2992 2235 2992 2236 2992 2236 2993 2235 2993 2237 2993 2236 2994 2237 2994 2205 2994 2205 2995 2237 2995 2238 2995 2205 2996 2238 2996 355 2996 355 2997 2238 2997 2239 2997 355 2998 2239 2998 117 2998 117 2999 2239 2999 2240 2999 117 3000 2240 3000 2241 3000 2241 3001 2240 3001 2242 3001 2242 3002 2240 3002 2243 3002 2242 3003 2243 3003 2244 3003 2244 3004 2243 3004 2245 3004 2244 3005 2245 3005 2246 3005 2246 3006 2245 3006 2247 3006 2246 3007 2247 3007 2248 3007 2248 3008 2247 3008 2249 3008 2248 3009 2249 3009 2250 3009 2250 3010 2249 3010 2251 3010 2250 3011 2251 3011 2252 3011 2252 3012 2251 3012 2253 3012 2252 3013 2253 3013 2254 3013 2254 3014 2253 3014 2255 3014 2254 3015 2255 3015 2256 3015 2256 3016 2255 3016 2257 3016 2256 3017 2257 3017 2258 3017 2258 3018 2257 3018 2259 3018 2258 3019 2259 3019 2260 3019 2260 3020 2259 3020 2261 3020 2260 3021 2261 3021 2262 3021 2262 3022 2261 3022 2263 3022 2262 3023 2263 3023 623 3023 623 3024 2263 3024 2264 3024 623 3025 2264 3025 2177 3025 2177 3026 2264 3026 2265 3026 2265 3027 2264 3027 2266 3027 2265 3028 2266 3028 2267 3028 2267 3029 2266 3029 2268 3029 2267 3030 2268 3030 2226 3030 2226 3031 2268 3031 2269 3031 2226 3032 2269 3032 2227 3032 2227 3033 2269 3033 2270 3033 2227 3034 2270 3034 2271 3034 2271 3035 2270 3035 2272 3035 2271 3036 2272 3036 2273 3036 2273 3037 2272 3037 2274 3037 2273 3038 2274 3038 2232 3038 2232 3039 2274 3039 2275 3039 2232 3040 2275 3040 2233 3040 2233 3041 2275 3041 2276 3041 2233 3042 2276 3042 2277 3042 2277 3043 2276 3043 2278 3043 2277 3044 2278 3044 2279 3044 2279 3045 2278 3045 2280 3045 2279 3046 2280 3046 2238 3046 2238 3047 2280 3047 2239 3047 2281 3048 2282 3048 2283 3048 2283 3049 2282 3049 2284 3049 2283 3050 2284 3050 2285 3050 2285 3051 2284 3051 2286 3051 2285 3052 2286 3052 620 3052 620 3053 2286 3053 2262 3053 620 3054 2262 3054 623 3054 2282 3055 2281 3055 2287 3055 2287 3056 2281 3056 2288 3056 2287 3057 2288 3057 2289 3057 2289 3058 2288 3058 2290 3058 2289 3059 2290 3059 2291 3059 2291 3060 2290 3060 2292 3060 2291 3061 2292 3061 2293 3061 2293 3062 2292 3062 2294 3062 2293 3063 2294 3063 2295 3063 2295 3064 2294 3064 2296 3064 2295 3065 2296 3065 2297 3065 2297 3066 2296 3066 2298 3066 2297 3067 2298 3067 2299 3067 2299 3068 2298 3068 2300 3068 2299 3069 2300 3069 2301 3069 2301 3070 2300 3070 2302 3070 2301 3071 2302 3071 2303 3071 2303 3072 2302 3072 2304 3072 2303 3073 2304 3073 117 3073 117 3074 2304 3074 2305 3074 117 3075 2305 3075 2306 3075 2290 3076 2288 3076 2307 3076 2307 3077 2288 3077 2308 3077 2307 3078 2308 3078 620 3078 620 3079 2308 3079 2309 3079 620 3080 2309 3080 2285 3080 2310 3081 355 3081 2311 3081 2311 3082 355 3082 591 3082 2311 3083 591 3083 2312 3083 2312 3084 591 3084 2313 3084 2313 3085 591 3085 2181 3085 355 3086 2310 3086 2314 3086 2314 3087 2310 3087 2194 3087 2314 3088 2194 3088 2196 3088 2188 3089 2311 3089 2186 3089 2186 3090 2311 3090 2312 3090 2315 3091 2316 3091 2248 3091 2248 3092 2316 3092 2295 3092 2248 3093 2295 3093 2246 3093 2246 3094 2295 3094 2297 3094 2246 3095 2297 3095 2317 3095 2317 3096 2297 3096 2318 3096 2317 3097 2318 3097 2319 3097 2319 3098 2318 3098 2320 3098 2319 3099 2320 3099 2241 3099 2241 3100 2320 3100 2303 3100 2241 3101 2303 3101 117 3101 2316 3102 2315 3102 2321 3102 2321 3103 2315 3103 2322 3103 2321 3104 2322 3104 2289 3104 2289 3105 2322 3105 2254 3105 2289 3106 2254 3106 2287 3106 2287 3107 2254 3107 2256 3107 2287 3108 2256 3108 2323 3108 2323 3109 2256 3109 2324 3109 2323 3110 2324 3110 2325 3110 2325 3111 2324 3111 2326 3111 2325 3112 2326 3112 2286 3112 2286 3113 2326 3113 2262 3113 2240 3114 2239 3114 2327 3114 2327 3115 2239 3115 2328 3115 2327 3116 2328 3116 2329 3116 2329 3117 2328 3117 2330 3117 2329 3118 2330 3118 2247 3118 2247 3119 2330 3119 2276 3119 2247 3120 2276 3120 2249 3120 2249 3121 2276 3121 2275 3121 2249 3122 2275 3122 2331 3122 2331 3123 2275 3123 2332 3123 2331 3124 2332 3124 2333 3124 2333 3125 2332 3125 2334 3125 2333 3126 2334 3126 2255 3126 2255 3127 2334 3127 2270 3127 2255 3128 2270 3128 2257 3128 2257 3129 2270 3129 2269 3129 2257 3130 2269 3130 2335 3130 2335 3131 2269 3131 2336 3131 2335 3132 2336 3132 2337 3132 2337 3133 2336 3133 2338 3133 2337 3134 2338 3134 2263 3134 2263 3135 2338 3135 2264 3135 2298 3136 2296 3136 2306 3136 2306 3137 2296 3137 2339 3137 2306 3138 2339 3138 117 3138 117 3139 2339 3139 2307 3139 117 3140 2307 3140 620 3140 2340 3141 2341 3141 2342 3141 2342 3142 2341 3142 2343 3142 2342 3143 2343 3143 2179 3143 2179 3144 2343 3144 2180 3144 2341 3145 2340 3145 2187 3145 2187 3146 2340 3146 2221 3146 2187 3147 2221 3147 2189 3147 2189 3148 2221 3148 2219 3148 2189 3149 2219 3149 2344 3149 2344 3150 2219 3150 2345 3150 2344 3151 2345 3151 2346 3151 2346 3152 2345 3152 2347 3152 2346 3153 2347 3153 2195 3153 2195 3154 2347 3154 2213 3154 2195 3155 2213 3155 2197 3155 2197 3156 2213 3156 2211 3156 2197 3157 2211 3157 2348 3157 2348 3158 2211 3158 2349 3158 2348 3159 2349 3159 2350 3159 2350 3160 2349 3160 2351 3160 2350 3161 2351 3161 2203 3161 2203 3162 2351 3162 2204 3162 2314 3163 2352 3163 355 3163 355 3164 2352 3164 2202 3164 2353 3165 1410 3165 625 3165 625 3166 1410 3166 623 3166 625 3167 623 3167 2177 3167 1494 3168 2354 3168 68 3168 68 3169 2354 3169 2355 3169 68 3170 2355 3170 69 3170 69 3171 2355 3171 2356 3171 2356 3172 2355 3172 2357 3172 2356 3173 2357 3173 2358 3173 2358 3174 2357 3174 2359 3174 2358 3175 2359 3175 2360 3175 2360 3176 2359 3176 2361 3176 2360 3177 2361 3177 2362 3177 2362 3178 2361 3178 2363 3178 2362 3179 2363 3179 2364 3179 2364 3180 2363 3180 2365 3180 2364 3181 2365 3181 2366 3181 2366 3182 2365 3182 2367 3182 2366 3183 2367 3183 2368 3183 2368 3184 2367 3184 2369 3184 2368 3185 2369 3185 2370 3185 2370 3186 2369 3186 2371 3186 2370 3187 2371 3187 2372 3187 2372 3188 2371 3188 2373 3188 2372 3189 2373 3189 2374 3189 2374 3190 2373 3190 2375 3190 2374 3191 2375 3191 2376 3191 2376 3192 2375 3192 2377 3192 2376 3193 2377 3193 2378 3193 2378 3194 2377 3194 2379 3194 2378 3195 2379 3195 2380 3195 2380 3196 2379 3196 2381 3196 2380 3197 2381 3197 2382 3197 2382 3198 2381 3198 2383 3198 2382 3199 2383 3199 2384 3199 2384 3200 2383 3200 2385 3200 2384 3201 2385 3201 2386 3201 2386 3202 2385 3202 2387 3202 2386 3203 2387 3203 2388 3203 2388 3204 2387 3204 2389 3204 2388 3205 2389 3205 2390 3205 2390 3206 2389 3206 2391 3206 2390 3207 2391 3207 2392 3207 2392 3208 2391 3208 2393 3208 2392 3209 2393 3209 2394 3209 2394 3210 2393 3210 2395 3210 2394 3211 2395 3211 2396 3211 2396 3212 2395 3212 2397 3212 2396 3213 2397 3213 2398 3213 2398 3214 2397 3214 2399 3214 2398 3215 2399 3215 2400 3215 2400 3216 2399 3216 2401 3216 2400 3217 2401 3217 2402 3217 2402 3218 2401 3218 2403 3218 2402 3219 2403 3219 2404 3219 2404 3220 2403 3220 2405 3220 2404 3221 2405 3221 2406 3221 2406 3222 2405 3222 2407 3222 2406 3223 2407 3223 2408 3223 2408 3224 2407 3224 2409 3224 2408 3225 2409 3225 2410 3225 2410 3226 2409 3226 2411 3226 2410 3227 2411 3227 2412 3227 2412 3228 2411 3228 2413 3228 2412 3229 2413 3229 2414 3229 2414 3230 2413 3230 2415 3230 2414 3231 2415 3231 2416 3231 2416 3232 2415 3232 2417 3232 2416 3233 2417 3233 2418 3233 2418 3234 2417 3234 2419 3234 2418 3235 2419 3235 2420 3235 2420 3236 2419 3236 2421 3236 2420 3237 2421 3237 2422 3237 2422 3238 2421 3238 2423 3238 2422 3239 2423 3239 2424 3239 2424 3240 2423 3240 2425 3240 2424 3241 2425 3241 2426 3241 2426 3242 2425 3242 2427 3242 2426 3243 2427 3243 2428 3243 2428 3244 2427 3244 2429 3244 2428 3245 2429 3245 2430 3245 2430 3246 2429 3246 2431 3246 2430 3247 2431 3247 2432 3247 2432 3248 2431 3248 2433 3248 2432 3249 2433 3249 2434 3249 2434 3250 2433 3250 2435 3250 2434 3251 2435 3251 2436 3251 2436 3252 2435 3252 2437 3252 2436 3253 2437 3253 2438 3253 2438 3254 2437 3254 2439 3254 2438 3255 2439 3255 2440 3255 2440 3256 2439 3256 2441 3256 2440 3257 2441 3257 2442 3257 2442 3258 2441 3258 2443 3258 2442 3259 2443 3259 2444 3259 2444 3260 2443 3260 2445 3260 2444 3261 2445 3261 2446 3261 2446 3262 2445 3262 2447 3262 2446 3263 2447 3263 2448 3263 2448 3264 2447 3264 2449 3264 2448 3265 2449 3265 2450 3265 2450 3266 2449 3266 2451 3266 2450 3267 2451 3267 2452 3267 2452 3268 2451 3268 2453 3268 2452 3269 2453 3269 2454 3269 2454 3270 2453 3270 2455 3270 2454 3271 2455 3271 2456 3271 2456 3272 2455 3272 2457 3272 2456 3273 2457 3273 2458 3273 2458 3274 2457 3274 2459 3274 2458 3275 2459 3275 2460 3275 2460 3276 2459 3276 2353 3276 2353 3277 2459 3277 2461 3277 2353 3278 2461 3278 1410 3278 1410 3279 2461 3279 1411 3279 1411 3280 2461 3280 2462 3280 1411 3281 2462 3281 1389 3281 1389 3282 2462 3282 2463 3282 1389 3283 2463 3283 1391 3283 1391 3284 2463 3284 2464 3284 1391 3285 2464 3285 1394 3285 1394 3286 2464 3286 2465 3286 1394 3287 2465 3287 1396 3287 1396 3288 2465 3288 2466 3288 1396 3289 2466 3289 1398 3289 1398 3290 2466 3290 2467 3290 1398 3291 2467 3291 1400 3291 1400 3292 2467 3292 2468 3292 1400 3293 2468 3293 1402 3293 1402 3294 2468 3294 2469 3294 1402 3295 2469 3295 1404 3295 1404 3296 2469 3296 2470 3296 1404 3297 2470 3297 1406 3297 1406 3298 2470 3298 2471 3298 1406 3299 2471 3299 1408 3299 1408 3300 2471 3300 2472 3300 1408 3301 2472 3301 1409 3301 1409 3302 2472 3302 2473 3302 1409 3303 2473 3303 1413 3303 1413 3304 2473 3304 2474 3304 1413 3305 2474 3305 1414 3305 1414 3306 2474 3306 2475 3306 1414 3307 2475 3307 1416 3307 1416 3308 2475 3308 2476 3308 1416 3309 2476 3309 1418 3309 1418 3310 2476 3310 2477 3310 1418 3311 2477 3311 1420 3311 1420 3312 2477 3312 2478 3312 1420 3313 2478 3313 1422 3313 1422 3314 2478 3314 2479 3314 1422 3315 2479 3315 1424 3315 1424 3316 2479 3316 2480 3316 1424 3317 2480 3317 1426 3317 1426 3318 2480 3318 2481 3318 1426 3319 2481 3319 1428 3319 1428 3320 2481 3320 2482 3320 1428 3321 2482 3321 1431 3321 1431 3322 2482 3322 2483 3322 1431 3323 2483 3323 1433 3323 1433 3324 2483 3324 2484 3324 1433 3325 2484 3325 1435 3325 1435 3326 2484 3326 2485 3326 1435 3327 2485 3327 1437 3327 1437 3328 2485 3328 2486 3328 1437 3329 2486 3329 1439 3329 1439 3330 2486 3330 2487 3330 1439 3331 2487 3331 1441 3331 1441 3332 2487 3332 2488 3332 1441 3333 2488 3333 1443 3333 1443 3334 2488 3334 2489 3334 1443 3335 2489 3335 1445 3335 1445 3336 2489 3336 2490 3336 1445 3337 2490 3337 1447 3337 1447 3338 2490 3338 2491 3338 1447 3339 2491 3339 1449 3339 1449 3340 2491 3340 2492 3340 1449 3341 2492 3341 1451 3341 1451 3342 2492 3342 2493 3342 1451 3343 2493 3343 1453 3343 1453 3344 2493 3344 2494 3344 1453 3345 2494 3345 1455 3345 1455 3346 2494 3346 2495 3346 1455 3347 2495 3347 1457 3347 1457 3348 2495 3348 2496 3348 1457 3349 2496 3349 1459 3349 1459 3350 2496 3350 2497 3350 1459 3351 2497 3351 1461 3351 1461 3352 2497 3352 2498 3352 1461 3353 2498 3353 1463 3353 1463 3354 2498 3354 2499 3354 1463 3355 2499 3355 1465 3355 1465 3356 2499 3356 2500 3356 1465 3357 2500 3357 1468 3357 1468 3358 2500 3358 2501 3358 1468 3359 2501 3359 1470 3359 1470 3360 2501 3360 2502 3360 1470 3361 2502 3361 1472 3361 1472 3362 2502 3362 2503 3362 1472 3363 2503 3363 1474 3363 1474 3364 2503 3364 2504 3364 1474 3365 2504 3365 1476 3365 1476 3366 2504 3366 2505 3366 1476 3367 2505 3367 1478 3367 1478 3368 2505 3368 2506 3368 1478 3369 2506 3369 1480 3369 1480 3370 2506 3370 2507 3370 1480 3371 2507 3371 1482 3371 1482 3372 2507 3372 2508 3372 1482 3373 2508 3373 1484 3373 1484 3374 2508 3374 2509 3374 1484 3375 2509 3375 1486 3375 1486 3376 2509 3376 2510 3376 1486 3377 2510 3377 1488 3377 1488 3378 2510 3378 2511 3378 1488 3379 2511 3379 1490 3379 1490 3380 2511 3380 2512 3380 1490 3381 2512 3381 1492 3381 1492 3382 2512 3382 2354 3382 1492 3383 2354 3383 1494 3383 2459 3384 2457 3384 2461 3384 2461 3385 2457 3385 2462 3385 2457 3386 2455 3386 2462 3386 2462 3387 2455 3387 2463 3387 2455 3388 2453 3388 2463 3388 2463 3389 2453 3389 2464 3389 2453 3390 2451 3390 2464 3390 2464 3391 2451 3391 2465 3391 2451 3392 2449 3392 2465 3392 2465 3393 2449 3393 2466 3393 2449 3394 2447 3394 2466 3394 2466 3395 2447 3395 2467 3395 2447 3396 2445 3396 2467 3396 2467 3397 2445 3397 2468 3397 2445 3398 2443 3398 2468 3398 2468 3399 2443 3399 2469 3399 2443 3400 2441 3400 2469 3400 2469 3401 2441 3401 2470 3401 2441 3402 2439 3402 2470 3402 2470 3403 2439 3403 2471 3403 2439 3404 2437 3404 2471 3404 2471 3405 2437 3405 2472 3405 2437 3406 2435 3406 2472 3406 2472 3407 2435 3407 2473 3407 2435 3408 2433 3408 2473 3408 2473 3409 2433 3409 2474 3409 2433 3410 2431 3410 2474 3410 2474 3411 2431 3411 2475 3411 2431 3412 2429 3412 2475 3412 2475 3413 2429 3413 2476 3413 2429 3414 2427 3414 2476 3414 2476 3415 2427 3415 2477 3415 2427 3416 2425 3416 2477 3416 2477 3417 2425 3417 2478 3417 2425 3418 2423 3418 2478 3418 2478 3419 2423 3419 2479 3419 2423 3420 2421 3420 2479 3420 2479 3421 2421 3421 2480 3421 2421 3422 2419 3422 2480 3422 2480 3423 2419 3423 2481 3423 2419 3424 2417 3424 2481 3424 2481 3425 2417 3425 2482 3425 2417 3426 2415 3426 2482 3426 2482 3427 2415 3427 2483 3427 2415 3428 2413 3428 2483 3428 2483 3429 2413 3429 2484 3429 2413 3430 2411 3430 2484 3430 2484 3431 2411 3431 2485 3431 2411 3432 2409 3432 2485 3432 2485 3433 2409 3433 2486 3433 2409 3434 2407 3434 2486 3434 2486 3435 2407 3435 2487 3435 2407 3436 2405 3436 2487 3436 2487 3437 2405 3437 2488 3437 2405 3438 2403 3438 2488 3438 2488 3439 2403 3439 2489 3439 2403 3440 2401 3440 2489 3440 2489 3441 2401 3441 2490 3441 2401 3442 2399 3442 2490 3442 2490 3443 2399 3443 2491 3443 2399 3444 2397 3444 2491 3444 2491 3445 2397 3445 2492 3445 2397 3446 2395 3446 2492 3446 2492 3447 2395 3447 2493 3447 2395 3448 2393 3448 2493 3448 2493 3449 2393 3449 2494 3449 2393 3450 2391 3450 2494 3450 2494 3451 2391 3451 2495 3451 2391 3452 2389 3452 2495 3452 2495 3453 2389 3453 2496 3453 2389 3454 2387 3454 2496 3454 2496 3455 2387 3455 2497 3455 2387 3456 2385 3456 2497 3456 2497 3457 2385 3457 2498 3457 2385 3458 2383 3458 2498 3458 2498 3459 2383 3459 2499 3459 2383 3460 2381 3460 2499 3460 2499 3461 2381 3461 2500 3461 2381 3462 2379 3462 2500 3462 2500 3463 2379 3463 2501 3463 2379 3464 2377 3464 2501 3464 2501 3465 2377 3465 2502 3465 2377 3466 2375 3466 2502 3466 2502 3467 2375 3467 2503 3467 2375 3468 2373 3468 2503 3468 2503 3469 2373 3469 2504 3469 2373 3470 2371 3470 2504 3470 2504 3471 2371 3471 2505 3471 2371 3472 2369 3472 2505 3472 2505 3473 2369 3473 2506 3473 2369 3474 2367 3474 2506 3474 2506 3475 2367 3475 2507 3475 2367 3476 2365 3476 2507 3476 2507 3477 2365 3477 2508 3477 2365 3478 2363 3478 2508 3478 2508 3479 2363 3479 2509 3479 2363 3480 2361 3480 2509 3480 2509 3481 2361 3481 2510 3481 2361 3482 2359 3482 2510 3482 2510 3483 2359 3483 2511 3483 2355 3484 2354 3484 2512 3484 2359 3485 2357 3485 2511 3485 2511 3486 2357 3486 2512 3486 2357 3487 2355 3487 2512 3487 60 3802 62 3802 2670 3802 2670 3803 62 3803 1382 3803 2670 3804 1382 3804 1380 3804 2670 3805 1380 3805 2671 3805 2671 3806 1380 3806 1378 3806 2671 3807 1378 3807 2672 3807 2672 3808 1378 3808 1376 3808 2672 3809 1376 3809 2673 3809 2673 3810 1376 3810 1374 3810 2673 3811 1374 3811 2674 3811 2674 3812 1374 3812 1372 3812 2674 3813 1372 3813 2675 3813 2675 3814 1372 3814 1370 3814 2675 3815 1370 3815 2676 3815 2676 3816 1370 3816 1368 3816 2676 3817 1368 3817 2677 3817 2677 3818 1368 3818 1366 3818 2677 3819 1366 3819 2678 3819 2678 3820 1366 3820 1364 3820 2678 3821 1364 3821 2679 3821 2679 3822 1364 3822 1362 3822 2679 3823 1362 3823 2680 3823 2680 3824 1362 3824 1360 3824 2680 3825 1360 3825 2681 3825 2681 3826 1360 3826 1358 3826 2681 3827 1358 3827 2682 3827 2682 3828 1358 3828 1356 3828 2682 3829 1356 3829 2683 3829 2683 3830 1356 3830 1354 3830 2683 3831 1354 3831 2684 3831 2684 3832 1354 3832 1352 3832 2684 3833 1352 3833 2685 3833 2685 3834 1352 3834 1350 3834 2685 3835 1350 3835 2686 3835 2686 3836 1350 3836 1348 3836 2686 3837 1348 3837 2687 3837 2687 3838 1348 3838 1346 3838 2687 3839 1346 3839 2688 3839 2688 3840 1346 3840 1344 3840 2688 3841 1344 3841 2689 3841 2689 3842 1344 3842 1342 3842 2689 3843 1342 3843 2690 3843 2690 3844 1342 3844 1339 3844 2690 3845 1339 3845 2691 3845 2691 3846 1339 3846 1337 3846 2691 3847 1337 3847 2692 3847 2692 3848 1337 3848 1335 3848 2692 3849 1335 3849 2693 3849 2693 3850 1335 3850 1333 3850 2693 3851 1333 3851 2694 3851 2694 3852 1333 3852 1331 3852 2694 3853 1331 3853 2695 3853 2695 3854 1331 3854 1329 3854 2695 3855 1329 3855 2696 3855 2696 3856 1329 3856 1327 3856 2696 3857 1327 3857 2697 3857 2697 3858 1327 3858 1325 3858 2697 3859 1325 3859 2698 3859 2698 3860 1325 3860 1323 3860 2698 3861 1323 3861 2699 3861 2699 3862 1323 3862 1321 3862 2699 3863 1321 3863 2700 3863 2700 3864 1321 3864 1319 3864 2700 3865 1319 3865 2701 3865 2701 3866 1319 3866 1317 3866 2701 3867 1317 3867 2702 3867 2702 3868 1317 3868 1315 3868 2702 3869 1315 3869 2703 3869 2703 3870 1315 3870 1313 3870 2703 3871 1313 3871 2704 3871 2704 3872 1313 3872 1311 3872 2704 3873 1311 3873 2705 3873 2705 3874 1311 3874 1309 3874 2705 3875 1309 3875 2706 3875 2706 3876 1309 3876 1307 3876 2706 3877 1307 3877 2707 3877 2707 3878 1307 3878 1305 3878 2707 3879 1305 3879 2708 3879 2708 3880 1305 3880 1303 3880 2708 3881 1303 3881 2709 3881 2709 3882 1303 3882 1301 3882 2709 3883 1301 3883 2710 3883 2710 3884 1301 3884 1299 3884 2710 3885 1299 3885 2711 3885 2711 3886 1299 3886 1297 3886 2711 3887 1297 3887 2712 3887 2712 3888 1297 3888 1294 3888 2712 3889 1294 3889 2713 3889 2713 3890 1294 3890 1292 3890 2713 3891 1292 3891 2714 3891 2714 3892 1292 3892 1290 3892 2714 3893 1290 3893 2715 3893 2715 3894 1290 3894 1288 3894 2715 3895 1288 3895 2716 3895 2716 3896 1288 3896 1286 3896 2716 3897 1286 3897 2717 3897 2717 3898 1286 3898 1284 3898 2717 3899 1284 3899 2718 3899 2718 3900 1284 3900 1282 3900 2718 3901 1282 3901 2719 3901 2719 3902 1282 3902 1280 3902 2719 3903 1280 3903 2720 3903 2720 3904 1280 3904 1278 3904 2720 3905 1278 3905 2721 3905 2721 3906 1278 3906 1276 3906 2721 3907 1276 3907 2722 3907 2722 3908 1276 3908 1274 3908 2722 3909 1274 3909 2723 3909 2723 3910 1274 3910 1272 3910 2723 3911 1272 3911 2724 3911 2724 3912 1272 3912 1270 3912 2724 3913 1270 3913 2725 3913 2725 3914 1270 3914 1268 3914 2725 3915 1268 3915 2726 3915 2726 3916 1268 3916 1266 3916 2726 3917 1266 3917 2727 3917 2727 3918 1266 3918 1264 3918 2727 3919 1264 3919 2728 3919 2728 3920 1264 3920 1261 3920 2728 3921 1261 3921 2729 3921 2729 3922 1261 3922 1259 3922 2729 3923 1259 3923 2730 3923 2730 3924 1259 3924 1384 3924 2730 3925 1384 3925 2731 3925 2731 3926 1384 3926 1386 3926 2731 3927 1386 3927 2732 3927 2732 3928 1386 3928 937 3928 2732 3929 937 3929 936 3929 936 3930 2733 3930 2732 3930 2732 3931 2733 3931 2734 3931 2732 3932 2734 3932 2731 3932 2731 3933 2734 3933 2735 3933 2731 3934 2735 3934 2730 3934 2730 3935 2735 3935 2736 3935 2730 3936 2736 3936 2729 3936 2729 3937 2736 3937 2737 3937 2729 3938 2737 3938 2728 3938 2728 3939 2737 3939 2738 3939 2728 3940 2738 3940 2727 3940 2727 3941 2738 3941 2739 3941 2727 3942 2739 3942 2726 3942 2726 3943 2739 3943 2740 3943 2726 3944 2740 3944 2725 3944 2725 3945 2740 3945 2741 3945 2725 3946 2741 3946 2724 3946 2724 3947 2741 3947 2742 3947 2724 3948 2742 3948 2723 3948 2723 3949 2742 3949 2743 3949 2723 3950 2743 3950 2722 3950 2722 3951 2743 3951 2744 3951 2722 3952 2744 3952 2721 3952 2721 3953 2744 3953 2745 3953 2721 3954 2745 3954 2720 3954 2720 3955 2745 3955 2746 3955 2720 3956 2746 3956 2719 3956 2719 3957 2746 3957 2747 3957 2719 3958 2747 3958 2718 3958 2718 3959 2747 3959 2748 3959 2718 3960 2748 3960 2717 3960 2717 3961 2748 3961 2749 3961 2717 3962 2749 3962 2716 3962 2716 3963 2749 3963 2750 3963 2716 3964 2750 3964 2715 3964 2715 3965 2750 3965 2751 3965 2715 3966 2751 3966 2714 3966 2714 3967 2751 3967 2752 3967 2714 3968 2752 3968 2713 3968 2713 3969 2752 3969 2753 3969 2713 3970 2753 3970 2712 3970 2712 3971 2753 3971 2754 3971 2712 3972 2754 3972 2711 3972 2711 3973 2754 3973 2755 3973 2711 3974 2755 3974 2710 3974 2710 3975 2755 3975 2756 3975 2710 3976 2756 3976 2709 3976 2709 3977 2756 3977 2757 3977 2709 3978 2757 3978 2708 3978 2708 3979 2757 3979 2758 3979 2708 3980 2758 3980 2707 3980 2707 3981 2758 3981 2759 3981 2707 3982 2759 3982 2706 3982 2706 3983 2759 3983 2760 3983 2706 3984 2760 3984 2705 3984 2705 3985 2760 3985 2761 3985 2705 3986 2761 3986 2704 3986 2704 3987 2761 3987 2762 3987 2704 3988 2762 3988 2703 3988 2703 3989 2762 3989 2763 3989 2703 3990 2763 3990 2702 3990 2702 3991 2763 3991 2764 3991 2702 3992 2764 3992 2701 3992 2701 3993 2764 3993 2765 3993 2701 3994 2765 3994 2700 3994 2700 3995 2765 3995 2766 3995 2700 3996 2766 3996 2699 3996 2699 3997 2766 3997 2767 3997 2699 3998 2767 3998 2698 3998 2698 3999 2767 3999 2768 3999 2698 4000 2768 4000 2697 4000 2697 4001 2768 4001 2769 4001 2697 4002 2769 4002 2696 4002 2696 4003 2769 4003 2770 4003 2696 4004 2770 4004 2695 4004 2695 4005 2770 4005 2771 4005 2695 4006 2771 4006 2694 4006 2694 4007 2771 4007 2772 4007 2694 4008 2772 4008 2693 4008 2693 4009 2772 4009 2773 4009 2693 4010 2773 4010 2692 4010 2692 4011 2773 4011 2774 4011 2692 4012 2774 4012 2691 4012 2691 4013 2774 4013 2775 4013 2691 4014 2775 4014 2690 4014 2690 4015 2775 4015 2776 4015 2690 4016 2776 4016 2689 4016 2689 4017 2776 4017 2777 4017 2689 4018 2777 4018 2688 4018 2688 4019 2777 4019 2778 4019 2688 4020 2778 4020 2687 4020 2687 4021 2778 4021 2779 4021 2687 4022 2779 4022 2686 4022 2686 4023 2779 4023 2780 4023 2686 4024 2780 4024 2685 4024 2685 4025 2780 4025 2781 4025 2685 4026 2781 4026 2684 4026 2684 4027 2781 4027 2782 4027 2684 4028 2782 4028 2683 4028 2683 4029 2782 4029 2783 4029 2683 4030 2783 4030 2682 4030 2682 4031 2783 4031 2784 4031 2682 4032 2784 4032 2681 4032 2681 4033 2784 4033 2785 4033 2681 4034 2785 4034 2680 4034 2680 4035 2785 4035 2786 4035 2680 4036 2786 4036 2679 4036 2679 4037 2786 4037 2787 4037 2679 4038 2787 4038 2678 4038 2678 4039 2787 4039 2788 4039 2678 4040 2788 4040 2677 4040 2677 4041 2788 4041 2789 4041 2677 4042 2789 4042 2676 4042 2676 4043 2789 4043 2790 4043 2676 4044 2790 4044 2675 4044 2675 4045 2790 4045 2791 4045 2675 4046 2791 4046 2674 4046 2674 4047 2791 4047 2792 4047 2674 4048 2792 4048 2673 4048 2673 4049 2792 4049 2793 4049 2673 4050 2793 4050 2672 4050 2672 4051 2793 4051 2794 4051 2672 4052 2794 4052 2671 4052 2671 4053 2794 4053 2795 4053 2671 4054 2795 4054 2670 4054 2670 4055 2795 4055 60 4055 606 4852 607 4852 3194 4852 3194 4853 607 4853 3195 4853 3194 4854 3195 4854 3196 4854 3194 4855 3196 4855 3197 4855 3197 4856 3196 4856 3198 4856 3197 4857 3198 4857 3199 4857 3199 4858 3198 4858 3200 4858 3199 4859 3200 4859 3201 4859 3201 4860 3200 4860 3202 4860 3201 4861 3202 4861 3203 4861 3203 4862 3202 4862 3204 4862 3203 4863 3204 4863 3205 4863 3205 4864 3204 4864 3206 4864 3205 4865 3206 4865 3207 4865 3207 4866 3206 4866 3208 4866 3207 4867 3208 4867 3209 4867 3209 4868 3208 4868 3210 4868 3209 4869 3210 4869 3211 4869 3211 4870 3210 4870 3212 4870 3211 4871 3212 4871 3213 4871 3213 4872 3212 4872 3214 4872 3213 4873 3214 4873 3215 4873 3215 4874 3214 4874 3216 4874 3215 4875 3216 4875 3217 4875 3217 4876 3216 4876 3218 4876 3217 4877 3218 4877 3219 4877 3219 4878 3218 4878 3220 4878 3219 4879 3220 4879 3221 4879 3221 4880 3220 4880 3222 4880 3221 4881 3222 4881 3223 4881 3223 4882 3222 4882 3224 4882 3223 4883 3224 4883 3225 4883 3225 4884 3224 4884 3226 4884 3225 4885 3226 4885 3227 4885 3227 4886 3226 4886 3228 4886 3227 4887 3228 4887 3229 4887 3229 4888 3228 4888 3230 4888 3229 4889 3230 4889 3231 4889 3231 4890 3230 4890 3232 4890 3231 4891 3232 4891 3233 4891 3233 4892 3232 4892 3234 4892 3233 4893 3234 4893 3235 4893 3235 4894 3234 4894 3236 4894 3235 4895 3236 4895 3237 4895 3237 4896 3236 4896 3238 4896 3237 4897 3238 4897 3239 4897 3239 4898 3238 4898 3240 4898 3239 4899 3240 4899 3241 4899 3241 4900 3240 4900 3242 4900 3241 4901 3242 4901 3243 4901 3243 4902 3242 4902 3244 4902 3243 4903 3244 4903 3245 4903 3245 4904 3244 4904 3246 4904 3245 4905 3246 4905 3247 4905 3247 4906 3246 4906 3248 4906 3247 4907 3248 4907 3249 4907 3249 4908 3248 4908 3250 4908 3249 4909 3250 4909 3251 4909 3251 4910 3250 4910 3252 4910 3251 4911 3252 4911 3253 4911 3253 4912 3252 4912 3254 4912 3253 4913 3254 4913 3255 4913 3255 4914 3254 4914 3256 4914 3255 4915 3256 4915 3257 4915 3257 4916 3256 4916 3258 4916 3257 4917 3258 4917 3259 4917 3259 4918 3258 4918 3260 4918 3259 4919 3260 4919 3261 4919 3261 4920 3260 4920 3262 4920 3261 4921 3262 4921 3263 4921 3263 4922 3262 4922 3264 4922 3263 4923 3264 4923 3265 4923 3265 4924 3264 4924 3266 4924 3265 4925 3266 4925 3267 4925 3267 4926 3266 4926 3268 4926 3267 4927 3268 4927 3269 4927 3269 4928 3268 4928 3270 4928 3269 4929 3270 4929 3271 4929 3271 4930 3270 4930 3272 4930 3271 4931 3272 4931 3273 4931 3273 4932 3272 4932 3274 4932 3273 4933 3274 4933 3275 4933 3275 4934 3274 4934 3276 4934 3275 4935 3276 4935 3277 4935 3277 4936 3276 4936 3278 4936 3277 4937 3278 4937 3279 4937 3279 4938 3278 4938 3280 4938 3279 4939 3280 4939 3281 4939 3281 4940 3280 4940 3282 4940 3281 4941 3282 4941 3283 4941 3283 4942 3282 4942 3284 4942 3283 4943 3284 4943 3285 4943 3285 4944 3284 4944 3286 4944 3285 4945 3286 4945 3287 4945 3287 4946 3286 4946 3288 4946 3287 4947 3288 4947 3289 4947 3289 4948 3288 4948 3290 4948 3289 4949 3290 4949 3291 4949 3291 4950 3290 4950 3292 4950 3291 4951 3292 4951 3293 4951 3293 4952 3292 4952 3294 4952 3293 4953 3294 4953 3295 4953 3295 4954 3294 4954 3296 4954 3295 4955 3296 4955 3297 4955 3297 4956 3296 4956 3298 4956 3297 4957 3298 4957 3299 4957 3299 4958 3298 4958 3300 4958 3299 4959 3300 4959 3301 4959 3301 4960 3300 4960 3302 4960 3301 4961 3302 4961 3303 4961 3303 4962 3302 4962 3304 4962 3303 4963 3304 4963 3305 4963 3305 4964 3304 4964 3306 4964 3305 4965 3306 4965 3307 4965 3307 4966 3306 4966 3308 4966 3307 4967 3308 4967 3309 4967 3309 4968 3308 4968 3310 4968 3309 4969 3310 4969 3311 4969 3311 4970 3310 4970 3312 4970 3311 4971 3312 4971 3313 4971 3313 4972 3312 4972 3314 4972 3313 4973 3314 4973 3315 4973 3315 4974 3314 4974 3316 4974 3315 4975 3316 4975 3317 4975 3317 4976 3316 4976 3318 4976 3317 4977 3318 4977 3319 4977 3319 4978 3318 4978 67 4978 3319 4979 67 4979 66 4979 66 4980 1732 4980 3319 4980 3319 4981 1732 4981 1730 4981 3319 4982 1730 4982 3317 4982 3317 4983 1730 4983 1728 4983 3317 4984 1728 4984 3315 4984 3315 4985 1728 4985 1726 4985 3315 4986 1726 4986 3313 4986 3313 4987 1726 4987 1724 4987 3313 4988 1724 4988 3311 4988 3311 4989 1724 4989 1722 4989 3311 4990 1722 4990 3309 4990 3309 4991 1722 4991 1720 4991 3309 4992 1720 4992 3307 4992 3307 4993 1720 4993 1718 4993 3307 4994 1718 4994 3305 4994 3305 4995 1718 4995 1716 4995 3305 4996 1716 4996 3303 4996 3303 4997 1716 4997 1714 4997 3303 4998 1714 4998 3301 4998 3301 4999 1714 4999 1712 4999 3301 5000 1712 5000 3299 5000 3299 5001 1712 5001 1710 5001 3299 5002 1710 5002 3297 5002 3297 5003 1710 5003 1708 5003 3297 5004 1708 5004 3295 5004 3295 5005 1708 5005 1706 5005 3295 5006 1706 5006 3293 5006 3293 5007 1706 5007 1704 5007 3293 5008 1704 5008 3291 5008 3291 5009 1704 5009 1702 5009 3291 5010 1702 5010 3289 5010 3289 5011 1702 5011 1700 5011 3289 5012 1700 5012 3287 5012 3287 5013 1700 5013 1698 5013 3287 5014 1698 5014 3285 5014 3285 5015 1698 5015 1696 5015 3285 5016 1696 5016 3283 5016 3283 5017 1696 5017 1694 5017 3283 5018 1694 5018 3281 5018 3281 5019 1694 5019 1692 5019 3281 5020 1692 5020 3279 5020 3279 5021 1692 5021 1689 5021 3279 5022 1689 5022 3277 5022 3277 5023 1689 5023 1687 5023 3277 5024 1687 5024 3275 5024 3275 5025 1687 5025 1685 5025 3275 5026 1685 5026 3273 5026 3273 5027 1685 5027 1683 5027 3273 5028 1683 5028 3271 5028 3271 5029 1683 5029 1681 5029 3271 5030 1681 5030 3269 5030 3269 5031 1681 5031 1679 5031 3269 5032 1679 5032 3267 5032 3267 5033 1679 5033 1677 5033 3267 5034 1677 5034 3265 5034 3265 5035 1677 5035 1675 5035 3265 5036 1675 5036 3263 5036 3263 5037 1675 5037 1673 5037 3263 5038 1673 5038 3261 5038 3261 5039 1673 5039 1671 5039 3261 5040 1671 5040 3259 5040 3259 5041 1671 5041 1669 5041 3259 5042 1669 5042 3257 5042 3257 5043 1669 5043 1667 5043 3257 5044 1667 5044 3255 5044 3255 5045 1667 5045 1665 5045 3255 5046 1665 5046 3253 5046 3253 5047 1665 5047 1663 5047 3253 5048 1663 5048 3251 5048 3251 5049 1663 5049 1661 5049 3251 5050 1661 5050 3249 5050 3249 5051 1661 5051 1659 5051 3249 5052 1659 5052 3247 5052 3247 5053 1659 5053 1657 5053 3247 5054 1657 5054 3245 5054 3245 5055 1657 5055 1655 5055 3245 5056 1655 5056 3243 5056 3243 5057 1655 5057 1653 5057 3243 5058 1653 5058 3241 5058 3241 5059 1653 5059 1651 5059 3241 5060 1651 5060 3239 5060 3239 5061 1651 5061 1649 5061 3239 5062 1649 5062 3237 5062 3237 5063 1649 5063 1647 5063 3237 5064 1647 5064 3235 5064 3235 5065 1647 5065 1644 5065 3235 5066 1644 5066 3233 5066 3233 5067 1644 5067 1642 5067 3233 5068 1642 5068 3231 5068 3231 5069 1642 5069 1640 5069 3231 5070 1640 5070 3229 5070 3229 5071 1640 5071 1638 5071 3229 5072 1638 5072 3227 5072 3227 5073 1638 5073 1636 5073 3227 5074 1636 5074 3225 5074 3225 5075 1636 5075 1634 5075 3225 5076 1634 5076 3223 5076 3223 5077 1634 5077 1632 5077 3223 5078 1632 5078 3221 5078 3221 5079 1632 5079 1630 5079 3221 5080 1630 5080 3219 5080 3219 5081 1630 5081 1628 5081 3219 5082 1628 5082 3217 5082 3217 5083 1628 5083 1626 5083 3217 5084 1626 5084 3215 5084 3215 5085 1626 5085 1624 5085 3215 5086 1624 5086 3213 5086 3213 5087 1624 5087 1622 5087 3213 5088 1622 5088 3211 5088 3211 5089 1622 5089 1620 5089 3211 5090 1620 5090 3209 5090 3209 5091 1620 5091 1618 5091 3209 5092 1618 5092 3207 5092 3207 5093 1618 5093 1616 5093 3207 5094 1616 5094 3205 5094 3205 5095 1616 5095 1614 5095 3205 5096 1614 5096 3203 5096 3203 5097 1614 5097 1611 5097 3203 5098 1611 5098 3201 5098 3201 5099 1611 5099 1609 5099 3201 5100 1609 5100 3199 5100 3199 5101 1609 5101 1734 5101 3199 5102 1734 5102 3197 5102 3197 5103 1734 5103 1736 5103 3197 5104 1736 5104 3194 5104 3194 5105 1736 5105 606 5105 619 5106 1066 5106 936 5106 936 5107 1066 5107 3320 5107 936 5108 3320 5108 2733 5108 2733 5109 3320 5109 3321 5109 2733 5110 3321 5110 2734 5110 2734 5111 3321 5111 3322 5111 2734 5112 3322 5112 2735 5112 2735 5113 3322 5113 2797 5113 2735 5114 2797 5114 2736 5114 2736 5115 2797 5115 2796 5115 2736 5116 2796 5116 2984 5116 2736 5117 2984 5117 2737 5117 2737 5118 2984 5118 2982 5118 2737 5119 2982 5119 2738 5119 2738 5120 2982 5120 2980 5120 2738 5121 2980 5121 2739 5121 2739 5122 2980 5122 2978 5122 2739 5123 2978 5123 2740 5123 2740 5124 2978 5124 2976 5124 2740 5125 2976 5125 2741 5125 2741 5126 2976 5126 2974 5126 2741 5127 2974 5127 2742 5127 2742 5128 2974 5128 2972 5128 2742 5129 2972 5129 2743 5129 2743 5130 2972 5130 2970 5130 2743 5131 2970 5131 2744 5131 2744 5132 2970 5132 2968 5132 2744 5133 2968 5133 2745 5133 2745 5134 2968 5134 2966 5134 2745 5135 2966 5135 2746 5135 2746 5136 2966 5136 2964 5136 2746 5137 2964 5137 2747 5137 2747 5138 2964 5138 2962 5138 2747 5139 2962 5139 2748 5139 2748 5140 2962 5140 2960 5140 2748 5141 2960 5141 2749 5141 2749 5142 2960 5142 2958 5142 2749 5143 2958 5143 2750 5143 2750 5144 2958 5144 2956 5144 2750 5145 2956 5145 2751 5145 2751 5146 2956 5146 2954 5146 2751 5147 2954 5147 2752 5147 2752 5148 2954 5148 2952 5148 2752 5149 2952 5149 2950 5149 2752 5150 2950 5150 2753 5150 2753 5151 2950 5151 2948 5151 2753 5152 2948 5152 2754 5152 2754 5153 2948 5153 2946 5153 2754 5154 2946 5154 2755 5154 2755 5155 2946 5155 2944 5155 2755 5156 2944 5156 2756 5156 2756 5157 2944 5157 2942 5157 2756 5158 2942 5158 2757 5158 2757 5159 2942 5159 2940 5159 2757 5160 2940 5160 2758 5160 2758 5161 2940 5161 2938 5161 2758 5162 2938 5162 2759 5162 2759 5163 2938 5163 2936 5163 2759 5164 2936 5164 2760 5164 2760 5165 2936 5165 2934 5165 2760 5166 2934 5166 2761 5166 2761 5167 2934 5167 2932 5167 2761 5168 2932 5168 2762 5168 2762 5169 2932 5169 2930 5169 2762 5170 2930 5170 2763 5170 2763 5171 2930 5171 2928 5171 2763 5172 2928 5172 2764 5172 2764 5173 2928 5173 2926 5173 2764 5174 2926 5174 2765 5174 2765 5175 2926 5175 2924 5175 2765 5176 2924 5176 2766 5176 2766 5177 2924 5177 2922 5177 2766 5178 2922 5178 2767 5178 2767 5179 2922 5179 2920 5179 2767 5180 2920 5180 2768 5180 2768 5181 2920 5181 2918 5181 2768 5182 2918 5182 2769 5182 2769 5183 2918 5183 2916 5183 2769 5184 2916 5184 2770 5184 2770 5185 2916 5185 2914 5185 2770 5186 2914 5186 2771 5186 2771 5187 2914 5187 2912 5187 2771 5188 2912 5188 2772 5188 2772 5189 2912 5189 2910 5189 2772 5190 2910 5190 2773 5190 2773 5191 2910 5191 2908 5191 2773 5192 2908 5192 2774 5192 2774 5193 2908 5193 2906 5193 2774 5194 2906 5194 2904 5194 2774 5195 2904 5195 2775 5195 2775 5196 2904 5196 2902 5196 2775 5197 2902 5197 2776 5197 2776 5198 2902 5198 2900 5198 2776 5199 2900 5199 2777 5199 2777 5200 2900 5200 2898 5200 2777 5201 2898 5201 2778 5201 2778 5202 2898 5202 2896 5202 2778 5203 2896 5203 2779 5203 2779 5204 2896 5204 2894 5204 2779 5205 2894 5205 2780 5205 2780 5206 2894 5206 2892 5206 2780 5207 2892 5207 2781 5207 2781 5208 2892 5208 2890 5208 2781 5209 2890 5209 2782 5209 2782 5210 2890 5210 2888 5210 2782 5211 2888 5211 2783 5211 2783 5212 2888 5212 2886 5212 2783 5213 2886 5213 2784 5213 2784 5214 2886 5214 2884 5214 2784 5215 2884 5215 2785 5215 2785 5216 2884 5216 2882 5216 2785 5217 2882 5217 2786 5217 2786 5218 2882 5218 2880 5218 2786 5219 2880 5219 2787 5219 2787 5220 2880 5220 2878 5220 2787 5221 2878 5221 2788 5221 2788 5222 2878 5222 2876 5222 2788 5223 2876 5223 2789 5223 2789 5224 2876 5224 2874 5224 2789 5225 2874 5225 2790 5225 2790 5226 2874 5226 2872 5226 2790 5227 2872 5227 2791 5227 2791 5228 2872 5228 2870 5228 2791 5229 2870 5229 2792 5229 2792 5230 2870 5230 2868 5230 2792 5231 2868 5231 2793 5231 2793 5232 2868 5232 2866 5232 2793 5233 2866 5233 2794 5233 2794 5234 2866 5234 2864 5234 2794 5235 2864 5235 2795 5235 2795 5236 2864 5236 2863 5236 2795 5237 2863 5237 60 5237 60 5238 2863 5238 50 5238 60 5239 50 5239 61 5239 61 5240 50 5240 51 5240 936 5241 621 5241 619 5241 614 5242 1252 5242 607 5242 607 5243 1252 5243 3323 5243 607 5244 3323 5244 3195 5244 3195 5245 3323 5245 3324 5245 3195 5246 3324 5246 3196 5246 3196 5247 3324 5247 3325 5247 3196 5248 3325 5248 3198 5248 3198 5249 3325 5249 3163 5249 3198 5250 3163 5250 3200 5250 3200 5251 3163 5251 3164 5251 3200 5252 3164 5252 3166 5252 3200 5253 3166 5253 3202 5253 3202 5254 3166 5254 3168 5254 3202 5255 3168 5255 3204 5255 3204 5256 3168 5256 3170 5256 3204 5257 3170 5257 3206 5257 3206 5258 3170 5258 3171 5258 3206 5259 3171 5259 3208 5259 3208 5260 3171 5260 3173 5260 3208 5261 3173 5261 3210 5261 3210 5262 3173 5262 3175 5262 3210 5263 3175 5263 3212 5263 3212 5264 3175 5264 3177 5264 3212 5265 3177 5265 3214 5265 3214 5266 3177 5266 3179 5266 3214 5267 3179 5267 3216 5267 3216 5268 3179 5268 3149 5268 3216 5269 3149 5269 3218 5269 3218 5270 3149 5270 3141 5270 3218 5271 3141 5271 3220 5271 3220 5272 3141 5272 3140 5272 3220 5273 3140 5273 3222 5273 3222 5274 3140 5274 3146 5274 3222 5275 3146 5275 3224 5275 3224 5276 3146 5276 3144 5276 3224 5277 3144 5277 3226 5277 3226 5278 3144 5278 3142 5278 3226 5279 3142 5279 3228 5279 3228 5280 3142 5280 3129 5280 3228 5281 3129 5281 3230 5281 3230 5282 3129 5282 3121 5282 3230 5283 3121 5283 3232 5283 3232 5284 3121 5284 3120 5284 3232 5285 3120 5285 3126 5285 3232 5286 3126 5286 3234 5286 3234 5287 3126 5287 3124 5287 3234 5288 3124 5288 3236 5288 3236 5289 3124 5289 3122 5289 3236 5290 3122 5290 3238 5290 3238 5291 3122 5291 3109 5291 3238 5292 3109 5292 3240 5292 3240 5293 3109 5293 3101 5293 3240 5294 3101 5294 3242 5294 3242 5295 3101 5295 3100 5295 3242 5296 3100 5296 3244 5296 3244 5297 3100 5297 3106 5297 3244 5298 3106 5298 3246 5298 3246 5299 3106 5299 3104 5299 3246 5300 3104 5300 3248 5300 3248 5301 3104 5301 3102 5301 3248 5302 3102 5302 3250 5302 3250 5303 3102 5303 3089 5303 3250 5304 3089 5304 3252 5304 3252 5305 3089 5305 3081 5305 3252 5306 3081 5306 3254 5306 3254 5307 3081 5307 3080 5307 3254 5308 3080 5308 3256 5308 3256 5309 3080 5309 3086 5309 3256 5310 3086 5310 3258 5310 3258 5311 3086 5311 3084 5311 3258 5312 3084 5312 3260 5312 3260 5313 3084 5313 3082 5313 3260 5314 3082 5314 3262 5314 3262 5315 3082 5315 3069 5315 3262 5316 3069 5316 3264 5316 3264 5317 3069 5317 3061 5317 3264 5318 3061 5318 3266 5318 3266 5319 3061 5319 3060 5319 3266 5320 3060 5320 3268 5320 3268 5321 3060 5321 3066 5321 3268 5322 3066 5322 3270 5322 3270 5323 3066 5323 3064 5323 3270 5324 3064 5324 3272 5324 3272 5325 3064 5325 3062 5325 3272 5326 3062 5326 3274 5326 3274 5327 3062 5327 3049 5327 3274 5328 3049 5328 3276 5328 3276 5329 3049 5329 3041 5329 3276 5330 3041 5330 3040 5330 3276 5331 3040 5331 3278 5331 3278 5332 3040 5332 3046 5332 3278 5333 3046 5333 3280 5333 3280 5334 3046 5334 3044 5334 3280 5335 3044 5335 3282 5335 3282 5336 3044 5336 3042 5336 3282 5337 3042 5337 3284 5337 3284 5338 3042 5338 3029 5338 3284 5339 3029 5339 3286 5339 3286 5340 3029 5340 3002 5340 3286 5341 3002 5341 3288 5341 3288 5342 3002 5342 3001 5342 3288 5343 3001 5343 3290 5343 3290 5344 3001 5344 3026 5344 3290 5345 3026 5345 3292 5345 3292 5346 3026 5346 3024 5346 3292 5347 3024 5347 3294 5347 3294 5348 3024 5348 3022 5348 3294 5349 3022 5349 3296 5349 3296 5350 3022 5350 3021 5350 3296 5351 3021 5351 3298 5351 3298 5352 3021 5352 3019 5352 3298 5353 3019 5353 3300 5353 3300 5354 3019 5354 3017 5354 3300 5355 3017 5355 3302 5355 3302 5356 3017 5356 3016 5356 3302 5357 3016 5357 3304 5357 3304 5358 3016 5358 3014 5358 3304 5359 3014 5359 3306 5359 3306 5360 3014 5360 3012 5360 3306 5361 3012 5361 3308 5361 3308 5362 3012 5362 3011 5362 3308 5363 3011 5363 3310 5363 3310 5364 3011 5364 3009 5364 3310 5365 3009 5365 3312 5365 3312 5366 3009 5366 3007 5366 3312 5367 3007 5367 3314 5367 3314 5368 3007 5368 3006 5368 3314 5369 3006 5369 3316 5369 3316 5370 3006 5370 3004 5370 3316 5371 3004 5371 3318 5371 3318 5372 3004 5372 2986 5372 3318 5373 2986 5373 67 5373 67 5374 2986 5374 54 5374 67 5375 54 5375 65 5375 65 5376 54 5376 52 5376 607 5377 535 5377 614 5377 3338 5418 1738 5418 74 5418 74 5419 1738 5419 1739 5419 74 5420 1739 5420 1740 5420 1738 5421 3338 5421 2014 5421 2014 5422 3338 5422 1961 5422 2014 5423 1961 5423 2043 5423 2043 5424 1961 5424 1962 5424 2043 5425 1962 5425 2045 5425 2045 5426 1962 5426 1963 5426 2045 5427 1963 5427 2047 5427 2047 5428 1963 5428 1964 5428 2047 5429 1964 5429 2049 5429 2049 5430 1964 5430 1965 5430 2049 5431 1965 5431 2051 5431 2051 5432 1965 5432 1966 5432 2051 5433 1966 5433 2053 5433 2053 5434 1966 5434 1967 5434 2053 5435 1967 5435 2055 5435 2055 5436 1967 5436 1968 5436 2055 5437 1968 5437 2057 5437 2057 5438 1968 5438 1969 5438 2057 5439 1969 5439 2059 5439 2059 5440 1969 5440 1970 5440 2059 5441 1970 5441 2061 5441 2061 5442 1970 5442 2063 5442 2063 5443 1970 5443 1971 5443 2063 5444 1971 5444 2065 5444 2065 5445 1971 5445 1972 5445 2065 5446 1972 5446 2067 5446 2067 5447 1972 5447 2069 5447 2069 5448 1972 5448 1973 5448 2069 5449 1973 5449 2071 5449 2071 5450 1973 5450 1974 5450 2071 5451 1974 5451 2073 5451 2073 5452 1974 5452 1975 5452 2073 5453 1975 5453 2075 5453 2075 5454 1975 5454 1976 5454 2075 5455 1976 5455 2077 5455 2077 5456 1976 5456 1977 5456 2077 5457 1977 5457 2079 5457 2079 5458 1977 5458 1978 5458 2079 5459 1978 5459 1979 5459 2079 5460 1979 5460 2081 5460 2081 5461 1979 5461 1980 5461 2081 5462 1980 5462 2083 5462 2083 5463 1980 5463 1981 5463 2083 5464 1981 5464 2085 5464 2085 5465 1981 5465 1982 5465 2085 5466 1982 5466 2041 5466 2041 5467 1982 5467 1983 5467 2041 5468 1983 5468 2042 5468 2042 5469 1983 5469 1984 5469 2042 5470 1984 5470 2087 5470 2087 5471 1984 5471 1985 5471 2087 5472 1985 5472 2089 5472 2089 5473 1985 5473 1986 5473 2089 5474 1986 5474 2091 5474 2091 5475 1986 5475 1987 5475 2091 5476 1987 5476 2093 5476 2093 5477 1987 5477 1988 5477 2093 5478 1988 5478 2095 5478 2095 5479 1988 5479 1989 5479 2095 5480 1989 5480 2097 5480 2097 5481 1989 5481 1990 5481 2097 5482 1990 5482 2099 5482 2099 5483 1990 5483 1991 5483 2099 5484 1991 5484 2101 5484 2101 5485 1991 5485 1992 5485 2101 5486 1992 5486 2103 5486 2103 5487 1992 5487 1993 5487 2103 5488 1993 5488 2105 5488 2105 5489 1993 5489 1994 5489 2105 5490 1994 5490 2107 5490 2107 5491 1994 5491 1995 5491 2107 5492 1995 5492 2109 5492 2109 5493 1995 5493 1996 5493 2109 5494 1996 5494 2111 5494 2111 5495 1996 5495 1997 5495 2111 5496 1997 5496 1998 5496 2111 5497 1998 5497 2113 5497 2113 5498 1998 5498 1999 5498 2113 5499 1999 5499 2115 5499 2115 5500 1999 5500 2000 5500 2115 5501 2000 5501 2117 5501 2117 5502 2000 5502 2001 5502 2117 5503 2001 5503 2119 5503 2119 5504 2001 5504 2002 5504 2119 5505 2002 5505 2121 5505 2121 5506 2002 5506 2003 5506 2121 5507 2003 5507 2123 5507 2123 5508 2003 5508 2004 5508 2123 5509 2004 5509 2125 5509 2125 5510 2004 5510 2005 5510 2125 5511 2005 5511 2127 5511 2127 5512 2005 5512 2006 5512 2127 5513 2006 5513 2129 5513 2129 5514 2006 5514 2007 5514 2129 5515 2007 5515 2131 5515 2131 5516 2007 5516 2008 5516 2131 5517 2008 5517 2133 5517 2133 5518 2008 5518 2009 5518 2133 5519 2009 5519 2135 5519 2135 5520 2009 5520 2010 5520 2135 5521 2010 5521 2137 5521 2137 5522 2010 5522 2011 5522 2137 5523 2011 5523 2139 5523 2139 5524 2011 5524 2012 5524 2139 5525 2012 5525 2141 5525 2141 5526 2012 5526 1922 5526 2141 5527 1922 5527 71 5527 71 5528 1922 5528 56 5528 71 5529 56 5529 63 5529 63 5530 56 5530 49 5530 2014 5531 2013 5531 1738 5531 1740 5532 1741 5532 74 5532 74 5533 1741 5533 72 5533 72 5534 1741 5534 622 5534 617 5539 1068 5539 2353 5539 2353 5540 1068 5540 3339 5540 2353 5541 3339 5541 2460 5541 2460 5542 3339 5542 2458 5542 2458 5543 3339 5543 2515 5543 2458 5544 2515 5544 2456 5544 2456 5545 2515 5545 2516 5545 2456 5546 2516 5546 2518 5546 2456 5547 2518 5547 2454 5547 2454 5548 2518 5548 2520 5548 2454 5549 2520 5549 2452 5549 2452 5550 2520 5550 2522 5550 2452 5551 2522 5551 2450 5551 2450 5552 2522 5552 2524 5552 2450 5553 2524 5553 2448 5553 2448 5554 2524 5554 2526 5554 2448 5555 2526 5555 2446 5555 2446 5556 2526 5556 2528 5556 2446 5557 2528 5557 2444 5557 2444 5558 2528 5558 2530 5558 2444 5559 2530 5559 2442 5559 2442 5560 2530 5560 2532 5560 2442 5561 2532 5561 2440 5561 2440 5562 2532 5562 2438 5562 2438 5563 2532 5563 2534 5563 2438 5564 2534 5564 2436 5564 2436 5565 2534 5565 2434 5565 2434 5566 2534 5566 2536 5566 2434 5567 2536 5567 2432 5567 2432 5568 2536 5568 2538 5568 2432 5569 2538 5569 2430 5569 2430 5570 2538 5570 2540 5570 2430 5571 2540 5571 2428 5571 2428 5572 2540 5572 2542 5572 2428 5573 2542 5573 2426 5573 2426 5574 2542 5574 2544 5574 2426 5575 2544 5575 2424 5575 2424 5576 2544 5576 2546 5576 2424 5577 2546 5577 2422 5577 2422 5578 2546 5578 2548 5578 2422 5579 2548 5579 2420 5579 2420 5580 2548 5580 2550 5580 2420 5581 2550 5581 2552 5581 2420 5582 2552 5582 2418 5582 2418 5583 2552 5583 2554 5583 2418 5584 2554 5584 2416 5584 2416 5585 2554 5585 2556 5585 2416 5586 2556 5586 2414 5586 2414 5587 2556 5587 2558 5587 2414 5588 2558 5588 2412 5588 2412 5589 2558 5589 2560 5589 2412 5590 2560 5590 2410 5590 2410 5591 2560 5591 2562 5591 2410 5592 2562 5592 2408 5592 2408 5593 2562 5593 2564 5593 2408 5594 2564 5594 2406 5594 2406 5595 2564 5595 2566 5595 2406 5596 2566 5596 2404 5596 2404 5597 2566 5597 2568 5597 2404 5598 2568 5598 2402 5598 2402 5599 2568 5599 2570 5599 2402 5600 2570 5600 2400 5600 2400 5601 2570 5601 2572 5601 2400 5602 2572 5602 2398 5602 2398 5603 2572 5603 2574 5603 2398 5604 2574 5604 2396 5604 2396 5605 2574 5605 2576 5605 2396 5606 2576 5606 2394 5606 2394 5607 2576 5607 2578 5607 2394 5608 2578 5608 2392 5608 2392 5609 2578 5609 2580 5609 2392 5610 2580 5610 2390 5610 2390 5611 2580 5611 2582 5611 2390 5612 2582 5612 2388 5612 2388 5613 2582 5613 2584 5613 2388 5614 2584 5614 2386 5614 2386 5615 2584 5615 2586 5615 2386 5616 2586 5616 2384 5616 2384 5617 2586 5617 2588 5617 2384 5618 2588 5618 2590 5618 2384 5619 2590 5619 2382 5619 2382 5620 2590 5620 2592 5620 2382 5621 2592 5621 2380 5621 2380 5622 2592 5622 2594 5622 2380 5623 2594 5623 2378 5623 2378 5624 2594 5624 2596 5624 2378 5625 2596 5625 2376 5625 2376 5626 2596 5626 2598 5626 2376 5627 2598 5627 2374 5627 2374 5628 2598 5628 2600 5628 2374 5629 2600 5629 2372 5629 2372 5630 2600 5630 2602 5630 2372 5631 2602 5631 2370 5631 2370 5632 2602 5632 2604 5632 2370 5633 2604 5633 2368 5633 2368 5634 2604 5634 2606 5634 2368 5635 2606 5635 2366 5635 2366 5636 2606 5636 2608 5636 2366 5637 2608 5637 2364 5637 2364 5638 2608 5638 2610 5638 2364 5639 2610 5639 2362 5639 2362 5640 2610 5640 2612 5640 2362 5641 2612 5641 2360 5641 2360 5642 2612 5642 2614 5642 2360 5643 2614 5643 2358 5643 2358 5644 2614 5644 2616 5644 2358 5645 2616 5645 2356 5645 2356 5646 2616 5646 2618 5646 2356 5647 2618 5647 69 5647 69 5648 2618 5648 58 5648 69 5649 58 5649 64 5649 64 5650 58 5650 53 5650 2353 5651 625 5651 617 5651 0 5656 626 5656 1 5656 1 5657 626 5657 3340 5657 1 5658 3340 5658 3341 5658 10 5659 8 5659 0 5659 0 5660 8 5660 626 5660 8 5661 6 5661 626 5661 626 5662 6 5662 3342 5662 626 5663 3342 5663 3343 5663 4 5664 3344 5664 6 5664 6 5665 3344 5665 3345 5665 6 5666 3345 5666 3346 5666 1 5667 3341 5667 4 5667 4 5668 3341 5668 3347 5668 4 5669 3347 5669 3344 5669 3344 5670 3347 5670 3348 5670 3348 5671 3347 5671 3349 5671 3348 5672 3349 5672 3350 5672 3350 5673 3349 5673 3351 5673 3351 5674 3349 5674 3352 5674 3351 5675 3352 5675 3353 5675 3353 5676 3352 5676 3354 5676 3354 5677 3352 5677 3355 5677 3354 5678 3355 5678 3356 5678 3356 5679 3355 5679 3340 5679 3356 5680 3340 5680 626 5680 12 5681 938 5681 13 5681 13 5682 938 5682 3357 5682 13 5683 3357 5683 3358 5683 3358 5684 3357 5684 3359 5684 3359 5685 3357 5685 3360 5685 3359 5686 3360 5686 3361 5686 22 5687 20 5687 12 5687 12 5688 20 5688 938 5688 20 5689 18 5689 938 5689 938 5690 18 5690 3362 5690 938 5691 3362 5691 3363 5691 3363 5692 3362 5692 3364 5692 3364 5693 3362 5693 3365 5693 3364 5694 3365 5694 3366 5694 3366 5695 3365 5695 3367 5695 3366 5696 3367 5696 3368 5696 3368 5697 3367 5697 3369 5697 3369 5698 3367 5698 3370 5698 3369 5699 3370 5699 3371 5699 3371 5700 3370 5700 3372 5700 3372 5701 3370 5701 3373 5701 3373 5702 3370 5702 3374 5702 3373 5703 3374 5703 3375 5703 3375 5704 3374 5704 3376 5704 3375 5705 3376 5705 3377 5705 3377 5706 3376 5706 3378 5706 3378 5707 3376 5707 3359 5707 3378 5708 3359 5708 3361 5708 3362 5709 18 5709 3379 5709 3379 5710 18 5710 16 5710 3379 5711 16 5711 3380 5711 3380 5712 16 5712 3381 5712 3380 5713 3381 5713 3374 5713 16 5714 13 5714 3381 5714 3381 5715 13 5715 3382 5715 3382 5716 13 5716 3358 5716 24 5717 34 5717 25 5717 25 5718 34 5718 628 5718 25 5719 628 5719 28 5719 28 5720 628 5720 3383 5720 28 5721 3383 5721 3384 5721 3384 5722 3383 5722 3385 5722 3385 5723 3383 5723 3386 5723 3385 5724 3386 5724 3387 5724 34 5725 32 5725 628 5725 628 5726 32 5726 3388 5726 628 5727 3388 5727 3389 5727 3389 5728 3388 5728 3390 5728 3390 5729 3388 5729 3391 5729 3390 5730 3391 5730 3392 5730 3392 5731 3391 5731 3393 5731 3392 5732 3393 5732 3394 5732 3394 5733 3393 5733 3395 5733 3395 5734 3393 5734 3396 5734 3395 5735 3396 5735 3397 5735 3397 5736 3396 5736 3398 5736 3398 5737 3396 5737 3399 5737 3399 5738 3396 5738 3400 5738 3399 5739 3400 5739 3401 5739 3401 5740 3400 5740 3402 5740 3401 5741 3402 5741 3403 5741 3403 5742 3402 5742 3404 5742 3404 5743 3402 5743 3385 5743 3404 5744 3385 5744 3387 5744 3388 5745 32 5745 3405 5745 3405 5746 32 5746 30 5746 3405 5747 30 5747 3406 5747 3406 5748 30 5748 3407 5748 3406 5749 3407 5749 3400 5749 30 5750 28 5750 3407 5750 3407 5751 28 5751 3408 5751 3408 5752 28 5752 3384 5752 36 5753 1070 5753 37 5753 37 5754 1070 5754 3409 5754 37 5755 3409 5755 3410 5755 46 5756 44 5756 36 5756 36 5757 44 5757 1070 5757 44 5758 42 5758 1070 5758 1070 5759 42 5759 3411 5759 1070 5760 3411 5760 3412 5760 40 5761 3413 5761 42 5761 42 5762 3413 5762 3414 5762 42 5763 3414 5763 3415 5763 37 5764 3410 5764 40 5764 40 5765 3410 5765 3416 5765 40 5766 3416 5766 3413 5766 3413 5767 3416 5767 3417 5767 3417 5768 3416 5768 3418 5768 3417 5769 3418 5769 3419 5769 3419 5770 3418 5770 3420 5770 3420 5771 3418 5771 3421 5771 3420 5772 3421 5772 3422 5772 3422 5773 3421 5773 3423 5773 3423 5774 3421 5774 3424 5774 3423 5775 3424 5775 3425 5775 3425 5776 3424 5776 3409 5776 3425 5777 3409 5777 1070 5777 3426 5778 3427 5778 3428 5778 3428 5779 3427 5779 3429 5779 3428 5780 3429 5780 3430 5780 3430 5781 3429 5781 3431 5781 3431 5782 3429 5782 3432 5782 3431 5783 3432 5783 3433 5783 3433 5784 3432 5784 3434 5784 3434 5785 3432 5785 3435 5785 3434 5786 3435 5786 3436 5786 3436 5787 3435 5787 3437 5787 3437 5788 3435 5788 3438 5788 3437 5789 3438 5789 3439 5789 3439 5790 3438 5790 3440 5790 3440 5791 3438 5791 3441 5791 3440 5792 3441 5792 3442 5792 3442 5793 3441 5793 3443 5793 3443 5794 3441 5794 3427 5794 3443 5795 3427 5795 3426 5795 3443 5796 3426 5796 3444 5796 3444 5797 3426 5797 3445 5797 3444 5798 3445 5798 3446 5798 3446 5799 3445 5799 3447 5799 3447 5800 3445 5800 3448 5800 3447 5801 3448 5801 3449 5801 3449 5802 3448 5802 3450 5802 3450 5803 3448 5803 3451 5803 3450 5804 3451 5804 3452 5804 3452 5805 3451 5805 3453 5805 3453 5806 3451 5806 3454 5806 3453 5807 3454 5807 3455 5807 3455 5808 3454 5808 3430 5808 3430 5809 3454 5809 3428 5809 3456 5810 3457 5810 3458 5810 3458 5811 3457 5811 3459 5811 3458 5812 3459 5812 3460 5812 3460 5813 3459 5813 3461 5813 3461 5814 3459 5814 3462 5814 3461 5815 3462 5815 3463 5815 3463 5816 3462 5816 3464 5816 3464 5817 3462 5817 3465 5817 3464 5818 3465 5818 3466 5818 3466 5819 3465 5819 3467 5819 3467 5820 3465 5820 3468 5820 3467 5821 3468 5821 3469 5821 3469 5822 3468 5822 3470 5822 3470 5823 3468 5823 3471 5823 3470 5824 3471 5824 3472 5824 3472 5825 3471 5825 3473 5825 3473 5826 3471 5826 3457 5826 3473 5827 3457 5827 3456 5827 3473 5828 3456 5828 3474 5828 3474 5829 3456 5829 3475 5829 3474 5830 3475 5830 3476 5830 3476 5831 3475 5831 3477 5831 3477 5832 3475 5832 3478 5832 3477 5833 3478 5833 3479 5833 3479 5834 3478 5834 3480 5834 3479 5835 3480 5835 626 5835 626 5836 3480 5836 3356 5836 3356 5837 3480 5837 3481 5837 3481 5838 3480 5838 3482 5838 3481 5839 3482 5839 3460 5839 3460 5840 3482 5840 3458 5840 3483 5841 3484 5841 3485 5841 3485 5842 3484 5842 3486 5842 3485 5843 3486 5843 938 5843 938 5844 3486 5844 3357 5844 3483 5845 3487 5845 3484 5845 3484 5846 3487 5846 3488 5846 3484 5847 3488 5847 3489 5847 3489 5848 3488 5848 3490 5848 3489 5849 3490 5849 3491 5849 3491 5850 3490 5850 3492 5850 3492 5851 3490 5851 3493 5851 3492 5852 3493 5852 3494 5852 3494 5853 3493 5853 3495 5853 3495 5854 3493 5854 3496 5854 3495 5855 3496 5855 3497 5855 3497 5856 3496 5856 3498 5856 3498 5857 3496 5857 3499 5857 3498 5858 3499 5858 3500 5858 3500 5859 3499 5859 3501 5859 3501 5860 3499 5860 3502 5860 3501 5861 3502 5861 3503 5861 3503 5862 3502 5862 3487 5862 3487 5863 3502 5863 3488 5863 3501 5864 3503 5864 3504 5864 3504 5865 3503 5865 3505 5865 3504 5866 3505 5866 3506 5866 3506 5867 3505 5867 3507 5867 3507 5868 3505 5868 3343 5868 3343 5869 3505 5869 3508 5869 3343 5870 3508 5870 626 5870 626 5871 3508 5871 938 5871 938 5872 3508 5872 3485 5872 3509 5873 3510 5873 3363 5873 3363 5874 3510 5874 3511 5874 3363 5875 3511 5875 938 5875 938 5876 3511 5876 3512 5876 938 5877 3512 5877 1070 5877 1070 5878 3512 5878 3513 5878 1070 5879 3513 5879 3514 5879 3514 5880 3513 5880 3515 5880 3515 5881 3513 5881 3516 5881 3515 5882 3516 5882 3517 5882 3517 5883 3516 5883 3518 5883 3517 5884 3518 5884 3519 5884 3519 5885 3518 5885 3520 5885 3520 5886 3518 5886 3521 5886 3520 5887 3521 5887 3522 5887 3522 5888 3521 5888 3523 5888 3523 5889 3521 5889 3524 5889 3523 5890 3524 5890 3525 5890 3525 5891 3524 5891 3526 5891 3526 5892 3524 5892 3527 5892 3526 5893 3527 5893 3512 5893 3512 5894 3527 5894 3513 5894 3510 5895 3509 5895 3528 5895 3528 5896 3509 5896 3529 5896 3528 5897 3529 5897 3530 5897 3530 5898 3529 5898 3531 5898 3531 5899 3529 5899 3532 5899 3531 5900 3532 5900 3533 5900 3533 5901 3532 5901 3368 5901 3368 5902 3532 5902 3366 5902 3512 5903 3511 5903 3534 5903 3534 5904 3511 5904 3535 5904 3534 5905 3535 5905 3536 5905 3536 5906 3535 5906 3537 5906 3536 5907 3537 5907 3538 5907 3538 5908 3537 5908 3539 5908 3539 5909 3537 5909 3540 5909 3539 5910 3540 5910 3541 5910 3541 5911 3540 5911 3530 5911 3530 5912 3540 5912 3528 5912 3531 5913 3533 5913 3542 5913 3542 5914 3533 5914 3543 5914 3542 5915 3543 5915 3544 5915 3544 5916 3543 5916 3545 5916 3545 5917 3543 5917 3546 5917 3545 5918 3546 5918 3547 5918 3547 5919 3546 5919 3548 5919 3548 5920 3546 5920 3549 5920 3548 5921 3549 5921 3550 5921 3550 5922 3549 5922 3371 5922 3371 5923 3549 5923 3369 5923 3551 5924 3552 5924 3553 5924 3553 5925 3552 5925 3554 5925 3553 5926 3554 5926 3555 5926 3555 5927 3554 5927 3556 5927 3556 5928 3554 5928 3557 5928 3556 5929 3557 5929 3558 5929 3558 5930 3557 5930 3547 5930 3547 5931 3557 5931 3545 5931 3559 5932 3560 5932 3551 5932 3551 5933 3560 5933 3561 5933 3551 5934 3561 5934 3552 5934 3552 5935 3561 5935 3562 5935 3562 5936 3561 5936 3563 5936 3562 5937 3563 5937 3564 5937 3564 5938 3563 5938 3565 5938 3565 5939 3563 5939 3566 5939 3565 5940 3566 5940 3567 5940 3567 5941 3566 5941 3568 5941 3568 5942 3566 5942 3569 5942 3568 5943 3569 5943 3570 5943 3570 5944 3569 5944 3571 5944 3571 5945 3569 5945 3572 5945 3571 5946 3572 5946 3573 5946 3573 5947 3572 5947 3574 5947 3574 5948 3572 5948 3560 5948 3574 5949 3560 5949 3559 5949 3574 5950 3559 5950 3575 5950 3575 5951 3559 5951 3576 5951 3575 5952 3576 5952 3577 5952 3577 5953 3576 5953 3578 5953 3578 5954 3576 5954 3579 5954 3578 5955 3579 5955 3580 5955 3580 5956 3579 5956 3581 5956 3581 5957 3579 5957 3582 5957 3581 5958 3582 5958 3583 5958 3583 5959 3582 5959 3555 5959 3555 5960 3582 5960 3553 5960 3517 5961 3519 5961 3584 5961 3584 5962 3519 5962 3585 5962 3584 5963 3585 5963 3586 5963 3586 5964 3585 5964 3587 5964 3587 5965 3585 5965 3588 5965 3587 5966 3588 5966 3589 5966 3589 5967 3588 5967 3590 5967 3590 5968 3588 5968 3591 5968 3590 5969 3591 5969 3592 5969 3592 5970 3591 5970 3593 5970 3593 5971 3591 5971 3594 5971 3593 5972 3594 5972 3595 5972 3595 5973 3594 5973 3522 5973 3522 5974 3594 5974 3520 5974 3375 5975 3377 5975 3596 5975 3596 5976 3377 5976 3597 5976 3596 5977 3597 5977 3598 5977 3598 5978 3597 5978 3599 5978 3599 5979 3597 5979 3600 5979 3599 5980 3600 5980 3601 5980 3601 5981 3600 5981 3494 5981 3494 5982 3600 5982 3492 5982 3489 5983 3491 5983 3361 5983 3361 5984 3491 5984 3378 5984 3602 5985 3603 5985 3604 5985 3604 5986 3603 5986 3605 5986 3604 5987 3605 5987 3606 5987 3606 5988 3605 5988 3449 5988 3449 5989 3605 5989 3447 5989 3607 5990 3608 5990 3602 5990 3602 5991 3608 5991 3609 5991 3602 5992 3609 5992 3603 5992 3603 5993 3609 5993 3610 5993 3610 5994 3609 5994 3611 5994 3610 5995 3611 5995 3612 5995 3612 5996 3611 5996 3613 5996 3613 5997 3611 5997 3614 5997 3613 5998 3614 5998 3615 5998 3615 5999 3614 5999 3616 5999 3616 6000 3614 6000 3617 6000 3616 6001 3617 6001 3618 6001 3618 6002 3617 6002 3619 6002 3619 6003 3617 6003 3620 6003 3619 6004 3620 6004 3621 6004 3621 6005 3620 6005 3622 6005 3622 6006 3620 6006 3608 6006 3622 6007 3608 6007 3607 6007 3622 6008 3607 6008 3623 6008 3623 6009 3607 6009 3624 6009 3623 6010 3624 6010 3389 6010 3389 6011 3624 6011 3625 6011 3389 6012 3625 6012 628 6012 628 6013 3625 6013 3626 6013 628 6014 3626 6014 626 6014 626 6015 3626 6015 3479 6015 3626 6016 3625 6016 3627 6016 3627 6017 3625 6017 3628 6017 3627 6018 3628 6018 3606 6018 3606 6019 3628 6019 3604 6019 3629 6020 3630 6020 3631 6020 3631 6021 3630 6021 3632 6021 3631 6022 3632 6022 3633 6022 3633 6023 3632 6023 3634 6023 3634 6024 3632 6024 3635 6024 3634 6025 3635 6025 3636 6025 3636 6026 3635 6026 3637 6026 3637 6027 3635 6027 3638 6027 3637 6028 3638 6028 3639 6028 3639 6029 3638 6029 3595 6029 3595 6030 3638 6030 3593 6030 3640 6031 3641 6031 3629 6031 3629 6032 3641 6032 3642 6032 3629 6033 3642 6033 3630 6033 3630 6034 3642 6034 3592 6034 3592 6035 3642 6035 3590 6035 3643 6036 3644 6036 3640 6036 3640 6037 3644 6037 3645 6037 3640 6038 3645 6038 3641 6038 3641 6039 3645 6039 3646 6039 3646 6040 3645 6040 3647 6040 3646 6041 3647 6041 3648 6041 3648 6042 3647 6042 3649 6042 3649 6043 3647 6043 3650 6043 3649 6044 3650 6044 3651 6044 3651 6045 3650 6045 3652 6045 3652 6046 3650 6046 3653 6046 3652 6047 3653 6047 3654 6047 3654 6048 3653 6048 3655 6048 3655 6049 3653 6049 3656 6049 3655 6050 3656 6050 3657 6050 3657 6051 3656 6051 3658 6051 3658 6052 3656 6052 3644 6052 3658 6053 3644 6053 3643 6053 3658 6054 3643 6054 3659 6054 3659 6055 3643 6055 3660 6055 3659 6056 3660 6056 3661 6056 3661 6057 3660 6057 3662 6057 3662 6058 3660 6058 3663 6058 3662 6059 3663 6059 3664 6059 3664 6060 3663 6060 3633 6060 3633 6061 3663 6061 3631 6061 3665 6062 3666 6062 3667 6062 3667 6063 3666 6063 3668 6063 3667 6064 3668 6064 3669 6064 3669 6065 3668 6065 3670 6065 3670 6066 3668 6066 3671 6066 3670 6067 3671 6067 3672 6067 3672 6068 3671 6068 3673 6068 3673 6069 3671 6069 3674 6069 3673 6070 3674 6070 3675 6070 3675 6071 3674 6071 3422 6071 3422 6072 3674 6072 3420 6072 3411 6073 3415 6073 3665 6073 3665 6074 3415 6074 3676 6074 3665 6075 3676 6075 3677 6075 3678 6076 3679 6076 3412 6076 3412 6077 3679 6077 3680 6077 3412 6078 3680 6078 1070 6078 1070 6079 3680 6079 628 6079 628 6080 3680 6080 3681 6080 628 6081 3681 6081 3682 6081 3682 6082 3681 6082 3654 6082 3654 6083 3681 6083 3683 6083 3654 6084 3683 6084 3652 6084 3678 6085 3684 6085 3679 6085 3679 6086 3684 6086 3685 6086 3679 6087 3685 6087 3651 6087 3651 6088 3685 6088 3649 6088 3685 6089 3684 6089 3669 6089 3669 6090 3684 6090 3667 6090 3396 6091 3406 6091 3400 6091 3686 6092 3687 6092 3688 6092 3688 6093 3687 6093 3689 6093 3688 6094 3689 6094 3690 6094 3690 6095 3689 6095 3691 6095 3691 6096 3689 6096 3692 6096 3691 6097 3692 6097 3693 6097 3693 6098 3692 6098 3694 6098 3694 6099 3692 6099 3695 6099 3694 6100 3695 6100 3696 6100 3696 6101 3695 6101 3664 6101 3664 6102 3695 6102 3662 6102 3401 6103 3403 6103 3686 6103 3686 6104 3403 6104 3697 6104 3686 6105 3697 6105 3687 6105 3687 6106 3697 6106 3661 6106 3661 6107 3697 6107 3659 6107 3395 6108 3397 6108 3690 6108 3690 6109 3397 6109 3688 6109 3417 6110 3419 6110 3677 6110 3677 6111 3419 6111 3666 6111 3677 6112 3666 6112 3665 6112 3584 6113 3586 6113 3698 6113 3698 6114 3586 6114 3699 6114 3698 6115 3699 6115 3700 6115 3700 6116 3699 6116 3675 6116 3675 6117 3699 6117 3673 6117 3670 6118 3672 6118 3701 6118 3701 6119 3672 6119 3702 6119 3701 6120 3702 6120 3703 6120 3703 6121 3702 6121 3589 6121 3589 6122 3702 6122 3587 6122 3479 6123 3626 6123 3704 6123 3704 6124 3626 6124 3705 6124 3704 6125 3705 6125 3452 6125 3452 6126 3705 6126 3450 6126 3706 6127 3707 6127 3514 6127 3514 6128 3707 6128 3425 6128 3514 6129 3425 6129 1070 6129 3707 6130 3706 6130 3700 6130 3700 6131 3706 6131 3698 6131 3556 6132 3558 6132 3708 6132 3708 6133 3558 6133 3709 6133 3708 6134 3709 6134 3710 6134 3710 6135 3709 6135 3601 6135 3601 6136 3709 6136 3599 6136 3581 6137 3583 6137 3442 6137 3442 6138 3583 6138 3440 6138 3437 6139 3439 6139 3710 6139 3710 6140 3439 6140 3708 6140 3571 6141 3573 6141 3711 6141 3711 6142 3573 6142 3712 6142 3711 6143 3712 6143 3713 6143 3713 6144 3712 6144 3714 6144 3714 6145 3712 6145 3715 6145 3714 6146 3715 6146 3716 6146 3716 6147 3715 6147 3717 6147 3717 6148 3715 6148 3718 6148 3717 6149 3718 6149 3719 6149 3719 6150 3718 6150 3577 6150 3577 6151 3718 6151 3575 6151 3498 6152 3500 6152 3469 6152 3469 6153 3500 6153 3467 6153 3464 6154 3466 6154 3720 6154 3720 6155 3466 6155 3721 6155 3720 6156 3721 6156 3722 6156 3722 6157 3721 6157 3506 6157 3506 6158 3721 6158 3504 6158 3539 6159 3541 6159 3567 6159 3567 6160 3541 6160 3565 6160 3562 6161 3564 6161 3544 6161 3544 6162 3564 6162 3542 6162 3720 6163 3722 6163 3723 6163 3723 6164 3722 6164 3724 6164 3723 6165 3724 6165 3725 6165 3725 6166 3724 6166 3726 6166 3726 6167 3724 6167 3346 6167 3346 6168 3724 6168 3342 6168 3346 6169 3342 6169 6 6169 3474 6170 3476 6170 3455 6170 3455 6171 3476 6171 3453 6171 3470 6172 3472 6172 3433 6172 3433 6173 3472 6173 3431 6173 3351 6174 3353 6174 3463 6174 3463 6175 3353 6175 3461 6175 3723 6176 3725 6176 3350 6176 3350 6177 3725 6177 3348 6177 3523 6178 3525 6178 3727 6178 3727 6179 3525 6179 3728 6179 3727 6180 3728 6180 3729 6180 3729 6181 3728 6181 3538 6181 3538 6182 3728 6182 3536 6182 3370 6183 3380 6183 3374 6183 3637 6184 3639 6184 3730 6184 3730 6185 3639 6185 3731 6185 3730 6186 3731 6186 3732 6186 3732 6187 3731 6187 3729 6187 3729 6188 3731 6188 3727 6188 3434 6189 3436 6189 3497 6189 3497 6190 3436 6190 3495 6190 3714 6191 3716 6191 3696 6191 3696 6192 3716 6192 3694 6192 3691 6193 3693 6193 3618 6193 3618 6194 3693 6194 3616 6194 3613 6195 3615 6195 3719 6195 3719 6196 3615 6196 3717 6196 3610 6197 3612 6197 3733 6197 3733 6198 3612 6198 3734 6198 3733 6199 3734 6199 3735 6199 3735 6200 3734 6200 3580 6200 3580 6201 3734 6201 3578 6201 3619 6202 3621 6202 3394 6202 3394 6203 3621 6203 3392 6203 3701 6204 3703 6204 3648 6204 3648 6205 3703 6205 3646 6205 3682 6206 3383 6206 628 6206 3404 6207 3387 6207 3657 6207 3657 6208 3387 6208 3655 6208 3596 6209 3598 6209 3550 6209 3550 6210 3598 6210 3548 6210 3733 6211 3735 6211 3446 6211 3446 6212 3735 6212 3444 6212 3568 6213 3570 6213 3732 6213 3732 6214 3570 6214 3730 6214 3634 6215 3636 6215 3713 6215 3713 6216 3636 6216 3711 6216 3415 6217 3411 6217 42 6217 428 6218 128 6218 3605 6218 3605 6219 128 6219 3447 6219 128 6220 130 6220 3447 6220 3447 6221 130 6221 3446 6221 130 6222 132 6222 3446 6222 3446 6223 132 6223 3733 6223 132 6224 424 6224 3733 6224 3733 6225 424 6225 3610 6225 424 6226 426 6226 3610 6226 3610 6227 426 6227 3603 6227 426 6228 428 6228 3603 6228 3603 6229 428 6229 3605 6229 267 6230 268 6230 3351 6230 3351 6231 268 6231 3350 6231 268 6232 325 6232 3350 6232 3350 6233 325 6233 3723 6233 325 6234 323 6234 3723 6234 3723 6235 323 6235 3720 6235 323 6236 263 6236 3720 6236 3720 6237 263 6237 3464 6237 263 6238 265 6238 3464 6238 3464 6239 265 6239 3463 6239 265 6240 267 6240 3463 6240 3463 6241 267 6241 3351 6241 118 6242 119 6242 3340 6242 3340 6243 119 6243 3341 6243 119 6244 120 6244 3341 6244 3341 6245 120 6245 3347 6245 120 6246 266 6246 3347 6246 3347 6247 266 6247 3349 6247 266 6248 470 6248 3349 6248 3349 6249 470 6249 3352 6249 470 6250 472 6250 3352 6250 3352 6251 472 6251 3355 6251 472 6252 118 6252 3355 6252 3355 6253 118 6253 3340 6253 221 6254 223 6254 3359 6254 3359 6255 223 6255 3358 6255 223 6256 224 6256 3358 6256 3358 6257 224 6257 3382 6257 224 6258 225 6258 3382 6258 3382 6259 225 6259 3381 6259 225 6260 217 6260 3381 6260 3381 6261 217 6261 3374 6261 217 6262 219 6262 3374 6262 3374 6263 219 6263 3376 6263 219 6264 221 6264 3376 6264 3376 6265 221 6265 3359 6265 162 6266 218 6266 3596 6266 3596 6267 218 6267 3375 6267 218 6268 216 6268 3375 6268 3375 6269 216 6269 3373 6269 216 6270 214 6270 3373 6270 3373 6271 214 6271 3372 6271 214 6272 166 6272 3372 6272 3372 6273 166 6273 3371 6273 166 6274 164 6274 3371 6274 3371 6275 164 6275 3550 6275 164 6276 162 6276 3550 6276 3550 6277 162 6277 3596 6277 297 6278 441 6278 3568 6278 3568 6279 441 6279 3567 6279 441 6280 439 6280 3567 6280 3567 6281 439 6281 3539 6281 439 6282 437 6282 3539 6282 3539 6283 437 6283 3538 6283 437 6284 301 6284 3538 6284 3538 6285 301 6285 3729 6285 301 6286 299 6286 3729 6286 3729 6287 299 6287 3732 6287 299 6288 297 6288 3732 6288 3732 6289 297 6289 3568 6289 137 6290 86 6290 3696 6290 3696 6291 86 6291 3714 6291 86 6292 88 6292 3714 6292 3714 6293 88 6293 3713 6293 88 6294 90 6294 3713 6294 3713 6295 90 6295 3634 6295 90 6296 141 6296 3634 6296 3634 6297 141 6297 3633 6297 141 6298 139 6298 3633 6298 3633 6299 139 6299 3664 6299 139 6300 137 6300 3664 6300 3664 6301 137 6301 3696 6301 278 6302 231 6302 3711 6302 3711 6303 231 6303 3571 6303 231 6304 233 6304 3571 6304 3571 6305 233 6305 3570 6305 233 6306 235 6306 3570 6306 3570 6307 235 6307 3730 6307 235 6308 282 6308 3730 6308 3730 6309 282 6309 3637 6309 282 6310 280 6310 3637 6310 3637 6311 280 6311 3636 6311 280 6312 278 6312 3636 6312 3636 6313 278 6313 3711 6313 77 6314 331 6314 3444 6314 3444 6315 331 6315 3443 6315 331 6316 272 6316 3443 6316 3443 6317 272 6317 3442 6317 272 6318 273 6318 3442 6318 3442 6319 273 6319 3581 6319 273 6320 81 6320 3581 6320 3581 6321 81 6321 3580 6321 81 6322 79 6322 3580 6322 3580 6323 79 6323 3735 6323 79 6324 77 6324 3735 6324 3735 6325 77 6325 3444 6325 312 6326 447 6326 3554 6326 3554 6327 447 6327 3557 6327 447 6328 445 6328 3557 6328 3557 6329 445 6329 3545 6329 445 6330 443 6330 3545 6330 3545 6331 443 6331 3544 6331 443 6332 308 6332 3544 6332 3544 6333 308 6333 3562 6333 308 6334 310 6334 3562 6334 3562 6335 310 6335 3552 6335 310 6336 312 6336 3552 6336 3552 6337 312 6337 3554 6337 450 6338 194 6338 3709 6338 3709 6339 194 6339 3599 6339 194 6340 196 6340 3599 6340 3599 6341 196 6341 3598 6341 196 6342 198 6342 3598 6342 3598 6343 198 6343 3548 6343 198 6344 446 6344 3548 6344 3548 6345 446 6345 3547 6345 446 6346 448 6346 3547 6346 3547 6347 448 6347 3558 6347 448 6348 450 6348 3558 6348 3558 6349 450 6349 3709 6349 333 6350 425 6350 3608 6350 3608 6351 425 6351 3609 6351 425 6352 423 6352 3609 6352 3609 6353 423 6353 3611 6353 423 6354 421 6354 3611 6354 3611 6355 421 6355 3614 6355 421 6356 337 6356 3614 6356 3614 6357 337 6357 3617 6357 337 6358 335 6358 3617 6358 3617 6359 335 6359 3620 6359 335 6360 333 6360 3620 6360 3620 6361 333 6361 3608 6361 366 6362 336 6362 3394 6362 3394 6363 336 6363 3619 6363 336 6364 338 6364 3619 6364 3619 6365 338 6365 3618 6365 338 6366 340 6366 3618 6366 3618 6367 340 6367 3691 6367 340 6368 370 6368 3691 6368 3691 6369 370 6369 3690 6369 370 6370 368 6370 3690 6370 3690 6371 368 6371 3395 6371 368 6372 366 6372 3395 6372 3395 6373 366 6373 3394 6373 290 6374 243 6374 3675 6374 3675 6375 243 6375 3700 6375 243 6376 245 6376 3700 6376 3700 6377 245 6377 3707 6377 245 6378 246 6378 3707 6378 3707 6379 246 6379 3425 6379 246 6380 294 6380 3425 6380 3425 6381 294 6381 3423 6381 294 6382 292 6382 3423 6382 3423 6383 292 6383 3422 6383 292 6384 290 6384 3422 6384 3422 6385 290 6385 3675 6385 393 6386 146 6386 3649 6386 3649 6387 146 6387 3648 6387 146 6388 148 6388 3648 6388 3648 6389 148 6389 3701 6389 148 6390 150 6390 3701 6390 3701 6391 150 6391 3670 6391 150 6392 397 6392 3670 6392 3670 6393 397 6393 3669 6393 397 6394 395 6394 3669 6394 3669 6395 395 6395 3685 6395 395 6396 393 6396 3685 6396 3685 6397 393 6397 3649 6397 372 6398 342 6398 3403 6398 3403 6399 342 6399 3697 6399 342 6400 344 6400 3697 6400 3697 6401 344 6401 3659 6401 344 6402 346 6402 3659 6402 3659 6403 346 6403 3658 6403 346 6404 376 6404 3658 6404 3658 6405 376 6405 3657 6405 376 6406 374 6406 3657 6406 3657 6407 374 6407 3404 6407 374 6408 372 6408 3404 6408 3404 6409 372 6409 3403 6409 410 6410 375 6410 3386 6410 3386 6411 375 6411 3387 6411 375 6412 377 6412 3387 6412 3387 6413 377 6413 3655 6413 377 6414 379 6414 3655 6414 3655 6415 379 6415 3654 6415 379 6416 381 6416 3654 6416 3654 6417 381 6417 3682 6417 381 6418 382 6418 3682 6418 3682 6419 382 6419 3383 6419 382 6420 410 6420 3383 6420 3383 6421 410 6421 3386 6421 417 6422 407 6422 3407 6422 3407 6423 407 6423 3400 6423 407 6424 409 6424 3400 6424 3400 6425 409 6425 3402 6425 409 6426 384 6426 3402 6426 3402 6427 384 6427 3385 6427 384 6428 383 6428 3385 6428 3385 6429 383 6429 3384 6429 383 6430 475 6430 3384 6430 3384 6431 475 6431 3408 6431 475 6432 417 6432 3408 6432 3408 6433 417 6433 3407 6433 345 6434 390 6434 3656 6434 3656 6435 390 6435 3644 6435 390 6436 392 6436 3644 6436 3644 6437 392 6437 3645 6437 392 6438 394 6438 3645 6438 3645 6439 394 6439 3647 6439 394 6440 349 6440 3647 6440 3647 6441 349 6441 3650 6441 349 6442 347 6442 3650 6442 3650 6443 347 6443 3653 6443 347 6444 345 6444 3653 6444 3653 6445 345 6445 3656 6445 149 6446 98 6446 3668 6446 3668 6447 98 6447 3671 6447 98 6448 100 6448 3671 6448 3671 6449 100 6449 3674 6449 100 6450 102 6450 3674 6450 3674 6451 102 6451 3420 6451 102 6452 103 6452 3420 6452 3420 6453 103 6453 3419 6453 103 6454 151 6454 3419 6454 3419 6455 151 6455 3666 6455 151 6456 149 6456 3666 6456 3666 6457 149 6457 3668 6457 143 6458 92 6458 3641 6458 3641 6459 92 6459 3642 6459 92 6460 94 6460 3642 6460 3642 6461 94 6461 3590 6461 94 6462 96 6462 3590 6462 3590 6463 96 6463 3589 6463 96 6464 147 6464 3589 6464 3589 6465 147 6465 3703 6465 147 6466 145 6466 3703 6466 3703 6467 145 6467 3646 6467 145 6468 143 6468 3646 6468 3646 6469 143 6469 3641 6469 361 6470 363 6470 3389 6470 3389 6471 363 6471 3623 6471 363 6472 365 6472 3623 6472 3623 6473 365 6473 3622 6473 365 6474 367 6474 3622 6474 3622 6475 367 6475 3621 6475 367 6476 411 6476 3621 6476 3621 6477 411 6477 3392 6477 411 6478 413 6478 3392 6478 3392 6479 413 6479 3390 6479 413 6480 361 6480 3390 6480 3390 6481 361 6481 3389 6481 131 6482 80 6482 3612 6482 3612 6483 80 6483 3734 6483 80 6484 82 6484 3734 6484 3734 6485 82 6485 3578 6485 82 6486 84 6486 3578 6486 3578 6487 84 6487 3577 6487 84 6488 135 6488 3577 6488 3577 6489 135 6489 3719 6489 135 6490 133 6490 3719 6490 3719 6491 133 6491 3613 6491 133 6492 131 6492 3613 6492 3613 6493 131 6493 3612 6493 261 6494 321 6494 3470 6494 3470 6495 321 6495 3469 6495 321 6496 319 6496 3469 6496 3469 6497 319 6497 3498 6497 319 6498 317 6498 3498 6498 3498 6499 317 6499 3497 6499 317 6500 257 6500 3497 6500 3497 6501 257 6501 3434 6501 257 6502 259 6502 3434 6502 3434 6503 259 6503 3433 6503 259 6504 261 6504 3433 6504 3433 6505 261 6505 3470 6505 422 6506 134 6506 3616 6506 3616 6507 134 6507 3615 6507 134 6508 136 6508 3615 6508 3615 6509 136 6509 3717 6509 136 6510 138 6510 3717 6510 3717 6511 138 6511 3716 6511 138 6512 385 6512 3716 6512 3716 6513 385 6513 3694 6513 385 6514 420 6514 3694 6514 3694 6515 420 6515 3693 6515 420 6516 422 6516 3693 6516 3693 6517 422 6517 3616 6517 318 6518 453 6518 3436 6518 3436 6519 453 6519 3495 6519 453 6520 451 6520 3495 6520 3495 6521 451 6521 3494 6521 451 6522 449 6522 3494 6522 3494 6523 449 6523 3601 6523 449 6524 314 6524 3601 6524 3601 6525 314 6525 3710 6525 314 6526 316 6526 3710 6526 3710 6527 316 6527 3437 6527 316 6528 318 6528 3437 6528 3437 6529 318 6529 3436 6529 234 6530 300 6530 3639 6530 3639 6531 300 6531 3731 6531 300 6532 302 6532 3731 6532 3731 6533 302 6533 3727 6533 302 6534 304 6534 3727 6534 3727 6535 304 6535 3523 6535 304 6536 238 6536 3523 6536 3523 6537 238 6537 3522 6537 238 6538 236 6538 3522 6538 3522 6539 236 6539 3595 6539 236 6540 234 6540 3595 6540 3595 6541 234 6541 3639 6541 456 6542 188 6542 3499 6542 3499 6543 188 6543 3502 6543 188 6544 190 6544 3502 6544 3502 6545 190 6545 3488 6545 190 6546 192 6546 3488 6546 3488 6547 192 6547 3490 6547 192 6548 452 6548 3490 6548 3490 6549 452 6549 3493 6549 452 6550 454 6550 3493 6550 3493 6551 454 6551 3496 6551 454 6552 456 6552 3496 6552 3496 6553 456 6553 3499 6553 215 6554 226 6554 3370 6554 3370 6555 226 6555 3380 6555 226 6556 474 6556 3380 6556 3380 6557 474 6557 3379 6557 474 6558 209 6558 3379 6558 3379 6559 209 6559 3362 6559 209 6560 211 6560 3362 6560 3362 6561 211 6561 3365 6561 211 6562 213 6562 3365 6562 3365 6563 213 6563 3367 6563 213 6564 215 6564 3367 6564 3367 6565 215 6565 3370 6565 438 6566 206 6566 3728 6566 3728 6567 206 6567 3536 6567 206 6568 208 6568 3536 6568 3536 6569 208 6569 3534 6569 208 6570 177 6570 3534 6570 3534 6571 177 6571 3512 6571 177 6572 434 6572 3512 6572 3512 6573 434 6573 3526 6573 434 6574 436 6574 3526 6574 3526 6575 436 6575 3525 6575 436 6576 438 6576 3525 6576 3525 6577 438 6577 3728 6577 121 6578 473 6578 3344 6578 3344 6579 473 6579 3345 6579 473 6580 463 6580 3345 6580 3345 6581 463 6581 3346 6581 463 6582 461 6582 3346 6582 3346 6583 461 6583 3726 6583 461 6584 269 6584 3726 6584 3726 6585 269 6585 3725 6585 269 6586 122 6586 3725 6586 3725 6587 122 6587 3348 6587 122 6588 121 6588 3348 6588 3348 6589 121 6589 3344 6589 116 6590 471 6590 3356 6590 3356 6591 471 6591 3354 6591 471 6592 469 6592 3354 6592 3354 6593 469 6593 3353 6593 469 6594 467 6594 3353 6594 3353 6595 467 6595 3461 6595 467 6596 112 6596 3461 6596 3461 6597 112 6597 3460 6597 112 6598 114 6598 3460 6598 3460 6599 114 6599 3481 6599 114 6600 116 6600 3481 6600 3481 6601 116 6601 3356 6601 468 6602 264 6602 3459 6602 3459 6603 264 6603 3462 6603 264 6604 262 6604 3462 6604 3462 6605 262 6605 3465 6605 262 6606 260 6606 3465 6606 3465 6607 260 6607 3468 6607 260 6608 326 6608 3468 6608 3468 6609 326 6609 3471 6609 326 6610 466 6610 3471 6610 3471 6611 466 6611 3457 6611 466 6612 468 6612 3457 6612 3457 6613 468 6613 3459 6613 110 6614 465 6614 3474 6614 3474 6615 465 6615 3473 6615 465 6616 328 6616 3473 6616 3473 6617 328 6617 3472 6617 328 6618 329 6618 3472 6618 3472 6619 329 6619 3431 6619 329 6620 106 6620 3431 6620 3431 6621 106 6621 3430 6621 106 6622 108 6622 3430 6622 3430 6623 108 6623 3455 6623 108 6624 110 6624 3455 6624 3455 6625 110 6625 3474 6625 152 6626 154 6626 3479 6626 3479 6627 154 6627 3477 6627 154 6628 125 6628 3477 6628 3477 6629 125 6629 3476 6629 125 6630 126 6630 3476 6630 3476 6631 126 6631 3453 6631 126 6632 430 6632 3453 6632 3453 6633 430 6633 3452 6633 430 6634 432 6634 3452 6634 3452 6635 432 6635 3704 6635 432 6636 152 6636 3704 6636 3704 6637 152 6637 3479 6637 156 6638 183 6638 3484 6638 3484 6639 183 6639 3486 6639 183 6640 222 6640 3486 6640 3486 6641 222 6641 3357 6641 222 6642 220 6642 3357 6642 3357 6643 220 6643 3360 6643 220 6644 160 6644 3360 6644 3360 6645 160 6645 3361 6645 160 6646 158 6646 3361 6646 3361 6647 158 6647 3489 6647 158 6648 156 6648 3489 6648 3489 6649 156 6649 3484 6649 462 6650 464 6650 3724 6650 3724 6651 464 6651 3342 6651 464 6652 185 6652 3342 6652 3342 6653 185 6653 3343 6653 185 6654 186 6654 3343 6654 3343 6655 186 6655 3507 6655 186 6656 458 6656 3507 6656 3507 6657 458 6657 3506 6657 458 6658 460 6658 3506 6658 3506 6659 460 6659 3722 6659 460 6660 462 6660 3722 6660 3722 6661 462 6661 3724 6661 444 6662 200 6662 3564 6662 3564 6663 200 6663 3542 6663 200 6664 202 6664 3542 6664 3542 6665 202 6665 3531 6665 202 6666 204 6666 3531 6666 3531 6667 204 6667 3530 6667 204 6668 440 6668 3530 6668 3530 6669 440 6669 3541 6669 440 6670 442 6670 3541 6670 3541 6671 442 6671 3565 6671 442 6672 444 6672 3565 6672 3565 6673 444 6673 3564 6673 324 6674 459 6674 3466 6674 3466 6675 459 6675 3721 6675 459 6676 457 6676 3721 6676 3721 6677 457 6677 3504 6677 457 6678 455 6678 3504 6678 3504 6679 455 6679 3501 6679 455 6680 320 6680 3501 6680 3501 6681 320 6681 3500 6681 320 6682 322 6682 3500 6682 3500 6683 322 6683 3467 6683 322 6684 324 6684 3467 6684 3467 6685 324 6685 3466 6685 83 6686 275 6686 3718 6686 3718 6687 275 6687 3575 6687 275 6688 277 6688 3575 6688 3575 6689 277 6689 3574 6689 277 6690 279 6690 3574 6690 3574 6691 279 6691 3573 6691 279 6692 87 6692 3573 6692 3573 6693 87 6693 3712 6693 87 6694 85 6694 3712 6694 3712 6695 85 6695 3715 6695 85 6696 83 6696 3715 6696 3715 6697 83 6697 3718 6697 89 6698 281 6698 3632 6698 3632 6699 281 6699 3635 6699 281 6700 283 6700 3635 6700 3635 6701 283 6701 3638 6701 283 6702 285 6702 3638 6702 3638 6703 285 6703 3593 6703 285 6704 93 6704 3593 6704 3593 6705 93 6705 3592 6705 93 6706 91 6706 3592 6706 3592 6707 91 6707 3630 6707 91 6708 89 6708 3630 6708 3630 6709 89 6709 3632 6709 303 6710 435 6710 3521 6710 3521 6711 435 6711 3524 6711 435 6712 433 6712 3524 6712 3524 6713 433 6713 3527 6713 433 6714 179 6714 3527 6714 3527 6715 179 6715 3513 6715 179 6716 307 6716 3513 6716 3513 6717 307 6717 3516 6717 307 6718 305 6718 3516 6718 3516 6719 305 6719 3518 6719 305 6720 303 6720 3518 6720 3518 6721 303 6721 3521 6721 255 6722 315 6722 3440 6722 3440 6723 315 6723 3439 6723 315 6724 313 6724 3439 6724 3439 6725 313 6725 3708 6725 313 6726 311 6726 3708 6726 3708 6727 311 6727 3556 6727 311 6728 251 6728 3556 6728 3556 6729 251 6729 3555 6729 251 6730 253 6730 3555 6730 3555 6731 253 6731 3583 6731 253 6732 255 6732 3583 6732 3583 6733 255 6733 3440 6733 240 6734 306 6734 3584 6734 3584 6735 306 6735 3517 6735 306 6736 181 6736 3517 6736 3517 6737 181 6737 3515 6737 181 6738 180 6738 3515 6738 3515 6739 180 6739 3514 6739 180 6740 244 6740 3514 6740 3514 6741 244 6741 3706 6741 244 6742 242 6742 3706 6742 3706 6743 242 6743 3698 6743 242 6744 240 6744 3698 6744 3698 6745 240 6745 3584 6745 360 6746 431 6746 3626 6746 3626 6747 431 6747 3705 6747 431 6748 429 6748 3705 6748 3705 6749 429 6749 3450 6749 429 6750 427 6750 3450 6750 3450 6751 427 6751 3449 6751 427 6752 356 6752 3449 6752 3449 6753 356 6753 3606 6753 356 6754 358 6754 3606 6754 3606 6755 358 6755 3627 6755 358 6756 360 6756 3627 6756 3627 6757 360 6757 3626 6757 339 6758 419 6758 3689 6758 3689 6759 419 6759 3692 6759 419 6760 387 6760 3692 6760 3692 6761 387 6761 3695 6761 387 6762 388 6762 3695 6762 3695 6763 388 6763 3662 6763 388 6764 343 6764 3662 6764 3662 6765 343 6765 3661 6765 343 6766 341 6766 3661 6766 3661 6767 341 6767 3687 6767 341 6768 339 6768 3687 6768 3687 6769 339 6769 3689 6769 95 6770 287 6770 3702 6770 3702 6771 287 6771 3587 6771 287 6772 289 6772 3587 6772 3587 6773 289 6773 3586 6773 289 6774 291 6774 3586 6774 3586 6775 291 6775 3699 6775 291 6776 99 6776 3699 6776 3699 6777 99 6777 3673 6777 99 6778 97 6778 3673 6778 3673 6779 97 6779 3672 6779 97 6780 95 6780 3672 6780 3672 6781 95 6781 3702 6781 399 6782 105 6782 3676 6782 3676 6783 105 6783 3677 6783 105 6784 104 6784 3677 6784 3677 6785 104 6785 3417 6785 104 6786 250 6786 3417 6786 3417 6787 250 6787 3413 6787 250 6788 418 6788 3413 6788 3413 6789 418 6789 3414 6789 418 6790 401 6790 3414 6790 3414 6791 401 6791 3415 6791 401 6792 399 6792 3415 6792 3415 6793 399 6793 3676 6793 404 6794 369 6794 3398 6794 3398 6795 369 6795 3397 6795 369 6796 371 6796 3397 6796 3397 6797 371 6797 3688 6797 371 6798 373 6798 3688 6798 3688 6799 373 6799 3686 6799 373 6800 408 6800 3686 6800 3686 6801 408 6801 3401 6801 408 6802 406 6802 3401 6802 3401 6803 406 6803 3399 6803 406 6804 404 6804 3399 6804 3399 6805 404 6805 3398 6805 378 6806 348 6806 3683 6806 3683 6807 348 6807 3652 6807 348 6808 350 6808 3652 6808 3652 6809 350 6809 3651 6809 350 6810 352 6810 3651 6810 3651 6811 352 6811 3679 6811 352 6812 354 6812 3679 6812 3679 6813 354 6813 3680 6813 354 6814 380 6814 3680 6814 3680 6815 380 6815 3681 6815 380 6816 378 6816 3681 6816 3681 6817 378 6817 3683 6817 414 6818 412 6818 3388 6818 3388 6819 412 6819 3391 6819 412 6820 403 6820 3391 6820 3391 6821 403 6821 3393 6821 403 6822 405 6822 3393 6822 3393 6823 405 6823 3396 6823 405 6824 416 6824 3396 6824 3396 6825 416 6825 3406 6825 416 6826 415 6826 3406 6826 3406 6827 415 6827 3405 6827 415 6828 414 6828 3405 6828 3405 6829 414 6829 3388 6829 351 6830 396 6830 3678 6830 3678 6831 396 6831 3684 6831 396 6832 398 6832 3684 6832 3684 6833 398 6833 3667 6833 398 6834 400 6834 3667 6834 3667 6835 400 6835 3665 6835 400 6836 402 6836 3665 6836 3665 6837 402 6837 3411 6837 402 6838 353 6838 3411 6838 3411 6839 353 6839 3412 6839 353 6840 351 6840 3412 6840 3412 6841 351 6841 3678 6841 101 6842 293 6842 3418 6842 3418 6843 293 6843 3421 6843 293 6844 295 6844 3421 6844 3421 6845 295 6845 3424 6845 295 6846 247 6846 3424 6846 3424 6847 247 6847 3409 6847 247 6848 248 6848 3409 6848 3409 6849 248 6849 3410 6849 248 6850 249 6850 3410 6850 3410 6851 249 6851 3416 6851 249 6852 101 6852 3416 6852 3416 6853 101 6853 3418 6853 386 6854 140 6854 3660 6854 3660 6855 140 6855 3663 6855 140 6856 142 6856 3663 6856 3663 6857 142 6857 3631 6857 142 6858 144 6858 3631 6858 3631 6859 144 6859 3629 6859 144 6860 391 6860 3629 6860 3629 6861 391 6861 3640 6861 391 6862 389 6862 3640 6862 3640 6863 389 6863 3643 6863 389 6864 386 6864 3643 6864 3643 6865 386 6865 3660 6865 359 6866 357 6866 3625 6866 3625 6867 357 6867 3628 6867 357 6868 332 6868 3628 6868 3628 6869 332 6869 3604 6869 332 6870 334 6870 3604 6870 3604 6871 334 6871 3602 6871 334 6872 364 6872 3602 6872 3602 6873 364 6873 3607 6873 364 6874 362 6874 3607 6874 3607 6875 362 6875 3624 6875 362 6876 359 6876 3624 6876 3624 6877 359 6877 3625 6877 327 6878 258 6878 3429 6878 3429 6879 258 6879 3432 6879 258 6880 256 6880 3432 6880 3432 6881 256 6881 3435 6881 256 6882 254 6882 3435 6882 3435 6883 254 6883 3438 6883 254 6884 270 6884 3438 6884 3438 6885 270 6885 3441 6885 270 6886 330 6886 3441 6886 3441 6887 330 6887 3427 6887 330 6888 327 6888 3427 6888 3427 6889 327 6889 3429 6889 191 6890 159 6890 3492 6890 3492 6891 159 6891 3491 6891 159 6892 161 6892 3491 6892 3491 6893 161 6893 3378 6893 161 6894 163 6894 3378 6894 3378 6895 163 6895 3377 6895 163 6896 195 6896 3377 6896 3377 6897 195 6897 3597 6897 195 6898 193 6898 3597 6898 3597 6899 193 6899 3600 6899 193 6900 191 6900 3600 6900 3600 6901 191 6901 3492 6901 228 6902 309 6902 3560 6902 3560 6903 309 6903 3561 6903 309 6904 296 6904 3561 6904 3561 6905 296 6905 3563 6905 296 6906 298 6906 3563 6906 3563 6907 298 6907 3566 6907 298 6908 232 6908 3566 6908 3566 6909 232 6909 3569 6909 232 6910 230 6910 3569 6910 3569 6911 230 6911 3572 6911 230 6912 228 6912 3572 6912 3572 6913 228 6913 3560 6913 284 6914 237 6914 3591 6914 3591 6915 237 6915 3594 6915 237 6916 239 6916 3594 6916 3594 6917 239 6917 3520 6917 239 6918 241 6918 3520 6918 3520 6919 241 6919 3519 6919 241 6920 288 6920 3519 6920 3519 6921 288 6921 3585 6921 288 6922 286 6922 3585 6922 3585 6923 286 6923 3588 6923 286 6924 284 6924 3588 6924 3588 6925 284 6925 3591 6925 271 6926 252 6926 3579 6926 3579 6927 252 6927 3582 6927 252 6928 227 6928 3582 6928 3582 6929 227 6929 3553 6929 227 6930 229 6930 3553 6930 3553 6931 229 6931 3551 6931 229 6932 276 6932 3551 6932 3551 6933 276 6933 3559 6933 276 6934 274 6934 3559 6934 3559 6935 274 6935 3576 6935 274 6936 271 6936 3576 6936 3576 6937 271 6937 3579 6937 197 6938 165 6938 3546 6938 3546 6939 165 6939 3549 6939 165 6940 167 6940 3549 6940 3549 6941 167 6941 3369 6941 167 6942 169 6942 3369 6942 3369 6943 169 6943 3368 6943 169 6944 201 6944 3368 6944 3368 6945 201 6945 3533 6945 201 6946 199 6946 3533 6946 3533 6947 199 6947 3543 6947 199 6948 197 6948 3543 6948 3543 6949 197 6949 3546 6949 203 6950 171 6950 3540 6950 3540 6951 171 6951 3528 6951 171 6952 173 6952 3528 6952 3528 6953 173 6953 3510 6953 173 6954 175 6954 3510 6954 3510 6955 175 6955 3511 6955 175 6956 207 6956 3511 6956 3511 6957 207 6957 3535 6957 207 6958 205 6958 3535 6958 3535 6959 205 6959 3537 6959 205 6960 203 6960 3537 6960 3537 6961 203 6961 3540 6961 168 6962 212 6962 3532 6962 3532 6963 212 6963 3366 6963 212 6964 210 6964 3366 6964 3366 6965 210 6965 3364 6965 210 6966 174 6966 3364 6966 3364 6967 174 6967 3363 6967 174 6968 172 6968 3363 6968 3363 6969 172 6969 3509 6969 172 6970 170 6970 3509 6970 3509 6971 170 6971 3529 6971 170 6972 168 6972 3529 6972 3529 6973 168 6973 3532 6973 184 6974 182 6974 3505 6974 3505 6975 182 6975 3508 6975 182 6976 155 6976 3508 6976 3508 6977 155 6977 3485 6977 155 6978 157 6978 3485 6978 3485 6979 157 6979 3483 6979 157 6980 189 6980 3483 6980 3483 6981 189 6981 3487 6981 189 6982 187 6982 3487 6982 3487 6983 187 6983 3503 6983 187 6984 184 6984 3503 6984 3503 6985 184 6985 3505 6985 115 6986 113 6986 3480 6986 3480 6987 113 6987 3482 6987 113 6988 111 6988 3482 6988 3482 6989 111 6989 3458 6989 111 6990 109 6990 3458 6990 3458 6991 109 6991 3456 6991 109 6992 123 6992 3456 6992 3456 6993 123 6993 3475 6993 123 6994 153 6994 3475 6994 3475 6995 153 6995 3478 6995 153 6996 115 6996 3478 6996 3478 6997 115 6997 3480 6997 124 6998 107 6998 3451 6998 3451 6999 107 6999 3454 6999 107 7000 76 7000 3454 7000 3454 7001 76 7001 3428 7001 76 7002 78 7002 3428 7002 3428 7003 78 7003 3426 7003 78 7004 129 7004 3426 7004 3426 7005 129 7005 3445 7005 129 7006 127 7006 3445 7006 3445 7007 127 7007 3448 7007 127 7008 124 7008 3448 7008 3448 7009 124 7009 3451 7009 2287 7010 2323 7010 744 7010 744 7011 2323 7011 769 7011 2282 7012 2287 7012 742 7012 742 7013 2287 7013 744 7013 2323 7014 2325 7014 769 7014 769 7015 2325 7015 771 7015 1888 7016 1886 7016 1220 7016 1220 7017 1886 7017 1218 7017 1886 7018 1813 7018 1218 7018 1218 7019 1813 7019 1187 7019 2325 7020 2286 7020 771 7020 771 7021 2286 7021 761 7021 1854 7022 1888 7022 1186 7022 1186 7023 1888 7023 1220 7023 1813 7024 1811 7024 1187 7024 1187 7025 1811 7025 1182 7025 2286 7026 2284 7026 761 7026 761 7027 2284 7027 740 7027 1809 7028 1854 7028 1184 7028 1184 7029 1854 7029 1186 7029 2284 7030 2282 7030 740 7030 740 7031 2282 7031 742 7031 1811 7032 1809 7032 1182 7032 1182 7033 1809 7033 1184 7033 2256 7034 2258 7034 687 7034 687 7035 2258 7035 685 7035 2324 7036 2256 7036 768 7036 768 7037 2256 7037 687 7037 2258 7038 2260 7038 685 7038 685 7039 2260 7039 683 7039 1851 7040 1849 7040 1092 7040 1092 7041 1849 7041 1090 7041 1849 7042 1847 7042 1090 7042 1090 7043 1847 7043 1088 7043 2260 7044 2262 7044 683 7044 683 7045 2262 7045 682 7045 1853 7046 1851 7046 1094 7046 1094 7047 1851 7047 1092 7047 1847 7048 1885 7048 1088 7048 1088 7049 1885 7049 1219 7049 2262 7050 2326 7050 682 7050 682 7051 2326 7051 770 7051 1887 7052 1853 7052 1221 7052 1221 7053 1853 7053 1094 7053 2326 7054 2324 7054 770 7054 770 7055 2324 7055 768 7055 1885 7056 1887 7056 1219 7056 1219 7057 1887 7057 1221 7057 2186 7058 2312 7058 708 7058 708 7059 2312 7059 707 7059 2184 7060 2186 7060 807 7060 807 7061 2186 7061 708 7061 2312 7062 2313 7062 707 7062 707 7063 2313 7063 809 7063 1873 7064 1872 7064 1209 7064 1209 7065 1872 7065 1190 7065 1872 7066 1871 7066 1190 7066 1190 7067 1871 7067 1191 7067 2313 7068 2181 7068 809 7068 809 7069 2181 7069 808 7069 1874 7070 1873 7070 1208 7070 1208 7071 1873 7071 1209 7071 1871 7072 1877 7072 1191 7072 1191 7073 1877 7073 1204 7073 2181 7074 2182 7074 808 7074 808 7075 2182 7075 805 7075 1879 7076 1874 7076 1206 7076 1206 7077 1874 7077 1208 7077 2182 7078 2184 7078 805 7078 805 7079 2184 7079 807 7079 1877 7080 1879 7080 1204 7080 1204 7081 1879 7081 1206 7081 2212 7082 2214 7082 638 7082 638 7083 2214 7083 640 7083 2230 7084 2212 7084 734 7084 734 7085 2212 7085 638 7085 2214 7086 2216 7086 640 7086 640 7087 2216 7087 642 7087 1902 7088 1900 7088 1134 7088 1134 7089 1900 7089 1136 7089 1900 7090 1755 7090 1136 7090 1136 7091 1755 7091 1138 7091 2216 7092 2218 7092 642 7092 642 7093 2218 7093 644 7093 1749 7094 1902 7094 1132 7094 1132 7095 1902 7095 1134 7095 1755 7096 1753 7096 1138 7096 1138 7097 1753 7097 1175 7097 2218 7098 2228 7098 644 7098 644 7099 2228 7099 732 7099 1751 7100 1749 7100 1173 7100 1173 7101 1749 7101 1132 7101 2228 7102 2230 7102 732 7102 732 7103 2230 7103 734 7103 1753 7104 1751 7104 1175 7104 1175 7105 1751 7105 1173 7105 2204 7106 2351 7106 630 7106 630 7107 2351 7107 801 7107 2207 7108 2204 7108 631 7108 631 7109 2204 7109 630 7109 2351 7110 2349 7110 801 7110 801 7111 2349 7111 799 7111 1769 7112 1767 7112 1250 7112 1250 7113 1767 7113 1248 7113 1767 7114 1764 7114 1248 7114 1248 7115 1764 7115 1145 7115 2349 7116 2211 7116 799 7116 799 7117 2211 7117 635 7117 1771 7118 1769 7118 1139 7118 1139 7119 1769 7119 1250 7119 1764 7120 1898 7120 1145 7120 1145 7121 1898 7121 1143 7121 2211 7122 2209 7122 635 7122 635 7123 2209 7123 633 7123 1896 7124 1771 7124 1141 7124 1141 7125 1771 7125 1139 7125 2209 7126 2207 7126 633 7126 633 7127 2207 7127 631 7127 1898 7128 1896 7128 1143 7128 1143 7129 1896 7129 1141 7129 2241 7130 2242 7130 703 7130 703 7131 2242 7131 701 7131 2319 7132 2241 7132 777 7132 777 7133 2241 7133 703 7133 2242 7134 2244 7134 701 7134 701 7135 2244 7135 699 7135 1835 7136 1833 7136 1076 7136 1076 7137 1833 7137 1074 7137 1833 7138 1830 7138 1074 7138 1074 7139 1830 7139 1073 7139 2244 7140 2246 7140 699 7140 699 7141 2246 7141 697 7141 1837 7142 1835 7142 1078 7142 1078 7143 1835 7143 1076 7143 1830 7144 1894 7144 1073 7144 1073 7145 1894 7145 1214 7145 2246 7146 2317 7146 697 7146 697 7147 2317 7147 775 7147 1892 7148 1837 7148 1212 7148 1212 7149 1837 7149 1078 7149 2317 7150 2319 7150 775 7150 775 7151 2319 7151 777 7151 1894 7152 1892 7152 1214 7152 1214 7153 1892 7153 1212 7153 2195 7154 2193 7154 715 7154 715 7155 2193 7155 713 7155 2346 7156 2195 7156 798 7156 798 7157 2195 7157 715 7157 2193 7158 2191 7158 713 7158 713 7159 2191 7159 711 7159 1876 7160 1881 7160 1198 7160 1198 7161 1881 7161 1196 7161 1881 7162 1772 7162 1196 7162 1196 7163 1772 7163 1194 7163 2191 7164 2189 7164 711 7164 711 7165 2189 7165 710 7165 1778 7166 1876 7166 1200 7166 1200 7167 1876 7167 1198 7167 1772 7168 1774 7168 1194 7168 1194 7169 1774 7169 1240 7169 2189 7170 2344 7170 710 7170 710 7171 2344 7171 796 7171 1776 7172 1778 7172 1238 7172 1238 7173 1778 7173 1200 7173 2344 7174 2346 7174 796 7174 796 7175 2346 7175 798 7175 1774 7176 1776 7176 1240 7176 1240 7177 1776 7177 1238 7177 2304 7178 2302 7178 759 7178 759 7179 2302 7179 757 7179 2305 7180 2304 7180 680 7180 680 7181 2304 7181 759 7181 2302 7182 2300 7182 757 7182 757 7183 2300 7183 755 7183 1824 7184 1826 7184 1162 7184 1162 7185 1826 7185 1164 7185 1826 7186 1828 7186 1164 7186 1164 7187 1828 7187 1166 7187 2300 7188 2298 7188 755 7188 755 7189 2298 7189 753 7189 1822 7190 1824 7190 1160 7190 1160 7191 1824 7191 1162 7191 1828 7192 1921 7192 1166 7192 1166 7193 1921 7193 1167 7193 2298 7194 2306 7194 753 7194 753 7195 2306 7195 679 7195 1920 7196 1822 7196 1168 7196 1168 7197 1822 7197 1160 7197 2306 7198 2305 7198 679 7198 679 7199 2305 7199 680 7199 1921 7200 1920 7200 1167 7200 1167 7201 1920 7201 1168 7201 2202 7202 2352 7202 724 7202 724 7203 2352 7203 725 7203 2200 7204 2202 7204 722 7204 722 7205 2202 7205 724 7205 2352 7206 2314 7206 725 7206 725 7207 2314 7207 726 7207 1861 7208 1869 7208 1121 7208 1121 7209 1869 7209 1122 7209 1869 7210 1868 7210 1122 7210 1122 7211 1868 7211 1246 7211 2314 7212 2196 7212 726 7212 726 7213 2196 7213 718 7213 1863 7214 1861 7214 1193 7214 1193 7215 1861 7215 1121 7215 1868 7216 1867 7216 1246 7216 1246 7217 1867 7217 1243 7217 2196 7218 2198 7218 718 7218 718 7219 2198 7219 720 7219 1865 7220 1863 7220 1245 7220 1245 7221 1863 7221 1193 7221 2198 7222 2200 7222 720 7222 720 7223 2200 7223 722 7223 1867 7224 1865 7224 1243 7224 1243 7225 1865 7225 1245 7225 2203 7226 2201 7226 723 7226 723 7227 2201 7227 721 7227 2350 7228 2203 7228 802 7228 802 7229 2203 7229 723 7229 2201 7230 2199 7230 721 7230 721 7231 2199 7231 719 7231 1864 7232 1866 7232 1244 7232 1244 7233 1866 7233 1242 7233 1866 7234 1765 7234 1242 7234 1242 7235 1765 7235 1247 7235 2199 7236 2197 7236 719 7236 719 7237 2197 7237 717 7237 1770 7238 1864 7238 1195 7238 1195 7239 1864 7239 1244 7239 1765 7240 1766 7240 1247 7240 1247 7241 1766 7241 1249 7241 2197 7242 2348 7242 717 7242 717 7243 2348 7243 800 7243 1768 7244 1770 7244 1251 7244 1251 7245 1770 7245 1195 7245 2348 7246 2350 7246 800 7246 800 7247 2350 7247 802 7247 1766 7248 1768 7248 1249 7248 1249 7249 1768 7249 1251 7249 2240 7250 2327 7250 704 7250 704 7251 2327 7251 788 7251 2243 7252 2240 7252 702 7252 702 7253 2240 7253 704 7253 2327 7254 2329 7254 788 7254 788 7255 2329 7255 779 7255 1908 7256 1917 7256 1224 7256 1224 7257 1917 7257 1222 7257 1917 7258 1831 7258 1222 7258 1222 7259 1831 7259 1072 7259 2329 7260 2247 7260 779 7260 779 7261 2247 7261 698 7261 1836 7262 1908 7262 1079 7262 1079 7263 1908 7263 1224 7263 1831 7264 1832 7264 1072 7264 1072 7265 1832 7265 1075 7265 2247 7266 2245 7266 698 7266 698 7267 2245 7267 700 7267 1834 7268 1836 7268 1077 7268 1077 7269 1836 7269 1079 7269 2245 7270 2243 7270 700 7270 700 7271 2243 7271 702 7271 1832 7272 1834 7272 1075 7272 1075 7273 1834 7273 1077 7273 2295 7274 2316 7274 752 7274 752 7275 2316 7275 772 7275 2293 7276 2295 7276 750 7276 750 7277 2295 7277 752 7277 2316 7278 2321 7278 772 7278 772 7279 2321 7279 767 7279 1884 7280 1889 7280 1216 7280 1216 7281 1889 7281 1211 7281 1889 7282 1821 7282 1211 7282 1211 7283 1821 7283 1157 7283 2321 7284 2289 7284 767 7284 767 7285 2289 7285 746 7285 1815 7286 1884 7286 1152 7286 1152 7287 1884 7287 1216 7287 1821 7288 1819 7288 1157 7288 1157 7289 1819 7289 1155 7289 2289 7290 2291 7290 746 7290 746 7291 2291 7291 748 7291 1817 7292 1815 7292 1153 7292 1153 7293 1815 7293 1152 7293 2291 7294 2293 7294 748 7294 748 7295 2293 7295 750 7295 1819 7296 1817 7296 1155 7296 1155 7297 1817 7297 1153 7297 2213 7298 2347 7298 637 7298 637 7299 2347 7299 797 7299 2215 7300 2213 7300 639 7300 639 7301 2213 7301 637 7301 2347 7302 2345 7302 797 7302 797 7303 2345 7303 795 7303 1777 7304 1775 7304 1239 7304 1239 7305 1775 7305 1241 7305 1775 7306 1773 7306 1241 7306 1241 7307 1773 7307 1137 7307 2345 7308 2219 7308 795 7308 795 7309 2219 7309 643 7309 1779 7310 1777 7310 1131 7310 1131 7311 1777 7311 1239 7311 1773 7312 1899 7312 1137 7312 1137 7313 1899 7313 1135 7313 2219 7314 2217 7314 643 7314 643 7315 2217 7315 641 7315 1901 7316 1779 7316 1133 7316 1133 7317 1779 7317 1131 7317 2217 7318 2215 7318 641 7318 641 7319 2215 7319 639 7319 1899 7320 1901 7320 1135 7320 1135 7321 1901 7321 1133 7321 2220 7322 2222 7322 646 7322 646 7323 2222 7323 648 7323 2174 7324 2220 7324 730 7324 730 7325 2220 7325 646 7325 2222 7326 2224 7326 648 7326 648 7327 2224 7327 650 7327 1906 7328 1904 7328 1126 7328 1126 7329 1904 7329 1128 7329 1904 7330 1747 7330 1128 7330 1128 7331 1747 7331 1130 7331 2224 7332 2178 7332 650 7332 650 7333 2178 7333 652 7333 1788 7334 1906 7334 1123 7334 1123 7335 1906 7335 1126 7335 1747 7336 1745 7336 1130 7336 1130 7337 1745 7337 1170 7337 2178 7338 2176 7338 652 7338 652 7339 2176 7339 728 7339 1743 7340 1788 7340 1172 7340 1172 7341 1788 7341 1123 7341 2176 7342 2174 7342 728 7342 728 7343 2174 7343 730 7343 1745 7344 1743 7344 1170 7344 1170 7345 1743 7345 1172 7345 2257 7346 2335 7346 688 7346 688 7347 2335 7347 785 7347 2259 7348 2257 7348 686 7348 686 7349 2257 7349 688 7349 2335 7350 2337 7350 785 7350 785 7351 2337 7351 787 7351 1916 7352 1914 7352 1232 7352 1232 7353 1914 7353 1230 7353 1914 7354 1846 7354 1230 7354 1230 7355 1846 7355 1089 7355 2337 7356 2263 7356 787 7356 787 7357 2263 7357 681 7357 1852 7358 1916 7358 1095 7358 1095 7359 1916 7359 1232 7359 1846 7360 1848 7360 1089 7360 1089 7361 1848 7361 1091 7361 2263 7362 2261 7362 681 7362 681 7363 2261 7363 684 7363 1850 7364 1852 7364 1093 7364 1093 7365 1852 7365 1095 7365 2261 7366 2259 7366 684 7366 684 7367 2259 7367 686 7367 1848 7368 1850 7368 1091 7368 1091 7369 1850 7369 1093 7369 2187 7370 2185 7370 794 7370 794 7371 2185 7371 806 7371 2341 7372 2187 7372 793 7372 793 7373 2187 7373 794 7373 2185 7374 2183 7374 806 7374 806 7375 2183 7375 804 7375 1880 7376 1878 7376 1205 7376 1205 7377 1878 7377 1203 7377 1878 7378 1780 7378 1203 7378 1203 7379 1780 7379 1202 7379 2183 7380 2180 7380 804 7380 804 7381 2180 7381 803 7381 1786 7382 1880 7382 1207 7382 1207 7383 1880 7383 1205 7383 1780 7384 1782 7384 1202 7384 1202 7385 1782 7385 1235 7385 2180 7386 2343 7386 803 7386 803 7387 2343 7387 791 7387 1784 7388 1786 7388 1237 7388 1237 7389 1786 7389 1207 7389 2343 7390 2341 7390 791 7390 791 7391 2341 7391 793 7391 1782 7392 1784 7392 1235 7392 1235 7393 1784 7393 1237 7393 2269 7394 2268 7394 660 7394 660 7395 2268 7395 658 7395 2336 7396 2269 7396 784 7396 784 7397 2269 7397 660 7397 2268 7398 2266 7398 658 7398 658 7399 2266 7399 656 7399 1791 7400 1793 7400 1099 7400 1099 7401 1793 7401 1101 7401 1793 7402 1795 7402 1101 7402 1101 7403 1795 7403 1103 7403 2266 7404 2264 7404 656 7404 656 7405 2264 7405 655 7405 1792 7406 1791 7406 1096 7406 1096 7407 1791 7407 1099 7407 1795 7408 1913 7408 1103 7408 1103 7409 1913 7409 1231 7409 2264 7410 2338 7410 655 7410 655 7411 2338 7411 786 7411 1915 7412 1792 7412 1233 7412 1233 7413 1792 7413 1096 7413 2338 7414 2336 7414 786 7414 786 7415 2336 7415 784 7415 1913 7416 1915 7416 1231 7416 1231 7417 1915 7417 1233 7417 2221 7418 2340 7418 645 7418 645 7419 2340 7419 792 7419 2223 7420 2221 7420 647 7420 647 7421 2221 7421 645 7421 2340 7422 2342 7422 792 7422 792 7423 2342 7423 790 7423 1785 7424 1783 7424 1236 7424 1236 7425 1783 7425 1234 7425 1783 7426 1781 7426 1234 7426 1234 7427 1781 7427 1129 7427 2342 7428 2179 7428 790 7428 790 7429 2179 7429 651 7429 1787 7430 1785 7430 1124 7430 1124 7431 1785 7431 1236 7431 1781 7432 1903 7432 1129 7432 1129 7433 1903 7433 1127 7433 2179 7434 2225 7434 651 7434 651 7435 2225 7435 649 7435 1905 7436 1787 7436 1125 7436 1125 7437 1787 7437 1124 7437 2225 7438 2223 7438 649 7438 649 7439 2223 7439 647 7439 1903 7440 1905 7440 1127 7440 1127 7441 1905 7441 1125 7441 2249 7442 2331 7442 696 7442 696 7443 2331 7443 781 7443 2251 7444 2249 7444 694 7444 694 7445 2249 7445 696 7445 2331 7446 2333 7446 781 7446 781 7447 2333 7447 783 7447 1912 7448 1910 7448 1228 7448 1228 7449 1910 7449 1226 7449 1910 7450 1838 7450 1226 7450 1226 7451 1838 7451 1081 7451 2333 7452 2255 7452 783 7452 783 7453 2255 7453 690 7453 1844 7454 1912 7454 1087 7454 1087 7455 1912 7455 1228 7455 1838 7456 1840 7456 1081 7456 1081 7457 1840 7457 1083 7457 2255 7458 2253 7458 690 7458 690 7459 2253 7459 692 7459 1842 7460 1844 7460 1085 7460 1085 7461 1844 7461 1087 7461 2253 7462 2251 7462 692 7462 692 7463 2251 7463 694 7463 1840 7464 1842 7464 1083 7464 1083 7465 1842 7465 1085 7465 2296 7466 2294 7466 751 7466 751 7467 2294 7467 749 7467 2339 7468 2296 7468 678 7468 678 7469 2296 7469 751 7469 2294 7470 2292 7470 749 7470 749 7471 2292 7471 747 7471 1816 7472 1818 7472 1154 7472 1154 7473 1818 7473 1156 7473 1818 7474 1820 7474 1156 7474 1156 7475 1820 7475 1158 7475 2292 7476 2290 7476 747 7476 747 7477 2290 7477 745 7477 1814 7478 1816 7478 1151 7478 1151 7479 1816 7479 1154 7479 1820 7480 1919 7480 1158 7480 1158 7481 1919 7481 1147 7481 2290 7482 2307 7482 745 7482 745 7483 2307 7483 765 7483 1858 7484 1814 7484 1148 7484 1148 7485 1814 7485 1151 7485 2307 7486 2339 7486 765 7486 765 7487 2339 7487 678 7487 1919 7488 1858 7488 1147 7488 1147 7489 1858 7489 1148 7489 2232 7490 2231 7490 669 7490 669 7491 2231 7491 733 7491 2273 7492 2232 7492 667 7492 667 7493 2232 7493 669 7493 2231 7494 2229 7494 733 7494 733 7495 2229 7495 731 7495 1750 7496 1752 7496 1174 7496 1174 7497 1752 7497 1176 7497 1752 7498 1754 7498 1176 7498 1176 7499 1754 7499 1110 7499 2229 7500 2227 7500 731 7500 731 7501 2227 7501 663 7501 1748 7502 1750 7502 1104 7502 1104 7503 1750 7503 1174 7503 1754 7504 1800 7504 1110 7504 1110 7505 1800 7505 1108 7505 2227 7506 2271 7506 663 7506 663 7507 2271 7507 665 7507 1798 7508 1748 7508 1106 7508 1106 7509 1748 7509 1104 7509 2271 7510 2273 7510 665 7510 665 7511 2273 7511 667 7511 1800 7512 1798 7512 1108 7512 1108 7513 1798 7513 1106 7513 2275 7514 2274 7514 668 7514 668 7515 2274 7515 666 7515 2332 7516 2275 7516 780 7516 780 7517 2275 7517 668 7517 2274 7518 2272 7518 666 7518 666 7519 2272 7519 664 7519 1797 7520 1799 7520 1107 7520 1107 7521 1799 7521 1109 7521 1799 7522 1801 7522 1109 7522 1109 7523 1801 7523 1111 7523 2272 7524 2270 7524 664 7524 664 7525 2270 7525 662 7525 1796 7526 1797 7526 1105 7526 1105 7527 1797 7527 1107 7527 1801 7528 1909 7528 1111 7528 1111 7529 1909 7529 1227 7529 2270 7530 2334 7530 662 7530 662 7531 2334 7531 782 7531 1911 7532 1796 7532 1229 7532 1229 7533 1796 7533 1105 7533 2334 7534 2332 7534 782 7534 782 7535 2332 7535 780 7535 1909 7536 1911 7536 1227 7536 1227 7537 1911 7537 1229 7537 2239 7538 2280 7538 676 7538 676 7539 2280 7539 674 7539 2328 7540 2239 7540 789 7540 789 7541 2239 7541 676 7541 2280 7542 2278 7542 674 7542 674 7543 2278 7543 672 7543 1803 7544 1805 7544 1115 7544 1115 7545 1805 7545 1117 7545 1805 7546 1807 7546 1117 7546 1117 7547 1807 7547 1071 7547 2278 7548 2276 7548 672 7548 672 7549 2276 7549 670 7549 1802 7550 1803 7550 1113 7550 1113 7551 1803 7551 1115 7551 1807 7552 1918 7552 1071 7552 1071 7553 1918 7553 1223 7553 2276 7554 2330 7554 670 7554 670 7555 2330 7555 778 7555 1907 7556 1802 7556 1225 7556 1225 7557 1802 7557 1113 7557 2330 7558 2328 7558 778 7558 778 7559 2328 7559 789 7559 1918 7560 1907 7560 1223 7560 1223 7561 1907 7561 1225 7561 2205 7562 2206 7562 629 7562 629 7563 2206 7563 632 7563 2236 7564 2205 7564 738 7564 738 7565 2205 7565 629 7565 2206 7566 2208 7566 632 7566 632 7567 2208 7567 634 7567 1895 7568 1897 7568 1142 7568 1142 7569 1897 7569 1144 7569 1897 7570 1763 7570 1144 7570 1144 7571 1763 7571 1146 7571 2208 7572 2210 7572 634 7572 634 7573 2210 7573 636 7573 1757 7574 1895 7574 1140 7574 1140 7575 1895 7575 1142 7575 1763 7576 1761 7576 1146 7576 1146 7577 1761 7577 1179 7577 2210 7578 2234 7578 636 7578 636 7579 2234 7579 736 7579 1759 7580 1757 7580 1177 7580 1177 7581 1757 7581 1140 7581 2234 7582 2236 7582 736 7582 736 7583 2236 7583 738 7583 1761 7584 1759 7584 1179 7584 1179 7585 1759 7585 1177 7585 2303 7586 2320 7586 760 7586 760 7587 2320 7587 776 7587 2301 7588 2303 7588 758 7588 758 7589 2303 7589 760 7589 2320 7590 2318 7590 776 7590 776 7591 2318 7591 774 7591 1891 7592 1893 7592 1213 7592 1213 7593 1893 7593 1215 7593 1893 7594 1829 7594 1215 7594 1215 7595 1829 7595 1165 7595 2318 7596 2297 7596 774 7596 774 7597 2297 7597 754 7597 1823 7598 1891 7598 1159 7598 1159 7599 1891 7599 1213 7599 1829 7600 1827 7600 1165 7600 1165 7601 1827 7601 1163 7601 2297 7602 2299 7602 754 7602 754 7603 2299 7603 756 7603 1825 7604 1823 7604 1161 7604 1161 7605 1823 7605 1159 7605 2299 7606 2301 7606 756 7606 756 7607 2301 7607 758 7607 1827 7608 1825 7608 1163 7608 1163 7609 1825 7609 1161 7609 2238 7610 2237 7610 627 7610 627 7611 2237 7611 737 7611 2279 7612 2238 7612 675 7612 675 7613 2238 7613 627 7613 2237 7614 2235 7614 737 7614 737 7615 2235 7615 735 7615 1758 7616 1760 7616 1178 7616 1178 7617 1760 7617 1180 7617 1760 7618 1762 7618 1180 7618 1180 7619 1762 7619 1118 7619 2235 7620 2233 7620 735 7620 735 7621 2233 7621 671 7621 1756 7622 1758 7622 1112 7622 1112 7623 1758 7623 1178 7623 1762 7624 1806 7624 1118 7624 1118 7625 1806 7625 1116 7625 2233 7626 2277 7626 671 7626 671 7627 2277 7627 673 7627 1804 7628 1756 7628 1114 7628 1114 7629 1756 7629 1112 7629 2277 7630 2279 7630 673 7630 673 7631 2279 7631 675 7631 1806 7632 1804 7632 1116 7632 1116 7633 1804 7633 1114 7633 2248 7634 2250 7634 695 7634 695 7635 2250 7635 693 7635 2315 7636 2248 7636 773 7636 773 7637 2248 7637 695 7637 2250 7638 2252 7638 693 7638 693 7639 2252 7639 691 7639 1843 7640 1841 7640 1084 7640 1084 7641 1841 7641 1082 7641 1841 7642 1839 7642 1082 7642 1082 7643 1839 7643 1080 7643 2252 7644 2254 7644 691 7644 691 7645 2254 7645 689 7645 1845 7646 1843 7646 1086 7646 1086 7647 1843 7647 1084 7647 1839 7648 1890 7648 1080 7648 1080 7649 1890 7649 1210 7649 2254 7650 2322 7650 689 7650 689 7651 2322 7651 766 7651 1883 7652 1845 7652 1217 7652 1217 7653 1845 7653 1086 7653 2322 7654 2315 7654 766 7654 766 7655 2315 7655 773 7655 1890 7656 1883 7656 1210 7656 1210 7657 1883 7657 1217 7657 2194 7658 2310 7658 716 7658 716 7659 2310 7659 705 7659 2192 7660 2194 7660 714 7660 714 7661 2194 7661 716 7661 2310 7662 2311 7662 705 7662 705 7663 2311 7663 706 7663 1859 7664 1860 7664 1189 7664 1189 7665 1860 7665 1120 7665 1860 7666 1862 7666 1120 7666 1120 7667 1862 7667 1192 7667 2311 7668 2188 7668 706 7668 706 7669 2188 7669 709 7669 1870 7670 1859 7670 1201 7670 1201 7671 1859 7671 1189 7671 1862 7672 1882 7672 1192 7672 1192 7673 1882 7673 1197 7673 2188 7674 2190 7674 709 7674 709 7675 2190 7675 712 7675 1875 7676 1870 7676 1199 7676 1199 7677 1870 7677 1201 7677 2190 7678 2192 7678 712 7678 712 7679 2192 7679 714 7679 1882 7680 1875 7680 1197 7680 1197 7681 1875 7681 1199 7681 2288 7682 2281 7682 743 7682 743 7683 2281 7683 741 7683 2308 7684 2288 7684 764 7684 764 7685 2288 7685 743 7685 2281 7686 2283 7686 741 7686 741 7687 2283 7687 739 7687 1808 7688 1810 7688 1183 7688 1183 7689 1810 7689 1181 7689 1810 7690 1812 7690 1181 7690 1181 7691 1812 7691 1150 7691 2283 7692 2285 7692 739 7692 739 7693 2285 7693 762 7693 1855 7694 1808 7694 1185 7694 1185 7695 1808 7695 1183 7695 1812 7696 1857 7696 1150 7696 1150 7697 1857 7697 1149 7697 2285 7698 2309 7698 762 7698 762 7699 2309 7699 763 7699 1856 7700 1855 7700 1188 7700 1188 7701 1855 7701 1185 7701 2309 7702 2308 7702 763 7702 763 7703 2308 7703 764 7703 1857 7704 1856 7704 1149 7704 1149 7705 1856 7705 1188 7705 2226 7706 2173 7706 661 7706 661 7707 2173 7707 729 7707 2267 7708 2226 7708 659 7708 659 7709 2226 7709 661 7709 2173 7710 2175 7710 729 7710 729 7711 2175 7711 727 7711 1742 7712 1744 7712 1171 7712 1171 7713 1744 7713 1169 7713 1744 7714 1746 7714 1169 7714 1169 7715 1746 7715 1102 7715 2175 7716 2177 7716 727 7716 727 7717 2177 7717 654 7717 1789 7718 1742 7718 1097 7718 1097 7719 1742 7719 1171 7719 1746 7720 1794 7720 1102 7720 1102 7721 1794 7721 1100 7721 2177 7722 2265 7722 654 7722 654 7723 2265 7723 657 7723 1790 7724 1789 7724 1098 7724 1098 7725 1789 7725 1097 7725 2265 7726 2267 7726 657 7726 657 7727 2267 7727 659 7727 1794 7728 1790 7728 1100 7728 1100 7729 1790 7729 1098 7729 1046 7730 974 7730 897 7730 897 7731 974 7731 857 7731 974 7732 976 7732 857 7732 857 7733 976 7733 855 7733 976 7734 978 7734 855 7734 855 7735 978 7735 853 7735 544 7736 546 7736 3736 7736 3736 7737 546 7737 3737 7737 978 7738 980 7738 853 7738 853 7739 980 7739 851 7739 546 7740 548 7740 3737 7740 3737 7741 548 7741 3738 7741 543 7742 544 7742 3739 7742 3739 7743 544 7743 3736 7743 980 7744 1048 7744 851 7744 851 7745 1048 7745 899 7745 548 7746 564 7746 3738 7746 3738 7747 564 7747 3740 7747 562 7748 543 7748 3741 7748 3741 7749 543 7749 3739 7749 1048 7750 1046 7750 899 7750 899 7751 1046 7751 897 7751 564 7752 562 7752 3740 7752 3740 7753 562 7753 3741 7753 1012 7754 1021 7754 813 7754 813 7755 1021 7755 815 7755 1021 7756 1032 7756 815 7756 815 7757 1032 7757 830 7757 1032 7758 1030 7758 830 7758 830 7759 1030 7759 832 7759 521 7760 523 7760 3742 7760 3742 7761 523 7761 3743 7761 1030 7762 1015 7762 832 7762 832 7763 1015 7763 834 7763 523 7764 481 7764 3743 7764 3743 7765 481 7765 3744 7765 520 7766 521 7766 3745 7766 3745 7767 521 7767 3742 7767 1015 7768 1014 7768 834 7768 834 7769 1014 7769 811 7769 481 7770 479 7770 3744 7770 3744 7771 479 7771 3746 7771 477 7772 520 7772 3747 7772 3747 7773 520 7773 3745 7773 1014 7774 1012 7774 811 7774 811 7775 1012 7775 813 7775 479 7776 477 7776 3746 7776 3746 7777 477 7777 3747 7777 1059 7778 1044 7778 910 7778 910 7779 1044 7779 896 7779 1044 7780 1045 7780 896 7780 896 7781 1045 7781 898 7781 1045 7782 1047 7782 898 7782 898 7783 1047 7783 900 7783 561 7784 563 7784 3748 7784 3748 7785 563 7785 3749 7785 1047 7786 1049 7786 900 7786 900 7787 1049 7787 901 7787 563 7788 565 7788 3749 7788 3749 7789 565 7789 3750 7789 560 7790 561 7790 3751 7790 3751 7791 561 7791 3748 7791 1049 7792 990 7792 901 7792 901 7793 990 7793 929 7793 565 7794 603 7794 3750 7794 3750 7795 603 7795 3752 7795 576 7796 560 7796 3753 7796 3753 7797 560 7797 3751 7797 990 7798 1059 7798 929 7798 929 7799 1059 7799 910 7799 603 7800 576 7800 3752 7800 3752 7801 576 7801 3753 7801 1035 7802 963 7802 824 7802 824 7803 963 7803 885 7803 963 7804 961 7804 885 7804 885 7805 961 7805 883 7805 961 7806 959 7806 883 7806 883 7807 959 7807 881 7807 511 7808 509 7808 3754 7808 3754 7809 509 7809 3755 7809 959 7810 957 7810 881 7810 881 7811 957 7811 827 7811 509 7812 507 7812 3755 7812 3755 7813 507 7813 3756 7813 513 7814 511 7814 3757 7814 3757 7815 511 7815 3754 7815 957 7816 1033 7816 827 7816 827 7817 1033 7817 825 7817 507 7818 518 7818 3756 7818 3756 7819 518 7819 3758 7819 515 7820 513 7820 3759 7820 3759 7821 513 7821 3757 7821 1033 7822 1035 7822 825 7822 825 7823 1035 7823 824 7823 518 7824 515 7824 3758 7824 3758 7825 515 7825 3759 7825 1025 7826 964 7826 821 7826 821 7827 964 7827 822 7827 964 7828 1036 7828 822 7828 822 7829 1036 7829 823 7829 1036 7830 1034 7830 823 7830 823 7831 1034 7831 826 7831 516 7832 517 7832 3760 7832 3760 7833 517 7833 3761 7833 1034 7834 1022 7834 826 7834 826 7835 1022 7835 817 7835 517 7836 519 7836 3761 7836 3761 7837 519 7837 3762 7837 605 7838 516 7838 3763 7838 3763 7839 516 7839 3760 7839 1022 7840 1023 7840 817 7840 817 7841 1023 7841 819 7841 519 7842 531 7842 3762 7842 3762 7843 531 7843 3764 7843 533 7844 605 7844 3765 7844 3765 7845 605 7845 3763 7845 1023 7846 1025 7846 819 7846 819 7847 1025 7847 821 7847 531 7848 533 7848 3764 7848 3764 7849 533 7849 3765 7849 952 7850 954 7850 878 7850 878 7851 954 7851 879 7851 954 7852 998 7852 879 7852 879 7853 998 7853 921 7853 998 7854 1000 7854 921 7854 921 7855 1000 7855 919 7855 595 7856 600 7856 3766 7856 3766 7857 600 7857 3767 7857 1000 7858 948 7858 919 7858 919 7859 948 7859 874 7859 600 7860 498 7860 3767 7860 3767 7861 498 7861 3768 7861 504 7862 595 7862 3769 7862 3769 7863 595 7863 3766 7863 948 7864 950 7864 874 7864 874 7865 950 7865 876 7865 498 7866 500 7866 3768 7866 3768 7867 500 7867 3770 7867 502 7868 504 7868 3771 7868 3771 7869 504 7869 3769 7869 950 7870 952 7870 876 7870 876 7871 952 7871 878 7871 500 7872 502 7872 3770 7872 3770 7873 502 7873 3771 7873 960 7874 962 7874 884 7874 884 7875 962 7875 886 7875 962 7876 1062 7876 886 7876 886 7877 1062 7877 927 7877 1062 7878 1064 7878 927 7878 927 7879 1064 7879 925 7879 599 7880 597 7880 3772 7880 3772 7881 597 7881 3773 7881 1064 7882 956 7882 925 7882 925 7883 956 7883 880 7883 597 7884 506 7884 3773 7884 3773 7885 506 7885 3774 7885 512 7886 599 7886 3775 7886 3775 7887 599 7887 3772 7887 956 7888 958 7888 880 7888 880 7889 958 7889 882 7889 506 7890 508 7890 3774 7890 3774 7891 508 7891 3776 7891 510 7892 512 7892 3777 7892 3777 7893 512 7893 3775 7893 958 7894 960 7894 882 7894 882 7895 960 7895 884 7895 508 7896 510 7896 3776 7896 3776 7897 510 7897 3777 7897 1063 7898 1061 7898 928 7898 928 7899 1061 7899 887 7899 1061 7900 1060 7900 887 7900 887 7901 1060 7901 888 7901 1060 7902 995 7902 888 7902 888 7903 995 7903 915 7903 592 7904 590 7904 3778 7904 3778 7905 590 7905 3779 7905 995 7906 996 7906 915 7906 915 7907 996 7907 924 7907 590 7908 589 7908 3779 7908 3779 7909 589 7909 3780 7909 593 7910 592 7910 3781 7910 3781 7911 592 7911 3778 7911 996 7912 1065 7912 924 7912 924 7913 1065 7913 926 7913 589 7914 596 7914 3780 7914 3780 7915 596 7915 3782 7915 598 7916 593 7916 3783 7916 3783 7917 593 7917 3781 7917 1065 7918 1063 7918 926 7918 926 7919 1063 7919 928 7919 596 7920 598 7920 3782 7920 3782 7921 598 7921 3783 7921 1052 7922 982 7922 903 7922 903 7923 982 7923 849 7923 982 7924 984 7924 849 7924 849 7925 984 7925 847 7925 984 7926 986 7926 847 7926 847 7927 986 7927 845 7927 550 7928 552 7928 3784 7928 3784 7929 552 7929 3785 7929 986 7930 988 7930 845 7930 845 7931 988 7931 844 7931 552 7932 554 7932 3785 7932 3785 7933 554 7933 3786 7933 549 7934 550 7934 3787 7934 3787 7935 550 7935 3784 7935 988 7936 1054 7936 844 7936 844 7937 1054 7937 905 7937 554 7938 570 7938 3786 7938 3786 7939 570 7939 3788 7939 568 7940 549 7940 3789 7940 3789 7941 549 7941 3787 7941 1054 7942 1052 7942 905 7942 905 7943 1052 7943 903 7943 570 7944 568 7944 3788 7944 3788 7945 568 7945 3789 7945 1031 7946 955 7946 829 7946 829 7947 955 7947 828 7947 955 7948 953 7948 828 7948 828 7949 953 7949 877 7949 953 7950 951 7950 877 7950 877 7951 951 7951 875 7951 503 7952 501 7952 3790 7952 3790 7953 501 7953 3791 7953 951 7954 949 7954 875 7954 875 7955 949 7955 833 7955 501 7956 499 7956 3791 7956 3791 7957 499 7957 3792 7957 505 7958 503 7958 3793 7958 3793 7959 503 7959 3790 7959 949 7960 1029 7960 833 7960 833 7961 1029 7961 831 7961 499 7962 524 7962 3792 7962 3792 7963 524 7963 3794 7963 522 7964 505 7964 3795 7964 3795 7965 505 7965 3793 7965 1029 7966 1031 7966 831 7966 831 7967 1031 7967 829 7967 524 7968 522 7968 3794 7968 3794 7969 522 7969 3795 7969 1018 7970 1016 7970 865 7970 865 7971 1016 7971 836 7971 1016 7972 1028 7972 836 7972 836 7973 1028 7973 838 7973 1028 7974 1037 7974 838 7974 838 7975 1037 7975 840 7975 525 7976 527 7976 3796 7976 3796 7977 527 7977 3797 7977 1037 7978 939 7978 840 7978 840 7979 939 7979 842 7979 527 7980 489 7980 3797 7980 3797 7981 489 7981 3798 7981 483 7982 525 7982 3799 7982 3799 7983 525 7983 3796 7983 939 7984 1020 7984 842 7984 842 7985 1020 7985 867 7985 489 7986 487 7986 3798 7986 3798 7987 487 7987 3800 7987 485 7988 483 7988 3801 7988 3801 7989 483 7989 3799 7989 1020 7990 1018 7990 867 7990 867 7991 1018 7991 865 7991 487 7992 485 7992 3800 7992 3800 7993 485 7993 3801 7993 944 7994 946 7994 872 7994 872 7995 946 7995 873 7995 946 7996 1004 7996 873 7996 873 7997 1004 7997 934 7997 1004 7998 1006 7998 934 7998 934 7999 1006 7999 932 7999 582 8000 584 8000 3802 8000 3802 8001 584 8001 3803 8001 1006 8002 941 8002 932 8002 932 8003 941 8003 889 8003 584 8004 491 8004 3803 8004 3803 8005 491 8005 3804 8005 496 8006 582 8006 3805 8006 3805 8007 582 8007 3802 8007 941 8008 942 8008 889 8008 889 8009 942 8009 870 8009 491 8010 492 8010 3804 8010 3804 8011 492 8011 3806 8011 494 8012 496 8012 3807 8012 3807 8013 496 8013 3805 8013 942 8014 944 8014 870 8014 870 8015 944 8015 872 8015 492 8016 494 8016 3806 8016 3806 8017 494 8017 3807 8017 1005 8018 1003 8018 935 8018 935 8019 1003 8019 918 8019 1003 8020 1010 8020 918 8020 918 8021 1010 8021 916 8021 1010 8022 1009 8022 916 8022 916 8023 1009 8023 930 8023 579 8024 587 8024 3808 8024 3808 8025 587 8025 3809 8025 1009 8026 1008 8026 930 8026 930 8027 1008 8027 931 8027 587 8028 586 8028 3809 8028 3809 8029 586 8029 3810 8029 581 8030 579 8030 3811 8030 3811 8031 579 8031 3808 8031 1008 8032 1007 8032 931 8032 931 8033 1007 8033 933 8033 586 8034 585 8034 3810 8034 3810 8035 585 8035 3812 8035 583 8036 581 8036 3813 8036 3813 8037 581 8037 3811 8037 1007 8038 1005 8038 933 8038 933 8039 1005 8039 935 8039 585 8040 583 8040 3812 8040 3812 8041 583 8041 3813 8041 1040 8042 967 8042 893 8042 893 8043 967 8043 863 8043 967 8044 968 8044 863 8044 863 8045 968 8045 861 8045 968 8046 970 8046 861 8046 861 8047 970 8047 859 8047 538 8048 540 8048 3814 8048 3814 8049 540 8049 3815 8049 970 8050 972 8050 859 8050 859 8051 972 8051 858 8051 540 8052 542 8052 3815 8052 3815 8053 542 8053 3816 8053 537 8054 538 8054 3817 8054 3817 8055 538 8055 3814 8055 972 8056 1042 8056 858 8056 858 8057 1042 8057 891 8057 542 8058 558 8058 3816 8058 3816 8059 558 8059 3818 8059 556 8060 537 8060 3819 8060 3819 8061 537 8061 3817 8061 1042 8062 1040 8062 891 8062 891 8063 1040 8063 893 8063 558 8064 556 8064 3818 8064 3818 8065 556 8065 3819 8065 969 8066 966 8066 862 8066 862 8067 966 8067 864 8067 966 8068 1026 8068 864 8068 864 8069 1026 8069 820 8069 1026 8070 1024 8070 820 8070 820 8071 1024 8071 818 8071 534 8072 532 8072 3820 8072 3820 8073 532 8073 3821 8073 1024 8074 973 8074 818 8074 818 8075 973 8075 816 8075 532 8076 530 8076 3821 8076 3821 8077 530 8077 3822 8077 536 8078 534 8078 3823 8078 3823 8079 534 8079 3820 8079 973 8080 971 8080 816 8080 816 8081 971 8081 860 8081 530 8082 541 8082 3822 8082 3822 8083 541 8083 3824 8083 539 8084 536 8084 3825 8084 3825 8085 536 8085 3823 8085 971 8086 969 8086 860 8086 860 8087 969 8087 862 8087 541 8088 539 8088 3824 8088 3824 8089 539 8089 3825 8089 992 8090 991 8090 908 8090 908 8091 991 8091 909 8091 991 8092 1050 8092 909 8092 909 8093 1050 8093 902 8093 1050 8094 1051 8094 902 8094 902 8095 1051 8095 904 8095 566 8096 567 8096 3826 8096 3826 8097 567 8097 3827 8097 1051 8098 1053 8098 904 8098 904 8099 1053 8099 906 8099 567 8100 569 8100 3827 8100 3827 8101 569 8101 3828 8101 602 8102 566 8102 3829 8102 3829 8103 566 8103 3826 8103 1053 8104 1055 8104 906 8104 906 8105 1055 8105 907 8105 569 8106 571 8106 3828 8106 3828 8107 571 8107 3830 8107 604 8108 602 8108 3831 8108 3831 8109 602 8109 3829 8109 1055 8110 992 8110 907 8110 907 8111 992 8111 908 8111 571 8112 604 8112 3830 8112 3830 8113 604 8113 3831 8113 985 8114 983 8114 848 8114 848 8115 983 8115 850 8115 983 8116 1017 8116 850 8116 850 8117 1017 8117 866 8117 1017 8118 1019 8118 866 8118 866 8119 1019 8119 868 8119 484 8120 486 8120 3832 8120 3832 8121 486 8121 3833 8121 1019 8122 989 8122 868 8122 868 8123 989 8123 843 8123 486 8124 488 8124 3833 8124 3833 8125 488 8125 3834 8125 482 8126 484 8126 3835 8126 3835 8127 484 8127 3832 8127 989 8128 987 8128 843 8128 843 8129 987 8129 846 8129 488 8130 553 8130 3834 8130 3834 8131 553 8131 3836 8131 551 8132 482 8132 3837 8132 3837 8133 482 8133 3835 8133 987 8134 985 8134 846 8134 846 8135 985 8135 848 8135 553 8136 551 8136 3836 8136 3836 8137 551 8137 3837 8137 999 8138 997 8138 922 8138 922 8139 997 8139 923 8139 997 8140 994 8140 923 8140 923 8141 994 8141 914 8141 994 8142 993 8142 914 8142 914 8143 993 8143 913 8143 577 8144 578 8144 3838 8144 3838 8145 578 8145 3839 8145 993 8146 1002 8146 913 8146 913 8147 1002 8147 917 8147 578 8148 580 8148 3839 8148 3839 8149 580 8149 3840 8149 588 8150 577 8150 3841 8150 3841 8151 577 8151 3838 8151 1002 8152 1001 8152 917 8152 917 8153 1001 8153 920 8153 580 8154 601 8154 3840 8154 3840 8155 601 8155 3842 8155 594 8156 588 8156 3843 8156 3843 8157 588 8157 3841 8157 1001 8158 999 8158 920 8158 920 8159 999 8159 922 8159 601 8160 594 8160 3842 8160 3842 8161 594 8161 3843 8161 1057 8162 1056 8162 912 8162 912 8163 1056 8163 894 8163 1056 8164 1039 8164 894 8164 894 8165 1039 8165 892 8165 1039 8166 1041 8166 892 8166 892 8167 1041 8167 890 8167 555 8168 557 8168 3844 8168 3844 8169 557 8169 3845 8169 1041 8170 1043 8170 890 8170 890 8171 1043 8171 895 8171 557 8172 559 8172 3845 8172 3845 8173 559 8173 3846 8173 572 8174 555 8174 3847 8174 3847 8175 555 8175 3844 8175 1043 8176 1058 8176 895 8176 895 8177 1058 8177 911 8177 559 8178 575 8178 3846 8178 3846 8179 575 8179 3848 8179 574 8180 572 8180 3849 8180 3849 8181 572 8181 3847 8181 1058 8182 1057 8182 911 8182 911 8183 1057 8183 912 8183 575 8184 574 8184 3848 8184 3848 8185 574 8185 3849 8185 1027 8186 947 8186 837 8186 837 8187 947 8187 835 8187 947 8188 945 8188 835 8188 835 8189 945 8189 871 8189 945 8190 943 8190 871 8190 871 8191 943 8191 869 8191 495 8192 493 8192 3850 8192 3850 8193 493 8193 3851 8193 943 8194 940 8194 869 8194 869 8195 940 8195 841 8195 493 8196 490 8196 3851 8196 3851 8197 490 8197 3852 8197 497 8198 495 8198 3853 8198 3853 8199 495 8199 3850 8199 940 8200 1038 8200 841 8200 841 8201 1038 8201 839 8201 490 8202 528 8202 3852 8202 3852 8203 528 8203 3854 8203 526 8204 497 8204 3855 8204 3855 8205 497 8205 3853 8205 1038 8206 1027 8206 839 8206 839 8207 1027 8207 837 8207 528 8208 526 8208 3854 8208 3854 8209 526 8209 3855 8209 977 8210 975 8210 856 8210 856 8211 975 8211 814 8211 975 8212 1011 8212 814 8212 814 8213 1011 8213 812 8213 1011 8214 1013 8214 812 8214 812 8215 1013 8215 810 8215 476 8216 478 8216 3856 8216 3856 8217 478 8217 3857 8217 1013 8218 981 8218 810 8218 810 8219 981 8219 852 8219 478 8220 480 8220 3857 8220 3857 8221 480 8221 3858 8221 529 8222 476 8222 3859 8222 3859 8223 476 8223 3856 8223 981 8224 979 8224 852 8224 852 8225 979 8225 854 8225 480 8226 547 8226 3858 8226 3858 8227 547 8227 3860 8227 545 8228 529 8228 3861 8228 3861 8229 529 8229 3859 8229 979 8230 977 8230 854 8230 854 8231 977 8231 856 8231 547 8232 545 8232 3860 8232 3860 8233 545 8233 3861 8233 3737 8234 3860 8234 3736 8234 3736 8235 3860 8235 3861 8235 3736 8236 3861 8236 3739 8236 3739 8237 3861 8237 3859 8237 3739 8238 3859 8238 3816 8238 3816 8239 3859 8239 3822 8239 3816 8240 3822 8240 3815 8240 3815 8241 3822 8241 3824 8241 3815 8242 3824 8242 3814 8242 3814 8243 3824 8243 3825 8243 3814 8244 3825 8244 3817 8244 3817 8245 3825 8245 3823 8245 3817 8246 3823 8246 1119 8246 1119 8247 3823 8247 3763 8247 1119 8248 3763 8248 653 8248 653 8249 3763 8249 3757 8249 653 8250 3757 8250 3775 8250 3775 8251 3757 8251 3777 8251 3777 8252 3757 8252 3754 8252 3777 8253 3754 8253 3776 8253 3776 8254 3754 8254 3755 8254 3776 8255 3755 8255 3774 8255 3774 8256 3755 8256 3756 8256 3774 8257 3756 8257 3769 8257 3769 8258 3756 8258 3793 8258 3769 8259 3793 8259 3771 8259 3771 8260 3793 8260 3790 8260 3771 8261 3790 8261 3770 8261 3770 8262 3790 8262 3791 8262 3770 8263 3791 8263 3768 8263 3768 8264 3791 8264 3792 8264 3768 8265 3792 8265 3805 8265 3805 8266 3792 8266 3853 8266 3805 8267 3853 8267 3807 8267 3807 8268 3853 8268 3850 8268 3807 8269 3850 8269 3806 8269 3806 8270 3850 8270 3851 8270 3806 8271 3851 8271 3804 8271 3804 8272 3851 8272 3852 8272 3804 8273 3852 8273 628 8273 628 8274 3852 8274 3798 8274 628 8275 3798 8275 1070 8275 1070 8276 3798 8276 3834 8276 1070 8277 3834 8277 3786 8277 3786 8278 3834 8278 3785 8278 3785 8279 3834 8279 3836 8279 3785 8280 3836 8280 3784 8280 3784 8281 3836 8281 3837 8281 3784 8282 3837 8282 3787 8282 3787 8283 3837 8283 3835 8283 3787 8284 3835 8284 3738 8284 3738 8285 3835 8285 3858 8285 3738 8286 3858 8286 3737 8286 3737 8287 3858 8287 3860 8287 3740 8288 3749 8288 3738 8288 3738 8289 3749 8289 3750 8289 3738 8290 3750 8290 3787 8290 3787 8291 3750 8291 3826 8291 3787 8292 3826 8292 3789 8292 3789 8293 3826 8293 3827 8293 3789 8294 3827 8294 3788 8294 3788 8295 3827 8295 3828 8295 3788 8296 3828 8296 3786 8296 3786 8297 3828 8297 3830 8297 3786 8298 3830 8298 1070 8298 1070 8299 3830 8299 3831 8299 1070 8300 3831 8300 3829 8300 3749 8301 3740 8301 3748 8301 3748 8302 3740 8302 3741 8302 3748 8303 3741 8303 3751 8303 3751 8304 3741 8304 3739 8304 3751 8305 3739 8305 3846 8305 3846 8306 3739 8306 3816 8306 3846 8307 3816 8307 3845 8307 3845 8308 3816 8308 3818 8308 3845 8309 3818 8309 3844 8309 3844 8310 3818 8310 3819 8310 3844 8311 3819 8311 3847 8311 3847 8312 3819 8312 3817 8312 3847 8313 3817 8313 1119 8313 3743 8314 3794 8314 3742 8314 3742 8315 3794 8315 3795 8315 3742 8316 3795 8316 3745 8316 3745 8317 3795 8317 3793 8317 3745 8318 3793 8318 3762 8318 3762 8319 3793 8319 3756 8319 3762 8320 3756 8320 3761 8320 3761 8321 3756 8321 3758 8321 3761 8322 3758 8322 3760 8322 3760 8323 3758 8323 3759 8323 3760 8324 3759 8324 3763 8324 3763 8325 3759 8325 3757 8325 3794 8326 3743 8326 3792 8326 3792 8327 3743 8327 3744 8327 3792 8328 3744 8328 3853 8328 3853 8329 3744 8329 3799 8329 3853 8330 3799 8330 3855 8330 3855 8331 3799 8331 3796 8331 3855 8332 3796 8332 3854 8332 3854 8333 3796 8333 3797 8333 3854 8334 3797 8334 3852 8334 3852 8335 3797 8335 3798 8335 3746 8336 3857 8336 3744 8336 3744 8337 3857 8337 3858 8337 3744 8338 3858 8338 3799 8338 3799 8339 3858 8339 3835 8339 3799 8340 3835 8340 3801 8340 3801 8341 3835 8341 3832 8341 3801 8342 3832 8342 3800 8342 3800 8343 3832 8343 3833 8343 3800 8344 3833 8344 3798 8344 3798 8345 3833 8345 3834 8345 3857 8346 3746 8346 3856 8346 3856 8347 3746 8347 3747 8347 3856 8348 3747 8348 3859 8348 3859 8349 3747 8349 3745 8349 3859 8350 3745 8350 3822 8350 3822 8351 3745 8351 3762 8351 3822 8352 3762 8352 3821 8352 3821 8353 3762 8353 3764 8353 3821 8354 3764 8354 3820 8354 3820 8355 3764 8355 3765 8355 3820 8356 3765 8356 3823 8356 3823 8357 3765 8357 3763 8357 3826 8358 3750 8358 3829 8358 3829 8359 3750 8359 3752 8359 3829 8360 3752 8360 1070 8360 1070 8361 3752 8361 1119 8361 1119 8362 3752 8362 3753 8362 1119 8363 3753 8363 3848 8363 3848 8364 3753 8364 3846 8364 3846 8365 3753 8365 3751 8365 3767 8366 3842 8366 3766 8366 3766 8367 3842 8367 3843 8367 3766 8368 3843 8368 3769 8368 3769 8369 3843 8369 3841 8369 3769 8370 3841 8370 3774 8370 3774 8371 3841 8371 3780 8371 3774 8372 3780 8372 3773 8372 3773 8373 3780 8373 3782 8373 3773 8374 3782 8374 3772 8374 3772 8375 3782 8375 3783 8375 3772 8376 3783 8376 3775 8376 3775 8377 3783 8377 3781 8377 3775 8378 3781 8378 653 8378 653 8379 3781 8379 3778 8379 653 8380 3778 8380 3779 8380 3842 8381 3767 8381 3840 8381 3840 8382 3767 8382 3768 8382 3840 8383 3768 8383 3811 8383 3811 8384 3768 8384 3805 8384 3811 8385 3805 8385 3813 8385 3813 8386 3805 8386 3802 8386 3813 8387 3802 8387 3812 8387 3812 8388 3802 8388 3803 8388 3812 8389 3803 8389 3810 8389 3810 8390 3803 8390 3804 8390 3810 8391 3804 8391 628 8391 653 8392 3779 8392 3838 8392 3838 8393 3779 8393 3780 8393 3838 8394 3780 8394 3841 8394 3809 8395 628 8395 3808 8395 3808 8396 628 8396 3839 8396 3808 8397 3839 8397 3840 8397 3809 8398 3810 8398 628 8398 3811 8399 3808 8399 3840 8399 3838 8400 3839 8400 653 8400 653 8401 3839 8401 628 8401 3848 8402 3849 8402 1119 8402 1119 8403 3849 8403 3847 8403</p>
        </triangles>
        <triangles material="Material_002-material" count="1356">
          <input semantic="VERTEX" source="#box_main-mesh-vertices" offset="0"/>
          <input semantic="NORMAL" source="#box_main-mesh-normals" offset="1"/>
          <p>48 64 49 64 50 64 50 65 49 65 51 65 51 66 49 66 52 66 51 67 52 67 53 67 53 68 52 68 54 68 53 69 54 69 55 69 56 70 57 70 49 70 49 71 57 71 52 71 58 72 59 72 53 72 53 73 59 73 51 73 56 2418 1922 2418 57 2418 57 2419 1922 2419 1923 2419 57 2420 1923 2420 1607 2420 1607 2421 1923 2421 1605 2421 1605 2422 1923 2422 1924 2422 1605 2423 1924 2423 1603 2423 1603 2424 1924 2424 1601 2424 1601 2425 1924 2425 1925 2425 1601 2426 1925 2426 1599 2426 1599 2427 1925 2427 1926 2427 1599 2428 1926 2428 1597 2428 1597 2429 1926 2429 1595 2429 1595 2430 1926 2430 1927 2430 1595 2431 1927 2431 1593 2431 1593 2432 1927 2432 1928 2432 1593 2433 1928 2433 1591 2433 1591 2434 1928 2434 1589 2434 1589 2435 1928 2435 1929 2435 1589 2436 1929 2436 1587 2436 1587 2437 1929 2437 1930 2437 1587 2438 1930 2438 1585 2438 1585 2439 1930 2439 1583 2439 1583 2440 1930 2440 1931 2440 1583 2441 1931 2441 1581 2441 1581 2442 1931 2442 1932 2442 1581 2443 1932 2443 1579 2443 1579 2444 1932 2444 1577 2444 1577 2445 1932 2445 1933 2445 1577 2446 1933 2446 1576 2446 1576 2447 1933 2447 1934 2447 1576 2448 1934 2448 1574 2448 1574 2449 1934 2449 1572 2449 1572 2450 1934 2450 1935 2450 1572 2451 1935 2451 1570 2451 1570 2452 1935 2452 1936 2452 1570 2453 1936 2453 1568 2453 1568 2454 1936 2454 1566 2454 1566 2455 1936 2455 1937 2455 1566 2456 1937 2456 1564 2456 1564 2457 1937 2457 1938 2457 1564 2458 1938 2458 1562 2458 1562 2459 1938 2459 1560 2459 1560 2460 1938 2460 1939 2460 1560 2461 1939 2461 1558 2461 1558 2462 1939 2462 1940 2462 1558 2463 1940 2463 1556 2463 1556 2464 1940 2464 1554 2464 1554 2465 1940 2465 1941 2465 1554 2466 1941 2466 1552 2466 1552 2467 1941 2467 1942 2467 1552 2468 1942 2468 1550 2468 1550 2469 1942 2469 1548 2469 1548 2470 1942 2470 1943 2470 1548 2471 1943 2471 1546 2471 1546 2472 1943 2472 1944 2472 1546 2473 1944 2473 1544 2473 1544 2474 1944 2474 1542 2474 1542 2475 1944 2475 1945 2475 1542 2476 1945 2476 1540 2476 1540 2477 1945 2477 1946 2477 1540 2478 1946 2478 1539 2478 1539 2479 1946 2479 1537 2479 1537 2480 1946 2480 1947 2480 1537 2481 1947 2481 1535 2481 1535 2482 1947 2482 1948 2482 1535 2483 1948 2483 1533 2483 1533 2484 1948 2484 1531 2484 1531 2485 1948 2485 1949 2485 1531 2486 1949 2486 1529 2486 1529 2487 1949 2487 1950 2487 1529 2488 1950 2488 1526 2488 1526 2489 1950 2489 1951 2489 1526 2490 1951 2490 1524 2490 1524 2491 1951 2491 1952 2491 1524 2492 1952 2492 1516 2492 1516 2493 1952 2493 1953 2493 1516 2494 1953 2494 1514 2494 1514 2495 1953 2495 1954 2495 1514 2496 1954 2496 1512 2496 1512 2497 1954 2497 1955 2497 1512 2498 1955 2498 1510 2498 1510 2499 1955 2499 1956 2499 1510 2500 1956 2500 1508 2500 1508 2501 1956 2501 1957 2501 1508 2502 1957 2502 1506 2502 1506 2503 1957 2503 1958 2503 1506 2504 1958 2504 1504 2504 1504 2505 1958 2505 1959 2505 1504 2506 1959 2506 1502 2506 1502 2507 1959 2507 1960 2507 1502 2508 1960 2508 1500 2508 1500 2509 1960 2509 1498 2509 1498 2510 1960 2510 1961 2510 1961 2511 1960 2511 1962 2511 1962 2512 1960 2512 1959 2512 1962 2513 1959 2513 1963 2513 1963 2514 1959 2514 1958 2514 1963 2515 1958 2515 1964 2515 1964 2516 1958 2516 1957 2516 1964 2517 1957 2517 1965 2517 1965 2518 1957 2518 1956 2518 1965 2519 1956 2519 1966 2519 1966 2520 1956 2520 1955 2520 1966 2521 1955 2521 1967 2521 1967 2522 1955 2522 1954 2522 1967 2523 1954 2523 1968 2523 1968 2524 1954 2524 1953 2524 1968 2525 1953 2525 1969 2525 1969 2526 1953 2526 1952 2526 1969 2527 1952 2527 1970 2527 1970 2528 1952 2528 1951 2528 1970 2529 1951 2529 1971 2529 1971 2530 1951 2530 1950 2530 1971 2531 1950 2531 1972 2531 1972 2532 1950 2532 1973 2532 1973 2533 1950 2533 1949 2533 1973 2534 1949 2534 1974 2534 1974 2535 1949 2535 1948 2535 1974 2536 1948 2536 1975 2536 1975 2537 1948 2537 1976 2537 1976 2538 1948 2538 1947 2538 1976 2539 1947 2539 1977 2539 1977 2540 1947 2540 1946 2540 1977 2541 1946 2541 1978 2541 1978 2542 1946 2542 1979 2542 1979 2543 1946 2543 1945 2543 1979 2544 1945 2544 1980 2544 1980 2545 1945 2545 1944 2545 1980 2546 1944 2546 1981 2546 1981 2547 1944 2547 1982 2547 1982 2548 1944 2548 1943 2548 1982 2549 1943 2549 1983 2549 1983 2550 1943 2550 1942 2550 1983 2551 1942 2551 1984 2551 1984 2552 1942 2552 1985 2552 1985 2553 1942 2553 1941 2553 1985 2554 1941 2554 1986 2554 1986 2555 1941 2555 1940 2555 1986 2556 1940 2556 1987 2556 1987 2557 1940 2557 1988 2557 1988 2558 1940 2558 1939 2558 1988 2559 1939 2559 1989 2559 1989 2560 1939 2560 1938 2560 1989 2561 1938 2561 1990 2561 1990 2562 1938 2562 1991 2562 1991 2563 1938 2563 1937 2563 1991 2564 1937 2564 1992 2564 1992 2565 1937 2565 1936 2565 1992 2566 1936 2566 1993 2566 1993 2567 1936 2567 1994 2567 1994 2568 1936 2568 1935 2568 1994 2569 1935 2569 1995 2569 1995 2570 1935 2570 1934 2570 1995 2571 1934 2571 1996 2571 1996 2572 1934 2572 1997 2572 1997 2573 1934 2573 1933 2573 1997 2574 1933 2574 1998 2574 1998 2575 1933 2575 1932 2575 1998 2576 1932 2576 1999 2576 1999 2577 1932 2577 2000 2577 2000 2578 1932 2578 1931 2578 2000 2579 1931 2579 2001 2579 2001 2580 1931 2580 1930 2580 2001 2581 1930 2581 2002 2581 2002 2582 1930 2582 2003 2582 2003 2583 1930 2583 1929 2583 2003 2584 1929 2584 2004 2584 2004 2585 1929 2585 1928 2585 2004 2586 1928 2586 2005 2586 2005 2587 1928 2587 2006 2587 2006 2588 1928 2588 1927 2588 2006 2589 1927 2589 2007 2589 2007 2590 1927 2590 1926 2590 2007 2591 1926 2591 2008 2591 2008 2592 1926 2592 2009 2592 2009 2593 1926 2593 1925 2593 2009 2594 1925 2594 2010 2594 2010 2595 1925 2595 1924 2595 2010 2596 1924 2596 2011 2596 2011 2597 1924 2597 2012 2597 2012 2598 1924 2598 1923 2598 2012 2599 1923 2599 1922 2599 2151 2879 2152 2879 2126 2879 2126 2880 2152 2880 2124 2880 2152 2881 2153 2881 2124 2881 2124 2882 2153 2882 2122 2882 2157 2891 2158 2891 2114 2891 2114 2892 2158 2892 2112 2892 1392 3488 2513 3488 1390 3488 1390 3489 2513 3489 2514 3489 1390 3490 2514 3490 2515 3490 2515 3491 2514 3491 2516 3491 2516 3492 2514 3492 2517 3492 2516 3493 2517 3493 2518 3493 2518 3494 2517 3494 2519 3494 2518 3495 2519 3495 2520 3495 2520 3496 2519 3496 2521 3496 2520 3497 2521 3497 2522 3497 2522 3498 2521 3498 2523 3498 2522 3499 2523 3499 2524 3499 2524 3500 2523 3500 2525 3500 2524 3501 2525 3501 2526 3501 2526 3502 2525 3502 2527 3502 2526 3503 2527 3503 2528 3503 2528 3504 2527 3504 2529 3504 2528 3505 2529 3505 2530 3505 2530 3506 2529 3506 2531 3506 2530 3507 2531 3507 2532 3507 2532 3508 2531 3508 2533 3508 2532 3509 2533 3509 2534 3509 2534 3510 2533 3510 2535 3510 2534 3511 2535 3511 2536 3511 2536 3512 2535 3512 2537 3512 2536 3513 2537 3513 2538 3513 2538 3514 2537 3514 2539 3514 2538 3515 2539 3515 2540 3515 2540 3516 2539 3516 2541 3516 2540 3517 2541 3517 2542 3517 2542 3518 2541 3518 2543 3518 2542 3519 2543 3519 2544 3519 2544 3520 2543 3520 2545 3520 2544 3521 2545 3521 2546 3521 2546 3522 2545 3522 2547 3522 2546 3523 2547 3523 2548 3523 2548 3524 2547 3524 2549 3524 2548 3525 2549 3525 2550 3525 2550 3526 2549 3526 2551 3526 2550 3527 2551 3527 2552 3527 2552 3528 2551 3528 2553 3528 2552 3529 2553 3529 2554 3529 2554 3530 2553 3530 2555 3530 2554 3531 2555 3531 2556 3531 2556 3532 2555 3532 2557 3532 2556 3533 2557 3533 2558 3533 2558 3534 2557 3534 2559 3534 2558 3535 2559 3535 2560 3535 2560 3536 2559 3536 2561 3536 2560 3537 2561 3537 2562 3537 2562 3538 2561 3538 2563 3538 2562 3539 2563 3539 2564 3539 2564 3540 2563 3540 2565 3540 2564 3541 2565 3541 2566 3541 2566 3542 2565 3542 2567 3542 2566 3543 2567 3543 2568 3543 2568 3544 2567 3544 2569 3544 2568 3545 2569 3545 2570 3545 2570 3546 2569 3546 2571 3546 2570 3547 2571 3547 2572 3547 2572 3548 2571 3548 2573 3548 2572 3549 2573 3549 2574 3549 2574 3550 2573 3550 2575 3550 2574 3551 2575 3551 2576 3551 2576 3552 2575 3552 2577 3552 2576 3553 2577 3553 2578 3553 2578 3554 2577 3554 2579 3554 2578 3555 2579 3555 2580 3555 2580 3556 2579 3556 2581 3556 2580 3557 2581 3557 2582 3557 2582 3558 2581 3558 2583 3558 2582 3559 2583 3559 2584 3559 2584 3560 2583 3560 2585 3560 2584 3561 2585 3561 2586 3561 2586 3562 2585 3562 2587 3562 2586 3563 2587 3563 2588 3563 2588 3564 2587 3564 2589 3564 2588 3565 2589 3565 2590 3565 2590 3566 2589 3566 2591 3566 2590 3567 2591 3567 2592 3567 2592 3568 2591 3568 2593 3568 2592 3569 2593 3569 2594 3569 2594 3570 2593 3570 2595 3570 2594 3571 2595 3571 2596 3571 2596 3572 2595 3572 2597 3572 2596 3573 2597 3573 2598 3573 2598 3574 2597 3574 2599 3574 2598 3575 2599 3575 2600 3575 2600 3576 2599 3576 2601 3576 2600 3577 2601 3577 2602 3577 2602 3578 2601 3578 2603 3578 2602 3579 2603 3579 2604 3579 2604 3580 2603 3580 2605 3580 2604 3581 2605 3581 2606 3581 2606 3582 2605 3582 2607 3582 2606 3583 2607 3583 2608 3583 2608 3584 2607 3584 2609 3584 2608 3585 2609 3585 2610 3585 2610 3586 2609 3586 2611 3586 2610 3587 2611 3587 2612 3587 2612 3588 2611 3588 2613 3588 2612 3589 2613 3589 2614 3589 2614 3590 2613 3590 2615 3590 2614 3591 2615 3591 2616 3591 2616 3592 2615 3592 2617 3592 2616 3593 2617 3593 2618 3593 2618 3594 2617 3594 58 3594 58 3595 2617 3595 2619 3595 58 3596 2619 3596 59 3596 59 3597 2619 3597 1495 3597 1495 3598 2619 3598 2620 3598 1495 3599 2620 3599 1493 3599 1493 3600 2620 3600 2621 3600 1493 3601 2621 3601 1491 3601 1491 3602 2621 3602 2622 3602 1491 3603 2622 3603 1489 3603 1489 3604 2622 3604 2623 3604 1489 3605 2623 3605 1487 3605 1487 3606 2623 3606 2624 3606 1487 3607 2624 3607 1485 3607 1485 3608 2624 3608 2625 3608 1485 3609 2625 3609 1483 3609 1483 3610 2625 3610 2626 3610 1483 3611 2626 3611 1481 3611 1481 3612 2626 3612 2627 3612 1481 3613 2627 3613 1479 3613 1479 3614 2627 3614 2628 3614 1479 3615 2628 3615 1477 3615 1477 3616 2628 3616 2629 3616 1477 3617 2629 3617 1475 3617 1475 3618 2629 3618 2630 3618 1475 3619 2630 3619 1473 3619 1473 3620 2630 3620 2631 3620 1473 3621 2631 3621 1471 3621 1471 3622 2631 3622 2632 3622 1471 3623 2632 3623 1469 3623 1469 3624 2632 3624 2633 3624 1469 3625 2633 3625 1467 3625 1467 3626 2633 3626 2634 3626 1467 3627 2634 3627 1466 3627 1466 3628 2634 3628 2635 3628 1466 3629 2635 3629 1464 3629 1464 3630 2635 3630 2636 3630 1464 3631 2636 3631 1462 3631 1462 3632 2636 3632 2637 3632 1462 3633 2637 3633 1460 3633 1460 3634 2637 3634 2638 3634 1460 3635 2638 3635 1458 3635 1458 3636 2638 3636 2639 3636 1458 3637 2639 3637 1456 3637 1456 3638 2639 3638 2640 3638 1456 3639 2640 3639 1454 3639 1454 3640 2640 3640 2641 3640 1454 3641 2641 3641 1452 3641 1452 3642 2641 3642 2642 3642 1452 3643 2642 3643 1450 3643 1450 3644 2642 3644 2643 3644 1450 3645 2643 3645 1448 3645 1448 3646 2643 3646 2644 3646 1448 3647 2644 3647 1446 3647 1446 3648 2644 3648 2645 3648 1446 3649 2645 3649 1444 3649 1444 3650 2645 3650 2646 3650 1444 3651 2646 3651 1442 3651 1442 3652 2646 3652 2647 3652 1442 3653 2647 3653 1440 3653 1440 3654 2647 3654 2648 3654 1440 3655 2648 3655 1438 3655 1438 3656 2648 3656 2649 3656 1438 3657 2649 3657 1436 3657 1436 3658 2649 3658 2650 3658 1436 3659 2650 3659 1434 3659 1434 3660 2650 3660 2651 3660 1434 3661 2651 3661 1432 3661 1432 3662 2651 3662 2652 3662 1432 3663 2652 3663 1430 3663 1430 3664 2652 3664 2653 3664 1430 3665 2653 3665 1429 3665 1429 3666 2653 3666 2654 3666 1429 3667 2654 3667 1427 3667 1427 3668 2654 3668 2655 3668 1427 3669 2655 3669 1425 3669 1425 3670 2655 3670 2656 3670 1425 3671 2656 3671 1423 3671 1423 3672 2656 3672 2657 3672 1423 3673 2657 3673 1421 3673 1421 3674 2657 3674 2658 3674 1421 3675 2658 3675 1419 3675 1419 3676 2658 3676 2659 3676 1419 3677 2659 3677 1417 3677 1417 3678 2659 3678 2660 3678 1417 3679 2660 3679 1415 3679 1415 3680 2660 3680 2661 3680 1415 3681 2661 3681 1412 3681 1412 3682 2661 3682 2662 3682 1412 3683 2662 3683 1407 3683 1407 3684 2662 3684 2663 3684 1407 3685 2663 3685 1405 3685 1405 3686 2663 3686 2664 3686 1405 3687 2664 3687 1403 3687 1403 3688 2664 3688 2665 3688 1403 3689 2665 3689 1401 3689 1401 3690 2665 3690 2666 3690 1401 3691 2666 3691 1399 3691 1399 3692 2666 3692 2667 3692 1399 3693 2667 3693 1397 3693 1397 3694 2667 3694 2668 3694 1397 3695 2668 3695 1395 3695 1395 3696 2668 3696 2669 3696 1395 3697 2669 3697 1393 3697 1393 3698 2669 3698 2513 3698 1393 3699 2513 3699 1392 3699 2617 3700 2615 3700 2619 3700 2619 3701 2615 3701 2620 3701 2615 3702 2613 3702 2620 3702 2620 3703 2613 3703 2621 3703 2613 3704 2611 3704 2621 3704 2621 3705 2611 3705 2622 3705 2611 3706 2609 3706 2622 3706 2622 3707 2609 3707 2623 3707 2609 3708 2607 3708 2623 3708 2623 3709 2607 3709 2624 3709 2607 3710 2605 3710 2624 3710 2624 3711 2605 3711 2625 3711 2605 3712 2603 3712 2625 3712 2625 3713 2603 3713 2626 3713 2603 3714 2601 3714 2626 3714 2626 3715 2601 3715 2627 3715 2601 3716 2599 3716 2627 3716 2627 3717 2599 3717 2628 3717 2599 3718 2597 3718 2628 3718 2628 3719 2597 3719 2629 3719 2597 3720 2595 3720 2629 3720 2629 3721 2595 3721 2630 3721 2595 3722 2593 3722 2630 3722 2630 3723 2593 3723 2631 3723 2593 3724 2591 3724 2631 3724 2631 3725 2591 3725 2632 3725 2591 3726 2589 3726 2632 3726 2632 3727 2589 3727 2633 3727 2589 3728 2587 3728 2633 3728 2633 3729 2587 3729 2634 3729 2587 3730 2585 3730 2634 3730 2634 3731 2585 3731 2635 3731 2585 3732 2583 3732 2635 3732 2635 3733 2583 3733 2636 3733 2583 3734 2581 3734 2636 3734 2636 3735 2581 3735 2637 3735 2581 3736 2579 3736 2637 3736 2637 3737 2579 3737 2638 3737 2579 3738 2577 3738 2638 3738 2638 3739 2577 3739 2639 3739 2577 3740 2575 3740 2639 3740 2639 3741 2575 3741 2640 3741 2575 3742 2573 3742 2640 3742 2640 3743 2573 3743 2641 3743 2573 3744 2571 3744 2641 3744 2641 3745 2571 3745 2642 3745 2571 3746 2569 3746 2642 3746 2642 3747 2569 3747 2643 3747 2569 3748 2567 3748 2643 3748 2643 3749 2567 3749 2644 3749 2567 3750 2565 3750 2644 3750 2644 3751 2565 3751 2645 3751 2565 3752 2563 3752 2645 3752 2645 3753 2563 3753 2646 3753 2563 3754 2561 3754 2646 3754 2646 3755 2561 3755 2647 3755 2561 3756 2559 3756 2647 3756 2647 3757 2559 3757 2648 3757 2559 3758 2557 3758 2648 3758 2648 3759 2557 3759 2649 3759 2557 3760 2555 3760 2649 3760 2649 3761 2555 3761 2650 3761 2555 3762 2553 3762 2650 3762 2650 3763 2553 3763 2651 3763 2553 3764 2551 3764 2651 3764 2651 3765 2551 3765 2652 3765 2551 3766 2549 3766 2652 3766 2652 3767 2549 3767 2653 3767 2549 3768 2547 3768 2653 3768 2653 3769 2547 3769 2654 3769 2547 3770 2545 3770 2654 3770 2654 3771 2545 3771 2655 3771 2545 3772 2543 3772 2655 3772 2655 3773 2543 3773 2656 3773 2543 3774 2541 3774 2656 3774 2656 3775 2541 3775 2657 3775 2541 3776 2539 3776 2657 3776 2657 3777 2539 3777 2658 3777 2539 3778 2537 3778 2658 3778 2658 3779 2537 3779 2659 3779 2537 3780 2535 3780 2659 3780 2659 3781 2535 3781 2660 3781 2535 3782 2533 3782 2660 3782 2660 3783 2533 3783 2661 3783 2533 3784 2531 3784 2661 3784 2661 3785 2531 3785 2662 3785 2531 3786 2529 3786 2662 3786 2662 3787 2529 3787 2663 3787 2529 3788 2527 3788 2663 3788 2663 3789 2527 3789 2664 3789 2527 3790 2525 3790 2664 3790 2664 3791 2525 3791 2665 3791 2525 3792 2523 3792 2665 3792 2665 3793 2523 3793 2666 3793 2523 3794 2521 3794 2666 3794 2666 3795 2521 3795 2667 3795 2521 3796 2519 3796 2667 3796 2667 3797 2519 3797 2668 3797 2514 3798 2513 3798 2669 3798 2519 3799 2517 3799 2668 3799 2668 3800 2517 3800 2669 3800 2517 3801 2514 3801 2669 3801 2796 4056 2797 4056 2798 4056 2798 4057 2797 4057 1260 4057 2798 4058 1260 4058 2799 4058 2799 4059 1260 4059 1262 4059 2799 4060 1262 4060 1263 4060 2799 4061 1263 4061 2800 4061 2800 4062 1263 4062 1265 4062 2800 4063 1265 4063 2801 4063 2801 4064 1265 4064 1267 4064 2801 4065 1267 4065 2802 4065 2802 4066 1267 4066 1269 4066 2802 4067 1269 4067 2803 4067 2803 4068 1269 4068 1271 4068 2803 4069 1271 4069 2804 4069 2804 4070 1271 4070 1273 4070 2804 4071 1273 4071 2805 4071 2805 4072 1273 4072 1275 4072 2805 4073 1275 4073 2806 4073 2806 4074 1275 4074 1277 4074 2806 4075 1277 4075 2807 4075 2807 4076 1277 4076 1279 4076 2807 4077 1279 4077 2808 4077 2808 4078 1279 4078 1281 4078 2808 4079 1281 4079 2809 4079 2809 4080 1281 4080 1283 4080 2809 4081 1283 4081 2810 4081 2810 4082 1283 4082 1285 4082 2810 4083 1285 4083 2811 4083 2811 4084 1285 4084 1287 4084 2811 4085 1287 4085 2812 4085 2812 4086 1287 4086 1289 4086 2812 4087 1289 4087 2813 4087 2813 4088 1289 4088 1291 4088 2813 4089 1291 4089 2814 4089 2814 4090 1291 4090 1293 4090 2814 4091 1293 4091 2815 4091 2815 4092 1293 4092 1295 4092 2815 4093 1295 4093 2816 4093 2816 4094 1295 4094 1296 4094 2816 4095 1296 4095 2817 4095 2817 4096 1296 4096 1298 4096 2817 4097 1298 4097 2818 4097 2818 4098 1298 4098 1300 4098 2818 4099 1300 4099 2819 4099 2819 4100 1300 4100 1302 4100 2819 4101 1302 4101 2820 4101 2820 4102 1302 4102 1304 4102 2820 4103 1304 4103 2821 4103 2821 4104 1304 4104 1306 4104 2821 4105 1306 4105 2822 4105 2822 4106 1306 4106 1308 4106 2822 4107 1308 4107 2823 4107 2823 4108 1308 4108 1310 4108 2823 4109 1310 4109 2824 4109 2824 4110 1310 4110 1312 4110 2824 4111 1312 4111 2825 4111 2825 4112 1312 4112 1314 4112 2825 4113 1314 4113 2826 4113 2826 4114 1314 4114 1316 4114 2826 4115 1316 4115 2827 4115 2827 4116 1316 4116 1318 4116 2827 4117 1318 4117 2828 4117 2828 4118 1318 4118 1320 4118 2828 4119 1320 4119 2829 4119 2829 4120 1320 4120 1322 4120 2829 4121 1322 4121 2830 4121 2830 4122 1322 4122 1324 4122 2830 4123 1324 4123 2831 4123 2831 4124 1324 4124 1326 4124 2831 4125 1326 4125 2832 4125 2832 4126 1326 4126 1328 4126 2832 4127 1328 4127 2833 4127 2833 4128 1328 4128 1330 4128 2833 4129 1330 4129 2834 4129 2834 4130 1330 4130 1332 4130 2834 4131 1332 4131 2835 4131 2835 4132 1332 4132 1334 4132 2835 4133 1334 4133 2836 4133 2836 4134 1334 4134 1336 4134 2836 4135 1336 4135 2837 4135 2837 4136 1336 4136 1338 4136 2837 4137 1338 4137 2838 4137 2838 4138 1338 4138 1340 4138 2838 4139 1340 4139 2839 4139 2839 4140 1340 4140 1341 4140 2839 4141 1341 4141 2840 4141 2840 4142 1341 4142 1343 4142 2840 4143 1343 4143 2841 4143 2841 4144 1343 4144 1345 4144 2841 4145 1345 4145 2842 4145 2842 4146 1345 4146 1347 4146 2842 4147 1347 4147 2843 4147 2843 4148 1347 4148 1349 4148 2843 4149 1349 4149 2844 4149 2844 4150 1349 4150 1351 4150 2844 4151 1351 4151 2845 4151 2845 4152 1351 4152 1353 4152 2845 4153 1353 4153 2846 4153 2846 4154 1353 4154 1355 4154 2846 4155 1355 4155 2847 4155 2847 4156 1355 4156 1357 4156 2847 4157 1357 4157 2848 4157 2848 4158 1357 4158 1359 4158 2848 4159 1359 4159 2849 4159 2849 4160 1359 4160 1361 4160 2849 4161 1361 4161 2850 4161 2850 4162 1361 4162 1363 4162 2850 4163 1363 4163 2851 4163 2851 4164 1363 4164 1365 4164 2851 4165 1365 4165 2852 4165 2852 4166 1365 4166 1367 4166 2852 4167 1367 4167 2853 4167 2853 4168 1367 4168 1369 4168 2853 4169 1369 4169 2854 4169 2854 4170 1369 4170 1371 4170 2854 4171 1371 4171 2855 4171 2855 4172 1371 4172 1373 4172 2855 4173 1373 4173 2856 4173 2856 4174 1373 4174 1375 4174 2856 4175 1375 4175 2857 4175 2857 4176 1375 4176 1377 4176 2857 4177 1377 4177 2858 4177 2858 4178 1377 4178 1379 4178 2858 4179 1379 4179 2859 4179 2859 4180 1379 4180 1381 4180 2859 4181 1381 4181 2860 4181 2860 4182 1381 4182 1383 4182 2860 4183 1383 4183 2861 4183 2861 4184 1383 4184 48 4184 2861 4185 48 4185 50 4185 2861 4186 50 4186 2862 4186 2862 4187 50 4187 2863 4187 2862 4188 2863 4188 2864 4188 2862 4189 2864 4189 2865 4189 2865 4190 2864 4190 2866 4190 2865 4191 2866 4191 2867 4191 2867 4192 2866 4192 2868 4192 2867 4193 2868 4193 2869 4193 2869 4194 2868 4194 2870 4194 2869 4195 2870 4195 2871 4195 2871 4196 2870 4196 2872 4196 2871 4197 2872 4197 2873 4197 2873 4198 2872 4198 2874 4198 2873 4199 2874 4199 2875 4199 2875 4200 2874 4200 2876 4200 2875 4201 2876 4201 2877 4201 2877 4202 2876 4202 2878 4202 2877 4203 2878 4203 2879 4203 2879 4204 2878 4204 2880 4204 2879 4205 2880 4205 2881 4205 2881 4206 2880 4206 2882 4206 2881 4207 2882 4207 2883 4207 2883 4208 2882 4208 2884 4208 2883 4209 2884 4209 2885 4209 2885 4210 2884 4210 2886 4210 2885 4211 2886 4211 2887 4211 2887 4212 2886 4212 2888 4212 2887 4213 2888 4213 2889 4213 2889 4214 2888 4214 2890 4214 2889 4215 2890 4215 2891 4215 2891 4216 2890 4216 2892 4216 2891 4217 2892 4217 2893 4217 2893 4218 2892 4218 2894 4218 2893 4219 2894 4219 2895 4219 2895 4220 2894 4220 2896 4220 2895 4221 2896 4221 2897 4221 2897 4222 2896 4222 2898 4222 2897 4223 2898 4223 2899 4223 2899 4224 2898 4224 2900 4224 2899 4225 2900 4225 2901 4225 2901 4226 2900 4226 2902 4226 2901 4227 2902 4227 2903 4227 2903 4228 2902 4228 2904 4228 2903 4229 2904 4229 2905 4229 2905 4230 2904 4230 2906 4230 2905 4231 2906 4231 2907 4231 2907 4232 2906 4232 2908 4232 2907 4233 2908 4233 2909 4233 2909 4234 2908 4234 2910 4234 2909 4235 2910 4235 2911 4235 2911 4236 2910 4236 2912 4236 2911 4237 2912 4237 2913 4237 2913 4238 2912 4238 2914 4238 2913 4239 2914 4239 2915 4239 2915 4240 2914 4240 2916 4240 2915 4241 2916 4241 2917 4241 2917 4242 2916 4242 2918 4242 2917 4243 2918 4243 2919 4243 2919 4244 2918 4244 2920 4244 2919 4245 2920 4245 2921 4245 2921 4246 2920 4246 2922 4246 2921 4247 2922 4247 2923 4247 2923 4248 2922 4248 2924 4248 2923 4249 2924 4249 2925 4249 2925 4250 2924 4250 2926 4250 2925 4251 2926 4251 2927 4251 2927 4252 2926 4252 2928 4252 2927 4253 2928 4253 2929 4253 2929 4254 2928 4254 2930 4254 2929 4255 2930 4255 2931 4255 2931 4256 2930 4256 2932 4256 2931 4257 2932 4257 2933 4257 2933 4258 2932 4258 2934 4258 2933 4259 2934 4259 2935 4259 2935 4260 2934 4260 2936 4260 2935 4261 2936 4261 2937 4261 2937 4262 2936 4262 2938 4262 2937 4263 2938 4263 2939 4263 2939 4264 2938 4264 2940 4264 2939 4265 2940 4265 2941 4265 2941 4266 2940 4266 2942 4266 2941 4267 2942 4267 2943 4267 2943 4268 2942 4268 2944 4268 2943 4269 2944 4269 2945 4269 2945 4270 2944 4270 2946 4270 2945 4271 2946 4271 2947 4271 2947 4272 2946 4272 2948 4272 2947 4273 2948 4273 2949 4273 2949 4274 2948 4274 2950 4274 2949 4275 2950 4275 2951 4275 2951 4276 2950 4276 2952 4276 2951 4277 2952 4277 2953 4277 2953 4278 2952 4278 2954 4278 2953 4279 2954 4279 2955 4279 2955 4280 2954 4280 2956 4280 2955 4281 2956 4281 2957 4281 2957 4282 2956 4282 2958 4282 2957 4283 2958 4283 2959 4283 2959 4284 2958 4284 2960 4284 2959 4285 2960 4285 2961 4285 2961 4286 2960 4286 2962 4286 2961 4287 2962 4287 2963 4287 2963 4288 2962 4288 2964 4288 2963 4289 2964 4289 2965 4289 2965 4290 2964 4290 2966 4290 2965 4291 2966 4291 2967 4291 2967 4292 2966 4292 2968 4292 2967 4293 2968 4293 2969 4293 2969 4294 2968 4294 2970 4294 2969 4295 2970 4295 2971 4295 2971 4296 2970 4296 2972 4296 2971 4297 2972 4297 2973 4297 2973 4298 2972 4298 2974 4298 2973 4299 2974 4299 2975 4299 2975 4300 2974 4300 2976 4300 2975 4301 2976 4301 2977 4301 2977 4302 2976 4302 2978 4302 2977 4303 2978 4303 2979 4303 2979 4304 2978 4304 2980 4304 2979 4305 2980 4305 2981 4305 2981 4306 2980 4306 2982 4306 2981 4307 2982 4307 2983 4307 2983 4308 2982 4308 2984 4308 2983 4309 2984 4309 2985 4309 2985 4310 2984 4310 2796 4310 2985 4311 2796 4311 2798 4311 2799 4312 2800 4312 2798 4312 2798 4313 2800 4313 2985 4313 2800 4314 2801 4314 2985 4314 2985 4315 2801 4315 2983 4315 2801 4316 2802 4316 2983 4316 2983 4317 2802 4317 2981 4317 2802 4318 2803 4318 2981 4318 2981 4319 2803 4319 2979 4319 2803 4320 2804 4320 2979 4320 2979 4321 2804 4321 2977 4321 2804 4322 2805 4322 2977 4322 2977 4323 2805 4323 2975 4323 2805 4324 2806 4324 2975 4324 2975 4325 2806 4325 2973 4325 2806 4326 2807 4326 2973 4326 2973 4327 2807 4327 2971 4327 2807 4328 2808 4328 2971 4328 2971 4329 2808 4329 2969 4329 2808 4330 2809 4330 2969 4330 2969 4331 2809 4331 2967 4331 2809 4332 2810 4332 2967 4332 2967 4333 2810 4333 2965 4333 2810 4334 2811 4334 2965 4334 2965 4335 2811 4335 2963 4335 2811 4336 2812 4336 2963 4336 2963 4337 2812 4337 2961 4337 2812 4338 2813 4338 2961 4338 2961 4339 2813 4339 2959 4339 2813 4340 2814 4340 2959 4340 2959 4341 2814 4341 2957 4341 2814 4342 2815 4342 2957 4342 2957 4343 2815 4343 2955 4343 2815 4344 2816 4344 2955 4344 2955 4345 2816 4345 2953 4345 2816 4346 2817 4346 2953 4346 2953 4347 2817 4347 2951 4347 2817 4348 2818 4348 2951 4348 2951 4349 2818 4349 2949 4349 2818 4350 2819 4350 2949 4350 2949 4351 2819 4351 2947 4351 2819 4352 2820 4352 2947 4352 2947 4353 2820 4353 2945 4353 2820 4354 2821 4354 2945 4354 2945 4355 2821 4355 2943 4355 2821 4356 2822 4356 2943 4356 2943 4357 2822 4357 2941 4357 2822 4358 2823 4358 2941 4358 2941 4359 2823 4359 2939 4359 2823 4360 2824 4360 2939 4360 2939 4361 2824 4361 2937 4361 2824 4362 2825 4362 2937 4362 2937 4363 2825 4363 2935 4363 2825 4364 2826 4364 2935 4364 2935 4365 2826 4365 2933 4365 2826 4366 2827 4366 2933 4366 2933 4367 2827 4367 2931 4367 2827 4368 2828 4368 2931 4368 2931 4369 2828 4369 2929 4369 2828 4370 2829 4370 2929 4370 2929 4371 2829 4371 2927 4371 2829 4372 2830 4372 2927 4372 2927 4373 2830 4373 2925 4373 2830 4374 2831 4374 2925 4374 2925 4375 2831 4375 2923 4375 2831 4376 2832 4376 2923 4376 2923 4377 2832 4377 2921 4377 2832 4378 2833 4378 2921 4378 2921 4379 2833 4379 2919 4379 2833 4380 2834 4380 2919 4380 2919 4381 2834 4381 2917 4381 2834 4382 2835 4382 2917 4382 2917 4383 2835 4383 2915 4383 2835 4384 2836 4384 2915 4384 2915 4385 2836 4385 2913 4385 2836 4386 2837 4386 2913 4386 2913 4387 2837 4387 2911 4387 2837 4388 2838 4388 2911 4388 2911 4389 2838 4389 2909 4389 2838 4390 2839 4390 2909 4390 2909 4391 2839 4391 2907 4391 2839 4392 2840 4392 2907 4392 2907 4393 2840 4393 2905 4393 2840 4394 2841 4394 2905 4394 2905 4395 2841 4395 2903 4395 2841 4396 2842 4396 2903 4396 2903 4397 2842 4397 2901 4397 2842 4398 2843 4398 2901 4398 2901 4399 2843 4399 2899 4399 2843 4400 2844 4400 2899 4400 2899 4401 2844 4401 2897 4401 2844 4402 2845 4402 2897 4402 2897 4403 2845 4403 2895 4403 2845 4404 2846 4404 2895 4404 2895 4405 2846 4405 2893 4405 2846 4406 2847 4406 2893 4406 2893 4407 2847 4407 2891 4407 2847 4408 2848 4408 2891 4408 2891 4409 2848 4409 2889 4409 2848 4410 2849 4410 2889 4410 2889 4411 2849 4411 2887 4411 2849 4412 2850 4412 2887 4412 2887 4413 2850 4413 2885 4413 2850 4414 2851 4414 2885 4414 2885 4415 2851 4415 2883 4415 2851 4416 2852 4416 2883 4416 2883 4417 2852 4417 2881 4417 2852 4418 2853 4418 2881 4418 2881 4419 2853 4419 2879 4419 2853 4420 2854 4420 2879 4420 2879 4421 2854 4421 2877 4421 2854 4422 2855 4422 2877 4422 2877 4423 2855 4423 2875 4423 2855 4424 2856 4424 2875 4424 2875 4425 2856 4425 2873 4425 2856 4426 2857 4426 2873 4426 2873 4427 2857 4427 2871 4427 2857 4428 2858 4428 2871 4428 2871 4429 2858 4429 2869 4429 2858 4430 2859 4430 2869 4430 2869 4431 2859 4431 2867 4431 2861 4432 2862 4432 2865 4432 2859 4433 2860 4433 2867 4433 2867 4434 2860 4434 2865 4434 2860 4435 2861 4435 2865 4435 54 4436 2986 4436 55 4436 55 4437 2986 4437 2987 4437 55 4438 2987 4438 1733 4438 1733 4439 2987 4439 1731 4439 1731 4440 2987 4440 2988 4440 1731 4441 2988 4441 1729 4441 1729 4442 2988 4442 1727 4442 1727 4443 2988 4443 2989 4443 1727 4444 2989 4444 1725 4444 1725 4445 2989 4445 2990 4445 1725 4446 2990 4446 1723 4446 1723 4447 2990 4447 1721 4447 1721 4448 2990 4448 2991 4448 1721 4449 2991 4449 1719 4449 1719 4450 2991 4450 2992 4450 1719 4451 2992 4451 1717 4451 1717 4452 2992 4452 1715 4452 1715 4453 2992 4453 2993 4453 1715 4454 2993 4454 1713 4454 1713 4455 2993 4455 2994 4455 1713 4456 2994 4456 1711 4456 1711 4457 2994 4457 1709 4457 1709 4458 2994 4458 2995 4458 1709 4459 2995 4459 1707 4459 1707 4460 2995 4460 2996 4460 1707 4461 2996 4461 1705 4461 1705 4462 2996 4462 2997 4462 1705 4463 2997 4463 2998 4463 2998 4464 2997 4464 2999 4464 2998 4465 2999 4465 3000 4465 3000 4466 2999 4466 3001 4466 3000 4467 3001 4467 3002 4467 2987 4468 2986 4468 3003 4468 3003 4469 2986 4469 3004 4469 3003 4470 3004 4470 3005 4470 3005 4471 3004 4471 3006 4471 3005 4472 3006 4472 3007 4472 3005 4473 3007 4473 3008 4473 3008 4474 3007 4474 3009 4474 3008 4475 3009 4475 3010 4475 3010 4476 3009 4476 3011 4476 3010 4477 3011 4477 3012 4477 3010 4478 3012 4478 3013 4478 3013 4479 3012 4479 3014 4479 3013 4480 3014 4480 3015 4480 3015 4481 3014 4481 3016 4481 3015 4482 3016 4482 3017 4482 3015 4483 3017 4483 3018 4483 3018 4484 3017 4484 3019 4484 3018 4485 3019 4485 3020 4485 3020 4486 3019 4486 3021 4486 3020 4487 3021 4487 3022 4487 3020 4488 3022 4488 3023 4488 3023 4489 3022 4489 3024 4489 3023 4490 3024 4490 3025 4490 3025 4491 3024 4491 3026 4491 3025 4492 3026 4492 3027 4492 3027 4493 3026 4493 2999 4493 3027 4494 2999 4494 2997 4494 3026 4495 3001 4495 2999 4495 3000 4496 3002 4496 3028 4496 3028 4497 3002 4497 3029 4497 3028 4498 3029 4498 3030 4498 3030 4499 3029 4499 3031 4499 3030 4500 3031 4500 3032 4500 3032 4501 3031 4501 3033 4501 3032 4502 3033 4502 1699 4502 1699 4503 3033 4503 1697 4503 1697 4504 3033 4504 3034 4504 1697 4505 3034 4505 1695 4505 1695 4506 3034 4506 3035 4506 1695 4507 3035 4507 1693 4507 1693 4508 3035 4508 3036 4508 1693 4509 3036 4509 3037 4509 3037 4510 3036 4510 3038 4510 3037 4511 3038 4511 3039 4511 3039 4512 3038 4512 3040 4512 3039 4513 3040 4513 3041 4513 3029 4514 3042 4514 3031 4514 3031 4515 3042 4515 3043 4515 3031 4516 3043 4516 3033 4516 3033 4517 3043 4517 3034 4517 3042 4518 3044 4518 3043 4518 3043 4519 3044 4519 3045 4519 3043 4520 3045 4520 3034 4520 3034 4521 3045 4521 3035 4521 3044 4522 3046 4522 3045 4522 3045 4523 3046 4523 3047 4523 3045 4524 3047 4524 3035 4524 3035 4525 3047 4525 3036 4525 3047 4526 3046 4526 3038 4526 3038 4527 3046 4527 3040 4527 3039 4528 3041 4528 3048 4528 3048 4529 3041 4529 3049 4529 3048 4530 3049 4530 3050 4530 3050 4531 3049 4531 3051 4531 3050 4532 3051 4532 3052 4532 3052 4533 3051 4533 3053 4533 3052 4534 3053 4534 1688 4534 1688 4535 3053 4535 1686 4535 1686 4536 3053 4536 3054 4536 1686 4537 3054 4537 1684 4537 1684 4538 3054 4538 3055 4538 1684 4539 3055 4539 1682 4539 1682 4540 3055 4540 3056 4540 1682 4541 3056 4541 3057 4541 3057 4542 3056 4542 3058 4542 3057 4543 3058 4543 3059 4543 3059 4544 3058 4544 3060 4544 3059 4545 3060 4545 3061 4545 3049 4546 3062 4546 3051 4546 3051 4547 3062 4547 3063 4547 3051 4548 3063 4548 3053 4548 3053 4549 3063 4549 3054 4549 3062 4550 3064 4550 3063 4550 3063 4551 3064 4551 3065 4551 3063 4552 3065 4552 3054 4552 3054 4553 3065 4553 3055 4553 3064 4554 3066 4554 3065 4554 3065 4555 3066 4555 3067 4555 3065 4556 3067 4556 3055 4556 3055 4557 3067 4557 3056 4557 3067 4558 3066 4558 3058 4558 3058 4559 3066 4559 3060 4559 3059 4560 3061 4560 3068 4560 3068 4561 3061 4561 3069 4561 3068 4562 3069 4562 3070 4562 3070 4563 3069 4563 3071 4563 3070 4564 3071 4564 3072 4564 3072 4565 3071 4565 3073 4565 3072 4566 3073 4566 1676 4566 1676 4567 3073 4567 1674 4567 1674 4568 3073 4568 3074 4568 1674 4569 3074 4569 1672 4569 1672 4570 3074 4570 3075 4570 1672 4571 3075 4571 1670 4571 1670 4572 3075 4572 3076 4572 1670 4573 3076 4573 3077 4573 3077 4574 3076 4574 3078 4574 3077 4575 3078 4575 3079 4575 3079 4576 3078 4576 3080 4576 3079 4577 3080 4577 3081 4577 3069 4578 3082 4578 3071 4578 3071 4579 3082 4579 3083 4579 3071 4580 3083 4580 3073 4580 3073 4581 3083 4581 3074 4581 3082 4582 3084 4582 3083 4582 3083 4583 3084 4583 3085 4583 3083 4584 3085 4584 3074 4584 3074 4585 3085 4585 3075 4585 3084 4586 3086 4586 3085 4586 3085 4587 3086 4587 3087 4587 3085 4588 3087 4588 3075 4588 3075 4589 3087 4589 3076 4589 3087 4590 3086 4590 3078 4590 3078 4591 3086 4591 3080 4591 3079 4592 3081 4592 3088 4592 3088 4593 3081 4593 3089 4593 3088 4594 3089 4594 3090 4594 3090 4595 3089 4595 3091 4595 3090 4596 3091 4596 3092 4596 3092 4597 3091 4597 3093 4597 3092 4598 3093 4598 1664 4598 1664 4599 3093 4599 1662 4599 1662 4600 3093 4600 3094 4600 1662 4601 3094 4601 1660 4601 1660 4602 3094 4602 3095 4602 1660 4603 3095 4603 1658 4603 1658 4604 3095 4604 3096 4604 1658 4605 3096 4605 3097 4605 3097 4606 3096 4606 3098 4606 3097 4607 3098 4607 3099 4607 3099 4608 3098 4608 3100 4608 3099 4609 3100 4609 3101 4609 3089 4610 3102 4610 3091 4610 3091 4611 3102 4611 3103 4611 3091 4612 3103 4612 3093 4612 3093 4613 3103 4613 3094 4613 3102 4614 3104 4614 3103 4614 3103 4615 3104 4615 3105 4615 3103 4616 3105 4616 3094 4616 3094 4617 3105 4617 3095 4617 3104 4618 3106 4618 3105 4618 3105 4619 3106 4619 3107 4619 3105 4620 3107 4620 3095 4620 3095 4621 3107 4621 3096 4621 3107 4622 3106 4622 3098 4622 3098 4623 3106 4623 3100 4623 3099 4624 3101 4624 3108 4624 3108 4625 3101 4625 3109 4625 3108 4626 3109 4626 3110 4626 3110 4627 3109 4627 3111 4627 3110 4628 3111 4628 3112 4628 3112 4629 3111 4629 3113 4629 3112 4630 3113 4630 1652 4630 1652 4631 3113 4631 1650 4631 1650 4632 3113 4632 3114 4632 1650 4633 3114 4633 1648 4633 1648 4634 3114 4634 3115 4634 1648 4635 3115 4635 1646 4635 1646 4636 3115 4636 3116 4636 1646 4637 3116 4637 3117 4637 3117 4638 3116 4638 3118 4638 3117 4639 3118 4639 3119 4639 3119 4640 3118 4640 3120 4640 3119 4641 3120 4641 3121 4641 3109 4642 3122 4642 3111 4642 3111 4643 3122 4643 3123 4643 3111 4644 3123 4644 3113 4644 3113 4645 3123 4645 3114 4645 3122 4646 3124 4646 3123 4646 3123 4647 3124 4647 3125 4647 3123 4648 3125 4648 3114 4648 3114 4649 3125 4649 3115 4649 3124 4650 3126 4650 3125 4650 3125 4651 3126 4651 3127 4651 3125 4652 3127 4652 3115 4652 3115 4653 3127 4653 3116 4653 3127 4654 3126 4654 3118 4654 3118 4655 3126 4655 3120 4655 3119 4656 3121 4656 3128 4656 3128 4657 3121 4657 3129 4657 3128 4658 3129 4658 3130 4658 3130 4659 3129 4659 3131 4659 3130 4660 3131 4660 3132 4660 3132 4661 3131 4661 3133 4661 3132 4662 3133 4662 1641 4662 1641 4663 3133 4663 1639 4663 1639 4664 3133 4664 3134 4664 1639 4665 3134 4665 1637 4665 1637 4666 3134 4666 3135 4666 1637 4667 3135 4667 1635 4667 1635 4668 3135 4668 3136 4668 1635 4669 3136 4669 3137 4669 3137 4670 3136 4670 3138 4670 3137 4671 3138 4671 3139 4671 3139 4672 3138 4672 3140 4672 3139 4673 3140 4673 3141 4673 3129 4674 3142 4674 3131 4674 3131 4675 3142 4675 3143 4675 3131 4676 3143 4676 3133 4676 3133 4677 3143 4677 3134 4677 3142 4678 3144 4678 3143 4678 3143 4679 3144 4679 3145 4679 3143 4680 3145 4680 3134 4680 3134 4681 3145 4681 3135 4681 3144 4682 3146 4682 3145 4682 3145 4683 3146 4683 3147 4683 3145 4684 3147 4684 3135 4684 3135 4685 3147 4685 3136 4685 3147 4686 3146 4686 3138 4686 3138 4687 3146 4687 3140 4687 3139 4688 3141 4688 3148 4688 3148 4689 3141 4689 3149 4689 3148 4690 3149 4690 3150 4690 3150 4691 3149 4691 3151 4691 3150 4692 3151 4692 3152 4692 3152 4693 3151 4693 3153 4693 3152 4694 3153 4694 1629 4694 1629 4695 3153 4695 1627 4695 1627 4696 3153 4696 3154 4696 1627 4697 3154 4697 1625 4697 1625 4698 3154 4698 3155 4698 1625 4699 3155 4699 1623 4699 1623 4700 3155 4700 3156 4700 1623 4701 3156 4701 1621 4701 1621 4702 3156 4702 3157 4702 1621 4703 3157 4703 1619 4703 1619 4704 3157 4704 3158 4704 1619 4705 3158 4705 1617 4705 1617 4706 3158 4706 3159 4706 1617 4707 3159 4707 1615 4707 1615 4708 3159 4708 3160 4708 1615 4709 3160 4709 1613 4709 1613 4710 3160 4710 3161 4710 1613 4711 3161 4711 1612 4711 1612 4712 3161 4712 1610 4712 1610 4713 3161 4713 3162 4713 1610 4714 3162 4714 3163 4714 3163 4715 3162 4715 3164 4715 3164 4716 3162 4716 3165 4716 3164 4717 3165 4717 3166 4717 3166 4718 3165 4718 3167 4718 3166 4719 3167 4719 3168 4719 3168 4720 3167 4720 3169 4720 3168 4721 3169 4721 3170 4721 3170 4722 3169 4722 3171 4722 3171 4723 3169 4723 3172 4723 3171 4724 3172 4724 3173 4724 3173 4725 3172 4725 3174 4725 3173 4726 3174 4726 3175 4726 3175 4727 3174 4727 3176 4727 3175 4728 3176 4728 3177 4728 3177 4729 3176 4729 3178 4729 3177 4730 3178 4730 3179 4730 3179 4731 3178 4731 3151 4731 3179 4732 3151 4732 3149 4732 3152 4733 1629 4733 3180 4733 3180 4734 1629 4734 1631 4734 3180 4735 1631 4735 3181 4735 3181 4736 1631 4736 1633 4736 3181 4737 1633 4737 3137 4737 3137 4738 1633 4738 1635 4738 3132 4739 1641 4739 3182 4739 3182 4740 1641 4740 1643 4740 3182 4741 1643 4741 3183 4741 3183 4742 1643 4742 1645 4742 3183 4743 1645 4743 3117 4743 3117 4744 1645 4744 1646 4744 3112 4745 1652 4745 3184 4745 3184 4746 1652 4746 1654 4746 3184 4747 1654 4747 3185 4747 3185 4748 1654 4748 1656 4748 3185 4749 1656 4749 3097 4749 3097 4750 1656 4750 1658 4750 3092 4751 1664 4751 3186 4751 3186 4752 1664 4752 1666 4752 3186 4753 1666 4753 3187 4753 3187 4754 1666 4754 1668 4754 3187 4755 1668 4755 3077 4755 3077 4756 1668 4756 1670 4756 3072 4757 1676 4757 3188 4757 3188 4758 1676 4758 1678 4758 3188 4759 1678 4759 3189 4759 3189 4760 1678 4760 1680 4760 3189 4761 1680 4761 3057 4761 3057 4762 1680 4762 1682 4762 3052 4763 1688 4763 3190 4763 3190 4764 1688 4764 1690 4764 3190 4765 1690 4765 3191 4765 3191 4766 1690 4766 1691 4766 3191 4767 1691 4767 3037 4767 3037 4768 1691 4768 1693 4768 3032 4769 1699 4769 3192 4769 3192 4770 1699 4770 1701 4770 3192 4771 1701 4771 3193 4771 3193 4772 1701 4772 1703 4772 3193 4773 1703 4773 2998 4773 2998 4774 1703 4774 1705 4774 3161 4775 3160 4775 3162 4775 3162 4776 3160 4776 3165 4776 3160 4777 3159 4777 3165 4777 3165 4778 3159 4778 3167 4778 3159 4779 3158 4779 3167 4779 3167 4780 3158 4780 3169 4780 3158 4781 3157 4781 3169 4781 3169 4782 3157 4782 3172 4782 3157 4783 3156 4783 3172 4783 3172 4784 3156 4784 3174 4784 3156 4785 3155 4785 3174 4785 3174 4786 3155 4786 3176 4786 3153 4787 3151 4787 3178 4787 3155 4788 3154 4788 3176 4788 3176 4789 3154 4789 3178 4789 3154 4790 3153 4790 3178 4790 3152 4791 3180 4791 3150 4791 3150 4792 3180 4792 3148 4792 3180 4793 3181 4793 3148 4793 3148 4794 3181 4794 3139 4794 3136 4795 3147 4795 3138 4795 3181 4796 3137 4796 3139 4796 3132 4797 3182 4797 3130 4797 3130 4798 3182 4798 3128 4798 3182 4799 3183 4799 3128 4799 3128 4800 3183 4800 3119 4800 3116 4801 3127 4801 3118 4801 3183 4802 3117 4802 3119 4802 3112 4803 3184 4803 3110 4803 3110 4804 3184 4804 3108 4804 3184 4805 3185 4805 3108 4805 3108 4806 3185 4806 3099 4806 3096 4807 3107 4807 3098 4807 3185 4808 3097 4808 3099 4808 3092 4809 3186 4809 3090 4809 3090 4810 3186 4810 3088 4810 3186 4811 3187 4811 3088 4811 3088 4812 3187 4812 3079 4812 3076 4813 3087 4813 3078 4813 3187 4814 3077 4814 3079 4814 3072 4815 3188 4815 3070 4815 3070 4816 3188 4816 3068 4816 3188 4817 3189 4817 3068 4817 3068 4818 3189 4818 3059 4818 3056 4819 3067 4819 3058 4819 3189 4820 3057 4820 3059 4820 3052 4821 3190 4821 3050 4821 3050 4822 3190 4822 3048 4822 3190 4823 3191 4823 3048 4823 3048 4824 3191 4824 3039 4824 3036 4825 3047 4825 3038 4825 3191 4826 3037 4826 3039 4826 3032 4827 3192 4827 3030 4827 3030 4828 3192 4828 3028 4828 3192 4829 3193 4829 3028 4829 3028 4830 3193 4830 3000 4830 3193 4831 2998 4831 3000 4831 2997 4832 2996 4832 3027 4832 3027 4833 2996 4833 3025 4833 2996 4834 2995 4834 3025 4834 3025 4835 2995 4835 3023 4835 2995 4836 2994 4836 3023 4836 3023 4837 2994 4837 3020 4837 2994 4838 2993 4838 3020 4838 3020 4839 2993 4839 3018 4839 2993 4840 2992 4840 3018 4840 3018 4841 2992 4841 3015 4841 2992 4842 2991 4842 3015 4842 3015 4843 2991 4843 3013 4843 2991 4844 2990 4844 3013 4844 3013 4845 2990 4845 3010 4845 2990 4846 2989 4846 3010 4846 3010 4847 2989 4847 3008 4847 2987 4848 3003 4848 3005 4848 2989 4849 2988 4849 3008 4849 3008 4850 2988 4850 3005 4850 2988 4851 2987 4851 3005 4851 1387 5378 3326 5378 1067 5378 1067 5379 3326 5379 3327 5379 1067 5380 3327 5380 1066 5380 1066 5381 3327 5381 3320 5381 3320 5382 3327 5382 3328 5382 3320 5383 3328 5383 3321 5383 3321 5384 3328 5384 3329 5384 3321 5385 3329 5385 3322 5385 3322 5386 3329 5386 2797 5386 2797 5387 3329 5387 3330 5387 2797 5388 3330 5388 1260 5388 1260 5389 3330 5389 1258 5389 1258 5390 3330 5390 3331 5390 1258 5391 3331 5391 1385 5391 1385 5392 3331 5392 3326 5392 1385 5393 3326 5393 1387 5393 3327 5394 3326 5394 3331 5394 3329 5395 3328 5395 3330 5395 3330 5396 3328 5396 3331 5396 3328 5397 3327 5397 3331 5397 3325 5398 3332 5398 3163 5398 3163 5399 3332 5399 3333 5399 3163 5400 3333 5400 1610 5400 1610 5401 3333 5401 1608 5401 1608 5402 3333 5402 3334 5402 1608 5403 3334 5403 1735 5403 1735 5404 3334 5404 3335 5404 1735 5405 3335 5405 1737 5405 1737 5406 3335 5406 1253 5406 1253 5407 3335 5407 3336 5407 1253 5408 3336 5408 1252 5408 1252 5409 3336 5409 3323 5409 3323 5410 3336 5410 3324 5410 3324 5411 3336 5411 3337 5411 3324 5412 3337 5412 3325 5412 3325 5413 3337 5413 3332 5413 3333 5414 3332 5414 3337 5414 3335 5415 3334 5415 3336 5415 3336 5416 3334 5416 3337 5416 3334 5417 3333 5417 3337 5417 75 5535 1496 5535 74 5535 74 5536 1496 5536 3338 5536 3338 5537 1496 5537 1498 5537 3338 5538 1498 5538 1961 5538 2515 5652 3339 5652 1390 5652 1390 5653 3339 5653 1388 5653 1388 5654 3339 5654 1068 5654 1388 5655 1068 5655 1069 5655</p>
        </triangles>
      </mesh>
    </geometry>
  </library_geometries>
  <library_visual_scenes>
    <visual_scene id="Scene" name="Scene">
      <node id="box_main" name="box main" type="NODE">
        <matrix sid="transform">1 0 0 0 0 1 0 0 0 0 1 0 0 0 0 1</matrix>
        <instance_geometry url="#box_main-mesh" name="box main">
          <bind_material>
            <technique_common>
              <instance_material symbol="Material_001-material" target="#Material_001-material"/>
              <instance_material symbol="Material_002-material" target="#Material_002-material"/>
            </technique_common>
          </bind_material>
        </instance_geometry>
      </node>
      <node id="Camera" name="Camera" type="NODE">
        <matrix sid="transform">0.6859207 -0.3240135 0.6515582 7.358891 0.7276763 0.3054208 -0.6141704 -6.925791 0 0.8953956 0.4452714 4.958309 0 0 0 1</matrix>
        <instance_camera url="#Camera-camera"/>
      </node>
      <node id="Light" name="Light" type="NODE">
        <matrix sid="transform">-0.2908646 -0.7711008 0.5663932 4.076245 0.9551712 -0.1998834 0.2183912 1.005454 -0.05518906 0.6045247 0.7946723 5.903862 0 0 0 1</matrix>
        <instance_light url="#Light-light"/>
      </node>
    </visual_scene>
  </library_visual_scenes>
  <scene>
    <instance_visual_scene url="#Scene"/>
  </scene>
</COLLADA>
